{
  "generation": 30,
  "fitness": 3.3578041357854773,
  "total_return": 5.496929999999996,
  "max_drawdown": 0.1196547665751275,
  "sharpe_ratio": 8.147251225120897,
  "params": {
    "per_step_tick_gap": 21,
    "cold_start_steps": 15,
    "max_abserve_tick_steps": 750,
    "max_abserce_avg_price_down_steps": 11,
    "stop_profit_open_hc_pct": -0.07564292301318136,
    "dynamic_hc_stop_profit_thres": 3.5873137301024327,
    "last_close_price_hc_pct": -0.009649260431873011,
    "last_day_sell_thres": 0.5195235286818508,
    "last_day_sell_huiche": 0.015341315866418485,
    "fd_mount": 84818240,
    "fd_vol_pct": 0.3959390298481149,
    "fd_ju_ticks": 37,
    "max_zb_times": 24,
    "stagnation_kline_ticks": 50,
    "decline_kline_ticks": 5,
    "yang_yin_threshold": 0.015420433985516792,
    "stagnation_n": 9,
    "stagnation_volume_ratio_threshold": 3.745882662080546,
    "stagnation_ratio_threshold": 871,
    "decline_volume_ratio_threshold": 62.27510995976677,
    "max_rebounds": 8,
    "decline_ratio_threshold": 747,
    "flxd_ticks": 430,
    "flzz_ticks": 2000,
    "use_simiple_kline_strategy_flxd": false,
    "use_simiple_kline_strategy_flzz": true,
    "flzz_use_smooth_price": false,
    "flzz_zf_thresh": 0.003023273227259455,
    "kline_sell_flxd_zy": false,
    "kline_sell_flxd_zs": false,
    "kline_sell_flzz_zs": true,
    "kline_sell_flzz_zy": true,
    "last_open_price_hc_pct": -0.07766776852308645,
    "open_price_max_hc": -0.06755437408800741,
    "loss_per_step_tick_gap": 5,
    "loss_cold_start_steps": 16,
    "loss_max_abserve_tick_steps": 119,
    "loss_max_abserce_avg_price_down_steps": 2,
    "loss_dynamic_hc_stop_profit_thres": 7.254885810549899,
    "loss_last_close_price_hc_pct": -0.03391524004724436,
    "loss_last_open_price_hc_pct": -0.03254879889246583,
    "loss_open_price_max_hc": 0.0,
    "loss_down_open_sell_wait_time": true,
    "down_open_sell_wait_time": true,
    "day_zy_line": 0.01219975453945495,
    "day_zs_line": -0.05945800288249529,
    "sell_afternoon": true,
    "sell_half_afternoon": false,
    "sell_max_days": 3,
    "stop_profit_pct": 0.0,
    "static_hc_stop_profit_pct": 1.0,
    "loss_static_hc_stop_profit_pct": 1.0
  },
  "timestamp": "2025-09-06T09:07:01.937298",
  "individual": [
    20.75368163183436,
    14.557118022546327,
    750.2690977679606,
    11.131964083349562,
    -0.07564292301318136,
    3.5873137301024327,
    -0.009649260431873011,
    0.5195235286818508,
    0.015341315866418485,
    84818240.20401914,
    0.3959390298481149,
    37.11827368793035,
    24.485780096468712,
    49.99564476570036,
    5.032001275301258,
    0.015420433985516792,
    9.051510334396617,
    3.745882662080546,
    870.6786587828423,
    62.27510995976677,
    7.761242422016936,
    747.4166526632283,
    430.429293159298,
    2000.0,
    0,
    1,
    0,
    0.003023273227259455,
    0,
    0,
    1,
    1,
    -0.07766776852308645,
    -0.06755437408800741,
    4.677713842011891,
    15.590600124992832,
    119.36241992302544,
    2.2905963491141867,
    7.254885810549899,
    -0.03391524004724436,
    -0.03254879889246583,
    0.0,
    1,
    1,
    0.01219975453945495,
    -0.05945800288249529,
    1,
    0,
    2.799918058913848
  ],
  "max_drawdown_threshold": 0.25,
  "strategy_name": "\u4f4e\u4f4d\u9ad8\u5f3a\u4f4e\u5438"
}