{
  "generation": 10,
  "fitness": 3.01395893062338,
  "total_return": 4.639465,
  "max_drawdown": 0.16334115031333918,
  "sharpe_ratio": 7.33266778973771,
  "params": {
    "per_step_tick_gap": 13,
    "cold_start_steps": 18,
    "max_abserve_tick_steps": 804,
    "max_abserce_avg_price_down_steps": 9,
    "stop_profit_open_hc_pct": -0.019973068517539393,
    "dynamic_hc_stop_profit_thres": 5.3983278382865585,
    "last_close_price_hc_pct": -0.007143836659116164,
    "last_day_sell_thres": 0.5269825432445926,
    "last_day_sell_huiche": 0.01858184898520135,
    "fd_mount": 55947934,
    "fd_vol_pct": 0.37684601285723707,
    "fd_ju_ticks": 4,
    "max_zb_times": 22,
    "stagnation_kline_ticks": 50,
    "decline_kline_ticks": 17,
    "yang_yin_threshold": 0.015033891625082382,
    "stagnation_n": 6,
    "stagnation_volume_ratio_threshold": 1.1,
    "stagnation_ratio_threshold": 805,
    "decline_volume_ratio_threshold": 35.56252100215393,
    "max_rebounds": 11,
    "decline_ratio_threshold": 765,
    "flxd_ticks": 313,
    "flzz_ticks": 834,
    "use_simiple_kline_strategy_flxd": false,
    "use_simiple_kline_strategy_flzz": true,
    "flzz_use_smooth_price": false,
    "flzz_zf_thresh": -0.07,
    "kline_sell_flxd_zy": false,
    "kline_sell_flxd_zs": false,
    "kline_sell_flzz_zs": true,
    "kline_sell_flzz_zy": true,
    "last_open_price_hc_pct": -0.08,
    "open_price_max_hc": -0.053218576517620395,
    "loss_per_step_tick_gap": 6,
    "loss_cold_start_steps": 12,
    "loss_max_abserve_tick_steps": 11,
    "loss_max_abserce_avg_price_down_steps": 6,
    "loss_dynamic_hc_stop_profit_thres": 6.924883782269952,
    "loss_last_close_price_hc_pct": -0.02055527647601632,
    "loss_last_open_price_hc_pct": -0.047854696533196434,
    "loss_open_price_max_hc": -0.05754197150372207,
    "loss_down_open_sell_wait_time": false,
    "down_open_sell_wait_time": false,
    "day_zy_line": 0.01280449633170123,
    "day_zs_line": -0.5949875165117477,
    "sell_afternoon": true,
    "sell_half_afternoon": false,
    "sell_max_days": 4,
    "stop_profit_pct": 0.0,
    "static_hc_stop_profit_pct": 1.0,
    "loss_static_hc_stop_profit_pct": 1.0
  },
  "timestamp": "2025-09-06T09:05:48.708413",
  "individual": [
    12.853920846069421,
    17.75365786684212,
    803.6116974735932,
    8.543565205166109,
    -0.019973068517539393,
    5.3983278382865585,
    -0.007143836659116164,
    0.5269825432445926,
    0.01858184898520135,
    55947933.78508809,
    0.37684601285723707,
    3.601584614507299,
    21.567192131202795,
    50.0,
    16.89253220204046,
    0.015033891625082382,
    6.062813900561317,
    1.1,
    805.3267776942768,
    35.56252100215393,
    11.182185345771819,
    764.5877754800674,
    312.92962350988887,
    834.403631600438,
    0,
    1,
    0,
    -0.07,
    0,
    0,
    1,
    1,
    -0.08,
    -0.053218576517620395,
    6.197100505978984,
    11.957150655049121,
    11.405453104541877,
    5.54203350631072,
    6.924883782269952,
    -0.02055527647601632,
    -0.047854696533196434,
    -0.05754197150372207,
    0,
    0,
    0.01280449633170123,
    -0.5949875165117477,
    1,
    0,
    4.0
  ],
  "max_drawdown_threshold": 0.25,
  "strategy_name": "\u4f4e\u4f4d\u9ad8\u5f3a\u4f4e\u5438"
}