{
  "generation": 40,
  "fitness": 3.461890638462112,
  "total_return": 5.844229999999998,
  "max_drawdown": 0.11977284460505937,
  "sharpe_ratio": 8.406974813948171,
  "params": {
    "per_step_tick_gap": 23,
    "cold_start_steps": 48,
    "max_abserve_tick_steps": 742,
    "max_abserce_avg_price_down_steps": 11,
    "stop_profit_open_hc_pct": -0.03459558673420311,
    "dynamic_hc_stop_profit_thres": 2.9973019814852657,
    "last_close_price_hc_pct": -0.008825755231581809,
    "last_day_sell_thres": 0.6705362997832547,
    "last_day_sell_huiche": 0.012031835289722188,
    "fd_mount": 78683646,
    "fd_vol_pct": 0.439693600624895,
    "fd_ju_ticks": 29,
    "max_zb_times": 26,
    "stagnation_kline_ticks": 50,
    "decline_kline_ticks": 4,
    "yang_yin_threshold": 0.022138932588811392,
    "stagnation_n": 9,
    "stagnation_volume_ratio_threshold": 5.87596451177253,
    "stagnation_ratio_threshold": 923,
    "decline_volume_ratio_threshold": 52.30621886018557,
    "max_rebounds": 8,
    "decline_ratio_threshold": 749,
    "flxd_ticks": 383,
    "flzz_ticks": 1580,
    "use_simiple_kline_strategy_flxd": false,
    "use_simiple_kline_strategy_flzz": true,
    "flzz_use_smooth_price": false,
    "flzz_zf_thresh": 0.0025166952480133297,
    "kline_sell_flxd_zy": false,
    "kline_sell_flxd_zs": false,
    "kline_sell_flzz_zs": true,
    "kline_sell_flzz_zy": true,
    "last_open_price_hc_pct": -0.07353171269387136,
    "open_price_max_hc": -0.06875030871409976,
    "loss_per_step_tick_gap": 2,
    "loss_cold_start_steps": 4,
    "loss_max_abserve_tick_steps": 73,
    "loss_max_abserce_avg_price_down_steps": 3,
    "loss_dynamic_hc_stop_profit_thres": 7.349209646747753,
    "loss_last_close_price_hc_pct": 0.01,
    "loss_last_open_price_hc_pct": -0.06188798089762916,
    "loss_open_price_max_hc": -0.1,
    "loss_down_open_sell_wait_time": true,
    "down_open_sell_wait_time": true,
    "day_zy_line": 0.012099838403443443,
    "day_zs_line": -0.04817283038964722,
    "sell_afternoon": true,
    "sell_half_afternoon": false,
    "sell_max_days": 3,
    "stop_profit_pct": 0.0,
    "static_hc_stop_profit_pct": 1.0,
    "loss_static_hc_stop_profit_pct": 1.0
  },
  "timestamp": "2025-09-06T09:07:49.537166",
  "individual": [
    23.13636524498466,
    48.34624825798525,
    741.5425475541296,
    11.27616829243067,
    -0.03459558673420311,
    2.9973019814852657,
    -0.008825755231581809,
    0.6705362997832547,
    0.012031835289722188,
    78683646.24330586,
    0.439693600624895,
    28.992188823369602,
    25.697772422688832,
    49.99867549576441,
    3.556960632107957,
    0.022138932588811392,
    9.049978872476364,
    5.87596451177253,
    923.2380678559559,
    52.30621886018557,
    8.294194292634023,
    749.1468015197646,
    383.16508799952845,
    1580.2377466828566,
    0,
    1,
    0,
    0.0025166952480133297,
    0,
    0,
    1,
    1,
    -0.07353171269387136,
    -0.06875030871409976,
    1.903248464865436,
    3.7051591622209585,
    73.32085171518119,
    2.5928522254617055,
    7.349209646747753,
    0.01,
    -0.06188798089762916,
    -0.1,
    1,
    1,
    0.012099838403443443,
    -0.04817283038964722,
    1,
    0,
    2.7559451107513224
  ],
  "max_drawdown_threshold": 0.25,
  "strategy_name": "\u4f4e\u4f4d\u9ad8\u5f3a\u4f4e\u5438"
}