{
  "generation": 20,
  "fitness": 3.2810093995110305,
  "total_return": 5.2433099999999975,
  "max_drawdown": 0.12159743829576056,
  "sharpe_ratio": 7.981162249078725,
  "params": {
    "per_step_tick_gap": 23,
    "cold_start_steps": 8,
    "max_abserve_tick_steps": 949,
    "max_abserce_avg_price_down_steps": 9,
    "stop_profit_open_hc_pct": -0.15,
    "dynamic_hc_stop_profit_thres": 4.837681404827457,
    "last_close_price_hc_pct": -0.0011800901856775816,
    "last_day_sell_thres": 0.6729098818530135,
    "last_day_sell_huiche": 0.01485506188084956,
    "fd_mount": 49651133,
    "fd_vol_pct": 0.30504781593967645,
    "fd_ju_ticks": 35,
    "max_zb_times": 29,
    "stagnation_kline_ticks": 50,
    "decline_kline_ticks": 15,
    "yang_yin_threshold": 0.01980629312875559,
    "stagnation_n": 9,
    "stagnation_volume_ratio_threshold": 31.281872527757663,
    "stagnation_ratio_threshold": 968,
    "decline_volume_ratio_threshold": 63.39183315091283,
    "max_rebounds": 11,
    "decline_ratio_threshold": 818,
    "flxd_ticks": 181,
    "flzz_ticks": 1205,
    "use_simiple_kline_strategy_flxd": false,
    "use_simiple_kline_strategy_flzz": true,
    "flzz_use_smooth_price": false,
    "flzz_zf_thresh": -0.07,
    "kline_sell_flxd_zy": false,
    "kline_sell_flxd_zs": false,
    "kline_sell_flzz_zs": true,
    "kline_sell_flzz_zy": true,
    "last_open_price_hc_pct": -0.06391130174004844,
    "open_price_max_hc": -0.08103116009564833,
    "loss_per_step_tick_gap": 6,
    "loss_cold_start_steps": 19,
    "loss_max_abserve_tick_steps": 279,
    "loss_max_abserce_avg_price_down_steps": 11,
    "loss_dynamic_hc_stop_profit_thres": 7.095324414230826,
    "loss_last_close_price_hc_pct": -0.029177904814652163,
    "loss_last_open_price_hc_pct": -0.06633243649089687,
    "loss_open_price_max_hc": -0.09272690185690784,
    "loss_down_open_sell_wait_time": true,
    "down_open_sell_wait_time": true,
    "day_zy_line": 0.012481932241044515,
    "day_zs_line": -0.0695212699858488,
    "sell_afternoon": true,
    "sell_half_afternoon": false,
    "sell_max_days": 3,
    "stop_profit_pct": 0.0,
    "static_hc_stop_profit_pct": 1.0,
    "loss_static_hc_stop_profit_pct": 1.0
  },
  "timestamp": "2025-09-06T09:06:24.453150",
  "individual": [
    23.491188390410553,
    8.083685240841696,
    948.7433849439814,
    9.04796654915595,
    -0.15,
    4.837681404827457,
    -0.0011800901856775816,
    0.6729098818530135,
    0.01485506188084956,
    49651133.05905399,
    0.30504781593967645,
    34.75162047587519,
    28.699310322302424,
    49.984069763025936,
    14.770949391948175,
    0.01980629312875559,
    8.640761285820709,
    31.281872527757663,
    967.8263939636154,
    63.39183315091283,
    11.133592165392235,
    818.2548692528266,
    180.99961014733864,
    1205.3455381083804,
    0,
    1,
    0,
    -0.07,
    0,
    0,
    1,
    1,
    -0.06391130174004844,
    -0.08103116009564833,
    6.20473979184321,
    19.093167568743183,
    278.6687532077829,
    11.067920840218658,
    7.095324414230826,
    -0.029177904814652163,
    -0.06633243649089687,
    -0.09272690185690784,
    1,
    1,
    0.012481932241044515,
    -0.0695212699858488,
    1,
    0,
    3.435049367206621
  ],
  "max_drawdown_threshold": 0.25,
  "strategy_name": "\u4f4e\u4f4d\u9ad8\u5f3a\u4f4e\u5438"
}