{
  "generation": 60,
  "fitness": 3.5852971769152644,
  "total_return": 6.3447299999999975,
  "max_drawdown": 0.11926993332690582,
  "sharpe_ratio": 8.60586901514554,
  "params": {
    "per_step_tick_gap": 24,
    "cold_start_steps": 7,
    "max_abserve_tick_steps": 491,
    "max_abserce_avg_price_down_steps": 11,
    "stop_profit_open_hc_pct": -0.12243635206996734,
    "dynamic_hc_stop_profit_thres": 0.6217227452990659,
    "last_close_price_hc_pct": -0.010372774316751134,
    "last_day_sell_thres": 0.5532980040619608,
    "last_day_sell_huiche": 0.017103317682110198,
    "fd_mount": 75299332,
    "fd_vol_pct": 0.21182033547274906,
    "fd_ju_ticks": 1,
    "max_zb_times": 24,
    "stagnation_kline_ticks": 50,
    "decline_kline_ticks": 4,
    "yang_yin_threshold": 0.022706774287423223,
    "stagnation_n": 9,
    "stagnation_volume_ratio_threshold": 2.6440200200445156,
    "stagnation_ratio_threshold": 915,
    "decline_volume_ratio_threshold": 43.70461723502708,
    "max_rebounds": 10,
    "decline_ratio_threshold": 773,
    "flxd_ticks": 95,
    "flzz_ticks": 1572,
    "use_simiple_kline_strategy_flxd": false,
    "use_simiple_kline_strategy_flzz": true,
    "flzz_use_smooth_price": false,
    "flzz_zf_thresh": 0.003855130440121085,
    "kline_sell_flxd_zy": false,
    "kline_sell_flxd_zs": false,
    "kline_sell_flzz_zs": true,
    "kline_sell_flzz_zy": true,
    "last_open_price_hc_pct": -0.0767532582353016,
    "open_price_max_hc": -0.06944620031419899,
    "loss_per_step_tick_gap": 5,
    "loss_cold_start_steps": 3,
    "loss_max_abserve_tick_steps": 183,
    "loss_max_abserce_avg_price_down_steps": 3,
    "loss_dynamic_hc_stop_profit_thres": 7.367329210179516,
    "loss_last_close_price_hc_pct": 0.0034302660701621074,
    "loss_last_open_price_hc_pct": -0.05738132199834194,
    "loss_open_price_max_hc": -0.09999898345478606,
    "loss_down_open_sell_wait_time": false,
    "down_open_sell_wait_time": true,
    "day_zy_line": 0.012192553913369816,
    "day_zs_line": -0.04815938921155233,
    "sell_afternoon": true,
    "sell_half_afternoon": false,
    "sell_max_days": 3,
    "stop_profit_pct": 0.0,
    "static_hc_stop_profit_pct": 1.0,
    "loss_static_hc_stop_profit_pct": 1.0
  },
  "timestamp": "2025-09-06T09:09:40.286951",
  "individual": [
    24.386720448299844,
    6.718400876919171,
    490.737981895321,
    10.861098798790714,
    -0.12243635206996734,
    0.6217227452990659,
    -0.010372774316751134,
    0.5532980040619608,
    0.017103317682110198,
    75299331.58215213,
    0.21182033547274906,
    1.0,
    24.380752578412636,
    49.99774666129666,
    3.9576192019211516,
    0.022706774287423223,
    8.864158090464308,
    2.6440200200445156,
    915.0811635462901,
    43.70461723502708,
    9.795245014037894,
    773.2343292375174,
    95.05441118965162,
    1572.0086389288747,
    0,
    1,
    0,
    0.003855130440121085,
    0,
    0,
    1,
    1,
    -0.0767532582353016,
    -0.06944620031419899,
    5.1256278394196775,
    3.19795411168576,
    183.19172075798258,
    2.7649371330988437,
    7.367329210179516,
    0.0034302660701621074,
    -0.05738132199834194,
    -0.09999898345478606,
    0,
    1,
    0.012192553913369816,
    -0.04815938921155233,
    1,
    0,
    3.058436655749421
  ],
  "max_drawdown_threshold": 0.25,
  "strategy_name": "\u4f4e\u4f4d\u9ad8\u5f3a\u4f4e\u5438"
}