{
  "generation": 50,
  "fitness": 3.5239317729465536,
  "total_return": 6.0632449999999976,
  "max_drawdown": 0.11922344291865644,
  "sharpe_ratio": 8.545922217919516,
  "params": {
    "per_step_tick_gap": 24,
    "cold_start_steps": 30,
    "max_abserve_tick_steps": 422,
    "max_abserce_avg_price_down_steps": 11,
    "stop_profit_open_hc_pct": -0.1367420238559562,
    "dynamic_hc_stop_profit_thres": 4.650298557599868,
    "last_close_price_hc_pct": -0.009316249864177428,
    "last_day_sell_thres": 0.5283060560083188,
    "last_day_sell_huiche": 0.012029941825185214,
    "fd_mount": 70238800,
    "fd_vol_pct": 0.18913064021456882,
    "fd_ju_ticks": 7,
    "max_zb_times": 24,
    "stagnation_kline_ticks": 50,
    "decline_kline_ticks": 4,
    "yang_yin_threshold": 0.01968744017318734,
    "stagnation_n": 9,
    "stagnation_volume_ratio_threshold": 3.9258000665345207,
    "stagnation_ratio_threshold": 915,
    "decline_volume_ratio_threshold": 49.79213811930735,
    "max_rebounds": 15,
    "decline_ratio_threshold": 759,
    "flxd_ticks": 108,
    "flzz_ticks": 1584,
    "use_simiple_kline_strategy_flxd": false,
    "use_simiple_kline_strategy_flzz": true,
    "flzz_use_smooth_price": false,
    "flzz_zf_thresh": 0.003117199076923131,
    "kline_sell_flxd_zy": false,
    "kline_sell_flxd_zs": false,
    "kline_sell_flzz_zs": true,
    "kline_sell_flzz_zy": true,
    "last_open_price_hc_pct": -0.07649596442599409,
    "open_price_max_hc": -0.06913341678696688,
    "loss_per_step_tick_gap": 5,
    "loss_cold_start_steps": 3,
    "loss_max_abserve_tick_steps": 227,
    "loss_max_abserce_avg_price_down_steps": 3,
    "loss_dynamic_hc_stop_profit_thres": 7.427352436918548,
    "loss_last_close_price_hc_pct": 0.006823909996468192,
    "loss_last_open_price_hc_pct": -0.055348968172494684,
    "loss_open_price_max_hc": -0.1,
    "loss_down_open_sell_wait_time": false,
    "down_open_sell_wait_time": true,
    "day_zy_line": 0.012134671362590568,
    "day_zs_line": -0.04769996947218317,
    "sell_afternoon": true,
    "sell_half_afternoon": false,
    "sell_max_days": 3,
    "stop_profit_pct": 0.0,
    "static_hc_stop_profit_pct": 1.0,
    "loss_static_hc_stop_profit_pct": 1.0
  },
  "timestamp": "2025-09-06T09:08:44.238491",
  "individual": [
    23.51993869084867,
    29.953608636531982,
    422.24943041387723,
    10.521793126640027,
    -0.1367420238559562,
    4.650298557599868,
    -0.009316249864177428,
    0.5283060560083188,
    0.012029941825185214,
    70238800.06886663,
    0.18913064021456882,
    7.39373102963521,
    24.112566094016,
    49.99906864738557,
    3.931579618291896,
    0.01968744017318734,
    8.992832204077995,
    3.9258000665345207,
    914.6058539292319,
    49.79213811930735,
    15.0,
    758.6430077714871,
    108.15401650871699,
    1584.0714872609706,
    0,
    1,
    0,
    0.003117199076923131,
    0,
    0,
    1,
    1,
    -0.07649596442599409,
    -0.06913341678696688,
    4.713080810670066,
    3.419564767437519,
    226.80841901181682,
    2.5515181362821178,
    7.427352436918548,
    0.006823909996468192,
    -0.055348968172494684,
    -0.1,
    0,
    1,
    0.012134671362590568,
    -0.04769996947218317,
    1,
    0,
    3.325415455020096
  ],
  "max_drawdown_threshold": 0.25,
  "strategy_name": "\u4f4e\u4f4d\u9ad8\u5f3a\u4f4e\u5438"
}