{
  "gen": [
    0,
    1,
    2,
    3,
    4,
    5,
    6,
    7,
    8,
    9,
    10,
    11,
    12,
    13,
    14,
    15,
    16,
    17,
    18,
    19,
    20,
    21,
    22,
    23,
    24,
    25,
    26,
    27,
    28,
    29,
    30,
    31,
    32,
    33,
    34,
    35,
    36,
    37,
    38,
    39,
    40,
    41,
    42,
    43,
    44,
    45,
    46,
    47,
    48,
    49,
    50,
    51,
    52,
    53,
    54,
    55,
    56,
    57,
    58,
    59,
    60,
    61,
    62,
    63,
    64,
    65,
    66,
    67,
    68,
    69,
    70,
    71,
    72,
    73,
    74,
    75,
    76,
    77,
    78,
    79,
    80,
    81,
    82,
    83,
    84,
    85,
    86,
    87
  ],
  "best_fitness": [
    2.3557759731050947,
    2.4559930195841067,
    2.5491267054671525,
    2.677868996833863,
    2.7420825078997075,
    2.8421906603610223,
    2.9945324322814626,
    2.9945324322814626,
    2.9945324322814626,
    3.01395893062338,
    3.01395893062338,
    3.02727565110982,
    3.02727565110982,
    3.0416128874773904,
    3.055765467740321,
    3.090397275933913,
    3.090397275933913,
    3.090397275933913,
    3.2810093995110305,
    3.2810093995110305,
    3.2810093995110305,
    3.2810093995110305,
    3.2810093995110305,
    3.2810093995110305,
    3.2810093995110305,
    3.3069945920349646,
    3.336466000267483,
    3.336466000267483,
    3.3468896114390887,
    3.3578041357854773,
    3.3578041357854773,
    3.3688812673612603,
    3.3688812673612603,
    3.3841224704715613,
    3.4097439410876986,
    3.4097439410876986,
    3.440606626644524,
    3.440606626644524,
    3.440606626644524,
    3.440606626644524,
    3.461890638462112,
    3.461890638462112,
    3.4901702054570656,
    3.4901702054570656,
    3.5050796571271556,
    3.5050796571271556,
    3.5050796571271556,
    3.5080351316931186,
    3.5239317729465536,
    3.5239317729465536,
    3.5239317729465536,
    3.536586150181508,
    3.536586150181508,
    3.536586150181508,
    3.5427391466517064,
    3.546338189536363,
    3.553211689918714,
    3.5649127770339004,
    3.5731012778870803,
    3.5786001495659923,
    3.5852971769152644,
    3.5873989827627213,
    3.5903366796521365,
    3.590540978875652,
    3.590922024380923,
    3.6008101272125583,
    3.6063010134298703,
    3.6080468364943723,
    3.6080468364943723,
    3.6080468364943723,
    3.6080468364943723,
    3.6080468364943723,
    3.6080468364943723,
    3.6080468364943723,
    3.6080468364943723,
    3.6080468364943723,
    3.6080468364943723,
    3.6080468364943723,
    3.6080468364943723,
    3.6080468364943723,
    3.6080468364943723,
    3.6080468364943723,
    3.6080468364943723,
    3.6080468364943723,
    3.6080468364943723,
    3.6080468364943723,
    3.6080468364943723,
    3.6080468364943723
  ],
  "best_return": [
    2.70805,
    2.9013325000000023,
    3.1698125000000013,
    3.5299924999999983,
    3.7665650000000013,
    4.050934999999999,
    4.56843,
    4.56843,
    4.56843,
    4.639465,
    4.639465,
    4.4317725,
    4.4317725,
    4.709075,
    4.748169999999997,
    4.75826,
    4.75826,
    4.75826,
    5.2433099999999975,
    5.2433099999999975,
    5.2433099999999975,
    5.2433099999999975,
    5.2433099999999975,
    5.2433099999999975,
    5.2433099999999975,
    5.322379999999998,
    5.428504999999998,
    5.428504999999998,
    5.465129999999998,
    5.496929999999996,
    5.496929999999996,
    5.5272099999999975,
    5.5272099999999975,
    5.6055699999999975,
    5.656964999999999,
    5.656964999999999,
    5.788619999999998,
    5.788619999999998,
    5.788619999999998,
    5.788619999999998,
    5.844229999999998,
    5.844229999999998,
    5.941034999999998,
    5.941034999999998,
    5.995619999999998,
    5.995619999999998,
    5.995619999999998,
    6.003669999999998,
    6.0632449999999976,
    6.0632449999999976,
    6.0632449999999976,
    6.106374999999998,
    6.106374999999998,
    6.106374999999998,
    6.149149999999998,
    6.157084999999998,
    6.207004999999998,
    6.244124999999998,
    6.290459999999998,
    6.291729999999998,
    6.3447299999999975,
    6.340069999999998,
    6.3513899999999985,
    6.3649299999999975,
    6.352499999999999,
    6.404984999999999,
    6.425379999999999,
    6.430749999999999,
    6.430749999999999,
    6.430749999999999,
    6.430749999999999,
    6.430749999999999,
    6.430749999999999,
    6.430749999999999,
    6.430749999999999,
    6.430749999999999,
    6.430749999999999,
    6.430749999999999,
    6.430749999999999,
    6.430749999999999,
    6.430749999999999,
    6.430749999999999,
    6.430749999999999,
    6.430749999999999,
    6.430749999999999,
    6.430749999999999,
    6.430749999999999,
    6.430749999999999
  ],
  "best_drawdown": [
    0.15345178939500986,
    0.16329262277292184,
    0.15333884584094631,
    0.15340848687230463,
    0.16339924413460025,
    0.16334115031333918,
    0.16349455082043585,
    0.16349455082043585,
    0.16349455082043585,
    0.16334115031333918,
    0.16334115031333918,
    0.12230807832810822,
    0.12230807832810822,
    0.16323530313529025,
    0.15357502053018635,
    0.14082834650779627,
    0.14082834650779627,
    0.14082834650779627,
    0.12159743829576056,
    0.12159743829576056,
    0.12159743829576056,
    0.12159743829576056,
    0.12159743829576056,
    0.12159743829576056,
    0.12159743829576056,
    0.1206143699772846,
    0.12070267252636989,
    0.12070267252636989,
    0.11982244270568969,
    0.1196547665751275,
    0.1196547665751275,
    0.11766905736081311,
    0.11766905736081311,
    0.12071880206199226,
    0.11775079698840127,
    0.11775079698840127,
    0.12198184232831573,
    0.12198184232831573,
    0.12198184232831573,
    0.12198184232831573,
    0.11977284460505937,
    0.11977284460505937,
    0.11998794543058353,
    0.11998794543058353,
    0.11921689375000931,
    0.11921689375000931,
    0.11921689375000931,
    0.11993135062445671,
    0.11922344291865644,
    0.11922344291865644,
    0.11922344291865644,
    0.11913438358468352,
    0.11913438358468352,
    0.11913438358468352,
    0.11999840780529228,
    0.11913438358468352,
    0.11921582348763735,
    0.11913438358468352,
    0.11922344291865644,
    0.11913438358468352,
    0.11926993332690582,
    0.11913438358468352,
    0.11919656092499259,
    0.11919060438422625,
    0.11919060438422625,
    0.11919060438422625,
    0.11913438358468352,
    0.11913438358468352,
    0.11913438358468352,
    0.11913438358468352,
    0.11913438358468352,
    0.11913438358468352,
    0.11913438358468352,
    0.11913438358468352,
    0.11913438358468352,
    0.11913438358468352,
    0.11913438358468352,
    0.11913438358468352,
    0.11913438358468352,
    0.11913438358468352,
    0.11913438358468352,
    0.11913438358468352,
    0.11913438358468352,
    0.11913438358468352,
    0.11913438358468352,
    0.11913438358468352,
    0.11913438358468352,
    0.11913438358468352
  ],