{
  "generation": 110,
  "fitness": 4.876402805086392,
  "total_return": 16.02262,
  "max_drawdown": 0.14779023041415967,
  "sharpe_ratio": 8.953128736996417,
  "params": {
    "per_step_tick_gap": 13,
    "cold_start_steps": 2,
    "max_abserve_tick_steps": 967,
    "max_abserce_avg_price_down_steps": 8,
    "stop_profit_open_hc_pct": -0.14506999038769117,
    "dynamic_hc_stop_profit_thres": 7.364924113159477,
    "last_close_price_hc_pct": -0.0028166593802840807,
    "last_day_sell_thres": 0.022067734055923362,
    "last_day_sell_huiche": 0.018872170332346276,
    "fd_mount": 57189414,
    "fd_vol_pct": 0.0,
    "fd_ju_ticks": 48,
    "max_zb_times": 30,
    "stagnation_kline_ticks": 14,
    "decline_kline_ticks": 49,
    "yang_yin_threshold": 0.002069999977888724,
    "stagnation_n": 14,
    "stagnation_volume_ratio_threshold": 33.1274438106893,
    "stagnation_ratio_threshold": 34,
    "decline_volume_ratio_threshold": 73.52078758090417,
    "max_rebounds": 15,
    "decline_ratio_threshold": 15,
    "flxd_ticks": 210,
    "flzz_ticks": 735,
    "use_simiple_kline_strategy_flxd": true,
    "use_simiple_kline_strategy_flzz": true,
    "flzz_use_smooth_price": true,
    "flzz_zf_thresh": 0.029153788597077672,
    "kline_sell_flxd_zy": true,
    "kline_sell_flxd_zs": true,
    "kline_sell_flzz_zs": true,
    "kline_sell_flzz_zy": true,
    "last_open_price_hc_pct": 0.005472649894111769,
    "open_price_max_hc": -0.09760618382028584,
    "loss_per_step_tick_gap": 1,
    "loss_cold_start_steps": 1,
    "loss_max_abserve_tick_steps": 500,
    "loss_max_abserce_avg_price_down_steps": 15,
    "loss_dynamic_hc_stop_profit_thres": 0.5892100166482409,
    "loss_last_close_price_hc_pct": 0.00989543680808559,
    "loss_last_open_price_hc_pct": -0.060690654862538725,
    "loss_open_price_max_hc": -0.009858975236680945,
    "loss_down_open_sell_wait_time": false,
    "down_open_sell_wait_time": true,
    "day_zy_line": 0.004702686166908589,
    "day_zs_line": -0.044478579685125474,
    "sell_afternoon": false,
    "sell_half_afternoon": false,
    "sell_max_days": 4,
    "stop_profit_pct": 0.0,
    "static_hc_stop_profit_pct": 1.0,
    "loss_static_hc_stop_profit_pct": 1.0
  },
  "timestamp": "2025-09-06T18:50:15.340633",
  "individual": [
    13.18026394914434,
    1.8715858487849084,
    967.2376474923693,
    8.042413187216779,
    -0.14506999038769117,
    7.364924113159477,
    -0.0028166593802840807,
    0.022067734055923362,
    0.018872170332346276,
    57189413.67227505,
    0.0,
    48.36559370492372,
    29.70561245563024,
    13.80276695692608,
    48.975073467142394,
    0.002069999977888724,
    13.606057651479532,
    33.1274438106893,
    33.72083159889747,
    73.52078758090417,
    14.919776074229475,
    15.0,
    209.84753029034206,
    734.7752823283097,
    1,
    1,
    1,
    0.029153788597077672,
    1,
    1,
    1,
    1,
    0.005472649894111769,
    -0.09760618382028584,
    1.0023045062906364,
    1.314585651654344,
    500.0,
    14.964888150477048,
    0.5892100166482409,
    0.00989543680808559,
    -0.060690654862538725,
    -0.009858975236680945,
    0,
    1,
    0.004702686166908589,
    -0.044478579685125474,
    0,
    0,
    3.972049769122615
  ],
  "max_drawdown_threshold": 0.15,
  "strategy_name": "\u9ad8\u5f3a\u4e2d\u9ad8\u5f00\u8ffd\u6da8"
}