{
  "generation": 60,
  "fitness": 4.0957348338503206,
  "total_return": 10.364649999999997,
  "max_drawdown": 0.14597973506979275,
  "sharpe_ratio": 8.139634615433206,
  "params": {
    "per_step_tick_gap": 1,
    "cold_start_steps": 0,
    "max_abserve_tick_steps": 994,
    "max_abserce_avg_price_down_steps": 2,
    "stop_profit_open_hc_pct": -0.002097906780082659,
    "dynamic_hc_stop_profit_thres": 7.460117076112146,
    "last_close_price_hc_pct": -0.002491262535495919,
    "last_day_sell_thres": 0.014360719313747968,
    "last_day_sell_huiche": 0.010886824582936055,
    "fd_mount": 71676479,
    "fd_vol_pct": 0.6236382669590601,
    "fd_ju_ticks": 48,
    "max_zb_times": 1,
    "stagnation_kline_ticks": 14,
    "decline_kline_ticks": 14,
    "yang_yin_threshold": 0.018735856871864343,
    "stagnation_n": 14,
    "stagnation_volume_ratio_threshold": 31.728316947654704,
    "stagnation_ratio_threshold": 1302,
    "decline_volume_ratio_threshold": 8.461971285223708,
    "max_rebounds": 15,
    "decline_ratio_threshold": 640,
    "flxd_ticks": 93,
    "flzz_ticks": 898,
    "use_simiple_kline_strategy_flxd": true,
    "use_simiple_kline_strategy_flzz": true,
    "flzz_use_smooth_price": true,
    "flzz_zf_thresh": 0.031360447326789644,
    "kline_sell_flxd_zy": true,
    "kline_sell_flxd_zs": true,
    "kline_sell_flzz_zs": false,
    "kline_sell_flzz_zy": true,
    "last_open_price_hc_pct": 0.0071317038260097,
    "open_price_max_hc": -0.09826664137733003,
    "loss_per_step_tick_gap": 1,
    "loss_cold_start_steps": 3,
    "loss_max_abserve_tick_steps": 212,
    "loss_max_abserce_avg_price_down_steps": 15,
    "loss_dynamic_hc_stop_profit_thres": 0.6431333218325848,
    "loss_last_close_price_hc_pct": -0.0008321905376173285,
    "loss_last_open_price_hc_pct": 0.009119995013924277,
    "loss_open_price_max_hc": -0.05089793597631818,
    "loss_down_open_sell_wait_time": false,
    "down_open_sell_wait_time": true,
    "day_zy_line": 0.002583925922827136,
    "day_zs_line": -0.04490847839100502,
    "sell_afternoon": false,
    "sell_half_afternoon": true,
    "sell_max_days": 4,
    "stop_profit_pct": 0.0,
    "static_hc_stop_profit_pct": 1.0,
    "loss_static_hc_stop_profit_pct": 1.0
  },
  "timestamp": "2025-09-06T18:38:30.406021",
  "individual": [
    1.0777080595795556,
    0.22642940387332075,
    994.0589759524478,
    2.4976939020424043,
    -0.002097906780082659,
    7.460117076112146,
    -0.002491262535495919,
    0.014360719313747968,
    0.010886824582936055,
    71676478.957466,
    0.6236382669590601,
    48.45935038675148,
    1.0,
    14.070410413118172,
    13.824308544944337,
    0.018735856871864343,
    13.981946798877727,
    31.728316947654704,
    1301.5427000495674,
    8.461971285223708,
    14.690261583574907,
    640.3066345531493,
    92.85965877796588,
    897.592920720605,
    1,
    1,
    1,
    0.031360447326789644,
    1,
    1,
    0,
    1,
    0.0071317038260097,
    -0.09826664137733003,
    1.2297470951073586,
    3.2677178496218238,
    211.6263651837073,
    14.88611495202165,
    0.6431333218325848,
    -0.0008321905376173285,
    0.009119995013924277,
    -0.05089793597631818,
    0,
    1,
    0.002583925922827136,
    -0.04490847839100502,
    0,
    1,
    3.981872329486287
  ],
  "max_drawdown_threshold": 0.15,
  "strategy_name": "\u9ad8\u5f3a\u4e2d\u9ad8\u5f00\u8ffd\u6da8"
}