{
  "generation": 60,
  "fitness": 4.5426939238224895,
  "total_return": 10.71789,
  "max_drawdown": 0.14847846615114818,
  "sharpe_ratio": 10.806109685677306,
  "params": {
    "per_step_tick_gap": 24,
    "cold_start_steps": 9,
    "max_abserve_tick_steps": 411,
    "max_abserce_avg_price_down_steps": 10,
    "stop_profit_open_hc_pct": -0.10077108930248496,
    "dynamic_hc_stop_profit_thres": 3.5262266628523538,
    "last_close_price_hc_pct": -0.009464968187616428,
    "last_day_sell_thres": 0.7599158705303041,
    "last_day_sell_huiche": 0.011493824645695861,
    "fd_mount": 12292001,
    "fd_vol_pct": 0.6328299795127714,
    "fd_ju_ticks": 39,
    "max_zb_times": 7,
    "stagnation_kline_ticks": 50,
    "decline_kline_ticks": 20,
    "yang_yin_threshold": 0.011277247379307409,
    "stagnation_n": 29,
    "stagnation_volume_ratio_threshold": 4.620707227820784,
    "stagnation_ratio_threshold": 615,
    "decline_volume_ratio_threshold": 100.0,
    "max_rebounds": 15,
    "decline_ratio_threshold": 1500,
    "flxd_ticks": 362,
    "flzz_ticks": 1466,
    "use_simiple_kline_strategy_flxd": false,
    "use_simiple_kline_strategy_flzz": true,
    "flzz_use_smooth_price": true,
    "flzz_zf_thresh": 0.0495580075030469,
    "kline_sell_flxd_zy": true,
    "kline_sell_flxd_zs": false,
    "kline_sell_flzz_zs": true,
    "kline_sell_flzz_zy": true,
    "last_open_price_hc_pct": -0.0551685382529578,
    "open_price_max_hc": -0.06347529053507343,
    "loss_per_step_tick_gap": 16,
    "loss_cold_start_steps": 23,
    "loss_max_abserve_tick_steps": 326,
    "loss_max_abserce_avg_price_down_steps": 12,
    "loss_dynamic_hc_stop_profit_thres": 8.0,
    "loss_last_close_price_hc_pct": -0.011093750872319647,
    "loss_last_open_price_hc_pct": -0.007567136292832547,
    "loss_open_price_max_hc": -0.1,
    "loss_down_open_sell_wait_time": true,
    "down_open_sell_wait_time": false,
    "day_zy_line": 0.9688428531713329,
    "day_zs_line": -0.04805863705201121,
    "sell_afternoon": false,
    "sell_half_afternoon": true,
    "sell_max_days": 3,
    "stop_profit_pct": 0.0,
    "static_hc_stop_profit_pct": 1.0,
    "loss_static_hc_stop_profit_pct": 1.0
  },
  "timestamp": "2025-09-06T17:54:25.578161",
  "individual": [
    23.883617811744504,
    9.432098385227155,
    410.63162735924845,
    9.892008881206685,
    -0.10077108930248496,
    3.5262266628523538,
    -0.009464968187616428,
    0.7599158705303041,
    0.011493824645695861,
    12292000.86737436,
    0.6328299795127714,
    39.01809989409689,
    6.615934872729121,
    50.0,
    20.17947321988794,
    0.011277247379307409,
    28.736017407327388,
    4.620707227820784,
    615.1814658891016,
    100.0,
    15.0,
    1500.0,
    362.1298955133959,
    1466.0807624176607,
    0,
    1,
    1,
    0.0495580075030469,
    1,
    0,
    1,
    1,
    -0.0551685382529578,
    -0.06347529053507343,
    16.26783311660435,
    22.686568666130718,
    325.6984440079989,
    11.850219807022686,
    8.0,
    -0.011093750872319647,
    -0.007567136292832547,
    -0.1,
    1,
    0,
    0.9688428531713329,
    -0.04805863705201121,
    0,
    1,
    2.999584090715254
  ],
  "max_drawdown_threshold": 0.25,
  "strategy_name": "\u4e2d\u4f4d\u4e2d\u5f3a\u5c0f\u4f4e\u5f00\u4f4e\u5438"
}