{
  "generation": 10,
  "fitness": 4.410322245433666,
  "total_return": 10.27168,
  "max_drawdown": 0.16882306646002843,
  "sharpe_ratio": 10.56912269835564,
  "params": {
    "per_step_tick_gap": 15,
    "cold_start_steps": 6,
    "max_abserve_tick_steps": 544,
    "max_abserce_avg_price_down_steps": 8,
    "stop_profit_open_hc_pct": -0.08270470090039643,
    "dynamic_hc_stop_profit_thres": 3.6579656415189126,
    "last_close_price_hc_pct": -0.01177205022391038,
    "last_day_sell_thres": 0.3022947916328433,
    "last_day_sell_huiche": 0.007899330679331277,
    "fd_mount": 112204916,
    "fd_vol_pct": 0.2440059674894145,
    "fd_ju_ticks": 50,
    "max_zb_times": 3,
    "stagnation_kline_ticks": 37,
    "decline_kline_ticks": 8,
    "yang_yin_threshold": 0.004586630450997456,
    "stagnation_n": 8,
    "stagnation_volume_ratio_threshold": 3.2689897551179032,
    "stagnation_ratio_threshold": 918,
    "decline_volume_ratio_threshold": 54.135341036166835,
    "max_rebounds": 13,
    "decline_ratio_threshold": 1132,
    "flxd_ticks": 255,
    "flzz_ticks": 189,
    "use_simiple_kline_strategy_flxd": true,
    "use_simiple_kline_strategy_flzz": true,
    "flzz_use_smooth_price": false,
    "flzz_zf_thresh": 0.06023555653277238,
    "kline_sell_flxd_zy": false,
    "kline_sell_flxd_zs": false,
    "kline_sell_flzz_zs": false,
    "kline_sell_flzz_zy": false,
    "last_open_price_hc_pct": -0.07000545512008766,
    "open_price_max_hc": -0.08319487929135815,
    "loss_per_step_tick_gap": 23,
    "loss_cold_start_steps": 27,
    "loss_max_abserve_tick_steps": 334,
    "loss_max_abserce_avg_price_down_steps": 15,
    "loss_dynamic_hc_stop_profit_thres": 7.2996220783957195,
    "loss_last_close_price_hc_pct": 0.0001884563177305277,
    "loss_last_open_price_hc_pct": 5.4644287686007355e-05,
    "loss_open_price_max_hc": -0.026577079367348717,
    "loss_down_open_sell_wait_time": true,
    "down_open_sell_wait_time": false,
    "day_zy_line": 1.0,
    "day_zs_line": -0.05277880010182599,
    "sell_afternoon": false,
    "sell_half_afternoon": true,
    "sell_max_days": 3,
    "stop_profit_pct": 0.0,
    "static_hc_stop_profit_pct": 1.0,
    "loss_static_hc_stop_profit_pct": 1.0
  },
  "timestamp": "2025-09-06T17:52:28.468314",
  "individual": [
    15.321322590730999,
    5.5402051300843205,
    543.829893346035,
    8.384011523650948,
    -0.08270470090039643,
    3.6579656415189126,
    -0.01177205022391038,
    0.3022947916328433,
    0.007899330679331277,
    112204915.75332148,
    0.2440059674894145,
    50.0,
    2.853144253875768,
    36.75800953017227,
    8.299526965326125,
    0.004586630450997456,
    8.488504114966226,
    3.2689897551179032,
    917.6662756052662,
    54.135341036166835,
    13.13629980141914,
    1132.4407046598678,
    255.38404153876297,
    189.39786031742244,
    1,
    1,
    0,
    0.06023555653277238,
    0,
    0,
    0,
    0,
    -0.07000545512008766,
    -0.08319487929135815,
    22.916692366415358,
    26.5483338045358,
    334.37133750918554,
    15.0,
    7.2996220783957195,
    0.0001884563177305277,
    5.4644287686007355e-05,
    -0.026577079367348717,
    1,
    0,
    1.0,
    -0.05277880010182599,
    0,
    1,
    3.000273424520965
  ],
  "max_drawdown_threshold": 0.25,
  "strategy_name": "\u4e2d\u4f4d\u4e2d\u5f3a\u5c0f\u4f4e\u5f00\u4f4e\u5438"
}