{
  "generation": 20,
  "fitness": 4.495232591149642,
  "total_return": 10.513375,
  "max_drawdown": 0.15003950789495757,
  "sharpe_ratio": 10.691420464515323,
  "params": {
    "per_step_tick_gap": 21,
    "cold_start_steps": 8,
    "max_abserve_tick_steps": 1,
    "max_abserce_avg_price_down_steps": 9,
    "stop_profit_open_hc_pct": -0.12085308110128955,
    "dynamic_hc_stop_profit_thres": 3.59114331233134,
    "last_close_price_hc_pct": -0.005386492181977033,
    "last_day_sell_thres": 0.47242412820082,
    "last_day_sell_huiche": 0.01756516778145205,
    "fd_mount": 72501219,
    "fd_vol_pct": 0.2994265828890889,
    "fd_ju_ticks": 27,
    "max_zb_times": 1,
    "stagnation_kline_ticks": 45,
    "decline_kline_ticks": 17,
    "yang_yin_threshold": 0.00633717628823658,
    "stagnation_n": 26,
    "stagnation_volume_ratio_threshold": 9.932594351359223,
    "stagnation_ratio_threshold": 496,
    "decline_volume_ratio_threshold": 67.96818679127101,
    "max_rebounds": 6,
    "decline_ratio_threshold": 761,
    "flxd_ticks": 333,
    "flzz_ticks": 1255,
    "use_simiple_kline_strategy_flxd": false,
    "use_simiple_kline_strategy_flzz": true,
    "flzz_use_smooth_price": true,
    "flzz_zf_thresh": 0.04992082075532767,
    "kline_sell_flxd_zy": true,
    "kline_sell_flxd_zs": true,
    "kline_sell_flzz_zs": true,
    "kline_sell_flzz_zy": false,
    "last_open_price_hc_pct": -0.06159695304464338,
    "open_price_max_hc": -0.0841410459456272,
    "loss_per_step_tick_gap": 16,
    "loss_cold_start_steps": 22,
    "loss_max_abserve_tick_steps": 303,
    "loss_max_abserce_avg_price_down_steps": 11,
    "loss_dynamic_hc_stop_profit_thres": 7.872268813776891,
    "loss_last_close_price_hc_pct": -0.009330399118954467,
    "loss_last_open_price_hc_pct": -0.006314633847385418,
    "loss_open_price_max_hc": -0.06386453805256614,
    "loss_down_open_sell_wait_time": true,
    "down_open_sell_wait_time": false,
    "day_zy_line": 0.9205867167972133,
    "day_zs_line": -0.052111291155151535,
    "sell_afternoon": false,
    "sell_half_afternoon": true,
    "sell_max_days": 3,
    "stop_profit_pct": 0.0,
    "static_hc_stop_profit_pct": 1.0,
    "loss_static_hc_stop_profit_pct": 1.0
  },
  "timestamp": "2025-09-06T17:52:55.437995",
  "individual": [
    21.222603429628926,
    8.424592265027522,
    1.0,
    9.38410880463176,
    -0.12085308110128955,
    3.59114331233134,
    -0.005386492181977033,
    0.47242412820082,
    0.01756516778145205,
    72501219.3837009,
    0.2994265828890889,
    27.17785294247417,
    1.2021846906879332,
    44.91101430589478,
    17.04479303576275,
    0.00633717628823658,
    25.620940604460102,
    9.932594351359223,
    495.9880022359059,
    67.96818679127101,
    6.468195831626412,
    760.8213521106256,
    333.3986402453694,
    1254.7882721694725,
    0,
    1,
    1,
    0.04992082075532767,
    1,
    1,
    1,
    0,
    -0.06159695304464338,
    -0.0841410459456272,
    16.179050025239803,
    21.557562096352804,
    303.11670374918106,
    10.706405432305216,
    7.872268813776891,
    -0.009330399118954467,
    -0.006314633847385418,
    -0.06386453805256614,
    1,
    0,
    0.9205867167972133,
    -0.052111291155151535,
    0,
    1,
    2.9904744849401865
  ],
  "max_drawdown_threshold": 0.25,
  "strategy_name": "\u4e2d\u4f4d\u4e2d\u5f3a\u5c0f\u4f4e\u5f00\u4f4e\u5438"
}