{
    "strategy": "低位高强低吸",
    "generation": 60,
    "best_score": 0.01700891550856791,
    "best_params": {
        "ema_alpha": 0.3,
        "kalman_q": 0.0239428254805357,
        "kalman_r": 0.02,
        "sg_window": 10,
        "macd_fast": 2,
        "macd_slow_ratio": 1.7573391927622586,
        "macd_signal": 2,
        "ema_fast": 3,
        "ema_slow_ratio": 2.681341921429621,
        "volume_window": 10,
        "price_confirm_ticks": 1,
        "strength_confirm_ticks": 5,
        "strength_threshold": 0.3,
        "volume_weight": 0.919032842152503,
        "use_price_confirm": false,
        "use_strength_confirm": false,
        "dead_cross_threshold": 0.02774091555326088,
        "price_drop_threshold": 0.009619936859430326,
        "max_confirm_ticks": 1,
        "debug": false
    },
    "timestamp": "20250809_095327"
}