{
  "generation": 30,
  "fitness": 2.884178905561522,
  "total_return": 23.117205,
  "max_drawdown": 0.23917704161378694,
  "sharpe_ratio": 5.485164911277189,
  "params": {
    "per_step_tick_gap": 23,
    "cold_start_steps": 30,
    "max_abserve_tick_steps": 794,
    "max_abserce_avg_price_down_steps": 13,
    "stop_profit_open_hc_pct": -0.029487727409945003,
    "dynamic_hc_stop_profit_thres": 1.431124486065476,
    "last_close_price_hc_pct": -0.033030985630956966,
    "last_day_sell_thres": 0.778575354809874,
    "last_day_sell_huiche": 0.009100686010800704,
    "fd_mount": 31328123,
    "fd_vol_pct": 0.5156441887775202,
    "fd_ju_ticks": 1,
    "max_zb_times": 29,
    "stagnation_kline_ticks": 23,
    "decline_kline_ticks": 43,
    "yang_yin_threshold": 0.01851433484795267,
    "stagnation_n": 1,
    "stagnation_volume_ratio_threshold": 82.31685260389514,
    "stagnation_ratio_threshold": 212,
    "decline_volume_ratio_threshold": 86.65156907813446,
    "max_rebounds": 0,
    "decline_ratio_threshold": 241,
    "flxd_ticks": 500,
    "flzz_ticks": 2000,
    "use_simiple_kline_strategy_flxd": true,
    "use_simiple_kline_strategy_flzz": true,
    "flzz_use_smooth_price": false,
    "flzz_zf_thresh": -0.04899731152259944,
    "kline_sell_flxd_zy": true,
    "kline_sell_flxd_zs": true,
    "kline_sell_flzz_zs": true,
    "kline_sell_flzz_zy": true,
    "last_open_price_hc_pct": -0.011014298940012287,
    "open_price_max_hc": -0.08764773569892384,
    "loss_per_step_tick_gap": 11,
    "loss_cold_start_steps": 0,
    "loss_max_abserve_tick_steps": 383,
    "loss_max_abserce_avg_price_down_steps": 10,
    "loss_dynamic_hc_stop_profit_thres": 8.0,
    "loss_last_close_price_hc_pct": -0.008430291530549576,
    "loss_last_open_price_hc_pct": -0.019169505307814375,
    "loss_open_price_max_hc": -0.05702442115770571,
    "loss_down_open_sell_wait_time": true,
    "down_open_sell_wait_time": false,
    "day_zy_line": 0.0008695077423414614,
    "day_zs_line": -1.0,
    "sell_afternoon": true,
    "sell_half_afternoon": false,
    "sell_max_days": 7,
    "stop_profit_pct": 0.0,
    "static_hc_stop_profit_pct": 1.0,
    "loss_static_hc_stop_profit_pct": 1.0
  },
  "timestamp": "2025-09-07T18:03:52.535766",
  "individual": [
    23.252177941043094,
    29.550576247410106,
    794.3192637946768,
    13.052174024208886,
    -0.029487727409945003,
    1.431124486065476,
    -0.033030985630956966,
    0.778575354809874,
    0.009100686010800704,
    31328122.582574397,
    0.5156441887775202,
    1.081804769435517,
    28.87988161762153,
    22.951489975962204,
    43.07589053193559,
    0.01851433484795267,
    1.0,
    82.31685260389514,
    211.78731491936418,
    86.65156907813446,
    0.0,
    241.08219153794562,
    500.0,
    2000.0,
    1,
    1,
    0,
    -0.04899731152259944,
    1,
    1,
    1,
    1,
    -0.011014298940012287,
    -0.08764773569892384,
    11.226419982456278,
    0.0,
    383.32480505303226,
    10.141711554060606,
    8.0,
    -0.008430291530549576,
    -0.019169505307814375,
    -0.05702442115770571,
    1,
    0,
    0.0008695077423414614,
    -1.0,
    1,
    0,
    7.0
  ],
  "max_drawdown_threshold": 0.15,
  "strategy_name": "\u4f4e\u4f4d\u4e2d\u5f3a\u4e2d\u4f4e\u5f007\u5929"
}