{
  "generation": 50,
  "fitness": 3.0101170239830553,
  "total_return": 25.673485,
  "max_drawdown": 0.23914752844938628,
  "sharpe_ratio": 5.619201937998965,
  "params": {
    "per_step_tick_gap": 22,
    "cold_start_steps": 27,
    "max_abserve_tick_steps": 736,
    "max_abserce_avg_price_down_steps": 13,
    "stop_profit_open_hc_pct": -0.028412050385247287,
    "dynamic_hc_stop_profit_thres": 1.45274508482591,
    "last_close_price_hc_pct": -0.03884857107556032,
    "last_day_sell_thres": 0.9938329967916505,
    "last_day_sell_huiche": 0.007823566028791988,
    "fd_mount": 106550799,
    "fd_vol_pct": 0.5348565322990604,
    "fd_ju_ticks": 1,
    "max_zb_times": 10,
    "stagnation_kline_ticks": 23,
    "decline_kline_ticks": 48,
    "yang_yin_threshold": 0.00883208155834717,
    "stagnation_n": 1,
    "stagnation_volume_ratio_threshold": 81.56170765501143,
    "stagnation_ratio_threshold": 250,
    "decline_volume_ratio_threshold": 76.81887117875253,
    "max_rebounds": 1,
    "decline_ratio_threshold": 849,
    "flxd_ticks": 328,
    "flzz_ticks": 2000,
    "use_simiple_kline_strategy_flxd": true,
    "use_simiple_kline_strategy_flzz": true,
    "flzz_use_smooth_price": false,
    "flzz_zf_thresh": -0.06666891936894408,
    "kline_sell_flxd_zy": true,
    "kline_sell_flxd_zs": true,
    "kline_sell_flzz_zs": true,
    "kline_sell_flzz_zy": true,
    "last_open_price_hc_pct": -0.012578698673235463,
    "open_price_max_hc": -0.1,
    "loss_per_step_tick_gap": 14,
    "loss_cold_start_steps": 26,
    "loss_max_abserve_tick_steps": 378,
    "loss_max_abserce_avg_price_down_steps": 10,
    "loss_dynamic_hc_stop_profit_thres": 7.3253294580288815,
    "loss_last_close_price_hc_pct": -0.0008692604652616779,
    "loss_last_open_price_hc_pct": -0.011755174788593118,
    "loss_open_price_max_hc": -0.05244844376632933,
    "loss_down_open_sell_wait_time": true,
    "down_open_sell_wait_time": true,
    "day_zy_line": 0.002169757491679434,
    "day_zs_line": -1.0,
    "sell_afternoon": true,
    "sell_half_afternoon": false,
    "sell_max_days": 7,
    "stop_profit_pct": 0.0,
    "static_hc_stop_profit_pct": 1.0,
    "loss_static_hc_stop_profit_pct": 1.0
  },
  "timestamp": "2025-09-07T18:16:16.333652",
  "individual": [
    22.041487484853988,
    26.935274825019405,
    735.9196057826264,
    12.769712378117726,
    -0.028412050385247287,
    1.45274508482591,
    -0.03884857107556032,
    0.9938329967916505,
    0.007823566028791988,
    106550799.26276794,
    0.5348565322990604,
    1.1586034655913766,
    10.0440181719807,
    22.51518507465532,
    47.95004594034156,
    0.00883208155834717,
    1.0,
    81.56170765501143,
    249.9040576796894,
    76.81887117875253,
    1.1119795245483672,
    848.868666054552,
    328.0968714445253,
    2000.0,
    1,
    1,
    0,
    -0.06666891936894408,
    1,
    1,
    1,
    1,
    -0.012578698673235463,
    -0.1,
    13.600417678701694,
    25.85880341734477,
    377.53628646259017,
    9.670453750785253,
    7.3253294580288815,
    -0.0008692604652616779,
    -0.011755174788593118,
    -0.05244844376632933,
    1,
    1,
    0.002169757491679434,
    -1.0,
    1,
    0,
    6.993079021818749
  ],
  "max_drawdown_threshold": 0.15,
  "strategy_name": "\u4f4e\u4f4d\u4e2d\u5f3a\u4e2d\u4f4e\u5f007\u5929"
}