{
  "generation": 80,
  "fitness": 3.0505143990622625,
  "total_return": 26.57949,
  "max_drawdown": 0.23916663944253408,
  "sharpe_ratio": 5.6532001078118315,
  "params": {
    "per_step_tick_gap": 22,
    "cold_start_steps": 28,
    "max_abserve_tick_steps": 728,
    "max_abserce_avg_price_down_steps": 13,
    "stop_profit_open_hc_pct": -0.027752145320867557,
    "dynamic_hc_stop_profit_thres": 1.4445959989928476,
    "last_close_price_hc_pct": -0.02879744642002668,
    "last_day_sell_thres": 0.954018054102311,
    "last_day_sell_huiche": 0.008748555580225184,
    "fd_mount": 42871633,
    "fd_vol_pct": 0.5043129754709232,
    "fd_ju_ticks": 1,
    "max_zb_times": 21,
    "stagnation_kline_ticks": 23,
    "decline_kline_ticks": 50,
    "yang_yin_threshold": 0.024124762759241525,
    "stagnation_n": 1,
    "stagnation_volume_ratio_threshold": 82.43737363093567,
    "stagnation_ratio_threshold": 249,
    "decline_volume_ratio_threshold": 84.85274475311618,
    "max_rebounds": 1,
    "decline_ratio_threshold": 854,
    "flxd_ticks": 450,
    "flzz_ticks": 1984,
    "use_simiple_kline_strategy_flxd": true,
    "use_simiple_kline_strategy_flzz": true,
    "flzz_use_smooth_price": false,
    "flzz_zf_thresh": -0.06950003941080977,
    "kline_sell_flxd_zy": true,
    "kline_sell_flxd_zs": true,
    "kline_sell_flzz_zs": true,
    "kline_sell_flzz_zy": true,
    "last_open_price_hc_pct": -0.003591810859395906,
    "open_price_max_hc": -0.09167334992134277,
    "loss_per_step_tick_gap": 12,
    "loss_cold_start_steps": 29,
    "loss_max_abserve_tick_steps": 360,
    "loss_max_abserce_avg_price_down_steps": 11,
    "loss_dynamic_hc_stop_profit_thres": 7.383730741041043,
    "loss_last_close_price_hc_pct": -0.027169178877710923,
    "loss_last_open_price_hc_pct": -0.02911716377556832,
    "loss_open_price_max_hc": -0.058440436962952244,
    "loss_down_open_sell_wait_time": true,
    "down_open_sell_wait_time": false,
    "day_zy_line": 0.001964060829829912,
    "day_zs_line": -0.9867947614990769,
    "sell_afternoon": true,
    "sell_half_afternoon": false,
    "sell_max_days": 7,
    "stop_profit_pct": 0.0,
    "static_hc_stop_profit_pct": 1.0,
    "loss_static_hc_stop_profit_pct": 1.0
  },
  "timestamp": "2025-09-07T18:34:20.822148",
  "individual": [
    22.16985797649908,
    27.516289174042484,
    727.5632505261395,
    12.95875741535605,
    -0.027752145320867557,
    1.4445959989928476,
    -0.02879744642002668,
    0.954018054102311,
    0.008748555580225184,
    42871633.04183125,
    0.5043129754709232,
    1.0334536202325353,
    21.098503058754606,
    23.141000475278805,
    49.69995842167111,
    0.024124762759241525,
    1.0,
    82.43737363093567,
    249.3738270195784,
    84.85274475311618,
    0.8733647840786601,
    854.441684175903,
    449.79011824239615,
    1983.962106831726,
    1,
    1,
    0,
    -0.06950003941080977,
    1,
    1,
    1,
    1,
    -0.003591810859395906,
    -0.09167334992134277,
    12.267995383974405,
    28.676025160014312,
    360.48073156861756,
    10.52719325815054,
    7.383730741041043,
    -0.027169178877710923,
    -0.02911716377556832,
    -0.058440436962952244,
    1,
    0,
    0.001964060829829912,
    -0.9867947614990769,
    1,
    0,
    6.9967299416985576
  ],
  "max_drawdown_threshold": 0.15,
  "strategy_name": "\u4f4e\u4f4d\u4e2d\u5f3a\u4e2d\u4f4e\u5f007\u5929"
}