{
    "strategy": "一进二弱转强",
    "generation": 40,
    "best_score": 0.022101309966342495,
    "best_params": {
        "ema_alpha": 0.11505030843036772,
        "kalman_q": 0.04938818157187146,
        "kalman_r": 0.032779386595630504,
        "sg_window": 12,
        "macd_fast": 2,
        "macd_slow_ratio": 1.8875734088143548,
        "macd_signal": 2,
        "ema_fast": 4,
        "ema_slow_ratio": 2.0806377519988826,
        "volume_window": 10,
        "price_confirm_ticks": 9,
        "strength_confirm_ticks": 3,
        "strength_threshold": 0.3,
        "volume_weight": 1.0,
        "use_price_confirm": false,
        "use_strength_confirm": false,
        "dead_cross_threshold": 0.038980414001631,
        "price_drop_threshold": 0.005619140737320055,
        "max_confirm_ticks": 12,
        "debug": false
    },
    "timestamp": "20250809_061132"
}