{
    "strategy": "一进二弱转强",
    "generation": 0,
    "best_score": 0.029814835069462666,
    "best_params": {
        "ema_alpha": 0.05254907974517724,
        "kalman_q": 0.04257345225974872,
        "kalman_r": 0.022929479878715908,
        "sg_window": 7,
        "macd_fast": 7,
        "macd_slow_ratio": 1.2213003451789657,
        "macd_signal": 14,
        "ema_fast": 10,
        "ema_slow_ratio": 2.8135107123977887,
        "volume_window": 12,
        "price_confirm_ticks": 10,
        "strength_confirm_ticks": 5,
        "strength_threshold": 0.3040843097822067,
        "volume_weight": 0.8517457891692248,
        "use_price_confirm": false,
        "use_strength_confirm": false,
        "dead_cross_threshold": 0.007524522319366829,
        "price_drop_threshold": 0.005753044217492501,
        "max_confirm_ticks": 12,
        "debug": false
    },
    "timestamp": "20250807_234404"
}