{
    "strategy": "一进二弱转强",
    "generation": 100,
    "best_score": 0.021789509068859094,
    "best_params": {
        "ema_alpha": 0.11505030843036772,
        "kalman_q": 0.04693133720188595,
        "kalman_r": 0.028556238131027038,
        "sg_window": 13,
        "macd_fast": 2,
        "macd_slow_ratio": 1.8011758023338456,
        "macd_signal": 2,
        "ema_fast": 4,
        "ema_slow_ratio": 2.046348271636209,
        "volume_window": 10,
        "price_confirm_ticks": 4,
        "strength_confirm_ticks": 5,
        "strength_threshold": 0.3,
        "volume_weight": 1.0,
        "use_price_confirm": false,
        "use_strength_confirm": false,
        "dead_cross_threshold": 0.05,
        "price_drop_threshold": 0.005619140737320055,
        "max_confirm_ticks": 15,
        "debug": false
    },
    "timestamp": "20250809_170734"
}