{
    "strategy": "一进二弱转强",
    "generation": 80,
    "best_score": 0.02182516899046591,
    "best_params": {
        "ema_alpha": 0.11505030843036772,
        "kalman_q": 0.04529567502697766,
        "kalman_r": 0.032779386595630504,
        "sg_window": 13,
        "macd_fast": 2,
        "macd_slow_ratio": 1.9344852937099553,
        "macd_signal": 2,
        "ema_fast": 4,
        "ema_slow_ratio": 2.046348271636209,
        "volume_window": 10,
        "price_confirm_ticks": 4,
        "strength_confirm_ticks": 5,
        "strength_threshold": 0.3,
        "volume_weight": 1.0,
        "use_price_confirm": false,
        "use_strength_confirm": false,
        "dead_cross_threshold": 0.05,
        "price_drop_threshold": 0.004741598895533454,
        "max_confirm_ticks": 18,
        "debug": false
    },
    "timestamp": "20250809_132011"
}