{
    "strategy": "一进二弱转强",
    "generation": 10,
    "best_score": 0.0233876828886555,
    "best_params": {
        "ema_alpha": 0.2425619703399977,
        "kalman_q": 0.03521987152940394,
        "kalman_r": 0.046565803222831256,
        "sg_window": 7,
        "macd_fast": 4,
        "macd_slow_ratio": 1.330510221170694,
        "macd_signal": 5,
        "ema_fast": 11,
        "ema_slow_ratio": 3,
        "volume_window": 12,
        "price_confirm_ticks": 8,
        "strength_confirm_ticks": 7,
        "strength_threshold": 0.3040843097822067,
        "volume_weight": 0.9432291115495601,
        "use_price_confirm": false,
        "use_strength_confirm": false,
        "dead_cross_threshold": 0.005417122193420206,
        "price_drop_threshold": 0.006909604005723506,
        "max_confirm_ticks": 15,
        "debug": false
    },
    "timestamp": "20250808_012812"
}