{
  "generation": 70,
  "fitness": 3.2804994586132183,
  "total_return": 25.052225,
  "max_drawdown": 0.39927808140957666,
  "sharpe_ratio": 4.131004106423853,
  "params": {
    "per_step_tick_gap": 13,
    "cold_start_steps": 3,
    "max_abserve_tick_steps": 194,
    "max_abserce_avg_price_down_steps": 6,
    "stop_profit_open_hc_pct": -0.051398809835553116,
    "dynamic_hc_stop_profit_thres": 0.10003196463273602,
    "last_close_price_hc_pct": -0.02296567115927568,
    "last_day_sell_thres": 0.011504005089447681,
    "last_day_sell_huiche": 0.001,
    "fd_mount": 90481903,
    "fd_vol_pct": 0.5014903668296646,
    "fd_ju_ticks": 3,
    "max_zb_times": 14,
    "stagnation_kline_ticks": 33,
    "decline_kline_ticks": 11,
    "yang_yin_threshold": 0.009002281217788533,
    "stagnation_n": 7,
    "stagnation_volume_ratio_threshold": 47,
    "stagnation_ratio_threshold": 398,
    "decline_volume_ratio_threshold": 13,
    "max_rebounds": 1,
    "decline_ratio_threshold": 33,
    "flxd_ticks": 265,
    "kline_sell_only_zy": false,
    "window_size": 5,
    "use_simiple_kline_strategy_flxd": true,
    "use_simiple_kline_strategy_flzz": false,
    "stop_profit_pct": 0.0,
    "static_hc_stop_profit_pct": 1.0
  },
  "timestamp": "2025-08-24T15:17:12.394907",
  "individual": [
    12.737032281095182,
    2.6615061233797586,
    193.62084444476807,
    6.116750838031259,
    -0.051398809835553116,
    0.10003196463273602,
    -0.02296567115927568,
    0.011504005089447681,
    0.001,
    90481903.18099397,
    0.5014903668296646,
    3.2255612011037544,
    14.49194128522332,
    33.189963672577896,
    11.130855678452281,
    0.009002281217788533,
    7.26660375304432,
    46.521641166466544,
    397.60497173326746,
    13.462768515389039,
    1.1174630956453322,
    33.06697976825225,
    265.3480203963652,
    0,
    4.790462808459306,
    1,
    0
  ]
}