{
  "generation": 50,
  "fitness": 3.280469227995563,
  "total_return": 25.05215,
  "max_drawdown": 0.39927808140957666,
  "sharpe_ratio": 4.130889580524794,
  "params": {
    "per_step_tick_gap": 13,
    "cold_start_steps": 3,
    "max_abserve_tick_steps": 198,
    "max_abserce_avg_price_down_steps": 6,
    "stop_profit_open_hc_pct": -0.174406828894287,
    "dynamic_hc_stop_profit_thres": 0.10002355024616108,
    "last_close_price_hc_pct": -0.022951339996769456,
    "last_day_sell_thres": 0.01150744280430053,
    "last_day_sell_huiche": 0.001,
    "fd_mount": 93204354,
    "fd_vol_pct": 0.5062640261285513,
    "fd_ju_ticks": 3,
    "max_zb_times": 14,
    "stagnation_kline_ticks": 30,
    "decline_kline_ticks": 11,
    "yang_yin_threshold": 0.009021719535558352,
    "stagnation_n": 5,
    "stagnation_volume_ratio_threshold": 45,
    "stagnation_ratio_threshold": 397,
    "decline_volume_ratio_threshold": 14,
    "max_rebounds": 1,
    "decline_ratio_threshold": 31,
    "flxd_ticks": 256,
    "kline_sell_only_zy": false,
    "window_size": 5,
    "use_simiple_kline_strategy_flxd": true,
    "use_simiple_kline_strategy_flzz": false,
    "stop_profit_pct": 0.0,
    "static_hc_stop_profit_pct": 1.0
  },
  "timestamp": "2025-08-24T14:48:12.337986",
  "individual": [
    12.809801300692584,
    2.5317163881572853,
    197.93025723112476,
    6.004440694546892,
    -0.174406828894287,
    0.10002355024616108,
    -0.022951339996769456,
    0.01150744280430053,
    0.001,
    93204353.60305634,
    0.5062640261285513,
    3.130535484352148,
    13.782753875692073,
    29.545888021511825,
    11.174355926522137,
    0.009021719535558352,
    5.0,
    44.64434236754598,
    397.22674358346984,
    13.73198240654488,
    1.097901796830563,
    31.247149652770194,
    256.48624580174555,
    0,
    4.798011736900017,
    1,
    0
  ]
}