{
  "generation": 20,
  "fitness": 3.2167520550775794,
  "total_return": 23.728915,
  "max_drawdown": 0.3978990127371754,
  "sharpe_ratio": 4.072755047229601,
  "params": {
    "per_step_tick_gap": 15,
    "cold_start_steps": 0,
    "max_abserve_tick_steps": 194,
    "max_abserce_avg_price_down_steps": 7,
    "stop_profit_open_hc_pct": -0.1556260846691468,
    "dynamic_hc_stop_profit_thres": 0.1001214095278198,
    "last_close_price_hc_pct": -0.01837533170335307,
    "last_day_sell_thres": 0.011444987025326868,
    "last_day_sell_huiche": 0.0011322868388482844,
    "fd_mount": 91524668,
    "fd_vol_pct": 0.5028713485162528,
    "fd_ju_ticks": 1,
    "max_zb_times": 10,
    "stagnation_kline_ticks": 40,
    "decline_kline_ticks": 6,
    "yang_yin_threshold": 0.009354109742405574,
    "stagnation_n": 10,
    "stagnation_volume_ratio_threshold": 50,
    "stagnation_ratio_threshold": 650,
    "decline_volume_ratio_threshold": 12,
    "max_rebounds": 1,
    "decline_ratio_threshold": 42,
    "flxd_ticks": 230,
    "kline_sell_only_zy": false,
    "window_size": 5,
    "use_simiple_kline_strategy_flxd": true,
    "use_simiple_kline_strategy_flzz": false,
    "stop_profit_pct": 0.0,
    "static_hc_stop_profit_pct": 1.0
  },
  "timestamp": "2025-08-24T14:06:30.836720",
  "individual": [
    15.0,
    0.0,
    194.04917621714895,
    6.804809624088991,
    -0.1556260846691468,
    0.1001214095278198,
    -0.01837533170335307,
    0.011444987025326868,
    0.0011322868388482844,
    91524668.01037061,
    0.5028713485162528,
    1.0,
    9.912101697700407,
    40.12016928465163,
    5.987397642606815,
    0.009354109742405574,
    10.395795526659077,
    49.64881388189945,
    649.6841110787361,
    11.770045884371054,
    1.0730990369668296,
    42.05502299356537,
    230.20332073346694,
    0,
    4.765150479555275,
    1,
    0
  ]
}