{
    "strategy": "高强中高开追涨",
    "generation": 30,
    "best_score": 0.027453676932821865,
    "best_params": {
        "ema_alpha": 0.3,
        "kalman_q": 0.04769696166408528,
        "kalman_r": 0.03619270429665064,
        "sg_window": 7,
        "macd_fast": 2,
        "macd_slow_ratio": 2.13142974589402,
        "macd_signal": 2,
        "ema_fast": 2,
        "ema_slow_ratio": 1.44867454193756,
        "volume_window": 8,
        "price_confirm_ticks": 2,
        "strength_confirm_ticks": 4,
        "strength_threshold": 0.3,
        "volume_weight": 0.9177845098527594,
        "use_price_confirm": false,
        "use_strength_confirm": false,
        "dead_cross_threshold": 0.009213527062920784,
        "price_drop_threshold": 0.018097016897418352,
        "max_confirm_ticks": 12,
        "debug": false
    },
    "timestamp": "20250821_215413"
}