{
  "generation": 100,
  "fitness": 2.6116858010827744,
  "total_return": 26.769580000000005,
  "max_drawdown": 0.25080664457608576,
  "sharpe_ratio": 4.249044719354731,
  "params": {
    "per_step_tick_gap": 7,
    "cold_start_steps": 2,
    "max_abserve_tick_steps": 391,
    "max_abserce_avg_price_down_steps": 1,
    "stop_profit_open_hc_pct": -0.08245347175875546,
    "dynamic_hc_stop_profit_thres": 0.4997161359980833,
    "last_close_price_hc_pct": -0.03865588025345671,
    "last_day_sell_thres": 0.01660927820051012,
    "last_day_sell_huiche": 0.01847977457339168,
    "fd_mount": 150000000,
    "fd_vol_pct": 0.4528347060326729,
    "fd_ju_ticks": 1,
    "max_zb_times": 23,
    "stagnation_kline_ticks": 32,
    "decline_kline_ticks": 29,
    "yang_yin_threshold": 0.006112554409463909,
    "stagnation_n": 28,
    "stagnation_volume_ratio_threshold": 88.42061230465097,
    "stagnation_ratio_threshold": 428,
    "decline_volume_ratio_threshold": 21.082888760599385,
    "max_rebounds": 0,
    "decline_ratio_threshold": 15,
    "flxd_ticks": 471,
    "flzz_ticks": 1517,
    "use_simiple_kline_strategy_flxd": true,
    "use_simiple_kline_strategy_flzz": true,
    "flzz_use_smooth_price": false,
    "flzz_zf_thresh": 0.05067860706219821,
    "kline_sell_flxd_zy": true,
    "kline_sell_flxd_zs": false,
    "kline_sell_flzz_zs": false,
    "kline_sell_flzz_zy": true,
    "last_open_price_hc_pct": 0.009979772587783774,
    "open_price_max_hc": -0.00011251143602180087,
    "loss_per_step_tick_gap": 6,
    "loss_cold_start_steps": 4,
    "loss_max_abserve_tick_steps": 307,
    "loss_max_abserce_avg_price_down_steps": 9,
    "loss_dynamic_hc_stop_profit_thres": 7.109755047136284,
    "loss_last_close_price_hc_pct": -0.06358470886426693,
    "loss_last_open_price_hc_pct": -0.03753149395786903,
    "loss_open_price_max_hc": -0.1,
    "loss_down_open_sell_wait_time": true,
    "down_open_sell_wait_time": false,
    "day_zy_line": 0.004188717816266725,
    "day_zs_line": -0.18128070608175062,
    "sell_afternoon": true,
    "sell_half_afternoon": false,
    "sell_max_days": 1,
    "stop_profit_pct": 0.0,
    "static_hc_stop_profit_pct": 1.0,
    "loss_static_hc_stop_profit_pct": 1.0
  },
  "timestamp": "2025-09-06T06:50:23.381338",
  "individual": [
    6.834958235448475,
    2.1480939960215744,
    391.228018603354,
    1.0143431768992146,
    -0.08245347175875546,
    0.4997161359980833,
    -0.03865588025345671,
    0.01660927820051012,
    0.01847977457339168,
    150000000.0,
    0.4528347060326729,
    1.1610943531543634,
    22.820178483654306,
    31.78113877471086,
    28.86292358993821,
    0.006112554409463909,
    28.321330003072113,
    88.42061230465097,
    427.953073447301,
    21.082888760599385,
    0.018987993030071967,
    15.00631087657356,
    470.5445969706688,
    1516.8084190870545,
    1,
    1,
    0,
    0.05067860706219821,
    1,
    0,
    0,
    1,
    0.009979772587783774,
    -0.00011251143602180087,
    6.24698686601209,
    3.5825959653310715,
    307.05517168044605,
    9.292089724938943,
    7.109755047136284,
    -0.06358470886426693,
    -0.03753149395786903,
    -0.1,
    1,
    0,
    0.004188717816266725,
    -0.18128070608175062,
    1,
    0,
    1.0352384877485004
  ],
  "max_drawdown_threshold": 0.15,
  "strategy_name": "\u63a5\u529b\u5012\u63a5\u529b4"
}