{
  "generation": 50,
  "fitness": 2.5414534490478595,
  "total_return": 25.081255000000006,
  "max_drawdown": 0.25056837992859327,
  "sharpe_ratio": 4.159091019290721,
  "params": {
    "per_step_tick_gap": 7,
    "cold_start_steps": 2,
    "max_abserve_tick_steps": 391,
    "max_abserce_avg_price_down_steps": 1,
    "stop_profit_open_hc_pct": -0.07197710648463962,
    "dynamic_hc_stop_profit_thres": 4.250079686698183,
    "last_close_price_hc_pct": -0.0251512548669673,
    "last_day_sell_thres": 0.04887832052912749,
    "last_day_sell_huiche": 0.019293241562597048,
    "fd_mount": 106052732,
    "fd_vol_pct": 0.42804606954764357,
    "fd_ju_ticks": 1,
    "max_zb_times": 23,
    "stagnation_kline_ticks": 32,
    "decline_kline_ticks": 19,
    "yang_yin_threshold": 0.023720637254395473,
    "stagnation_n": 28,
    "stagnation_volume_ratio_threshold": 84.05150470590874,
    "stagnation_ratio_threshold": 380,
    "decline_volume_ratio_threshold": 30.24406068932221,
    "max_rebounds": 8,
    "decline_ratio_threshold": 1500,
    "flxd_ticks": 415,
    "flzz_ticks": 1333,
    "use_simiple_kline_strategy_flxd": true,
    "use_simiple_kline_strategy_flzz": true,
    "flzz_use_smooth_price": false,
    "flzz_zf_thresh": 0.05493428493490908,
    "kline_sell_flxd_zy": true,
    "kline_sell_flxd_zs": false,
    "kline_sell_flzz_zs": true,
    "kline_sell_flzz_zy": true,
    "last_open_price_hc_pct": 0.009975961107324172,
    "open_price_max_hc": -0.00023782667481898418,
    "loss_per_step_tick_gap": 4,
    "loss_cold_start_steps": 4,
    "loss_max_abserve_tick_steps": 431,
    "loss_max_abserce_avg_price_down_steps": 10,
    "loss_dynamic_hc_stop_profit_thres": 8.0,
    "loss_last_close_price_hc_pct": -0.05322685638824237,
    "loss_last_open_price_hc_pct": -0.023518170150811448,
    "loss_open_price_max_hc": -0.07725868677695946,
    "loss_down_open_sell_wait_time": true,
    "down_open_sell_wait_time": false,
    "day_zy_line": 0.004211135482059847,
    "day_zs_line": -0.1777907193646012,
    "sell_afternoon": true,
    "sell_half_afternoon": false,
    "sell_max_days": 1,
    "stop_profit_pct": 0.0,
    "static_hc_stop_profit_pct": 1.0,
    "loss_static_hc_stop_profit_pct": 1.0
  },
  "timestamp": "2025-09-06T06:39:49.801562",
  "individual": [
    7.151608330926578,
    2.09367981286075,
    390.9970564632315,
    1.0,
    -0.07197710648463962,
    4.250079686698183,
    -0.0251512548669673,
    0.04887832052912749,
    0.019293241562597048,
    106052732.4294365,
    0.42804606954764357,
    1.0216693858762427,
    22.823411201349664,
    31.80014216126947,
    19.28952953198394,
    0.023720637254395473,
    27.689720903753113,
    84.05150470590874,
    380.29337345401024,
    30.24406068932221,
    7.664662910912015,
    1500.0,
    414.98483910187144,
    1333.2819575145536,
    1,
    1,
    0,
    0.05493428493490908,
    1,
    0,
    1,
    1,
    0.009975961107324172,
    -0.00023782667481898418,
    3.500204658398126,
    3.6962550735388704,
    430.89250932683035,
    10.380714846231701,
    8.0,
    -0.05322685638824237,
    -0.023518170150811448,
    -0.07725868677695946,
    1,
    0,
    0.004211135482059847,
    -0.1777907193646012,
    1,
    0,
    1.0
  ],
  "max_drawdown_threshold": 0.15,
  "strategy_name": "\u63a5\u529b\u5012\u63a5\u529b4"
}