{
    "strategy": "高位高强追涨",
    "generation": 10,
    "best_score": 0.03229061441371773,
    "best_params": {
        "ema_alpha": 0.2659658021025086,
        "kalman_q": 0.04913921221305739,
        "kalman_r": 0.0536776406612481,
        "sg_window": 21,
        "macd_fast": 3,
        "macd_slow_ratio": 1.7347665559814276,
        "macd_signal": 2,
        "ema_fast": 5,
        "ema_slow_ratio": 3,
        "volume_window": 14,
        "price_confirm_ticks": 2,
        "strength_confirm_ticks": 2,
        "strength_threshold": 0.3,
        "volume_weight": 0.9602355589275783,
        "use_price_confirm": false,
        "use_strength_confirm": false,
        "dead_cross_threshold": 0.01371240097208134,
        "price_drop_threshold": 0.016545524900583607,
        "max_confirm_ticks": 12,
        "debug": false
    },
    "timestamp": "20250808_235120"
}