{
    "strategy": "高位高强追涨",
    "generation": 20,
    "best_score": 0.032061347819962484,
    "best_params": {
        "ema_alpha": 0.3,
        "kalman_q": 0.039826840928726515,
        "kalman_r": 0.025101175477894144,
        "sg_window": 21,
        "macd_fast": 3,
        "macd_slow_ratio": 1.7347665559814276,
        "macd_signal": 3,
        "ema_fast": 9,
        "ema_slow_ratio": 1.8950837818646802,
        "volume_window": 14,
        "price_confirm_ticks": 2,
        "strength_confirm_ticks": 10,
        "strength_threshold": 0.3,
        "volume_weight": 1.0,
        "use_price_confirm": false,
        "use_strength_confirm": false,
        "dead_cross_threshold": 0.04003658006740926,
        "price_drop_threshold": 0.01641056851902529,
        "max_confirm_ticks": 10,
        "debug": false
    },
    "timestamp": "20250809_004215"
}