{
  "generation": 80,
  "fitness": 4.6808728279411,
  "total_return": 34.43217500000003,
  "max_drawdown": 0.2862096419616652,
  "sharpe_ratio": 4.41769348039357,
  "params": {
    "per_step_tick_gap": 2,
    "cold_start_steps": 0,
    "max_abserve_tick_steps": 532,
    "max_abserce_avg_price_down_steps": 1,
    "stop_profit_open_hc_pct": -0.13621236212256363,
    "dynamic_hc_stop_profit_thres": 5.020981701795973,
    "last_close_price_hc_pct": 0.004708870026652227,
    "last_day_sell_thres": 0.43260498190987323,
    "last_day_sell_huiche": 0.005159531610148883,
    "fd_mount": 28168936,
    "fd_vol_pct": 0.5950064844906798,
    "fd_ju_ticks": 1,
    "max_zb_times": 5,
    "stagnation_kline_ticks": 32,
    "decline_kline_ticks": 14,
    "yang_yin_threshold": 0.021158954360323487,
    "stagnation_n": 27,
    "stagnation_volume_ratio_threshold": 73.66813612459451,
    "stagnation_ratio_threshold": 373,
    "decline_volume_ratio_threshold": 15.961193207221031,
    "max_rebounds": 2,
    "decline_ratio_threshold": 1330,
    "flxd_ticks": 477,
    "flzz_ticks": 1996,
    "use_simiple_kline_strategy_flxd": true,
    "use_simiple_kline_strategy_flzz": true,
    "flzz_use_smooth_price": true,
    "flzz_zf_thresh": 0.05281830521692278,
    "kline_sell_flxd_zy": true,
    "kline_sell_flxd_zs": false,
    "kline_sell_flzz_zs": false,
    "kline_sell_flzz_zy": true,
    "last_open_price_hc_pct": -0.004210228754040069,
    "open_price_max_hc": -0.019014891776166026,
    "loss_per_step_tick_gap": 23,
    "loss_cold_start_steps": 4,
    "loss_max_abserve_tick_steps": 336,
    "loss_max_abserce_avg_price_down_steps": 11,
    "loss_dynamic_hc_stop_profit_thres": 0.8382943349805709,
    "loss_last_close_price_hc_pct": -0.08,
    "loss_last_open_price_hc_pct": -0.002985133104995934,
    "loss_open_price_max_hc": -0.03404004089502123,
    "loss_down_open_sell_wait_time": true,
    "down_open_sell_wait_time": true,
    "stop_profit_pct": 0.0,
    "static_hc_stop_profit_pct": 1.0,
    "loss_static_hc_stop_profit_pct": 1.0
  },
  "timestamp": "2025-08-31T15:34:22.896268",
  "individual": [
    2.1069389737301094,
    0.43710816118592893,
    531.9207113900128,
    1.0610966664629249,
    -0.13621236212256363,
    5.020981701795973,
    0.004708870026652227,
    0.43260498190987323,
    0.005159531610148883,
    28168935.583294388,
    0.5950064844906798,
    1.0478942867583192,
    4.55438565638357,
    31.701601984534438,
    13.947463747192964,
    0.021158954360323487,
    26.510805025634497,
    73.66813612459451,
    372.90389049652765,
    15.961193207221031,
    2.0405344540392343,
    1329.967808442833,
    476.8210808659014,
    1995.5843849693324,
    1,
    1,
    1,
    0.05281830521692278,
    1,
    0,
    0,
    1,
    -0.004210228754040069,
    -0.019014891776166026,
    22.80895299194669,
    4.311816902948545,
    336.4719536028796,
    10.788502916719871,
    0.8382943349805709,
    -0.08,
    -0.002985133104995934,
    -0.03404004089502123,
    1,
    1
  ]
}