{
  "generation": 110,
  "fitness": 4.705617896430466,
  "total_return": 34.881280000000025,
  "max_drawdown": 0.28593178406039216,
  "sharpe_ratio": 4.429271622468982,
  "params": {
    "per_step_tick_gap": 2,
    "cold_start_steps": 0,
    "max_abserve_tick_steps": 532,
    "max_abserce_avg_price_down_steps": 1,
    "stop_profit_open_hc_pct": -0.13720399265874342,
    "dynamic_hc_stop_profit_thres": 5.017412991792408,
    "last_close_price_hc_pct": 0.004702531580485953,
    "last_day_sell_thres": 0.43022382904285195,
    "last_day_sell_huiche": 0.005076260132841566,
    "fd_mount": 28176963,
    "fd_vol_pct": 0.5632557779937101,
    "fd_ju_ticks": 1,
    "max_zb_times": 1,
    "stagnation_kline_ticks": 32,
    "decline_kline_ticks": 13,
    "yang_yin_threshold": 0.014426417087827364,
    "stagnation_n": 26,
    "stagnation_volume_ratio_threshold": 73.53933024001836,
    "stagnation_ratio_threshold": 377,
    "decline_volume_ratio_threshold": 8.146062315667958,
    "max_rebounds": 2,
    "decline_ratio_threshold": 1327,
    "flxd_ticks": 480,
    "flzz_ticks": 1988,
    "use_simiple_kline_strategy_flxd": true,
    "use_simiple_kline_strategy_flzz": true,
    "flzz_use_smooth_price": true,
    "flzz_zf_thresh": 0.052493364441172766,
    "kline_sell_flxd_zy": true,
    "kline_sell_flxd_zs": false,
    "kline_sell_flzz_zs": false,
    "kline_sell_flzz_zy": true,
    "last_open_price_hc_pct": -0.004045366529156266,
    "open_price_max_hc": -0.017156982225920766,
    "loss_per_step_tick_gap": 23,
    "loss_cold_start_steps": 4,
    "loss_max_abserve_tick_steps": 334,
    "loss_max_abserce_avg_price_down_steps": 11,
    "loss_dynamic_hc_stop_profit_thres": 0.8373374619593243,
    "loss_last_close_price_hc_pct": -0.07939780205639835,
    "loss_last_open_price_hc_pct": -0.0027499385135565644,
    "loss_open_price_max_hc": -0.03620363749292904,
    "loss_down_open_sell_wait_time": true,
    "down_open_sell_wait_time": true,
    "stop_profit_pct": 0.0,
    "static_hc_stop_profit_pct": 1.0,
    "loss_static_hc_stop_profit_pct": 1.0
  },
  "timestamp": "2025-08-31T15:48:34.968534",
  "individual": [
    2.052537709056248,
    0.42470870013400025,
    531.6464934422428,
    1.1903909397005616,
    -0.13720399265874342,
    5.017412991792408,
    0.004702531580485953,
    0.43022382904285195,
    0.005076260132841566,
    28176962.771849286,
    0.5632557779937101,
    1.005280867343756,
    1.0,
    31.606674844480565,
    13.298177122742038,
    0.014426417087827364,
    25.727913358328834,
    73.53933024001836,
    377.23141476974354,
    8.146062315667958,
    2.075680330209896,
    1326.906626383138,
    479.6545614763557,
    1988.3316945576162,
    1,
    1,
    1,
    0.052493364441172766,
    1,
    0,
    0,
    1,
    -0.004045366529156266,
    -0.017156982225920766,
    22.864662958713083,
    4.228975525628977,
    334.45093917782964,
    10.718579506088659,
    0.8373374619593243,
    -0.07939780205639835,
    -0.0027499385135565644,
    -0.03620363749292904,
    1,
    1
  ]
}