{
  "generation": 20,
  "fitness": 4.069978341323856,
  "total_return": 24.606870000000008,
  "max_drawdown": 0.29681861299568996,
  "sharpe_ratio": 4.1092197135456425,
  "params": {
    "per_step_tick_gap": 3,
    "cold_start_steps": 0,
    "max_abserve_tick_steps": 512,
    "max_abserce_avg_price_down_steps": 9,
    "stop_profit_open_hc_pct": -0.1328277852164979,
    "dynamic_hc_stop_profit_thres": 4.9840271489322365,
    "last_close_price_hc_pct": -0.015945563286000584,
    "last_day_sell_thres": 0.4633381927129087,
    "last_day_sell_huiche": 0.006004668562015693,
    "fd_mount": 25173275,
    "fd_vol_pct": 0.6051770365883348,
    "fd_ju_ticks": 34,
    "max_zb_times": 5,
    "stagnation_kline_ticks": 32,
    "decline_kline_ticks": 14,
    "yang_yin_threshold": 0.022266928337102344,
    "stagnation_n": 26,
    "stagnation_volume_ratio_threshold": 75.24215989209993,
    "stagnation_ratio_threshold": 355,
    "decline_volume_ratio_threshold": 58.27211514366854,
    "max_rebounds": 2,
    "decline_ratio_threshold": 1346,
    "flxd_ticks": 487,
    "flzz_ticks": 2000,
    "use_simiple_kline_strategy_flxd": true,
    "use_simiple_kline_strategy_flzz": true,
    "flzz_use_smooth_price": true,
    "flzz_zf_thresh": 0.05348301856542327,
    "kline_sell_flxd_zy": false,
    "kline_sell_flxd_zs": false,
    "kline_sell_flzz_zs": false,
    "kline_sell_flzz_zy": true,
    "last_open_price_hc_pct": -0.0019817323492575586,
    "open_price_max_hc": -0.021309021138479337,
    "loss_per_step_tick_gap": 23,
    "loss_cold_start_steps": 4,
    "loss_max_abserve_tick_steps": 331,
    "loss_max_abserce_avg_price_down_steps": 12,
    "loss_dynamic_hc_stop_profit_thres": 0.9441240088677638,
    "loss_last_close_price_hc_pct": -0.07925078190969544,
    "loss_last_open_price_hc_pct": -0.004275373392217034,
    "loss_open_price_max_hc": -0.04768960608008198,
    "loss_down_open_sell_wait_time": true,
    "down_open_sell_wait_time": true,
    "stop_profit_pct": 0.0,
    "static_hc_stop_profit_pct": 1.0,
    "loss_static_hc_stop_profit_pct": 1.0
  },
  "timestamp": "2025-08-31T15:03:46.119177",
  "individual": [
    2.8231777076270825,
    0.0,
    511.6584744589516,
    8.575213257695552,
    -0.1328277852164979,
    4.9840271489322365,
    -0.015945563286000584,
    0.4633381927129087,
    0.006004668562015693,
    25173274.909578912,
    0.6051770365883348,
    33.7771319269317,
    5.409057932147594,
    32.003999853979636,
    14.405210937527748,
    0.022266928337102344,
    26.101916003349984,
    75.24215989209993,
    355.4913192614568,
    58.27211514366854,
    2.3221155580293678,
    1345.7853152398272,
    487.05966818094726,
    2000.0,
    1,
    1,
    1,
    0.05348301856542327,
    0,
    0,
    0,
    1,
    -0.0019817323492575586,
    -0.021309021138479337,
    22.737604894688644,
    4.313888891114746,
    330.74208522892116,
    11.725744401160451,
    0.9441240088677638,
    -0.07925078190969544,
    -0.004275373392217034,
    -0.04768960608008198,
    1,
    1
  ]
}