{
  "generation": 10,
  "fitness": 3.705011015953133,
  "total_return": 19.461045000000006,
  "max_drawdown": 0.2875194903337511,
  "sharpe_ratio": 3.8559095295571297,
  "params": {
    "per_step_tick_gap": 7,
    "cold_start_steps": 47,
    "max_abserve_tick_steps": 1,
    "max_abserce_avg_price_down_steps": 10,
    "stop_profit_open_hc_pct": -0.15,
    "dynamic_hc_stop_profit_thres": 3.8828501525024315,
    "last_close_price_hc_pct": -0.014893517308398167,
    "last_day_sell_thres": 0.04824027044063543,
    "last_day_sell_huiche": 0.008814508938743077,
    "fd_mount": 83907829,
    "fd_vol_pct": 0.4331399009042118,
    "fd_ju_ticks": 1,
    "max_zb_times": 17,
    "stagnation_kline_ticks": 22,
    "decline_kline_ticks": 21,
    "yang_yin_threshold": 0.019189779078378273,
    "stagnation_n": 24,
    "stagnation_volume_ratio_threshold": 66.23225420737708,
    "stagnation_ratio_threshold": 677,
    "decline_volume_ratio_threshold": 43.01983669079345,
    "max_rebounds": 5,
    "decline_ratio_threshold": 1033,
    "flxd_ticks": 316,
    "flzz_ticks": 1245,
    "use_simiple_kline_strategy_flxd": false,
    "use_simiple_kline_strategy_flzz": true,
    "flzz_use_smooth_price": false,
    "flzz_zf_thresh": 0.051471780490478555,
    "kline_sell_flxd_zy": true,
    "kline_sell_flxd_zs": true,
    "kline_sell_flzz_zs": false,
    "kline_sell_flzz_zy": true,
    "last_open_price_hc_pct": -0.03460663056414149,
    "open_price_max_hc": 0.0,
    "loss_per_step_tick_gap": 13,
    "loss_cold_start_steps": 4,
    "loss_max_abserve_tick_steps": 70,
    "loss_max_abserce_avg_price_down_steps": 15,
    "loss_dynamic_hc_stop_profit_thres": 1.4194804198560373,
    "loss_last_close_price_hc_pct": -0.019356809073539025,
    "loss_last_open_price_hc_pct": 0.01,
    "loss_open_price_max_hc": -0.01699977704050267,
    "loss_down_open_sell_wait_time": true,
    "down_open_sell_wait_time": true,
    "stop_profit_pct": 0.0,
    "static_hc_stop_profit_pct": 1.0,
    "loss_static_hc_stop_profit_pct": 1.0
  },
  "timestamp": "2025-08-31T14:59:57.399293",
  "individual": [
    6.674098025617388,
    46.86893529861942,
    1.0,
    10.146706990132204,
    -0.15,
    3.8828501525024315,
    -0.014893517308398167,
    0.04824027044063543,
    0.008814508938743077,
    83907829.01742719,
    0.4331399009042118,
    1.0,
    16.97984244901409,
    22.37218402990149,
    20.825280429101973,
    0.019189779078378273,
    23.78209629324428,
    66.23225420737708,
    677.0755841739169,
    43.01983669079345,
    5.327351572676684,
    1033.258343718167,
    315.6877212401313,
    1244.7991152531529,
    0,
    1,
    0,
    0.051471780490478555,
    1,
    1,
    0,
    1,
    -0.03460663056414149,
    0.0,
    13.430153780735512,
    3.969893933762396,
    69.5962007391588,
    14.553380761535493,
    1.4194804198560373,
    -0.019356809073539025,
    0.01,
    -0.01699977704050267,
    1,
    1
  ]
}