{
  "generation": 30,
  "fitness": 4.417779169244912,
  "total_return": 30.148140000000023,
  "max_drawdown": 0.29472086019364313,
  "sharpe_ratio": 4.286839300588833,
  "params": {
    "per_step_tick_gap": 3,
    "cold_start_steps": 0,
    "max_abserve_tick_steps": 514,
    "max_abserce_avg_price_down_steps": 2,
    "stop_profit_open_hc_pct": -0.15,
    "dynamic_hc_stop_profit_thres": 5.049650406060107,
    "last_close_price_hc_pct": -0.0255168193220926,
    "last_day_sell_thres": 0.49427890690065784,
    "last_day_sell_huiche": 0.006402208578638971,
    "fd_mount": 29149840,
    "fd_vol_pct": 0.6239157730362003,
    "fd_ju_ticks": 1,
    "max_zb_times": 6,
    "stagnation_kline_ticks": 32,
    "decline_kline_ticks": 3,
    "yang_yin_threshold": 0.022121106298134137,
    "stagnation_n": 27,
    "stagnation_volume_ratio_threshold": 74.52369065346538,
    "stagnation_ratio_threshold": 356,
    "decline_volume_ratio_threshold": 44.226612814453475,
    "max_rebounds": 1,
    "decline_ratio_threshold": 1352,
    "flxd_ticks": 473,
    "flzz_ticks": 2000,
    "use_simiple_kline_strategy_flxd": true,
    "use_simiple_kline_strategy_flzz": true,
    "flzz_use_smooth_price": true,
    "flzz_zf_thresh": 0.0535844663261245,
    "kline_sell_flxd_zy": true,
    "kline_sell_flxd_zs": false,
    "kline_sell_flzz_zs": false,
    "kline_sell_flzz_zy": true,
    "last_open_price_hc_pct": -0.0025725728043199253,
    "open_price_max_hc": -0.01707808360225599,
    "loss_per_step_tick_gap": 23,
    "loss_cold_start_steps": 4,
    "loss_max_abserve_tick_steps": 339,
    "loss_max_abserce_avg_price_down_steps": 11,
    "loss_dynamic_hc_stop_profit_thres": 0.9799329083304407,
    "loss_last_close_price_hc_pct": -0.07930225775188568,
    "loss_last_open_price_hc_pct": -0.007431376246419805,
    "loss_open_price_max_hc": -0.03947433218416722,
    "loss_down_open_sell_wait_time": true,
    "down_open_sell_wait_time": true,
    "stop_profit_pct": 0.0,
    "static_hc_stop_profit_pct": 1.0,
    "loss_static_hc_stop_profit_pct": 1.0
  },
  "timestamp": "2025-08-31T15:08:34.441148",
  "individual": [
    3.11802107279921,
    0.0,
    514.0009786928947,
    1.504909168918867,
    -0.15,
    5.049650406060107,
    -0.0255168193220926,
    0.49427890690065784,
    0.006402208578638971,
    29149839.902680986,
    0.6239157730362003,
    1.0,
    5.816361292435213,
    31.95373572080846,
    3.3060272206200603,
    0.022121106298134137,
    26.91713182636461,
    74.52369065346538,
    355.6096262826624,
    44.226612814453475,
    0.8477535425475042,
    1351.9128960308403,
    473.4701699752129,
    2000.0,
    1,
    1,
    1,
    0.0535844663261245,
    1,
    0,
    0,
    1,
    -0.0025725728043199253,
    -0.01707808360225599,
    22.751733563996662,
    4.340117439017523,
    339.09831199416226,
    11.173071407453671,
    0.9799329083304407,
    -0.07930225775188568,
    -0.007431376246419805,
    -0.03947433218416722,
    1,
    1
  ]
}