{
  "generation": 60,
  "fitness": 3.2605497582085787,
  "total_return": 16.58787,
  "max_drawdown": 0.3080438897523892,
  "sharpe_ratio": 3.8467378651470554,
  "params": {
    "per_step_tick_gap": 24,
    "cold_start_steps": 45,
    "max_abserve_tick_steps": 81,
    "max_abserce_avg_price_down_steps": 4,
    "stop_profit_open_hc_pct": -0.1269903350985635,
    "dynamic_hc_stop_profit_thres": 5.140616988275884,
    "last_close_price_hc_pct": 0.001974456087955183,
    "last_day_sell_thres": 0.04498030330444755,
    "last_day_sell_huiche": 0.002924757126829136,
    "fd_mount": 123931675,
    "fd_vol_pct": 0.654093108858441,
    "fd_ju_ticks": 1,
    "max_zb_times": 21,
    "stagnation_kline_ticks": 50,
    "decline_kline_ticks": 50,
    "yang_yin_threshold": 0.002,
    "stagnation_n": 27,
    "stagnation_volume_ratio_threshold": 54.245044397554715,
    "stagnation_ratio_threshold": 418,
    "decline_volume_ratio_threshold": 88.24773714080476,
    "max_rebounds": 0,
    "decline_ratio_threshold": 15,
    "flxd_ticks": 196,
    "flzz_ticks": 1660,
    "use_simiple_kline_strategy_flxd": false,
    "use_simiple_kline_strategy_flzz": true,
    "flzz_use_smooth_price": true,
    "flzz_zf_thresh": 0.03366593955021209,
    "kline_sell_flxd_zy": true,
    "kline_sell_flxd_zs": false,
    "kline_sell_flzz_zs": true,
    "kline_sell_flzz_zy": true,
    "last_open_price_hc_pct": 0.01,
    "open_price_max_hc": -0.09907550063943459,
    "loss_per_step_tick_gap": 1,
    "loss_cold_start_steps": 2,
    "loss_max_abserve_tick_steps": 387,
    "loss_max_abserce_avg_price_down_steps": 15,
    "loss_dynamic_hc_stop_profit_thres": 2.917952330434385,
    "loss_last_close_price_hc_pct": -0.04612434209859803,
    "loss_last_open_price_hc_pct": -0.08,
    "loss_open_price_max_hc": -0.003163679700755843,
    "loss_down_open_sell_wait_time": true,
    "down_open_sell_wait_time": true,
    "stop_profit_pct": 0.0,
    "static_hc_stop_profit_pct": 1.0,
    "loss_static_hc_stop_profit_pct": 1.0
  },
  "timestamp": "2025-08-31T21:55:00.293204",
  "individual": [
    23.90248921984474,
    44.76489492610921,
    80.56745072018423,
    4.287082476039425,
    -0.1269903350985635,
    5.140616988275884,
    0.001974456087955183,
    0.04498030330444755,
    0.002924757126829136,
    123931675.47869407,
    0.654093108858441,
    1.0,
    20.672584944345857,
    49.995106790618486,
    50.0,
    0.002,
    27.23909853318463,
    54.245044397554715,
    418.1271966413154,
    88.24773714080476,
    0.1452754962619347,
    15.0,
    196.3131820572121,
    1659.7893844962625,
    0,
    1,
    1,
    0.03366593955021209,
    1,
    0,
    1,
    1,
    0.01,
    -0.09907550063943459,
    1.003920951287094,
    2.231186389071194,
    386.55014428371874,
    14.718435130715191,
    2.917952330434385,
    -0.04612434209859803,
    -0.08,
    -0.003163679700755843,
    1,
    1
  ]
}