{
  "generation": 50,
  "fitness": 3.2465387641972376,
  "total_return": 16.421145,
  "max_drawdown": 0.3080438897523892,
  "sharpe_ratio": 3.8354152203554457,
  "params": {
    "per_step_tick_gap": 24,
    "cold_start_steps": 35,
    "max_abserve_tick_steps": 96,
    "max_abserce_avg_price_down_steps": 4,
    "stop_profit_open_hc_pct": -0.07009030043624398,
    "dynamic_hc_stop_profit_thres": 4.9471160456487295,
    "last_close_price_hc_pct": 0.0011906671119281365,
    "last_day_sell_thres": 0.35911001519276864,
    "last_day_sell_huiche": 0.0019853911353270902,
    "fd_mount": 116735645,
    "fd_vol_pct": 0.6830693846734945,
    "fd_ju_ticks": 1,
    "max_zb_times": 14,
    "stagnation_kline_ticks": 50,
    "decline_kline_ticks": 40,
    "yang_yin_threshold": 0.002,
    "stagnation_n": 28,
    "stagnation_volume_ratio_threshold": 51.19308833652083,
    "stagnation_ratio_threshold": 419,
    "decline_volume_ratio_threshold": 81.44793472249367,
    "max_rebounds": 0,
    "decline_ratio_threshold": 497,
    "flxd_ticks": 195,
    "flzz_ticks": 1342,
    "use_simiple_kline_strategy_flxd": false,
    "use_simiple_kline_strategy_flzz": true,
    "flzz_use_smooth_price": true,
    "flzz_zf_thresh": 0.03359694767700851,
    "kline_sell_flxd_zy": true,
    "kline_sell_flxd_zs": false,
    "kline_sell_flzz_zs": true,
    "kline_sell_flzz_zy": true,
    "last_open_price_hc_pct": 0.01,
    "open_price_max_hc": -0.1,
    "loss_per_step_tick_gap": 1,
    "loss_cold_start_steps": 2,
    "loss_max_abserve_tick_steps": 387,
    "loss_max_abserce_avg_price_down_steps": 15,
    "loss_dynamic_hc_stop_profit_thres": 3.350383569504222,
    "loss_last_close_price_hc_pct": -0.04139773081591312,
    "loss_last_open_price_hc_pct": -0.08,
    "loss_open_price_max_hc": -0.0034193021692148265,
    "loss_down_open_sell_wait_time": true,
    "down_open_sell_wait_time": true,
    "stop_profit_pct": 0.0,
    "static_hc_stop_profit_pct": 1.0,
    "loss_static_hc_stop_profit_pct": 1.0
  },
  "timestamp": "2025-08-31T21:48:00.284684",
  "individual": [
    24.409083010279986,
    35.425756740521614,
    96.47712922577993,
    4.287929072674994,
    -0.07009030043624398,
    4.9471160456487295,
    0.0011906671119281365,
    0.35911001519276864,
    0.0019853911353270902,
    116735644.5823685,
    0.6830693846734945,
    1.4842915122699174,
    14.040514761726167,
    50.0,
    39.72474517750535,
    0.002,
    27.92888506874844,
    51.19308833652083,
    418.6924714417669,
    81.44793472249367,
    0.31057204183711146,
    497.374905918725,
    195.0207405973907,
    1342.4955420515498,
    0,
    1,
    1,
    0.03359694767700851,
    1,
    0,
    1,
    1,
    0.01,
    -0.1,
    1.0020276148296792,
    2.2114152368684574,
    387.0202474059464,
    14.71803858814754,
    3.350383569504222,
    -0.04139773081591312,
    -0.08,
    -0.0034193021692148265,
    1,
    1
  ]
}