{
  "generation": 20,
  "fitness": 2.9008814219390104,
  "total_return": 12.591254999999999,
  "max_drawdown": 0.30828679958688543,
  "sharpe_ratio": 3.578557234475536,
  "params": {
    "per_step_tick_gap": 24,
    "cold_start_steps": 35,
    "max_abserve_tick_steps": 151,
    "max_abserce_avg_price_down_steps": 3,
    "stop_profit_open_hc_pct": -0.10489956860931307,
    "dynamic_hc_stop_profit_thres": 4.748415921620769,
    "last_close_price_hc_pct": -0.00010639423106545323,
    "last_day_sell_thres": 0.18938185070925537,
    "last_day_sell_huiche": 0.001,
    "fd_mount": 129569505,
    "fd_vol_pct": 0.6715193136256835,
    "fd_ju_ticks": 4,
    "max_zb_times": 3,
    "stagnation_kline_ticks": 50,
    "decline_kline_ticks": 41,
    "yang_yin_threshold": 0.004166812014173299,
    "stagnation_n": 30,
    "stagnation_volume_ratio_threshold": 53.010148093451726,
    "stagnation_ratio_threshold": 601,
    "decline_volume_ratio_threshold": 82.43815392201776,
    "max_rebounds": 1,
    "decline_ratio_threshold": 297,
    "flxd_ticks": 247,
    "flzz_ticks": 1600,
    "use_simiple_kline_strategy_flxd": false,
    "use_simiple_kline_strategy_flzz": true,
    "flzz_use_smooth_price": false,
    "flzz_zf_thresh": 0.03341527416401836,
    "kline_sell_flxd_zy": true,
    "kline_sell_flxd_zs": false,
    "kline_sell_flzz_zs": true,
    "kline_sell_flzz_zy": true,
    "last_open_price_hc_pct": 0.01,
    "open_price_max_hc": -0.1,
    "loss_per_step_tick_gap": 1,
    "loss_cold_start_steps": 2,
    "loss_max_abserve_tick_steps": 344,
    "loss_max_abserce_avg_price_down_steps": 15,
    "loss_dynamic_hc_stop_profit_thres": 2.9315530361125126,
    "loss_last_close_price_hc_pct": -0.05755054631592614,
    "loss_last_open_price_hc_pct": -0.08,
    "loss_open_price_max_hc": -0.003673507007344973,
    "loss_down_open_sell_wait_time": true,
    "down_open_sell_wait_time": true,
    "stop_profit_pct": 0.0,
    "static_hc_stop_profit_pct": 1.0,
    "loss_static_hc_stop_profit_pct": 1.0
  },
  "timestamp": "2025-08-31T21:16:28.057089",
  "individual": [
    24.19151064781633,
    35.289233655906365,
    150.58314538779678,
    3.43511295179354,
    -0.10489956860931307,
    4.748415921620769,
    -0.00010639423106545323,
    0.18938185070925537,
    0.001,
    129569504.53798266,
    0.6715193136256835,
    4.383683272640156,
    2.6018507033325764,
    50.0,
    40.7882497537782,
    0.004166812014173299,
    29.865989764376582,
    53.010148093451726,
    601.4691909342728,
    82.43815392201776,
    0.9590054010404969,
    296.8487249518604,
    247.06188010732146,
    1599.628188075632,
    0,
    1,
    0,
    0.03341527416401836,
    1,
    0,
    1,
    1,
    0.01,
    -0.1,
    1.0,
    2.3066939605419168,
    343.55477347938904,
    15.0,
    2.9315530361125126,
    -0.05755054631592614,
    -0.08,
    -0.003673507007344973,
    1,
    1
  ]
}