{
  "generation": 80,
  "fitness": 3.2651312294936616,
  "total_return": 16.687359999999998,
  "max_drawdown": 0.3081749412407583,
  "sharpe_ratio": 3.8530797135808137,
  "params": {
    "per_step_tick_gap": 24,
    "cold_start_steps": 42,
    "max_abserve_tick_steps": 80,
    "max_abserce_avg_price_down_steps": 4,
    "stop_profit_open_hc_pct": -0.12110958530234449,
    "dynamic_hc_stop_profit_thres": 4.890814584704333,
    "last_close_price_hc_pct": 0.0013378536920819661,
    "last_day_sell_thres": 0.11774706700123115,
    "last_day_sell_huiche": 0.0020942634765265026,
    "fd_mount": 124709393,
    "fd_vol_pct": 0.6451189623742292,
    "fd_ju_ticks": 1,
    "max_zb_times": 1,
    "stagnation_kline_ticks": 50,
    "decline_kline_ticks": 45,
    "yang_yin_threshold": 0.0025312051144641755,
    "stagnation_n": 30,
    "stagnation_volume_ratio_threshold": 51.220735356749344,
    "stagnation_ratio_threshold": 418,
    "decline_volume_ratio_threshold": 70.63200358409203,
    "max_rebounds": 0,
    "decline_ratio_threshold": 528,
    "flxd_ticks": 237,
    "flzz_ticks": 1557,
    "use_simiple_kline_strategy_flxd": false,
    "use_simiple_kline_strategy_flzz": true,
    "flzz_use_smooth_price": true,
    "flzz_zf_thresh": 0.03349546318842235,
    "kline_sell_flxd_zy": true,
    "kline_sell_flxd_zs": true,
    "kline_sell_flzz_zs": true,
    "kline_sell_flzz_zy": true,
    "last_open_price_hc_pct": 0.01,
    "open_price_max_hc": -0.0978218550297952,
    "loss_per_step_tick_gap": 1,
    "loss_cold_start_steps": 2,
    "loss_max_abserve_tick_steps": 387,
    "loss_max_abserce_avg_price_down_steps": 15,
    "loss_dynamic_hc_stop_profit_thres": 3.8652515545203445,
    "loss_last_close_price_hc_pct": -0.042468962108747274,
    "loss_last_open_price_hc_pct": -0.06480881136878076,
    "loss_open_price_max_hc": -0.0029409052138300784,
    "loss_down_open_sell_wait_time": true,
    "down_open_sell_wait_time": true,
    "stop_profit_pct": 0.0,
    "static_hc_stop_profit_pct": 1.0,
    "loss_static_hc_stop_profit_pct": 1.0
  },
  "timestamp": "2025-08-31T21:59:57.341122",
  "individual": [
    23.88205956889036,
    42.23662039197647,
    79.7031154521958,
    4.288818189537869,
    -0.12110958530234449,
    4.890814584704333,
    0.0013378536920819661,
    0.11774706700123115,
    0.0020942634765265026,
    124709393.09241658,
    0.6451189623742292,
    1.2070290952900722,
    1.0,
    49.99753698168204,
    45.363833687317225,
    0.0025312051144641755,
    30.0,
    51.220735356749344,
    418.1388154259015,
    70.63200358409203,
    0.250757202295317,
    527.9014972673011,
    236.70402140824177,
    1557.378617525786,
    0,
    1,
    1,
    0.03349546318842235,
    1,
    1,
    1,
    1,
    0.01,
    -0.0978218550297952,
    1.0025016297650018,
    2.157912647768291,
    386.6369917403278,
    14.752282670564336,
    3.8652515545203445,
    -0.042468962108747274,
    -0.06480881136878076,
    -0.0029409052138300784,
    1,
    1
  ]
}