{
  "generation": 90,
  "fitness": 3.271020903364117,
  "total_return": 16.759864999999998,
  "max_drawdown": 0.3081749412407583,
  "sharpe_ratio": 3.857419456197663,
  "params": {
    "per_step_tick_gap": 24,
    "cold_start_steps": 42,
    "max_abserve_tick_steps": 79,
    "max_abserce_avg_price_down_steps": 4,
    "stop_profit_open_hc_pct": -0.11355424973964875,
    "dynamic_hc_stop_profit_thres": 5.197190003408741,
    "last_close_price_hc_pct": 0.0014583099478226145,
    "last_day_sell_thres": 0.03965294309138454,
    "last_day_sell_huiche": 0.002788978874887564,
    "fd_mount": 82769403,
    "fd_vol_pct": 0.7232771612682252,
    "fd_ju_ticks": 1,
    "max_zb_times": 1,
    "stagnation_kline_ticks": 50,
    "decline_kline_ticks": 45,
    "yang_yin_threshold": 0.0024913922885337336,
    "stagnation_n": 19,
    "stagnation_volume_ratio_threshold": 53.15369496937231,
    "stagnation_ratio_threshold": 418,
    "decline_volume_ratio_threshold": 62.53899064505964,
    "max_rebounds": 0,
    "decline_ratio_threshold": 1104,
    "flxd_ticks": 211,
    "flzz_ticks": 1581,
    "use_simiple_kline_strategy_flxd": false,
    "use_simiple_kline_strategy_flzz": true,
    "flzz_use_smooth_price": true,
    "flzz_zf_thresh": 0.03348536253743198,
    "kline_sell_flxd_zy": false,
    "kline_sell_flxd_zs": true,
    "kline_sell_flzz_zs": true,
    "kline_sell_flzz_zy": true,
    "last_open_price_hc_pct": 0.00999858615800886,
    "open_price_max_hc": -0.09800564716324917,
    "loss_per_step_tick_gap": 1,
    "loss_cold_start_steps": 2,
    "loss_max_abserve_tick_steps": 388,
    "loss_max_abserce_avg_price_down_steps": 15,
    "loss_dynamic_hc_stop_profit_thres": 3.8247006463259363,
    "loss_last_close_price_hc_pct": -0.055435794020843664,
    "loss_last_open_price_hc_pct": -0.04424998798896977,
    "loss_open_price_max_hc": -0.002943523230182529,
    "loss_down_open_sell_wait_time": true,
    "down_open_sell_wait_time": true,
    "stop_profit_pct": 0.0,
    "static_hc_stop_profit_pct": 1.0,
    "loss_static_hc_stop_profit_pct": 1.0
  },
  "timestamp": "2025-08-31T22:05:43.542517",
  "individual": [
    23.914477740995242,
    42.26620294391363,
    78.97052027659332,
    4.31152205971144,
    -0.11355424973964875,
    5.197190003408741,
    0.0014583099478226145,
    0.03965294309138454,
    0.002788978874887564,
    82769403.00350869,
    0.7232771612682252,
    1.2342915185127576,
    1.004456148678726,
    49.99760174491574,
    45.45724324156459,
    0.0024913922885337336,
    19.00862839463155,
    53.15369496937231,
    418.09024639676784,
    62.53899064505964,
    0.22343257666296346,
    1104.0245364189939,
    211.31515388699927,
    1581.155505411951,
    0,
    1,
    1,
    0.03348536253743198,
    0,
    1,
    1,
    1,
    0.00999858615800886,
    -0.09800564716324917,
    1.003404370461983,
    2.1463828022679845,
    387.89174575270386,
    14.75245159939505,
    3.8247006463259363,
    -0.055435794020843664,
    -0.04424998798896977,
    -0.002943523230182529,
    1,
    1
  ]
}