{
    "strategy": "小高开追涨",
    "generation": 40,
    "best_score": 0.022713892591449188,
    "best_params": {
        "ema_alpha": 0.1107452027542036,
        "kalman_q": 0.04065206240382528,
        "kalman_r": 0.02,
        "sg_window": 18,
        "macd_fast": 2,
        "macd_slow_ratio": 2.0707193034805242,
        "macd_signal": 2,
        "ema_fast": 12,
        "ema_slow_ratio": 2.0705332477740477,
        "volume_window": 7,
        "price_confirm_ticks": 9,
        "strength_confirm_ticks": 9,
        "strength_threshold": 0.3,
        "volume_weight": 1.0,
        "use_price_confirm": false,
        "use_strength_confirm": false,
        "dead_cross_threshold": 0.047972120316817565,
        "price_drop_threshold": 0.018654280026694246,
        "max_confirm_ticks": 20,
        "debug": false
    },
    "timestamp": "20250821_235146"
}