{
  "generation": 60,
  "fitness": 1.7432824865290917,
  "total_return": 64.99748999999998,
  "max_drawdown": 0.46995235457063717,
  "sharpe_ratio": 4.46575435034868,
  "params": {
    "per_step_tick_gap": 1,
    "cold_start_steps": 1,
    "max_abserve_tick_steps": 445,
    "max_abserce_avg_price_down_steps": 2,
    "stop_profit_open_hc_pct": -0.12133320235069055,
    "dynamic_hc_stop_profit_thres": 6.169827509991731,
    "last_close_price_hc_pct": 0.006988646334239655,
    "last_day_sell_thres": 0.9329179339010221,
    "last_day_sell_huiche": 0.005543768470885707,
    "fd_mount": 93112233,
    "fd_vol_pct": 0.75,
    "fd_ju_ticks": 1,
    "max_zb_times": 7,
    "stagnation_kline_ticks": 29,
    "decline_kline_ticks": 3,
    "yang_yin_threshold": 0.03,
    "stagnation_n": 20,
    "stagnation_volume_ratio_threshold": 87.05441570128266,
    "stagnation_ratio_threshold": 272,
    "decline_volume_ratio_threshold": 69.15594672755313,
    "max_rebounds": 8,
    "decline_ratio_threshold": 805,
    "flxd_ticks": 500,
    "flzz_ticks": 1679,
    "use_simiple_kline_strategy_flxd": false,
    "use_simiple_kline_strategy_flzz": true,
    "flzz_use_smooth_price": false,
    "flzz_zf_thresh": 0.060394178810733765,
    "kline_sell_flxd_zy": true,
    "kline_sell_flxd_zs": false,
    "kline_sell_flzz_zs": false,
    "kline_sell_flzz_zy": true,
    "last_open_price_hc_pct": 0.01,
    "open_price_max_hc": -0.025112523886286493,
    "loss_per_step_tick_gap": 6,
    "loss_cold_start_steps": 1,
    "loss_max_abserve_tick_steps": 11,
    "loss_max_abserce_avg_price_down_steps": 1,
    "loss_dynamic_hc_stop_profit_thres": 4.986568903992954,
    "loss_last_close_price_hc_pct": -0.08,
    "loss_last_open_price_hc_pct": -0.060895448316624946,
    "loss_open_price_max_hc": -0.09456996491261425,
    "loss_down_open_sell_wait_time": true,
    "down_open_sell_wait_time": true,
    "day_zy_line": 7.768807479589792e-06,
    "day_zs_line": -0.09855748173369522,
    "sell_afternoon": true,
    "sell_half_afternoon": false,
    "sell_max_days": 4,
    "stop_profit_pct": 0.0,
    "static_hc_stop_profit_pct": 1.0,
    "loss_static_hc_stop_profit_pct": 1.0
  },
  "timestamp": "2025-09-08T18:41:20.825144",
  "individual": [
    1.0,
    1.0154483524539148,
    444.7063828358153,
    1.9323842977028485,
    -0.12133320235069055,
    6.169827509991731,
    0.006988646334239655,
    0.9329179339010221,
    0.005543768470885707,
    93112233.31164822,
    0.75,
    1.0,
    7.3201075025044995,
    28.856580223895737,
    3.0,
    0.03,
    20.352036915878827,
    87.05441570128266,
    272.0295907993544,
    69.15594672755313,
    8.304400924758115,
    804.5548498229865,
    500.0,
    1679.3142632818424,
    0,
    1,
    0,
    0.060394178810733765,
    1,
    0,
    0,
    1,
    0.01,
    -0.025112523886286493,
    6.105847899354873,
    0.7065079813206845,
    11.420858060945086,
    1.0225951673194353,
    4.986568903992954,
    -0.08,
    -0.060895448316624946,
    -0.09456996491261425,
    1,
    1,
    7.768807479589792e-06,
    -0.09855748173369522,
    1,
    0,
    4.0
  ],
  "max_drawdown_threshold": 0.25,
  "strategy_name": "X\u63a5\u529b\u5012\u63a5\u529b1"
}