{
  "generation": 20,
  "fitness": 1.1051131643600995,
  "total_return": 36.48216,
  "max_drawdown": 0.5111020989235299,
  "sharpe_ratio": 4.052878930885141,
  "params": {
    "per_step_tick_gap": 1,
    "cold_start_steps": 0,
    "max_abserve_tick_steps": 518,
    "max_abserce_avg_price_down_steps": 4,
    "stop_profit_open_hc_pct": -0.10196048449169401,
    "dynamic_hc_stop_profit_thres": 5.8859845884566715,
    "last_close_price_hc_pct": 0.006821267109323688,
    "last_day_sell_thres": 0.9140367093628816,
    "last_day_sell_huiche": 0.006098661229812976,
    "fd_mount": 76982842,
    "fd_vol_pct": 0.7379485195184902,
    "fd_ju_ticks": 32,
    "max_zb_times": 1,
    "stagnation_kline_ticks": 37,
    "decline_kline_ticks": 18,
    "yang_yin_threshold": 0.015321912343154734,
    "stagnation_n": 27,
    "stagnation_volume_ratio_threshold": 60.75355161111435,
    "stagnation_ratio_threshold": 721,
    "decline_volume_ratio_threshold": 53.61958456068182,
    "max_rebounds": 9,
    "decline_ratio_threshold": 849,
    "flxd_ticks": 215,
    "flzz_ticks": 1214,
    "use_simiple_kline_strategy_flxd": false,
    "use_simiple_kline_strategy_flzz": true,
    "flzz_use_smooth_price": false,
    "flzz_zf_thresh": 0.06313530873132085,
    "kline_sell_flxd_zy": true,
    "kline_sell_flxd_zs": true,
    "kline_sell_flzz_zs": false,
    "kline_sell_flzz_zy": true,
    "last_open_price_hc_pct": -0.08,
    "open_price_max_hc": -0.05435755301842091,
    "loss_per_step_tick_gap": 10,
    "loss_cold_start_steps": 24,
    "loss_max_abserve_tick_steps": 220,
    "loss_max_abserce_avg_price_down_steps": 3,
    "loss_dynamic_hc_stop_profit_thres": 3.5544943941070484,
    "loss_last_close_price_hc_pct": -0.0651020763613404,
    "loss_last_open_price_hc_pct": -0.04983603962132631,
    "loss_open_price_max_hc": -0.04998182839691264,
    "loss_down_open_sell_wait_time": true,
    "down_open_sell_wait_time": false,
    "day_zy_line": 0.0,
    "day_zs_line": -0.09970285730376025,
    "sell_afternoon": true,
    "sell_half_afternoon": false,
    "sell_max_days": 4,
    "stop_profit_pct": 0.0,
    "static_hc_stop_profit_pct": 1.0,
    "loss_static_hc_stop_profit_pct": 1.0
  },
  "timestamp": "2025-09-08T18:29:28.392113",
  "individual": [
    1.0,
    0.10476264284929998,
    518.3832436191702,
    3.870781600155561,
    -0.10196048449169401,
    5.8859845884566715,
    0.006821267109323688,
    0.9140367093628816,
    0.006098661229812976,
    76982842.00564006,
    0.7379485195184902,
    32.26189347613217,
    1.0,
    36.89889169426455,
    17.644710736330097,
    0.015321912343154734,
    27.137103534821904,
    60.75355161111435,
    720.7154318730672,
    53.61958456068182,
    9.225637250823754,
    848.9325053329874,
    215.15888637477872,
    1214.2982327822358,
    0,
    1,
    0,
    0.06313530873132085,
    1,
    1,
    0,
    1,
    -0.08,
    -0.05435755301842091,
    10.392342209411048,
    24.294655412958328,
    219.99133451110993,
    3.0992949275294226,
    3.5544943941070484,
    -0.0651020763613404,
    -0.04983603962132631,
    -0.04998182839691264,
    1,
    0,
    0.0,
    -0.09970285730376025,
    1,
    0,
    3.8875025097347615
  ],
  "max_drawdown_threshold": 0.25,
  "strategy_name": "X\u63a5\u529b\u5012\u63a5\u529b1"
}