{
  "generation": 80,
  "fitness": 1.766637089839123,
  "total_return": 66.70809,
  "max_drawdown": 0.469373095028474,
  "sharpe_ratio": 4.48566041845464,
  "params": {
    "per_step_tick_gap": 1,
    "cold_start_steps": 1,
    "max_abserve_tick_steps": 444,
    "max_abserce_avg_price_down_steps": 2,
    "stop_profit_open_hc_pct": -0.11674952045541853,
    "dynamic_hc_stop_profit_thres": 4.439360728654381,
    "last_close_price_hc_pct": 0.008173187411138698,
    "last_day_sell_thres": 0.8999431223802052,
    "last_day_sell_huiche": 0.003451091667143862,
    "fd_mount": 87479627,
    "fd_vol_pct": 0.75,
    "fd_ju_ticks": 1,
    "max_zb_times": 5,
    "stagnation_kline_ticks": 29,
    "decline_kline_ticks": 14,
    "yang_yin_threshold": 0.02599923788379727,
    "stagnation_n": 20,
    "stagnation_volume_ratio_threshold": 86.99357482280038,
    "stagnation_ratio_threshold": 272,
    "decline_volume_ratio_threshold": 93.07311590939847,
    "max_rebounds": 10,
    "decline_ratio_threshold": 785,
    "flxd_ticks": 432,
    "flzz_ticks": 1732,
    "use_simiple_kline_strategy_flxd": false,
    "use_simiple_kline_strategy_flzz": true,
    "flzz_use_smooth_price": false,
    "flzz_zf_thresh": 0.06025602571899251,
    "kline_sell_flxd_zy": true,
    "kline_sell_flxd_zs": false,
    "kline_sell_flzz_zs": false,
    "kline_sell_flzz_zy": true,
    "last_open_price_hc_pct": 0.01,
    "open_price_max_hc": -0.023663692175987395,
    "loss_per_step_tick_gap": 6,
    "loss_cold_start_steps": 1,
    "loss_max_abserve_tick_steps": 9,
    "loss_max_abserce_avg_price_down_steps": 1,
    "loss_dynamic_hc_stop_profit_thres": 4.464900902981237,
    "loss_last_close_price_hc_pct": -0.06716750413843411,
    "loss_last_open_price_hc_pct": -0.06005790565850654,
    "loss_open_price_max_hc": -0.1,
    "loss_down_open_sell_wait_time": true,
    "down_open_sell_wait_time": true,
    "day_zy_line": 4.9969120499458e-05,
    "day_zs_line": -0.09856816332963478,
    "sell_afternoon": true,
    "sell_half_afternoon": false,
    "sell_max_days": 4,
    "stop_profit_pct": 0.0,
    "static_hc_stop_profit_pct": 1.0,
    "loss_static_hc_stop_profit_pct": 1.0
  },
  "timestamp": "2025-09-08T18:47:18.472296",
  "individual": [
    1.0205918841101551,
    1.1094165854684117,
    444.4314387224371,
    1.7455158173572187,
    -0.11674952045541853,
    4.439360728654381,
    0.008173187411138698,
    0.8999431223802052,
    0.003451091667143862,
    87479626.95198405,
    0.75,
    1.0085960671945644,
    4.574406632811472,
    28.858624504269653,
    14.47704204233563,
    0.02599923788379727,
    20.375907049301365,
    86.99357482280038,
    271.75875232848097,
    93.07311590939847,
    10.421559191642315,
    785.1224302053895,
    431.69412307933675,
    1732.445086284647,
    0,
    1,
    0,
    0.06025602571899251,
    1,
    0,
    0,
    1,
    0.01,
    -0.023663692175987395,
    5.857675434268256,
    0.5975941839352416,
    9.332002004088038,
    1.22423684695445,
    4.464900902981237,
    -0.06716750413843411,
    -0.06005790565850654,
    -0.1,
    1,
    1,
    4.9969120499458e-05,
    -0.09856816332963478,
    1,
    0,
    3.5339480795530513
  ],
  "max_drawdown_threshold": 0.25,
  "strategy_name": "X\u63a5\u529b\u5012\u63a5\u529b1"
}