{
  "generation": 40,
  "fitness": 1.5355124974431582,
  "total_return": 48.363120000000016,
  "max_drawdown": 0.47179829993874073,
  "sharpe_ratio": 4.216688213458117,
  "params": {
    "per_step_tick_gap": 1,
    "cold_start_steps": 2,
    "max_abserve_tick_steps": 437,
    "max_abserce_avg_price_down_steps": 1,
    "stop_profit_open_hc_pct": -0.11758019756388954,
    "dynamic_hc_stop_profit_thres": 7.614060117324759,
    "last_close_price_hc_pct": 0.004794406356113333,
    "last_day_sell_thres": 0.8686410971717662,
    "last_day_sell_huiche": 0.006137761670307216,
    "fd_mount": 89039373,
    "fd_vol_pct": 0.7412511000784773,
    "fd_ju_ticks": 1,
    "max_zb_times": 7,
    "stagnation_kline_ticks": 29,
    "decline_kline_ticks": 3,
    "yang_yin_threshold": 0.006698531905390163,
    "stagnation_n": 22,
    "stagnation_volume_ratio_threshold": 70.37644972702329,
    "stagnation_ratio_threshold": 252,
    "decline_volume_ratio_threshold": 45.861915394374094,
    "max_rebounds": 11,
    "decline_ratio_threshold": 833,
    "flxd_ticks": 466,
    "flzz_ticks": 1799,
    "use_simiple_kline_strategy_flxd": false,
    "use_simiple_kline_strategy_flzz": true,
    "flzz_use_smooth_price": true,
    "flzz_zf_thresh": 0.06297970631990028,
    "kline_sell_flxd_zy": true,
    "kline_sell_flxd_zs": false,
    "kline_sell_flzz_zs": false,
    "kline_sell_flzz_zy": true,
    "last_open_price_hc_pct": 0.0015614499209429225,
    "open_price_max_hc": -0.02617703090727396,
    "loss_per_step_tick_gap": 5,
    "loss_cold_start_steps": 1,
    "loss_max_abserve_tick_steps": 15,
    "loss_max_abserce_avg_price_down_steps": 1,
    "loss_dynamic_hc_stop_profit_thres": 4.552365041438479,
    "loss_last_close_price_hc_pct": -0.004752928421997692,
    "loss_last_open_price_hc_pct": -0.056459361011246385,
    "loss_open_price_max_hc": -0.04264957504152733,
    "loss_down_open_sell_wait_time": true,
    "down_open_sell_wait_time": true,
    "day_zy_line": 7.528754027939075e-06,
    "day_zs_line": -0.09892989051705288,
    "sell_afternoon": true,
    "sell_half_afternoon": false,
    "sell_max_days": 4,
    "stop_profit_pct": 0.0,
    "static_hc_stop_profit_pct": 1.0,
    "loss_static_hc_stop_profit_pct": 1.0
  },
  "timestamp": "2025-09-08T18:35:13.152521",
  "individual": [
    1.0764308144063741,
    2.145901952904833,
    437.3220346461019,
    1.0,
    -0.11758019756388954,
    7.614060117324759,
    0.004794406356113333,
    0.8686410971717662,
    0.006137761670307216,
    89039373.10439637,
    0.7412511000784773,
    1.0,
    7.113859064480895,
    29.306958688155632,
    3.0,
    0.006698531905390163,
    21.574481644359153,
    70.37644972702329,
    252.24856101650337,
    45.861915394374094,
    10.691748126961068,
    832.785138963618,
    465.9631758008937,
    1799.3961252764334,
    0,
    1,
    1,
    0.06297970631990028,
    1,
    0,
    0,
    1,
    0.0015614499209429225,
    -0.02617703090727396,
    5.109240818811379,
    1.4114725713709066,
    15.428098279303885,
    1.0,
    4.552365041438479,
    -0.004752928421997692,
    -0.056459361011246385,
    -0.04264957504152733,
    1,
    1,
    7.528754027939075e-06,
    -0.09892989051705288,
    1,
    0,
    3.8205729214906636
  ],
  "max_drawdown_threshold": 0.25,
  "strategy_name": "X\u63a5\u529b\u5012\u63a5\u529b1"
}