{
  "generation": 10,
  "fitness": 1.9417231264955734,
  "total_return": 2.988395000000001,
  "max_drawdown": 0.23207454067591202,
  "sharpe_ratio": 3.2810509227174545,
  "params": {
    "per_step_tick_gap": 23,
    "cold_start_steps": 0,
    "max_abserve_tick_steps": 992,
    "max_abserce_avg_price_down_steps": 14,
    "stop_profit_open_hc_pct": -0.15,
    "dynamic_hc_stop_profit_thres": 3.6000065152459118,
    "last_close_price_hc_pct": 0.01,
    "last_day_sell_thres": 0.6573048502371674,
    "last_day_sell_huiche": 0.0031063841870633854,
    "fd_mount": 46152379,
    "fd_vol_pct": 0.4915483945288641,
    "fd_ju_ticks": 24,
    "max_zb_times": 20,
    "stagnation_kline_ticks": 16,
    "decline_kline_ticks": 20,
    "yang_yin_threshold": 0.022752878283242416,
    "stagnation_n": 27,
    "stagnation_volume_ratio_threshold": 22.421939502649447,
    "stagnation_ratio_threshold": 1063,
    "decline_volume_ratio_threshold": 54.150283928560924,
    "max_rebounds": 0,
    "decline_ratio_threshold": 986,
    "flxd_ticks": 273,
    "flzz_ticks": 1319,
    "use_simiple_kline_strategy_flxd": false,
    "use_simiple_kline_strategy_flzz": true,
    "flzz_use_smooth_price": true,
    "flzz_zf_thresh": -0.00996552246778104,
    "kline_sell_flxd_zy": true,
    "kline_sell_flxd_zs": true,
    "kline_sell_flzz_zs": false,
    "kline_sell_flzz_zy": true,
    "last_open_price_hc_pct": -0.002857775139868864,
    "open_price_max_hc": -0.1,
    "loss_per_step_tick_gap": 11,
    "loss_cold_start_steps": 29,
    "loss_max_abserve_tick_steps": 492,
    "loss_max_abserce_avg_price_down_steps": 2,
    "loss_dynamic_hc_stop_profit_thres": 8.0,
    "loss_last_close_price_hc_pct": -0.07884317524557821,
    "loss_last_open_price_hc_pct": -0.057248206403921795,
    "loss_open_price_max_hc": -0.04416590795012831,
    "loss_down_open_sell_wait_time": true,
    "down_open_sell_wait_time": false,
    "day_zy_line": 2.8566823804532244e-05,
    "day_zs_line": -0.4608601220992038,
    "sell_afternoon": false,
    "sell_half_afternoon": true,
    "sell_max_days": 1,
    "stop_profit_pct": 0.0,
    "static_hc_stop_profit_pct": 1.0,
    "loss_static_hc_stop_profit_pct": 1.0
  },
  "timestamp": "2025-09-06T14:53:10.640734",
  "individual": [
    22.752218490549787,
    0.0,
    992.1859653975932,
    14.29304415461466,
    -0.15,
    3.6000065152459118,
    0.01,
    0.6573048502371674,
    0.0031063841870633854,
    46152379.12876837,
    0.4915483945288641,
    23.877585342228272,
    20.29411151209977,
    16.472351692151,
    20.040714218457467,
    0.022752878283242416,
    26.851039405991582,
    22.421939502649447,
    1062.7790372253403,
    54.150283928560924,
    0.0,
    986.0417000393825,
    272.8177328650959,
    1319.4595188924905,
    0,
    1,
    1,
    -0.00996552246778104,
    1,
    1,
    0,
    1,
    -0.002857775139868864,
    -0.1,
    10.825488857826686,
    28.93366433310029,
    492.16282601727846,
    2.324041828740909,
    8.0,
    -0.07884317524557821,
    -0.057248206403921795,
    -0.04416590795012831,
    1,
    0,
    2.8566823804532244e-05,
    -0.4608601220992038,
    0,
    1,
    1.0
  ],
  "max_drawdown_threshold": 0.25,
  "strategy_name": "\u542f\u52a8\u4f4e\u5438"
}