{
  "generation": 30,
  "fitness": 2.2468360565472003,
  "total_return": 3.991934999999999,
  "max_drawdown": 0.22199826244718798,
  "sharpe_ratio": 3.7714419158578774,
  "params": {
    "per_step_tick_gap": 23,
    "cold_start_steps": 0,
    "max_abserve_tick_steps": 974,
    "max_abserce_avg_price_down_steps": 13,
    "stop_profit_open_hc_pct": -0.1491224916022944,
    "dynamic_hc_stop_profit_thres": 1.9219236044086645,
    "last_close_price_hc_pct": 0.009457077169998477,
    "last_day_sell_thres": 0.7613407067035285,
    "last_day_sell_huiche": 0.002626081329934905,
    "fd_mount": 122718860,
    "fd_vol_pct": 0.5114744723319911,
    "fd_ju_ticks": 23,
    "max_zb_times": 29,
    "stagnation_kline_ticks": 16,
    "decline_kline_ticks": 13,
    "yang_yin_threshold": 0.02186460979677341,
    "stagnation_n": 20,
    "stagnation_volume_ratio_threshold": 22.481821262638654,
    "stagnation_ratio_threshold": 963,
    "decline_volume_ratio_threshold": 73.64660327275519,
    "max_rebounds": 1,
    "decline_ratio_threshold": 1070,
    "flxd_ticks": 262,
    "flzz_ticks": 1448,
    "use_simiple_kline_strategy_flxd": false,
    "use_simiple_kline_strategy_flzz": true,
    "flzz_use_smooth_price": true,
    "flzz_zf_thresh": -0.020021665552765123,
    "kline_sell_flxd_zy": true,
    "kline_sell_flxd_zs": false,
    "kline_sell_flzz_zs": false,
    "kline_sell_flzz_zy": true,
    "last_open_price_hc_pct": -0.004117096360903823,
    "open_price_max_hc": -0.09163009341730496,
    "loss_per_step_tick_gap": 6,
    "loss_cold_start_steps": 29,
    "loss_max_abserve_tick_steps": 468,
    "loss_max_abserce_avg_price_down_steps": 11,
    "loss_dynamic_hc_stop_profit_thres": 7.746106487193881,
    "loss_last_close_price_hc_pct": -0.06835154485578496,
    "loss_last_open_price_hc_pct": -0.052358404175952195,
    "loss_open_price_max_hc": -0.031095814723081195,
    "loss_down_open_sell_wait_time": true,
    "down_open_sell_wait_time": false,
    "day_zy_line": 2.699294905791674e-06,
    "day_zs_line": -0.07361004269145213,
    "sell_afternoon": true,
    "sell_half_afternoon": false,
    "sell_max_days": 1,
    "stop_profit_pct": 0.0,
    "static_hc_stop_profit_pct": 1.0,
    "loss_static_hc_stop_profit_pct": 1.0
  },
  "timestamp": "2025-09-06T14:57:52.811764",
  "individual": [
    23.136034973797496,
    0.0,
    974.0099572644727,
    12.606390939565404,
    -0.1491224916022944,
    1.9219236044086645,
    0.009457077169998477,
    0.7613407067035285,
    0.002626081329934905,
    122718859.96904293,
    0.5114744723319911,
    22.842356392504442,
    29.17488423417731,
    15.682843092615792,
    13.123047116137434,
    0.02186460979677341,
    19.99451393930569,
    22.481821262638654,
    962.7432572823079,
    73.64660327275519,
    0.8354682459952832,
    1069.6332822611605,
    261.5931675350692,
    1447.7389132051974,
    0,
    1,
    1,
    -0.020021665552765123,
    1,
    0,
    0,
    1,
    -0.004117096360903823,
    -0.09163009341730496,
    6.272184669075559,
    28.79717325078407,
    468.33014471603826,
    11.311998069678511,
    7.746106487193881,
    -0.06835154485578496,
    -0.052358404175952195,
    -0.031095814723081195,
    1,
    0,
    2.699294905791674e-06,
    -0.07361004269145213,
    1,
    0,
    1.0004868667016815
  ],
  "max_drawdown_threshold": 0.25,
  "strategy_name": "\u542f\u52a8\u4f4e\u5438"
}