{
  "params": {
    "per_step_tick_gap": 8,
    "cold_start_steps": 49,
    "max_abserve_tick_steps": 379,
    "max_abserce_avg_price_down_steps": 6,
    "stop_profit_open_hc_pct": 0.0,
    "dynamic_hc_stop_profit_thres": 1.9278385708633357,
    "last_close_price_hc_pct": 0.01,
    "last_day_sell_thres": 0.5392575094487927,
    "last_day_sell_huiche": 0.002746713265900724,
    "fd_mount": 150000000,
    "fd_vol_pct": 0.4075746145004029,
    "fd_ju_ticks": 1,
    "max_zb_times": 2,
    "stagnation_kline_ticks": 21,
    "decline_kline_ticks": 37,
    "yang_yin_threshold": 0.0255522170793654,
    "stagnation_n": 12,
    "stagnation_volume_ratio_threshold": 39.06910242809265,
    "stagnation_ratio_threshold": 352,
    "decline_volume_ratio_threshold": 13.000463984158662,
    "max_rebounds": 7,
    "decline_ratio_threshold": 1426,
    "flxd_ticks": 200,
    "flzz_ticks": 1335,
    "use_simiple_kline_strategy_flxd": false,
    "use_simiple_kline_strategy_flzz": true,
    "flzz_use_smooth_price": true,
    "flzz_zf_thresh": 0.06836300072450897,
    "kline_sell_flxd_zy": true,
    "kline_sell_flxd_zs": false,
    "kline_sell_flzz_zs": true,
    "kline_sell_flzz_zy": true,
    "last_open_price_hc_pct": -0.018926667521277054,
    "open_price_max_hc": -0.008649070961301783,
    "loss_per_step_tick_gap": 23,
    "loss_cold_start_steps": 4,
    "loss_max_abserve_tick_steps": 183,
    "loss_max_abserce_avg_price_down_steps": 10,
    "loss_dynamic_hc_stop_profit_thres": 5.05259080161807,
    "loss_last_close_price_hc_pct": -0.07520127707473702,
    "loss_last_open_price_hc_pct": -0.0726280404224702,
    "loss_open_price_max_hc": -0.0968020220855698,
    "loss_down_open_sell_wait_time": false,
    "down_open_sell_wait_time": true,
    "day_zy_line": 0.004212147665408559,
    "day_zs_line": -0.1271265981908532,
    "sell_afternoon": false,
    "sell_half_afternoon": false,
    "sell_max_days": 1,
    "stop_profit_pct": 0.0,
    "static_hc_stop_profit_pct": 1.0,
    "loss_static_hc_stop_profit_pct": 1.0
  },
  "fitness": 2.9246102793258686,
  "return": 26.43706,
  "drawdown": 0.3200791637227826,
  "sharpe": 4.205998040013355,
  "individual": [
    7.8088869395109635,
    49.191745493391,
    378.58602338309856,
    5.793759304980979,
    0.0,
    1.9278385708633357,
    0.01,
    0.5392575094487927,
    0.002746713265900724,
    150000000.0,
    0.4075746145004029,
    1.0,
    1.8971991925803122,
    20.956029647240562,
    37.08282464762399,
    0.0255522170793654,
    12.073691180555121,
    39.06910242809265,
    351.7573399430364,
    13.000463984158662,
    7.458533371177232,
    1425.9956274346782,
    199.74841747686415,
    1335.3422620002325,
    0,
    1,
    1,
    0.06836300072450897,
    1,
    0,
    1,
    1,
    -0.018926667521277054,
    -0.008649070961301783,
    22.823027510364717,
    3.866380400472181,
    182.83372012429754,
    10.390312022973154,
    5.05259080161807,
    -0.07520127707473702,
    -0.0726280404224702,
    -0.0968020220855698,
    0,
    1,
    0.004212147665408559,
    -0.1271265981908532,
    0,
    0,
    1.0129062441282
  ],
  "max_drawdown_threshold": 0.25,
  "strategy_name": "\u63a5\u529b\u5012\u63a5\u529b5"
}