{
    "strategy": "首红断低吸",
    "generation": 0,
    "best_score": 0.026612357265252115,
    "best_params": {
        "ema_alpha": 0.08848671071283641,
        "kalman_q": 0.04511609604193892,
        "kalman_r": 0.05266984633177524,
        "sg_window": 9,
        "macd_fast": 9,
        "macd_slow_ratio": 1.507668745860332,
        "macd_signal": 13,
        "ema_fast": 11,
        "ema_slow_ratio": 2.784809210048284,
        "volume_window": 9,
        "price_confirm_ticks": 4,
        "strength_confirm_ticks": 4,
        "strength_threshold": 1.0168570056920976,
        "volume_weight": 0.7000394159839858,
        "use_price_confirm": false,
        "use_strength_confirm": false,
        "dead_cross_threshold": 0.0067926378665885394,
        "price_drop_threshold": 0.005966071681871281,
        "max_confirm_ticks": 15,
        "debug": false
    },
    "timestamp": "20250721_173235"
}