{
    "strategy": "首红断低吸",
    "generation": 10,
    "best_score": 0.020088414681246988,
    "best_params": {
        "ema_alpha": 0.3,
        "kalman_q": 0.04429240815079852,
        "kalman_r": 0.04340330360960334,
        "sg_window": 7,
        "macd_fast": 3,
        "macd_slow_ratio": 1.5808602460722199,
        "macd_signal": 3,
        "ema_fast": 11,
        "ema_slow_ratio": 1.2,
        "volume_window": 10,
        "price_confirm_ticks": 7,
        "strength_confirm_ticks": 5,
        "strength_threshold": 0.34260589185152424,
        "volume_weight": 1.0,
        "use_price_confirm": false,
        "use_strength_confirm": false,
        "dead_cross_threshold": 0.008522232479261198,
        "price_drop_threshold": 0.004400861913243996,
        "max_confirm_ticks": 4,
        "debug": false
    },
    "timestamp": "20250721_202053"
}