{
    "strategy": "首红断低吸",
    "generation": 30,
    "best_score": 0.008994891343370363,
    "best_params": {
        "ema_alpha": 0.17740719888052325,
        "kalman_q": 0.04990915679191852,
        "kalman_r": 0.02131198566859305,
        "sg_window": 11,
        "macd_fast": 3,
        "macd_slow_ratio": 1.6480175496555933,
        "macd_signal": 13,
        "ema_fast": 6,
        "ema_slow_ratio": 1.8491002433647823,
        "volume_window": 5,
        "price_confirm_ticks": 3,
        "strength_confirm_ticks": 3,
        "strength_threshold": 0.6421231659457405,
        "volume_weight": 0.613387084473039,
        "use_price_confirm": false,
        "use_strength_confirm": false,
        "dead_cross_threshold": 0.01,
        "price_drop_threshold": 0.0021009723053340545,
        "max_confirm_ticks": 2,
        "debug": false
    },
    "timestamp": "20250721_021230"
}