{
    "strategy": "首红断低吸",
    "generation": 20,
    "best_score": 0.020298667426863575,
    "best_params": {
        "ema_alpha": 0.3,
        "kalman_q": 0.023250907100995897,
        "kalman_r": 0.02,
        "sg_window": 13,
        "macd_fast": 3,
        "macd_slow_ratio": 1.9756635902802153,
        "macd_signal": 3,
        "ema_fast": 12,
        "ema_slow_ratio": 2.8707546379729583,
        "volume_window": 14,
        "price_confirm_ticks": 9,
        "strength_confirm_ticks": 3,
        "strength_threshold": 0.34396038066955625,
        "volume_weight": 0.8577554727345846,
        "use_price_confirm": false,
        "use_strength_confirm": false,
        "dead_cross_threshold": 0.003024430473885248,
        "price_drop_threshold": 0.003270884413105223,
        "max_confirm_ticks": 9,
        "debug": false
    },
    "timestamp": "20250722_204712"
}