{
    "strategy": "首红断低吸",
    "generation": 20,
    "best_score": 0.0185257966243545,
    "best_params": {
        "ema_alpha": 0.3,
        "kalman_q": 0.04428551796563773,
        "kalman_r": 0.09634933349138153,
        "sg_window": 13,
        "macd_fast": 2,
        "macd_slow_ratio": 1.596401749917857,
        "macd_signal": 3,
        "ema_fast": 3,
        "ema_slow_ratio": 1.2,
        "volume_window": 14,
        "price_confirm_ticks": 2,
        "strength_confirm_ticks": 2,
        "strength_threshold": 0.36747649569836943,
        "volume_weight": 0.9208411231134378,
        "use_price_confirm": false,
        "use_strength_confirm": false,
        "dead_cross_threshold": 0.037969073464986444,
        "price_drop_threshold": 0.004016658370782295,
        "max_confirm_ticks": 5,
        "debug": false
    },
    "timestamp": "20250809_021335"
}