{
    "strategy": "首红断低吸",
    "generation": 30,
    "best_score": 0.019757110632981672,
    "best_params": {
        "ema_alpha": 0.3,
        "kalman_q": 0.026803074614430066,
        "kalman_r": 0.02,
        "sg_window": 12,
        "macd_fast": 3,
        "macd_slow_ratio": 1.9348189449526323,
        "macd_signal": 3,
        "ema_fast": 12,
        "ema_slow_ratio": 2.889875902258885,
        "volume_window": 12,
        "price_confirm_ticks": 9,
        "strength_confirm_ticks": 6,
        "strength_threshold": 0.3,
        "volume_weight": 0.8231834940766423,
        "use_price_confirm": false,
        "use_strength_confirm": false,
        "dead_cross_threshold": 0.003696815496461867,
        "price_drop_threshold": 0.003773552864422964,
        "max_confirm_ticks": 9,
        "debug": false
    },
    "timestamp": "20250722_223418"
}