{
    "strategy": "首红断低吸",
    "generation": 240,
    "best_score": 0.0182250565932085,
    "best_params": {
        "ema_alpha": 0.2876444563823016,
        "kalman_q": 0.04750989040321942,
        "kalman_r": 0.03738054704912911,
        "sg_window": 16,
        "macd_fast": 2,
        "macd_slow_ratio": 1.5751152750731277,
        "macd_signal": 2,
        "ema_fast": 7,
        "ema_slow_ratio": 1.2920359610592393,
        "volume_window": 13,
        "price_confirm_ticks": 3,
        "strength_confirm_ticks": 9,
        "strength_threshold": 0.36747649569836943,
        "volume_weight": 1.0,
        "use_price_confirm": false,
        "use_strength_confirm": false,
        "dead_cross_threshold": 0,
        "price_drop_threshold": 0.01533333276526688,
        "max_confirm_ticks": 11,
        "debug": false
    },
    "timestamp": "20250810_114848"
}