{
  "generation": 70,
  "fitness": 5.719339125698199,
  "total_return": 76.85123500000003,
  "max_drawdown": 0.20399874461068965,
  "sharpe_ratio": 7.3578176086993095,
  "params": {
    "per_step_tick_gap": 11,
    "cold_start_steps": 24,
    "max_abserve_tick_steps": 144,
    "max_abserce_avg_price_down_steps": 6,
    "stop_profit_open_hc_pct": -0.07934679726887359,
    "dynamic_hc_stop_profit_thres": 1.5586564642186789,
    "last_close_price_hc_pct": 0.008967734880245036,
    "last_day_sell_thres": 0.6317359340806046,
    "last_day_sell_huiche": 0.014340615942373416,
    "fd_mount": 82414316,
    "fd_vol_pct": 0.5202148354653573,
    "fd_ju_ticks": 4,
    "max_zb_times": 23,
    "stagnation_kline_ticks": 16,
    "decline_kline_ticks": 15,
    "yang_yin_threshold": 0.0021589925156486403,
    "stagnation_n": 15,
    "stagnation_volume_ratio_threshold": 38.68650611343605,
    "stagnation_ratio_threshold": 314,
    "decline_volume_ratio_threshold": 13.64036122443764,
    "max_rebounds": 13,
    "decline_ratio_threshold": 124,
    "flxd_ticks": 469,
    "flzz_ticks": 742,
    "use_simiple_kline_strategy_flxd": false,
    "use_simiple_kline_strategy_flzz": true,
    "flzz_use_smooth_price": true,
    "flzz_zf_thresh": -0.015506536807935394,
    "kline_sell_flxd_zy": true,
    "kline_sell_flxd_zs": true,
    "kline_sell_flzz_zs": false,
    "kline_sell_flzz_zy": true,
    "last_open_price_hc_pct": 0.008872585573347387,
    "open_price_max_hc": -0.09060307113142199,
    "loss_per_step_tick_gap": 1,
    "loss_cold_start_steps": 0,
    "loss_max_abserve_tick_steps": 204,
    "loss_max_abserce_avg_price_down_steps": 1,
    "loss_dynamic_hc_stop_profit_thres": 2.0705671864556763,
    "loss_last_close_price_hc_pct": -0.06401150829433153,
    "loss_last_open_price_hc_pct": -0.027447138597455567,
    "loss_open_price_max_hc": -0.012500862444452584,
    "loss_down_open_sell_wait_time": false,
    "down_open_sell_wait_time": true,
    "day_zy_line": 0.03282304695973394,
    "day_zs_line": -0.0492739006987485,
    "sell_afternoon": false,
    "sell_half_afternoon": true,
    "sell_max_days": 3,
    "stop_profit_pct": 0.0,
    "static_hc_stop_profit_pct": 1.0,
    "loss_static_hc_stop_profit_pct": 1.0
  },
  "timestamp": "2025-09-06T11:03:40.826631",
  "individual": [
    11.021705144777393,
    23.53532980492688,
    144.4178999815396,
    5.859345480141846,
    -0.07934679726887359,
    1.5586564642186789,
    0.008967734880245036,
    0.6317359340806046,
    0.014340615942373416,
    82414316.44266334,
    0.5202148354653573,
    4.490540773130456,
    23.06558875982375,
    16.159600422554142,
    14.924961941431945,
    0.0021589925156486403,
    15.453554208211207,
    38.68650611343605,
    314.3921330402933,
    13.64036122443764,
    12.550507012480168,
    123.87607318845234,
    469.4215570850546,
    742.0546330292275,
    0,
    1,
    1,
    -0.015506536807935394,
    1,
    1,
    0,
    1,
    0.008872585573347387,
    -0.09060307113142199,
    1.3894769782590308,
    0.19369810176751753,
    204.11217438125595,
    1.0,
    2.0705671864556763,
    -0.06401150829433153,
    -0.027447138597455567,
    -0.012500862444452584,
    0,
    1,
    0.03282304695973394,
    -0.0492739006987485,
    0,
    1,
    2.6035719895142826
  ],
  "max_drawdown_threshold": 0.15,
  "strategy_name": "\u9ad8\u5f3a\u4e2d\u4f4e\u5f00\u4f4e\u5438\u524d2"
}