{
  "generation": 50,
  "fitness": 5.324381737331009,
  "total_return": 63.68490999999998,
  "max_drawdown": 0.2040032712892527,
  "sharpe_ratio": 7.148648663770091,
  "params": {
    "per_step_tick_gap": 11,
    "cold_start_steps": 20,
    "max_abserve_tick_steps": 155,
    "max_abserce_avg_price_down_steps": 5,
    "stop_profit_open_hc_pct": -0.06824178125861936,
    "dynamic_hc_stop_profit_thres": 1.8064208346746187,
    "last_close_price_hc_pct": -0.0007081741065639736,
    "last_day_sell_thres": 0.5312639319787682,
    "last_day_sell_huiche": 0.005490098759942874,
    "fd_mount": 77575411,
    "fd_vol_pct": 0.5054457248807455,
    "fd_ju_ticks": 20,
    "max_zb_times": 21,
    "stagnation_kline_ticks": 22,
    "decline_kline_ticks": 19,
    "yang_yin_threshold": 0.00827650636624863,
    "stagnation_n": 18,
    "stagnation_volume_ratio_threshold": 73.75060726131197,
    "stagnation_ratio_threshold": 249,
    "decline_volume_ratio_threshold": 79.31940427566995,
    "max_rebounds": 10,
    "decline_ratio_threshold": 15,
    "flxd_ticks": 434,
    "flzz_ticks": 1176,
    "use_simiple_kline_strategy_flxd": true,
    "use_simiple_kline_strategy_flzz": true,
    "flzz_use_smooth_price": true,
    "flzz_zf_thresh": -0.007014091348380833,
    "kline_sell_flxd_zy": true,
    "kline_sell_flxd_zs": false,
    "kline_sell_flzz_zs": false,
    "kline_sell_flzz_zy": true,
    "last_open_price_hc_pct": 0.009514138145240868,
    "open_price_max_hc": -0.0934254394020819,
    "loss_per_step_tick_gap": 1,
    "loss_cold_start_steps": 0,
    "loss_max_abserve_tick_steps": 257,
    "loss_max_abserce_avg_price_down_steps": 4,
    "loss_dynamic_hc_stop_profit_thres": 4.282186573876891,
    "loss_last_close_price_hc_pct": -0.06646260227731081,
    "loss_last_open_price_hc_pct": -0.02759047947158335,
    "loss_open_price_max_hc": -0.013266308906631006,
    "loss_down_open_sell_wait_time": false,
    "down_open_sell_wait_time": true,
    "day_zy_line": 0.03235620268119675,
    "day_zs_line": -0.04901551481352837,
    "sell_afternoon": false,
    "sell_half_afternoon": true,
    "sell_max_days": 3,
    "stop_profit_pct": 0.0,
    "static_hc_stop_profit_pct": 1.0,
    "loss_static_hc_stop_profit_pct": 1.0
  },
  "timestamp": "2025-09-06T10:59:39.152914",
  "individual": [
    10.632716666178405,
    20.431056568473345,
    154.8463004926889,
    5.178555675323141,
    -0.06824178125861936,
    1.8064208346746187,
    -0.0007081741065639736,
    0.5312639319787682,
    0.005490098759942874,
    77575411.15624851,
    0.5054457248807455,
    20.151514461406872,
    21.37856645668391,
    21.674665736666235,
    18.898643356034178,
    0.00827650636624863,
    17.967285590753526,
    73.75060726131197,
    248.90855486023509,
    79.31940427566995,
    10.467926438295159,
    15.0,
    433.6868538761175,
    1176.4669472379483,
    1,
    1,
    1,
    -0.007014091348380833,
    1,
    0,
    0,
    1,
    0.009514138145240868,
    -0.0934254394020819,
    1.0,
    0.2514849281761527,
    256.9523522538144,
    3.8866729266044846,
    4.282186573876891,
    -0.06646260227731081,
    -0.02759047947158335,
    -0.013266308906631006,
    0,
    1,
    0.03235620268119675,
    -0.04901551481352837,
    0,
    1,
    2.721458893708351
  ],
  "max_drawdown_threshold": 0.15,
  "strategy_name": "\u9ad8\u5f3a\u4e2d\u4f4e\u5f00\u4f4e\u5438\u524d2"
}