{
  "generation": 110,
  "fitness": 5.824282744947242,
  "total_return": 80.85102000000003,
  "max_drawdown": 0.20400372167175418,
  "sharpe_ratio": 7.390588278165553,
  "params": {
    "per_step_tick_gap": 11,
    "cold_start_steps": 22,
    "max_abserve_tick_steps": 159,
    "max_abserce_avg_price_down_steps": 6,
    "stop_profit_open_hc_pct": -0.08877130010961737,
    "dynamic_hc_stop_profit_thres": 1.5551440910534233,
    "last_close_price_hc_pct": 0.00904442326252453,
    "last_day_sell_thres": 0.19936768015963496,
    "last_day_sell_huiche": 0.0024135004211861023,
    "fd_mount": 81429663,
    "fd_vol_pct": 0.49984843051505834,
    "fd_ju_ticks": 7,
    "max_zb_times": 25,
    "stagnation_kline_ticks": 16,
    "decline_kline_ticks": 5,
    "yang_yin_threshold": 0.0022474535460190064,
    "stagnation_n": 15,
    "stagnation_volume_ratio_threshold": 36.97649609846565,
    "stagnation_ratio_threshold": 298,
    "decline_volume_ratio_threshold": 15.00439283406275,
    "max_rebounds": 0,
    "decline_ratio_threshold": 81,
    "flxd_ticks": 490,
    "flzz_ticks": 1043,
    "use_simiple_kline_strategy_flxd": true,
    "use_simiple_kline_strategy_flzz": true,
    "flzz_use_smooth_price": true,
    "flzz_zf_thresh": -0.019324393939138144,
    "kline_sell_flxd_zy": true,
    "kline_sell_flxd_zs": true,
    "kline_sell_flzz_zs": false,
    "kline_sell_flzz_zy": true,
    "last_open_price_hc_pct": 0.009207286167419407,
    "open_price_max_hc": -0.08980725552614663,
    "loss_per_step_tick_gap": 1,
    "loss_cold_start_steps": 1,
    "loss_max_abserve_tick_steps": 216,
    "loss_max_abserce_avg_price_down_steps": 1,
    "loss_dynamic_hc_stop_profit_thres": 7.060285489758057,
    "loss_last_close_price_hc_pct": -0.054885082285079455,
    "loss_last_open_price_hc_pct": -0.006892303797429984,
    "loss_open_price_max_hc": -0.012496595491574782,
    "loss_down_open_sell_wait_time": false,
    "down_open_sell_wait_time": true,
    "day_zy_line": 0.03291087567775239,
    "day_zs_line": -0.04726409163277622,
    "sell_afternoon": false,
    "sell_half_afternoon": true,
    "sell_max_days": 3,
    "stop_profit_pct": 0.0,
    "static_hc_stop_profit_pct": 1.0,
    "loss_static_hc_stop_profit_pct": 1.0
  },
  "timestamp": "2025-09-06T11:12:04.163566",
  "individual": [
    10.799579470902003,
    22.17511930481857,
    159.21669603421378,
    5.824460148240211,
    -0.08877130010961737,
    1.5551440910534233,
    0.00904442326252453,
    0.19936768015963496,
    0.0024135004211861023,
    81429663.47701372,
    0.49984843051505834,
    6.971110178664239,
    24.919796154045024,
    15.94734445654709,
    4.720909545044952,
    0.0022474535460190064,
    15.0750358141991,
    36.97649609846565,
    298.1038010038086,
    15.00439283406275,
    0.01316883935177979,
    81.25097780884678,
    490.0684935329824,
    1043.2889531166993,
    1,
    1,
    1,
    -0.019324393939138144,
    1,
    1,
    0,
    1,
    0.009207286167419407,
    -0.08980725552614663,
    1.0993472238401367,
    0.8294753695477851,
    216.16468225178318,
    1.2280636201110766,
    7.060285489758057,
    -0.054885082285079455,
    -0.006892303797429984,
    -0.012496595491574782,
    0,
    1,
    0.03291087567775239,
    -0.04726409163277622,
    0,
    1,
    2.720557634252268
  ],
  "max_drawdown_threshold": 0.15,
  "strategy_name": "\u9ad8\u5f3a\u4e2d\u4f4e\u5f00\u4f4e\u5438\u524d2"
}