{
  "generation": 80,
  "fitness": 3.202766697970729,
  "total_return": 46.15589,
  "max_drawdown": 0.2597527443477769,
  "sharpe_ratio": 5.302080826501278,
  "params": {
    "per_step_tick_gap": 16,
    "cold_start_steps": 4,
    "max_abserve_tick_steps": 819,
    "max_abserce_avg_price_down_steps": 11,
    "stop_profit_open_hc_pct": -0.005617793027250552,
    "dynamic_hc_stop_profit_thres": 0.5867343378099891,
    "last_close_price_hc_pct": -0.0381297040320107,
    "last_day_sell_thres": 0.18003110383884172,
    "last_day_sell_huiche": 0.012083733371474377,
    "fd_mount": 41225061,
    "fd_vol_pct": 0.6370323778200336,
    "fd_ju_ticks": 5,
    "max_zb_times": 5,
    "stagnation_kline_ticks": 43,
    "decline_kline_ticks": 49,
    "yang_yin_threshold": 0.0041108002728858575,
    "stagnation_n": 28,
    "stagnation_volume_ratio_threshold": 35.980955026875414,
    "stagnation_ratio_threshold": 693,
    "decline_volume_ratio_threshold": 91.73023650512191,
    "max_rebounds": 4,
    "decline_ratio_threshold": 1500,
    "flxd_ticks": 271,
    "flzz_ticks": 925,
    "use_simiple_kline_strategy_flxd": true,
    "use_simiple_kline_strategy_flzz": true,
    "flzz_use_smooth_price": false,
    "flzz_zf_thresh": -0.0071295483356782,
    "kline_sell_flxd_zy": false,
    "kline_sell_flxd_zs": true,
    "kline_sell_flzz_zs": true,
    "kline_sell_flzz_zy": false,
    "last_open_price_hc_pct": -0.006815457174391436,
    "open_price_max_hc": -0.07951302862646946,
    "loss_per_step_tick_gap": 1,
    "loss_cold_start_steps": 0,
    "loss_max_abserve_tick_steps": 396,
    "loss_max_abserce_avg_price_down_steps": 8,
    "loss_dynamic_hc_stop_profit_thres": 0.5826160101809227,
    "loss_last_close_price_hc_pct": -0.05693380535994107,
    "loss_last_open_price_hc_pct": -0.025737861646280023,
    "loss_open_price_max_hc": -0.006263147704083971,
    "loss_down_open_sell_wait_time": true,
    "down_open_sell_wait_time": true,
    "day_zy_line": 0.00503883701476823,
    "day_zs_line": -0.1114080605633074,
    "sell_afternoon": true,
    "sell_half_afternoon": false,
    "sell_max_days": 2,
    "stop_profit_pct": 0.0,
    "static_hc_stop_profit_pct": 1.0,
    "loss_static_hc_stop_profit_pct": 1.0
  },
  "timestamp": "2025-09-07T06:19:29.263046",
  "individual": [
    16.23304802066425,
    4.407596533026803,
    818.8901473180358,
    10.967608173593026,
    -0.005617793027250552,
    0.5867343378099891,
    -0.0381297040320107,
    0.18003110383884172,
    0.012083733371474377,
    41225060.58183867,
    0.6370323778200336,
    4.56386384745764,
    4.512611189164529,
    42.59575651146679,
    48.89366120114544,
    0.0041108002728858575,
    27.910903218366318,
    35.980955026875414,
    692.5805259381532,
    91.73023650512191,
    3.7907384929170562,
    1500.0,
    271.48399015495295,
    925.227344335141,
    1,
    1,
    0,
    -0.0071295483356782,
    0,
    1,
    1,
    0,
    -0.006815457174391436,
    -0.07951302862646946,
    1.414520580938171,
    0.43651200561728465,
    396.3472744027133,
    7.866308010931196,
    0.5826160101809227,
    -0.05693380535994107,
    -0.025737861646280023,
    -0.006263147704083971,
    1,
    1,
    0.00503883701476823,
    -0.1114080605633074,
    1,
    0,
    1.8121606972458695
  ],
  "max_drawdown_threshold": 0.15,
  "strategy_name": "\u9996\u7ea2\u65ad"
}