{
  "generation": 40,
  "fitness": 3.067616443077462,
  "total_return": 41.521055,
  "max_drawdown": 0.2597747381596082,
  "sharpe_ratio": 5.173958844483908,
  "params": {
    "per_step_tick_gap": 16,
    "cold_start_steps": 26,
    "max_abserve_tick_steps": 822,
    "max_abserce_avg_price_down_steps": 11,
    "stop_profit_open_hc_pct": -0.006252651135946377,
    "dynamic_hc_stop_profit_thres": 0.6073792352954481,
    "last_close_price_hc_pct": -0.03912710081121757,
    "last_day_sell_thres": 0.9184263310677985,
    "last_day_sell_huiche": 0.019914598656503725,
    "fd_mount": 43975550,
    "fd_vol_pct": 0.4131043818929867,
    "fd_ju_ticks": 20,
    "max_zb_times": 1,
    "stagnation_kline_ticks": 33,
    "decline_kline_ticks": 32,
    "yang_yin_threshold": 0.002,
    "stagnation_n": 25,
    "stagnation_volume_ratio_threshold": 46.28071315045452,
    "stagnation_ratio_threshold": 1110,
    "decline_volume_ratio_threshold": 81.97605767984237,
    "max_rebounds": 2,
    "decline_ratio_threshold": 1280,
    "flxd_ticks": 292,
    "flzz_ticks": 1114,
    "use_simiple_kline_strategy_flxd": false,
    "use_simiple_kline_strategy_flzz": false,
    "flzz_use_smooth_price": true,
    "flzz_zf_thresh": -0.07,
    "kline_sell_flxd_zy": false,
    "kline_sell_flxd_zs": false,
    "kline_sell_flzz_zs": true,
    "kline_sell_flzz_zy": true,
    "last_open_price_hc_pct": -0.014646072714750292,
    "open_price_max_hc": -0.0733914135567069,
    "loss_per_step_tick_gap": 6,
    "loss_cold_start_steps": 28,
    "loss_max_abserve_tick_steps": 179,
    "loss_max_abserce_avg_price_down_steps": 6,
    "loss_dynamic_hc_stop_profit_thres": 0.5361645636576957,
    "loss_last_close_price_hc_pct": -0.04712961298072597,
    "loss_last_open_price_hc_pct": -0.03258878395926912,
    "loss_open_price_max_hc": -0.04446273562956035,
    "loss_down_open_sell_wait_time": true,
    "down_open_sell_wait_time": true,
    "day_zy_line": 0.005528544127884771,
    "day_zs_line": -0.11151405753805615,
    "sell_afternoon": true,
    "sell_half_afternoon": false,
    "sell_max_days": 2,
    "stop_profit_pct": 0.0,
    "static_hc_stop_profit_pct": 1.0,
    "loss_static_hc_stop_profit_pct": 1.0
  },
  "timestamp": "2025-09-07T06:01:59.457338",
  "individual": [
    16.280970242883026,
    25.725936993856887,
    822.236917640689,
    10.672770035554354,
    -0.006252651135946377,
    0.6073792352954481,
    -0.03912710081121757,
    0.9184263310677985,
    0.019914598656503725,
    43975549.595143676,
    0.4131043818929867,
    19.579646207638337,
    1.0,
    33.46815949020611,
    31.80791358262914,
    0.002,
    24.76323653251874,
    46.28071315045452,
    1110.3722023347984,
    81.97605767984237,
    1.6971463744549504,
    1279.7481478228353,
    291.91643825145377,
    1113.8037942786636,
    0,
    0,
    1,
    -0.07,
    0,
    0,
    1,
    1,
    -0.014646072714750292,
    -0.0733914135567069,
    6.405167797530504,
    27.88951083416783,
    178.7240379069696,
    5.755306853881033,
    0.5361645636576957,
    -0.04712961298072597,
    -0.03258878395926912,
    -0.04446273562956035,
    1,
    1,
    0.005528544127884771,
    -0.11151405753805615,
    1,
    0,
    1.928638480778451
  ],
  "max_drawdown_threshold": 0.15,
  "strategy_name": "\u9996\u7ea2\u65ad"
}