{
  "generation": 30,
  "fitness": 2.8925379798762094,
  "total_return": 36.660515,
  "max_drawdown": 0.26149652477634194,
  "sharpe_ratio": 5.045743550292258,
  "params": {
    "per_step_tick_gap": 23,
    "cold_start_steps": 41,
    "max_abserve_tick_steps": 822,
    "max_abserce_avg_price_down_steps": 11,
    "stop_profit_open_hc_pct": 0.0,
    "dynamic_hc_stop_profit_thres": 0.64791729672503,
    "last_close_price_hc_pct": -0.038076755098597634,
    "last_day_sell_thres": 0.07734011045979866,
    "last_day_sell_huiche": 0.01574000534249527,
    "fd_mount": 39113648,
    "fd_vol_pct": 0.5350941578009569,
    "fd_ju_ticks": 1,
    "max_zb_times": 19,
    "stagnation_kline_ticks": 35,
    "decline_kline_ticks": 48,
    "yang_yin_threshold": 0.006392804179155395,
    "stagnation_n": 22,
    "stagnation_volume_ratio_threshold": 27.503378208541704,
    "stagnation_ratio_threshold": 709,
    "decline_volume_ratio_threshold": 93.21273547577879,
    "max_rebounds": 4,
    "decline_ratio_threshold": 984,
    "flxd_ticks": 238,
    "flzz_ticks": 1263,
    "use_simiple_kline_strategy_flxd": true,
    "use_simiple_kline_strategy_flzz": false,
    "flzz_use_smooth_price": true,
    "flzz_zf_thresh": 0.1,
    "kline_sell_flxd_zy": false,
    "kline_sell_flxd_zs": false,
    "kline_sell_flzz_zs": true,
    "kline_sell_flzz_zy": true,
    "last_open_price_hc_pct": -0.011745888415099767,
    "open_price_max_hc": -0.08986489156599556,
    "loss_per_step_tick_gap": 8,
    "loss_cold_start_steps": 7,
    "loss_max_abserve_tick_steps": 282,
    "loss_max_abserce_avg_price_down_steps": 8,
    "loss_dynamic_hc_stop_profit_thres": 8.0,
    "loss_last_close_price_hc_pct": -0.0752652415348711,
    "loss_last_open_price_hc_pct": 0.00047409408918939653,
    "loss_open_price_max_hc": -0.05801468565707774,
    "loss_down_open_sell_wait_time": true,
    "down_open_sell_wait_time": true,
    "day_zy_line": 0.007854892664160914,
    "day_zs_line": -0.11131881438813077,
    "sell_afternoon": true,
    "sell_half_afternoon": false,
    "sell_max_days": 2,
    "stop_profit_pct": 0.0,
    "static_hc_stop_profit_pct": 1.0,
    "loss_static_hc_stop_profit_pct": 1.0
  },
  "timestamp": "2025-09-07T05:57:13.894825",
  "individual": [
    22.846391749967413,
    41.10025010969004,
    821.8599754794097,
    11.288808950706494,
    0.0,
    0.64791729672503,
    -0.038076755098597634,
    0.07734011045979866,
    0.01574000534249527,
    39113648.39078162,
    0.5350941578009569,
    1.0,
    18.556487639392312,
    35.149152412304915,
    48.37016383562464,
    0.006392804179155395,
    22.190913549103993,
    27.503378208541704,
    708.8112957220826,
    93.21273547577879,
    3.604432914016837,
    984.1365549304589,
    237.54006415441955,
    1262.6193770088564,
    1,
    0,
    1,
    0.1,
    0,
    0,
    1,
    1,
    -0.011745888415099767,
    -0.08986489156599556,
    7.777660302302943,
    6.682178249595861,
    281.92160067191884,
    7.9353245671197215,
    8.0,
    -0.0752652415348711,
    0.00047409408918939653,
    -0.05801468565707774,
    1,
    1,
    0.007854892664160914,
    -0.11131881438813077,
    1,
    0,
    2.0078583785210053
  ],
  "max_drawdown_threshold": 0.15,
  "strategy_name": "\u9996\u7ea2\u65ad"
}