{
  "generation": 10,
  "fitness": 2.1773437814015097,
  "total_return": 24.12194999999999,
  "max_drawdown": 0.28316876979962985,
  "sharpe_ratio": 4.643579961638854,
  "params": {
    "per_step_tick_gap": 23,
    "cold_start_steps": 31,
    "max_abserve_tick_steps": 824,
    "max_abserce_avg_price_down_steps": 8,
    "stop_profit_open_hc_pct": -0.0780611501168313,
    "dynamic_hc_stop_profit_thres": 0.5029692173110137,
    "last_close_price_hc_pct": -0.03730859710182646,
    "last_day_sell_thres": 0.3398982703361926,
    "last_day_sell_huiche": 0.012344565703199275,
    "fd_mount": 150000000,
    "fd_vol_pct": 0.5344717846624449,
    "fd_ju_ticks": 21,
    "max_zb_times": 18,
    "stagnation_kline_ticks": 44,
    "decline_kline_ticks": 12,
    "yang_yin_threshold": 0.012468465543226311,
    "stagnation_n": 19,
    "stagnation_volume_ratio_threshold": 100.0,
    "stagnation_ratio_threshold": 1028,
    "decline_volume_ratio_threshold": 53.64451424133155,
    "max_rebounds": 2,
    "decline_ratio_threshold": 812,
    "flxd_ticks": 178,
    "flzz_ticks": 1322,
    "use_simiple_kline_strategy_flxd": true,
    "use_simiple_kline_strategy_flzz": false,
    "flzz_use_smooth_price": false,
    "flzz_zf_thresh": -0.028508786377936673,
    "kline_sell_flxd_zy": true,
    "kline_sell_flxd_zs": true,
    "kline_sell_flzz_zs": true,
    "kline_sell_flzz_zy": true,
    "last_open_price_hc_pct": -0.019830250767436053,
    "open_price_max_hc": -0.0926431937236815,
    "loss_per_step_tick_gap": 13,
    "loss_cold_start_steps": 22,
    "loss_max_abserve_tick_steps": 161,
    "loss_max_abserce_avg_price_down_steps": 3,
    "loss_dynamic_hc_stop_profit_thres": 6.513326792409078,
    "loss_last_close_price_hc_pct": -0.02949694067983593,
    "loss_last_open_price_hc_pct": -0.08,
    "loss_open_price_max_hc": -0.005940943505494784,
    "loss_down_open_sell_wait_time": false,
    "down_open_sell_wait_time": true,
    "day_zy_line": 0.0075023506731568615,
    "day_zs_line": -0.08563778284873036,
    "sell_afternoon": true,
    "sell_half_afternoon": false,
    "sell_max_days": 2,
    "stop_profit_pct": 0.0,
    "static_hc_stop_profit_pct": 1.0,
    "loss_static_hc_stop_profit_pct": 1.0
  },
  "timestamp": "2025-09-07T05:47:23.065570",
  "individual": [
    23.33260727136221,
    31.249535772547404,
    824.1047276851957,
    8.354816249813663,
    -0.0780611501168313,
    0.5029692173110137,
    -0.03730859710182646,
    0.3398982703361926,
    0.012344565703199275,
    150000000.0,
    0.5344717846624449,
    21.3930930379908,
    18.17756972099415,
    44.25819997398181,
    12.209285779860036,
    0.012468465543226311,
    18.785938337553436,
    100.0,
    1027.7909304343873,
    53.64451424133155,
    1.9945738768292565,
    812.2183527165259,
    178.06090818433222,
    1321.7850106823855,
    1,
    0,
    0,
    -0.028508786377936673,
    1,
    1,
    1,
    1,
    -0.019830250767436053,
    -0.0926431937236815,
    13.15133384172125,
    22.406126365500754,
    161.43066407743478,
    3.328148216460291,
    6.513326792409078,
    -0.02949694067983593,
    -0.08,
    -0.005940943505494784,
    0,
    1,
    0.0075023506731568615,
    -0.08563778284873036,
    1,
    0,
    2.1261185476747047
  ],
  "max_drawdown_threshold": 0.15,
  "strategy_name": "\u9996\u7ea2\u65ad"
}