{
  "generation": 120,
  "fitness": 3.220084950741268,
  "total_return": 46.771645,
  "max_drawdown": 0.25978371880155576,
  "sharpe_ratio": 5.321210222925689,
  "params": {
    "per_step_tick_gap": 16,
    "cold_start_steps": 4,
    "max_abserve_tick_steps": 829,
    "max_abserce_avg_price_down_steps": 10,
    "stop_profit_open_hc_pct": -0.002850435144143261,
    "dynamic_hc_stop_profit_thres": 0.5862656709578017,
    "last_close_price_hc_pct": -0.03820308472819503,
    "last_day_sell_thres": 0.21731518911257364,
    "last_day_sell_huiche": 0.013461334931976852,
    "fd_mount": 36375145,
    "fd_vol_pct": 0.638250890273812,
    "fd_ju_ticks": 5,
    "max_zb_times": 2,
    "stagnation_kline_ticks": 38,
    "decline_kline_ticks": 48,
    "yang_yin_threshold": 0.0021139232493034366,
    "stagnation_n": 26,
    "stagnation_volume_ratio_threshold": 37.95404882959419,
    "stagnation_ratio_threshold": 688,
    "decline_volume_ratio_threshold": 81.66145284444677,
    "max_rebounds": 4,
    "decline_ratio_threshold": 1468,
    "flxd_ticks": 267,
    "flzz_ticks": 991,
    "use_simiple_kline_strategy_flxd": true,
    "use_simiple_kline_strategy_flzz": true,
    "flzz_use_smooth_price": false,
    "flzz_zf_thresh": -0.008847071797489992,
    "kline_sell_flxd_zy": false,
    "kline_sell_flxd_zs": true,
    "kline_sell_flzz_zs": true,
    "kline_sell_flzz_zy": false,
    "last_open_price_hc_pct": -0.006555045038654269,
    "open_price_max_hc": -0.07958645661591879,
    "loss_per_step_tick_gap": 1,
    "loss_cold_start_steps": 0,
    "loss_max_abserve_tick_steps": 298,
    "loss_max_abserce_avg_price_down_steps": 7,
    "loss_dynamic_hc_stop_profit_thres": 0.5505881558458123,
    "loss_last_close_price_hc_pct": -0.060240407181819576,
    "loss_last_open_price_hc_pct": -0.0212662234889203,
    "loss_open_price_max_hc": -0.003036271395056148,
    "loss_down_open_sell_wait_time": true,
    "down_open_sell_wait_time": true,
    "day_zy_line": 0.005029501308747063,
    "day_zs_line": -0.11140574139868037,
    "sell_afternoon": true,
    "sell_half_afternoon": false,
    "sell_max_days": 2,
    "stop_profit_pct": 0.0,
    "static_hc_stop_profit_pct": 1.0,
    "loss_static_hc_stop_profit_pct": 1.0
  },
  "timestamp": "2025-09-07T06:37:07.792570",
  "individual": [
    16.345146086338772,
    3.537970296371605,
    828.8095458140499,
    9.881261914275669,
    -0.002850435144143261,
    0.5862656709578017,
    -0.03820308472819503,
    0.21731518911257364,
    0.013461334931976852,
    36375145.07432655,
    0.638250890273812,
    5.212198382448927,
    1.869516076633734,
    38.218381408822694,
    48.3302079124823,
    0.0021139232493034366,
    26.30703193825193,
    37.95404882959419,
    688.222822701497,
    81.66145284444677,
    3.9223167406771027,
    1468.417999085073,
    266.8566947886635,
    991.3048275423723,
    1,
    1,
    0,
    -0.008847071797489992,
    0,
    1,
    1,
    0,
    -0.006555045038654269,
    -0.07958645661591879,
    1.427462329854033,
    0.43451286996699146,
    297.6760117654574,
    7.160107035349196,
    0.5505881558458123,
    -0.060240407181819576,
    -0.0212662234889203,
    -0.003036271395056148,
    1,
    1,
    0.005029501308747063,
    -0.11140574139868037,
    1,
    0,
    1.8261005183172427
  ],
  "max_drawdown_threshold": 0.15,
  "strategy_name": "\u9996\u7ea2\u65ad"
}