{
  "generation": 100,
  "fitness": 3.2193680258461246,
  "total_return": 46.72106,
  "max_drawdown": 0.25972272292352994,
  "sharpe_ratio": 5.3180093800567,
  "params": {
    "per_step_tick_gap": 16,
    "cold_start_steps": 4,
    "max_abserve_tick_steps": 818,
    "max_abserce_avg_price_down_steps": 11,
    "stop_profit_open_hc_pct": -0.003468369715416471,
    "dynamic_hc_stop_profit_thres": 0.5877947616984036,
    "last_close_price_hc_pct": -0.03818698403911131,
    "last_day_sell_thres": 0.14134163248705772,
    "last_day_sell_huiche": 0.010704598467786708,
    "fd_mount": 36888865,
    "fd_vol_pct": 0.6346643846923441,
    "fd_ju_ticks": 5,
    "max_zb_times": 5,
    "stagnation_kline_ticks": 38,
    "decline_kline_ticks": 49,
    "yang_yin_threshold": 0.002494097709467823,
    "stagnation_n": 27,
    "stagnation_volume_ratio_threshold": 37.243738708180345,
    "stagnation_ratio_threshold": 704,
    "decline_volume_ratio_threshold": 100.0,
    "max_rebounds": 4,
    "decline_ratio_threshold": 1442,
    "flxd_ticks": 272,
    "flzz_ticks": 1064,
    "use_simiple_kline_strategy_flxd": true,
    "use_simiple_kline_strategy_flzz": true,
    "flzz_use_smooth_price": false,
    "flzz_zf_thresh": -0.006587768747246665,
    "kline_sell_flxd_zy": false,
    "kline_sell_flxd_zs": true,
    "kline_sell_flzz_zs": true,
    "kline_sell_flzz_zy": false,
    "last_open_price_hc_pct": -0.006534768983629788,
    "open_price_max_hc": -0.07704473610127235,
    "loss_per_step_tick_gap": 1,
    "loss_cold_start_steps": 0,
    "loss_max_abserve_tick_steps": 417,
    "loss_max_abserce_avg_price_down_steps": 8,
    "loss_dynamic_hc_stop_profit_thres": 0.5762466509557825,
    "loss_last_close_price_hc_pct": -0.06698942020908265,
    "loss_last_open_price_hc_pct": -0.025264478379257854,
    "loss_open_price_max_hc": -0.005302131802542578,
    "loss_down_open_sell_wait_time": true,
    "down_open_sell_wait_time": true,
    "day_zy_line": 0.005051297425231927,
    "day_zs_line": -0.11140726465326345,
    "sell_afternoon": true,
    "sell_half_afternoon": false,
    "sell_max_days": 2,
    "stop_profit_pct": 0.0,
    "static_hc_stop_profit_pct": 1.0,
    "loss_static_hc_stop_profit_pct": 1.0
  },
  "timestamp": "2025-09-07T06:28:16.144288",
  "individual": [
    16.24247793521504,
    3.904126429695778,
    818.136061692268,
    10.979663981018264,
    -0.003468369715416471,
    0.5877947616984036,
    -0.03818698403911131,
    0.14134163248705772,
    0.010704598467786708,
    36888864.53963578,
    0.6346643846923441,
    5.42458570585301,
    4.942631512301725,
    38.229134484991725,
    49.05871376491146,
    0.002494097709467823,
    27.10582285137566,
    37.243738708180345,
    704.1766440804723,
    100.0,
    4.171508609155382,
    1441.5320200568085,
    271.7123652386534,
    1064.072026842887,
    1,
    1,
    0,
    -0.006587768747246665,
    0,
    1,
    1,
    0,
    -0.006534768983629788,
    -0.07704473610127235,
    1.420146494200309,
    0.49327092941036016,
    416.99221769635125,
    7.80148415559562,
    0.5762466509557825,
    -0.06698942020908265,
    -0.025264478379257854,
    -0.005302131802542578,
    1,
    1,
    0.005051297425231927,
    -0.11140726465326345,
    1,
    0,
    1.8043062689605036
  ],
  "max_drawdown_threshold": 0.15,
  "strategy_name": "\u9996\u7ea2\u65ad"
}