{
  "generation": 70,
  "fitness": 3.182645127808705,
  "total_return": 45.538745,
  "max_drawdown": 0.25986382024542004,
  "sharpe_ratio": 5.281974029083168,
  "params": {
    "per_step_tick_gap": 16,
    "cold_start_steps": 10,
    "max_abserve_tick_steps": 817,
    "max_abserce_avg_price_down_steps": 11,
    "stop_profit_open_hc_pct": -0.00043655998879622913,
    "dynamic_hc_stop_profit_thres": 0.5881392426525092,
    "last_close_price_hc_pct": -0.03882957192339057,
    "last_day_sell_thres": 0.5138982582827516,
    "last_day_sell_huiche": 0.01961821668596239,
    "fd_mount": 44971916,
    "fd_vol_pct": 0.6363561769463918,
    "fd_ju_ticks": 7,
    "max_zb_times": 9,
    "stagnation_kline_ticks": 42,
    "decline_kline_ticks": 49,
    "yang_yin_threshold": 0.004255939100203761,
    "stagnation_n": 30,
    "stagnation_volume_ratio_threshold": 72.87582578119618,
    "stagnation_ratio_threshold": 1104,
    "decline_volume_ratio_threshold": 86.19978199761091,
    "max_rebounds": 4,
    "decline_ratio_threshold": 1041,
    "flxd_ticks": 277,
    "flzz_ticks": 1107,
    "use_simiple_kline_strategy_flxd": false,
    "use_simiple_kline_strategy_flzz": true,
    "flzz_use_smooth_price": false,
    "flzz_zf_thresh": 0.022830714194182235,
    "kline_sell_flxd_zy": false,
    "kline_sell_flxd_zs": true,
    "kline_sell_flzz_zs": true,
    "kline_sell_flzz_zy": false,
    "last_open_price_hc_pct": -0.007312753238401372,
    "open_price_max_hc": -0.07824111714052735,
    "loss_per_step_tick_gap": 1,
    "loss_cold_start_steps": 0,
    "loss_max_abserve_tick_steps": 319,
    "loss_max_abserce_avg_price_down_steps": 8,
    "loss_dynamic_hc_stop_profit_thres": 0.5885054370989865,
    "loss_last_close_price_hc_pct": 0.0011928387583865704,
    "loss_last_open_price_hc_pct": -0.0012019270024357744,
    "loss_open_price_max_hc": -0.021345360415340155,
    "loss_down_open_sell_wait_time": true,
    "down_open_sell_wait_time": true,
    "day_zy_line": 0.005134571549966379,
    "day_zs_line": -0.11140640024019804,
    "sell_afternoon": true,
    "sell_half_afternoon": false,
    "sell_max_days": 2,
    "stop_profit_pct": 0.0,
    "static_hc_stop_profit_pct": 1.0,
    "loss_static_hc_stop_profit_pct": 1.0
  },
  "timestamp": "2025-09-07T06:15:11.453970",
  "individual": [
    16.22505887472012,
    9.847314648733043,
    816.6197350120653,
    11.121988722720937,
    -0.00043655998879622913,
    0.5881392426525092,
    -0.03882957192339057,
    0.5138982582827516,
    0.01961821668596239,
    44971915.79641141,
    0.6363561769463918,
    7.4624021412621575,
    8.748848992806025,
    41.57844665456824,
    48.752918605302995,
    0.004255939100203761,
    30.0,
    72.87582578119618,
    1104.0057503114783,
    86.19978199761091,
    3.802186391289865,
    1040.9182395101523,
    277.02195278265435,
    1107.2487978271138,
    0,
    1,
    0,
    0.022830714194182235,
    0,
    1,
    1,
    0,
    -0.007312753238401372,
    -0.07824111714052735,
    1.4101381252919696,
    0.33488810340648867,
    318.9000784991041,
    8.22240352842789,
    0.5885054370989865,
    0.0011928387583865704,
    -0.0012019270024357744,
    -0.021345360415340155,
    1,
    1,
    0.005134571549966379,
    -0.11140640024019804,
    1,
    0,
    1.8097523647808438
  ],
  "max_drawdown_threshold": 0.15,
  "strategy_name": "\u9996\u7ea2\u65ad"
}