{
  "generation": 60,
  "fitness": 3.166928228691056,
  "total_return": 44.95341,
  "max_drawdown": 0.2597970850418698,
  "sharpe_ratio": 5.265262948977264,
  "params": {
    "per_step_tick_gap": 16,
    "cold_start_steps": 15,
    "max_abserve_tick_steps": 811,
    "max_abserce_avg_price_down_steps": 11,
    "stop_profit_open_hc_pct": -0.00538103743496612,
    "dynamic_hc_stop_profit_thres": 0.5868852711614817,
    "last_close_price_hc_pct": -0.038908461715339474,
    "last_day_sell_thres": 0.4490850966393771,
    "last_day_sell_huiche": 0.0163185147322842,
    "fd_mount": 42896971,
    "fd_vol_pct": 0.602735761999362,
    "fd_ju_ticks": 5,
    "max_zb_times": 11,
    "stagnation_kline_ticks": 45,
    "decline_kline_ticks": 49,
    "yang_yin_threshold": 0.008431682790004969,
    "stagnation_n": 21,
    "stagnation_volume_ratio_threshold": 1.1,
    "stagnation_ratio_threshold": 1135,
    "decline_volume_ratio_threshold": 78.3366561225093,
    "max_rebounds": 3,
    "decline_ratio_threshold": 1077,
    "flxd_ticks": 322,
    "flzz_ticks": 859,
    "use_simiple_kline_strategy_flxd": true,
    "use_simiple_kline_strategy_flzz": false,
    "flzz_use_smooth_price": true,
    "flzz_zf_thresh": -0.018711614291876632,
    "kline_sell_flxd_zy": false,
    "kline_sell_flxd_zs": false,
    "kline_sell_flzz_zs": true,
    "kline_sell_flzz_zy": true,
    "last_open_price_hc_pct": -0.006643996365027318,
    "open_price_max_hc": -0.07336197694234967,
    "loss_per_step_tick_gap": 3,
    "loss_cold_start_steps": 0,
    "loss_max_abserve_tick_steps": 113,
    "loss_max_abserce_avg_price_down_steps": 5,
    "loss_dynamic_hc_stop_profit_thres": 0.5165399240424225,
    "loss_last_close_price_hc_pct": 0.01,
    "loss_last_open_price_hc_pct": -0.01243557992468482,
    "loss_open_price_max_hc": -0.1,
    "loss_down_open_sell_wait_time": true,
    "down_open_sell_wait_time": true,
    "day_zy_line": 0.005247477310958949,
    "day_zs_line": -0.11140235074628277,
    "sell_afternoon": true,
    "sell_half_afternoon": false,
    "sell_max_days": 2,
    "stop_profit_pct": 0.0,
    "static_hc_stop_profit_pct": 1.0,
    "loss_static_hc_stop_profit_pct": 1.0
  },
  "timestamp": "2025-09-07T06:10:46.913839",
  "individual": [
    16.11809784010777,
    14.654927732389703,
    810.689306862873,
    10.772430388826706,
    -0.00538103743496612,
    0.5868852711614817,
    -0.038908461715339474,
    0.4490850966393771,
    0.0163185147322842,
    42896970.868236914,
    0.602735761999362,
    4.630802624931684,
    11.23988356756158,
    44.88767306688086,
    49.3612745678312,
    0.008431682790004969,
    21.473104675122627,
    1.1,
    1135.184311102974,
    78.3366561225093,
    2.7171562031763283,
    1077.4649326166004,
    321.8671910831421,
    858.8702324303003,
    1,
    0,
    1,
    -0.018711614291876632,
    0,
    0,
    1,
    1,
    -0.006643996365027318,
    -0.07336197694234967,
    2.832271227820309,
    0.05201871211173801,
    112.62144218444666,
    5.018552322808459,
    0.5165399240424225,
    0.01,
    -0.01243557992468482,
    -0.1,
    1,
    1,
    0.005247477310958949,
    -0.11140235074628277,
    1,
    0,
    1.8483803989268615
  ],
  "max_drawdown_threshold": 0.15,
  "strategy_name": "\u9996\u7ea2\u65ad"
}