{
  "generation": 60,
  "fitness": 7.29369285154805,
  "total_return": 72.32899000000002,
  "max_drawdown": 0.20894115158769228,
  "sharpe_ratio": 7.253635424821098,
  "params": {
    "per_step_tick_gap": 18,
    "cold_start_steps": 23,
    "max_abserve_tick_steps": 285,
    "max_abserce_avg_price_down_steps": 3,
    "stop_profit_open_hc_pct": -0.06673342501322374,
    "dynamic_hc_stop_profit_thres": 1.4797871861880822,
    "last_close_price_hc_pct": -0.007484663136536662,
    "last_day_sell_thres": 0.5548606781658404,
    "last_day_sell_huiche": 0.011135294977820445,
    "fd_mount": 89500664,
    "fd_vol_pct": 0.367958247554084,
    "fd_ju_ticks": 9,
    "max_zb_times": 1,
    "stagnation_kline_ticks": 20,
    "decline_kline_ticks": 41,
    "yang_yin_threshold": 0.02988014129331741,
    "stagnation_n": 25,
    "stagnation_volume_ratio_threshold": 33.213786568938545,
    "stagnation_ratio_threshold": 781,
    "decline_volume_ratio_threshold": 89.6525794749926,
    "max_rebounds": 1,
    "decline_ratio_threshold": 1100,
    "flxd_ticks": 341,
    "flzz_ticks": 272,
    "use_simiple_kline_strategy_flxd": true,
    "use_simiple_kline_strategy_flzz": true,
    "flzz_use_smooth_price": true,
    "flzz_zf_thresh": -0.030176406224467586,
    "kline_sell_flxd_zy": true,
    "kline_sell_flxd_zs": false,
    "kline_sell_flzz_zs": false,
    "kline_sell_flzz_zy": true,
    "last_open_price_hc_pct": 0.00519919342403034,
    "open_price_max_hc": -0.02417142858626366,
    "loss_per_step_tick_gap": 1,
    "loss_cold_start_steps": 0,
    "loss_max_abserve_tick_steps": 377,
    "loss_max_abserce_avg_price_down_steps": 4,
    "loss_dynamic_hc_stop_profit_thres": 4.990008315334602,
    "loss_last_close_price_hc_pct": -0.0732777604971415,
    "loss_last_open_price_hc_pct": -0.0747934874385715,
    "loss_open_price_max_hc": -0.1,
    "loss_down_open_sell_wait_time": true,
    "down_open_sell_wait_time": true,
    "day_zy_line": 0.03481043097377438,
    "day_zs_line": -0.05048227507703026,
    "sell_afternoon": false,
    "sell_half_afternoon": true,
    "sell_max_days": 3,
    "stop_profit_pct": 0.0,
    "static_hc_stop_profit_pct": 1.0,
    "loss_static_hc_stop_profit_pct": 1.0
  },
  "timestamp": "2025-09-06T10:31:29.194060",
  "individual": [
    18.382526981544455,
    22.939612866594775,
    284.65327045887335,
    2.6179511502111685,
    -0.06673342501322374,
    1.4797871861880822,
    -0.007484663136536662,
    0.5548606781658404,
    0.011135294977820445,
    89500664.45946595,
    0.367958247554084,
    9.009368666486449,
    1.0137729334847494,
    19.598441526250006,
    40.58971303145246,
    0.02988014129331741,
    24.526101689945026,
    33.213786568938545,
    780.8354917341785,
    89.6525794749926,
    0.9458267300525136,
    1099.5616364226707,
    340.67659952661234,
    272.0489446169554,
    1,
    1,
    1,
    -0.030176406224467586,
    1,
    0,
    0,
    1,
    0.00519919342403034,
    -0.02417142858626366,
    1.281202824543024,
    0.01964260005813423,
    377.1094611960017,
    4.229640164407087,
    4.990008315334602,
    -0.0732777604971415,
    -0.0747934874385715,
    -0.1,
    1,
    1,
    0.03481043097377438,
    -0.05048227507703026,
    0,
    1,
    3.0978965422013305
  ],
  "max_drawdown_threshold": 0.25,
  "strategy_name": "\u9ad8\u5f3a\u4e2d\u4f4e\u5f00\u4f4e\u5438\u524d2"
}