{
  "generation": 80,
  "fitness": 7.384271927649879,
  "total_return": 74.64976000000003,
  "max_drawdown": 0.20894260438961965,
  "sharpe_ratio": 7.295979301024975,
  "params": {
    "per_step_tick_gap": 18,
    "cold_start_steps": 30,
    "max_abserve_tick_steps": 285,
    "max_abserce_avg_price_down_steps": 3,
    "stop_profit_open_hc_pct": -0.04767692559942782,
    "dynamic_hc_stop_profit_thres": 1.3565447038338223,
    "last_close_price_hc_pct": -0.00635881658854686,
    "last_day_sell_thres": 0.4643127610727016,
    "last_day_sell_huiche": 0.010327357536009506,
    "fd_mount": 74958906,
    "fd_vol_pct": 0.341767930992964,
    "fd_ju_ticks": 5,
    "max_zb_times": 1,
    "stagnation_kline_ticks": 20,
    "decline_kline_ticks": 42,
    "yang_yin_threshold": 0.03,
    "stagnation_n": 22,
    "stagnation_volume_ratio_threshold": 29.86344608433772,
    "stagnation_ratio_threshold": 485,
    "decline_volume_ratio_threshold": 88.32715640686541,
    "max_rebounds": 1,
    "decline_ratio_threshold": 1065,
    "flxd_ticks": 297,
    "flzz_ticks": 269,
    "use_simiple_kline_strategy_flxd": true,
    "use_simiple_kline_strategy_flzz": true,
    "flzz_use_smooth_price": true,
    "flzz_zf_thresh": -0.03207772700586535,
    "kline_sell_flxd_zy": true,
    "kline_sell_flxd_zs": false,
    "kline_sell_flzz_zs": false,
    "kline_sell_flzz_zy": true,
    "last_open_price_hc_pct": 0.007697920238817157,
    "open_price_max_hc": -0.022606988104385918,
    "loss_per_step_tick_gap": 1,
    "loss_cold_start_steps": 0,
    "loss_max_abserve_tick_steps": 403,
    "loss_max_abserce_avg_price_down_steps": 5,
    "loss_dynamic_hc_stop_profit_thres": 5.129873990114781,
    "loss_last_close_price_hc_pct": -0.07093012362168101,
    "loss_last_open_price_hc_pct": -0.07357223986679796,
    "loss_open_price_max_hc": -0.0744759344939939,
    "loss_down_open_sell_wait_time": true,
    "down_open_sell_wait_time": true,
    "day_zy_line": 0.03477993453207651,
    "day_zs_line": -0.05041412314550616,
    "sell_afternoon": false,
    "sell_half_afternoon": true,
    "sell_max_days": 3,
    "stop_profit_pct": 0.0,
    "static_hc_stop_profit_pct": 1.0,
    "loss_static_hc_stop_profit_pct": 1.0
  },
  "timestamp": "2025-09-06T10:34:58.350920",
  "individual": [
    17.856244420829896,
    30.457771575813467,
    284.9259279468334,
    3.0772201279765707,
    -0.04767692559942782,
    1.3565447038338223,
    -0.00635881658854686,
    0.4643127610727016,
    0.010327357536009506,
    74958905.74908105,
    0.341767930992964,
    5.120577029953085,
    1.0,
    19.531504387826477,
    42.04234319792319,
    0.03,
    22.125334764557017,
    29.86344608433772,
    485.4584098073233,
    88.32715640686541,
    1.2399572016060345,
    1064.9073246286414,
    296.79438885154616,
    268.6091951835063,
    1,
    1,
    1,
    -0.03207772700586535,
    1,
    0,
    0,
    1,
    0.007697920238817157,
    -0.022606988104385918,
    1.242122759016008,
    0.013334707257461074,
    403.0767184881928,
    4.800289908559479,
    5.129873990114781,
    -0.07093012362168101,
    -0.07357223986679796,
    -0.0744759344939939,
    1,
    1,
    0.03477993453207651,
    -0.05041412314550616,
    0,
    1,
    3.102099820531449
  ],
  "max_drawdown_threshold": 0.25,
  "strategy_name": "\u9ad8\u5f3a\u4e2d\u4f4e\u5f00\u4f4e\u5438\u524d2"
}