{
  "generation": 100,
  "fitness": 7.394709453513237,
  "total_return": 74.92095500000003,
  "max_drawdown": 0.20893857204193675,
  "sharpe_ratio": 7.300713615757951,
  "params": {
    "per_step_tick_gap": 18,
    "cold_start_steps": 19,
    "max_abserve_tick_steps": 257,
    "max_abserce_avg_price_down_steps": 2,
    "stop_profit_open_hc_pct": -0.0954016636803164,
    "dynamic_hc_stop_profit_thres": 1.4033445931059114,
    "last_close_price_hc_pct": -0.006970199260917341,
    "last_day_sell_thres": 0.5852858298032693,
    "last_day_sell_huiche": 0.005688735743959377,
    "fd_mount": 83065253,
    "fd_vol_pct": 0.75,
    "fd_ju_ticks": 7,
    "max_zb_times": 1,
    "stagnation_kline_ticks": 20,
    "decline_kline_ticks": 41,
    "yang_yin_threshold": 0.02997005256724264,
    "stagnation_n": 22,
    "stagnation_volume_ratio_threshold": 29.505375484130425,
    "stagnation_ratio_threshold": 486,
    "decline_volume_ratio_threshold": 88.7966203463884,
    "max_rebounds": 1,
    "decline_ratio_threshold": 490,
    "flxd_ticks": 292,
    "flzz_ticks": 269,
    "use_simiple_kline_strategy_flxd": true,
    "use_simiple_kline_strategy_flzz": true,
    "flzz_use_smooth_price": true,
    "flzz_zf_thresh": -0.03164656733983446,
    "kline_sell_flxd_zy": true,
    "kline_sell_flxd_zs": false,
    "kline_sell_flzz_zs": false,
    "kline_sell_flzz_zy": true,
    "last_open_price_hc_pct": 0.008113894888009376,
    "open_price_max_hc": -0.022650772127964545,
    "loss_per_step_tick_gap": 1,
    "loss_cold_start_steps": 0,
    "loss_max_abserve_tick_steps": 405,
    "loss_max_abserce_avg_price_down_steps": 5,
    "loss_dynamic_hc_stop_profit_thres": 4.730986474095542,
    "loss_last_close_price_hc_pct": -0.07198903238868246,
    "loss_last_open_price_hc_pct": -0.07644024983201232,
    "loss_open_price_max_hc": -0.07462120883705499,
    "loss_down_open_sell_wait_time": true,
    "down_open_sell_wait_time": true,
    "day_zy_line": 0.034822129683283916,
    "day_zs_line": -0.05040681269870101,
    "sell_afternoon": false,
    "sell_half_afternoon": true,
    "sell_max_days": 3,
    "stop_profit_pct": 0.0,
    "static_hc_stop_profit_pct": 1.0,
    "loss_static_hc_stop_profit_pct": 1.0
  },
  "timestamp": "2025-09-06T10:38:28.611787",
  "individual": [
    18.256889719304482,
    19.32284278456094,
    257.03942471198417,
    2.0187940355743423,
    -0.0954016636803164,
    1.4033445931059114,
    -0.006970199260917341,
    0.5852858298032693,
    0.005688735743959377,
    83065253.11648333,
    0.75,
    6.67713251120309,
    1.0,
    19.63207002223821,
    41.1509731211248,
    0.02997005256724264,
    22.01539981234518,
    29.505375484130425,
    486.10446814999466,
    88.7966203463884,
    1.2085553846832866,
    489.9850046597655,
    292.45493681699685,
    268.5805617634378,
    1,
    1,
    1,
    -0.03164656733983446,
    1,
    0,
    0,
    1,
    0.008113894888009376,
    -0.022650772127964545,
    1.236468811135299,
    0.03829705947135642,
    404.77073823869705,
    5.10528342682381,
    4.730986474095542,
    -0.07198903238868246,
    -0.07644024983201232,
    -0.07462120883705499,
    1,
    1,
    0.034822129683283916,
    -0.05040681269870101,
    0,
    1,
    3.1184811134288273
  ],
  "max_drawdown_threshold": 0.25,
  "strategy_name": "\u9ad8\u5f3a\u4e2d\u4f4e\u5f00\u4f4e\u5438\u524d2"
}