{
  "generation": 20,
  "fitness": 520.2537415782382,
  "params": {
    "remaining_buy_down_min_pct": 0.0,
    "max_strategy_down_pct": 3.163154509072502,
    "base_buy_gap_ticks": 121,
    "base_buy_down_min_pct": -0.05,
    "base_buy_times": 5,
    "base_max_buy_ticks": 27,
    "max_buy_ticks": 836,
    "base_budget_pct": 0.9908355447308677
  },
  "stats": {
    "total_return_rate": 124.90961,
    "trade_days": 184,
    "total_days": 184,
    "trade_day_ratio": 1.0,
    "win_rate": 0.5217391304347826,
    "max_drawdown": 0.28403215925196995,
    "drawdown_start": 43,
    "drawdown_end": 57,
    "avg_daily_ratio": 0.9764041038822517,
    "avg_daily_real_return": 0.03086442824786638,
    "avg_daily_budget_return": 0.03310415691151049,
    "final_budget": 25181922.0,
    "base_budget_total_return_rate": 126.010575,
    "remaining_budget_total_return_rate": -1.1009649999999995,
    "base_budget_total_return": 25202115.0,
    "remaining_budget_total_return": -220192.9999999999,
    "total_trade_count": 814,
    "avg_trade_count": 4.423913043478261,
    "avg_trade_ratio": 0.9764041038822517,
    "fitness": 520.2537415782382
  },
  "timestamp": "2025-09-14T14:17:24.231446",
  "individual": [
    -0.021391585260714566,
    3.163154509072502,
    121.40250293734576,
    -0.050086960376167076,
    5.0,
    27.402872940043554,
    835.8450868471577,
    0.9908355447308677
  ]
}