{
  "generation": 10,
  "fitness": 484.5936076330493,
  "params": {
    "remaining_buy_down_min_pct": 0,
    "max_strategy_down_pct": 5.520326504256893,
    "base_buy_gap_ticks": 121,
    "base_buy_down_min_pct": -0.05,
    "base_buy_times": 5,
    "base_max_buy_ticks": 26,
    "max_buy_ticks": 678,
    "base_budget_pct": 1
  },
  "stats": {
    "total_return_rate": 126.53133999999996,
    "trade_days": 184,
    "total_days": 184,
    "trade_day_ratio": 1.0,
    "win_rate": 0.5217391304347826,
    "max_drawdown": 0.28776370871478674,
    "drawdown_start": 43,
    "drawdown_end": 57,
    "avg_daily_ratio": 0.981301676351866,
    "avg_daily_real_return": 0.030979375150311465,
    "avg_daily_budget_return": 0.03298517816801946,
    "final_budget": 25506267.999999993,
    "base_budget_total_return_rate": 126.53133999999996,
    "remaining_budget_total_return_rate": 0.0,
    "base_budget_total_return": 25306267.999999993,
    "remaining_budget_total_return": 0,
    "total_trade_count": 572,
    "avg_trade_count": 3.108695652173913,
    "avg_trade_ratio": 0.981301676351866,
    "fitness": 484.5936076330493
  },
  "timestamp": "2025-09-14T14:02:35.183068",
  "individual": [
    0,
    5.520326504256893,
    121.05823486865731,
    -0.05,
    5.0,
    25.585911076633728,
    678,
    1
  ]
}