{
  "generation": 30,
  "fitness": 522.8103914230687,
  "params": {
    "remaining_buy_down_min_pct": 0.0,
    "max_strategy_down_pct": 4.049617586903799,
    "base_buy_gap_ticks": 121,
    "base_buy_down_min_pct": -0.05,
    "base_buy_times": 5,
    "base_max_buy_ticks": 27,
    "max_buy_ticks": 1020,
    "base_budget_pct": 0.9908728113507272
  },
  "stats": {
    "total_return_rate": 124.685505,
    "trade_days": 184,
    "total_days": 184,
    "trade_day_ratio": 1.0,
    "win_rate": 0.5217391304347826,
    "max_drawdown": 0.28390932375748035,
    "drawdown_start": 43,
    "drawdown_end": 57,
    "avg_daily_ratio": 0.9759915588088157,
    "avg_daily_real_return": 0.030851708160101667,
    "avg_daily_budget_return": 0.03310257928225179,
    "final_budget": 25137101.0,
    "base_budget_total_return_rate": 125.893205,
    "remaining_budget_total_return_rate": -1.2077,
    "base_budget_total_return": 25178641.0,
    "remaining_budget_total_return": -241540.0,
    "total_trade_count": 841,
    "avg_trade_count": 4.570652173913044,
    "avg_trade_ratio": 0.9759915588088157,
    "fitness": 522.8103914230687
  },
  "timestamp": "2025-09-14T15:02:58.924649",
  "individual": [
    -0.019689961509021862,
    4.049617586903799,
    121.20176199552601,
    -0.05005579196234872,
    5.0,
    27.398700846380198,
    1019.660067684807,
    0.9908728113507272
  ]
}