{
  "generation": 100,
  "fitness": 3.094386076593982,
  "total_return": 85.12827000000001,
  "max_drawdown": 0.29711313849174054,
  "sharpe_ratio": 4.811790633430642,
  "params": {
    "per_step_tick_gap": 24,
    "cold_start_steps": 49,
    "max_abserve_tick_steps": 436,
    "max_abserce_avg_price_down_steps": 3,
    "stop_profit_open_hc_pct": -0.13274153569944933,
    "dynamic_hc_stop_profit_thres": 7.925754002269244,
    "last_close_price_hc_pct": -0.013786159562448852,
    "last_day_sell_thres": 0.9851942596789524,
    "last_day_sell_huiche": 0.003649573860012221,
    "fd_mount": 94617709,
    "fd_vol_pct": 0.4769887975051387,
    "fd_ju_ticks": 1,
    "max_zb_times": 1,
    "stagnation_kline_ticks": 21,
    "decline_kline_ticks": 29,
    "yang_yin_threshold": 0.006042691592747592,
    "stagnation_n": 25,
    "stagnation_volume_ratio_threshold": 77.62299901782211,
    "stagnation_ratio_threshold": 163,
    "decline_volume_ratio_threshold": 92.02601591022822,
    "max_rebounds": 12,
    "decline_ratio_threshold": 991,
    "flxd_ticks": 355,
    "flzz_ticks": 1346,
    "use_simiple_kline_strategy_flxd": false,
    "use_simiple_kline_strategy_flzz": true,
    "flzz_use_smooth_price": true,
    "flzz_zf_thresh": 0.01656940957348642,
    "kline_sell_flxd_zy": true,
    "kline_sell_flxd_zs": true,
    "kline_sell_flzz_zs": true,
    "kline_sell_flzz_zy": true,
    "last_open_price_hc_pct": -0.041691603477565856,
    "open_price_max_hc": -0.0262087109328227,
    "loss_per_step_tick_gap": 5,
    "loss_cold_start_steps": 5,
    "loss_max_abserve_tick_steps": 86,
    "loss_max_abserce_avg_price_down_steps": 9,
    "loss_dynamic_hc_stop_profit_thres": 0.8217091086793546,
    "loss_last_close_price_hc_pct": -0.03450477008206765,
    "loss_last_open_price_hc_pct": -0.04102168935971301,
    "loss_open_price_max_hc": -0.05683891846704796,
    "loss_down_open_sell_wait_time": false,
    "down_open_sell_wait_time": true,
    "day_zy_line": 0.0,
    "day_zs_line": -0.019964532779537313,
    "sell_afternoon": true,
    "sell_half_afternoon": false,
    "sell_max_days": 3,
    "stop_profit_pct": 0.0,
    "static_hc_stop_profit_pct": 1.0,
    "loss_static_hc_stop_profit_pct": 1.0
  },
  "timestamp": "2025-09-07T01:48:44.050484",
  "individual": [
    23.64822689985428,
    49.39505986805366,
    436.4876061376847,
    2.9565134792585797,
    -0.13274153569944933,
    7.925754002269244,
    -0.013786159562448852,
    0.9851942596789524,
    0.003649573860012221,
    94617709.49254027,
    0.4769887975051387,
    1.011630641109159,
    1.0000599221453057,
    21.13925850070223,
    29.145907377871477,
    0.006042691592747592,
    24.896996382010368,
    77.62299901782211,
    163.36326210652092,
    92.02601591022822,
    11.780396758813811,
    990.9767717037748,
    354.51133727717513,
    1345.9650431240457,
    0,
    1,
    1,
    0.01656940957348642,
    1,
    1,
    1,
    1,
    -0.041691603477565856,
    -0.0262087109328227,
    4.850939771436249,
    5.103257223788354,
    86.24652928380556,
    9.44989721549641,
    0.8217091086793546,
    -0.03450477008206765,
    -0.04102168935971301,
    -0.05683891846704796,
    0,
    1,
    0.0,
    -0.019964532779537313,
    1,
    0,
    3.0767888082854853
  ],
  "max_drawdown_threshold": 0.15,
  "strategy_name": "\u5012\u63a5\u529b4"
}