{
  "generation": 20,
  "fitness": 2.3968381966617653,
  "total_return": 47.32734,
  "max_drawdown": 0.30386165215158706,
  "sharpe_ratio": 4.465015120270929,
  "params": {
    "per_step_tick_gap": 5,
    "cold_start_steps": 21,
    "max_abserve_tick_steps": 809,
    "max_abserce_avg_price_down_steps": 9,
    "stop_profit_open_hc_pct": -0.07538651717720987,
    "dynamic_hc_stop_profit_thres": 4.428315053155571,
    "last_close_price_hc_pct": -0.010448151947940293,
    "last_day_sell_thres": 0.3919833198231104,
    "last_day_sell_huiche": 0.010651620198437153,
    "fd_mount": 150000000,
    "fd_vol_pct": 0.23376251859534525,
    "fd_ju_ticks": 27,
    "max_zb_times": 7,
    "stagnation_kline_ticks": 12,
    "decline_kline_ticks": 44,
    "yang_yin_threshold": 0.015133806599273582,
    "stagnation_n": 29,
    "stagnation_volume_ratio_threshold": 65.24270223450185,
    "stagnation_ratio_threshold": 15,
    "decline_volume_ratio_threshold": 85.67866232177118,
    "max_rebounds": 9,
    "decline_ratio_threshold": 747,
    "flxd_ticks": 69,
    "flzz_ticks": 1281,
    "use_simiple_kline_strategy_flxd": true,
    "use_simiple_kline_strategy_flzz": true,
    "flzz_use_smooth_price": true,
    "flzz_zf_thresh": 0.023813924727170255,
    "kline_sell_flxd_zy": false,
    "kline_sell_flxd_zs": false,
    "kline_sell_flzz_zs": true,
    "kline_sell_flzz_zy": true,
    "last_open_price_hc_pct": -0.04757662825103057,
    "open_price_max_hc": -0.003206974555707718,
    "loss_per_step_tick_gap": 2,
    "loss_cold_start_steps": 2,
    "loss_max_abserve_tick_steps": 74,
    "loss_max_abserce_avg_price_down_steps": 10,
    "loss_dynamic_hc_stop_profit_thres": 5.504804774394566,
    "loss_last_close_price_hc_pct": -0.022675888449379223,
    "loss_last_open_price_hc_pct": -0.06463160368319354,
    "loss_open_price_max_hc": -0.06488693920283638,
    "loss_down_open_sell_wait_time": false,
    "down_open_sell_wait_time": false,
    "day_zy_line": 0.0,
    "day_zs_line": -0.017371249988428948,
    "sell_afternoon": true,
    "sell_half_afternoon": true,
    "sell_max_days": 2,
    "stop_profit_pct": 0.0,
    "static_hc_stop_profit_pct": 1.0,
    "loss_static_hc_stop_profit_pct": 1.0
  },
  "timestamp": "2025-09-07T01:14:45.359522",
  "individual": [
    5.1845489842203065,
    20.70189992104708,
    808.7496372710393,
    9.476498065433558,
    -0.07538651717720987,
    4.428315053155571,
    -0.010448151947940293,
    0.3919833198231104,
    0.010651620198437153,
    150000000.0,
    0.23376251859534525,
    26.5534423686735,
    6.9434004324239,
    11.981799166654266,
    43.506652415125885,
    0.015133806599273582,
    29.14503913908333,
    65.24270223450185,
    15.0,
    85.67866232177118,
    9.189146829139721,
    747.4502259679875,
    69.11486716609551,
    1280.529035696019,
    1,
    1,
    1,
    0.023813924727170255,
    0,
    0,
    1,
    1,
    -0.04757662825103057,
    -0.003206974555707718,
    1.6456661737878362,
    1.9920623257232979,
    73.9483027137042,
    10.059643504479897,
    5.504804774394566,
    -0.022675888449379223,
    -0.06463160368319354,
    -0.06488693920283638,
    0,
    0,
    0.0,
    -0.017371249988428948,
    1,
    1,
    2.255728339436906
  ],
  "max_drawdown_threshold": 0.15,
  "strategy_name": "\u5012\u63a5\u529b4"
}