{
  "generation": 10,
  "fitness": 1.7649137873721688,
  "total_return": 30.686630000000005,
  "max_drawdown": 0.3263111788712047,
  "sharpe_ratio": 3.9591582813767303,
  "params": {
    "per_step_tick_gap": 25,
    "cold_start_steps": 15,
    "max_abserve_tick_steps": 780,
    "max_abserce_avg_price_down_steps": 11,
    "stop_profit_open_hc_pct": -0.15,
    "dynamic_hc_stop_profit_thres": 6.269948739924142,
    "last_close_price_hc_pct": -0.019795900937768,
    "last_day_sell_thres": 1.0,
    "last_day_sell_huiche": 0.008508732773632675,
    "fd_mount": 109377950,
    "fd_vol_pct": 0.48322800854175396,
    "fd_ju_ticks": 25,
    "max_zb_times": 1,
    "stagnation_kline_ticks": 19,
    "decline_kline_ticks": 33,
    "yang_yin_threshold": 0.0067703872099107235,
    "stagnation_n": 14,
    "stagnation_volume_ratio_threshold": 62.76459970907289,
    "stagnation_ratio_threshold": 83,
    "decline_volume_ratio_threshold": 88.6504539504486,
    "max_rebounds": 9,
    "decline_ratio_threshold": 901,
    "flxd_ticks": 329,
    "flzz_ticks": 1254,
    "use_simiple_kline_strategy_flxd": false,
    "use_simiple_kline_strategy_flzz": true,
    "flzz_use_smooth_price": true,
    "flzz_zf_thresh": 0.020062431257767455,
    "kline_sell_flxd_zy": false,
    "kline_sell_flxd_zs": true,
    "kline_sell_flzz_zs": false,
    "kline_sell_flzz_zy": true,
    "last_open_price_hc_pct": -0.04190732917027026,
    "open_price_max_hc": -0.014864581469983713,
    "loss_per_step_tick_gap": 5,
    "loss_cold_start_steps": 13,
    "loss_max_abserve_tick_steps": 136,
    "loss_max_abserce_avg_price_down_steps": 7,
    "loss_dynamic_hc_stop_profit_thres": 3.2700752810643574,
    "loss_last_close_price_hc_pct": -0.053358294069171995,
    "loss_last_open_price_hc_pct": 0.0027492058167432705,
    "loss_open_price_max_hc": -0.05017151094271659,
    "loss_down_open_sell_wait_time": false,
    "down_open_sell_wait_time": true,
    "day_zy_line": 0.0,
    "day_zs_line": -0.0280235315508723,
    "sell_afternoon": true,
    "sell_half_afternoon": false,
    "sell_max_days": 2,
    "stop_profit_pct": 0.0,
    "static_hc_stop_profit_pct": 1.0,
    "loss_static_hc_stop_profit_pct": 1.0
  },
  "timestamp": "2025-09-07T01:10:48.638479",
  "individual": [
    25.0,
    14.961401949115313,
    780.0082323650139,
    11.399585104873504,
    -0.15,
    6.269948739924142,
    -0.019795900937768,
    1.0,
    0.008508732773632675,
    109377949.6509016,
    0.48322800854175396,
    25.490797367574004,
    1.0,
    19.089280566790656,
    32.58514114391737,
    0.0067703872099107235,
    14.32893018307471,
    62.76459970907289,
    82.77218076965285,
    88.6504539504486,
    8.801643204055836,
    900.9390266609784,
    328.52872231666436,
    1254.2829206291055,
    0,
    1,
    1,
    0.020062431257767455,
    0,
    1,
    0,
    1,
    -0.04190732917027026,
    -0.014864581469983713,
    5.422468344653424,
    13.228041831477999,
    136.3653123525316,
    7.132929031821258,
    3.2700752810643574,
    -0.053358294069171995,
    0.0027492058167432705,
    -0.05017151094271659,
    0,
    1,
    0.0,
    -0.0280235315508723,
    1,
    0,
    1.6408380239159932
  ],
  "max_drawdown_threshold": 0.15,
  "strategy_name": "\u5012\u63a5\u529b4"
}