{
  "generation": 50,
  "fitness": 2.918900934029325,
  "total_return": 73.720615,
  "max_drawdown": 0.298031960775412,
  "sharpe_ratio": 4.72703880981074,
  "params": {
    "per_step_tick_gap": 24,
    "cold_start_steps": 50,
    "max_abserve_tick_steps": 492,
    "max_abserce_avg_price_down_steps": 3,
    "stop_profit_open_hc_pct": -0.13839437439546592,
    "dynamic_hc_stop_profit_thres": 4.0018600144586145,
    "last_close_price_hc_pct": -0.031849993820146534,
    "last_day_sell_thres": 1.0,
    "last_day_sell_huiche": 0.008297339835116161,
    "fd_mount": 97650312,
    "fd_vol_pct": 0.2905858802117944,
    "fd_ju_ticks": 6,
    "max_zb_times": 1,
    "stagnation_kline_ticks": 21,
    "decline_kline_ticks": 29,
    "yang_yin_threshold": 0.0038744251725075507,
    "stagnation_n": 26,
    "stagnation_volume_ratio_threshold": 77.54029766187318,
    "stagnation_ratio_threshold": 137,
    "decline_volume_ratio_threshold": 92.74320884682723,
    "max_rebounds": 8,
    "decline_ratio_threshold": 941,
    "flxd_ticks": 327,
    "flzz_ticks": 1386,
    "use_simiple_kline_strategy_flxd": true,
    "use_simiple_kline_strategy_flzz": true,
    "flzz_use_smooth_price": true,
    "flzz_zf_thresh": 0.015529366653338691,
    "kline_sell_flxd_zy": false,
    "kline_sell_flxd_zs": true,
    "kline_sell_flzz_zs": true,
    "kline_sell_flzz_zy": true,
    "last_open_price_hc_pct": -0.043555628017607664,
    "open_price_max_hc": -0.02333226382817763,
    "loss_per_step_tick_gap": 3,
    "loss_cold_start_steps": 5,
    "loss_max_abserve_tick_steps": 80,
    "loss_max_abserce_avg_price_down_steps": 15,
    "loss_dynamic_hc_stop_profit_thres": 3.1323842249689315,
    "loss_last_close_price_hc_pct": -0.0356966507742298,
    "loss_last_open_price_hc_pct": -0.03971027136981368,
    "loss_open_price_max_hc": -0.05657571794151246,
    "loss_down_open_sell_wait_time": false,
    "down_open_sell_wait_time": true,
    "day_zy_line": 0.0,
    "day_zs_line": -0.019872481305710864,
    "sell_afternoon": true,
    "sell_half_afternoon": false,
    "sell_max_days": 2,
    "stop_profit_pct": 0.0,
    "static_hc_stop_profit_pct": 1.0,
    "loss_static_hc_stop_profit_pct": 1.0
  },
  "timestamp": "2025-09-07T01:27:51.653867",
  "individual": [
    24.362998933146507,
    49.862724477085806,
    492.2152578228195,
    2.633195612107952,
    -0.13839437439546592,
    4.0018600144586145,
    -0.031849993820146534,
    1.0,
    0.008297339835116161,
    97650312.19410892,
    0.2905858802117944,
    5.546240724417908,
    1.0,
    21.177112969767265,
    29.247829273700088,
    0.0038744251725075507,
    26.050829883873266,
    77.54029766187318,
    137.2456910569839,
    92.74320884682723,
    7.886501245712637,
    940.8737685957612,
    326.5005974225658,
    1386.1120801604882,
    1,
    1,
    1,
    0.015529366653338691,
    0,
    1,
    1,
    1,
    -0.043555628017607664,
    -0.02333226382817763,
    2.7299188217067947,
    5.200234695489014,
    80.12857567225726,
    14.700526282426852,
    3.1323842249689315,
    -0.0356966507742298,
    -0.03971027136981368,
    -0.05657571794151246,
    0,
    1,
    0.0,
    -0.019872481305710864,
    1,
    0,
    1.7386497226297055
  ],
  "max_drawdown_threshold": 0.15,
  "strategy_name": "\u5012\u63a5\u529b4"
}