{
  "generation": 70,
  "fitness": 3.028991661201305,
  "total_return": 82.348675,
  "max_drawdown": 0.2986439983377922,
  "sharpe_ratio": 4.782583318429403,
  "params": {
    "per_step_tick_gap": 24,
    "cold_start_steps": 50,
    "max_abserve_tick_steps": 431,
    "max_abserce_avg_price_down_steps": 3,
    "stop_profit_open_hc_pct": -0.14024066084990722,
    "dynamic_hc_stop_profit_thres": 2.544592178461211,
    "last_close_price_hc_pct": -0.014329558612700487,
    "last_day_sell_thres": 0.9985995521848464,
    "last_day_sell_huiche": 0.005297474238452013,
    "fd_mount": 94318817,
    "fd_vol_pct": 0.5514434458654014,
    "fd_ju_ticks": 1,
    "max_zb_times": 1,
    "stagnation_kline_ticks": 21,
    "decline_kline_ticks": 29,
    "yang_yin_threshold": 0.0066153016589553465,
    "stagnation_n": 25,
    "stagnation_volume_ratio_threshold": 77.59742007844447,
    "stagnation_ratio_threshold": 164,
    "decline_volume_ratio_threshold": 92.92923851006847,
    "max_rebounds": 10,
    "decline_ratio_threshold": 972,
    "flxd_ticks": 302,
    "flzz_ticks": 1341,
    "use_simiple_kline_strategy_flxd": false,
    "use_simiple_kline_strategy_flzz": true,
    "flzz_use_smooth_price": true,
    "flzz_zf_thresh": 0.015279480135046122,
    "kline_sell_flxd_zy": false,
    "kline_sell_flxd_zs": true,
    "kline_sell_flzz_zs": true,
    "kline_sell_flzz_zy": true,
    "last_open_price_hc_pct": -0.041777338874932304,
    "open_price_max_hc": -0.025544549962278784,
    "loss_per_step_tick_gap": 5,
    "loss_cold_start_steps": 5,
    "loss_max_abserve_tick_steps": 79,
    "loss_max_abserce_avg_price_down_steps": 10,
    "loss_dynamic_hc_stop_profit_thres": 3.1922830887995257,
    "loss_last_close_price_hc_pct": -0.03832675265011671,
    "loss_last_open_price_hc_pct": -0.05313070320193467,
    "loss_open_price_max_hc": -0.0567228128821855,
    "loss_down_open_sell_wait_time": false,
    "down_open_sell_wait_time": true,
    "day_zy_line": 0.0,
    "day_zs_line": -0.01995168907381424,
    "sell_afternoon": true,
    "sell_half_afternoon": false,
    "sell_max_days": 3,
    "stop_profit_pct": 0.0,
    "static_hc_stop_profit_pct": 1.0,
    "loss_static_hc_stop_profit_pct": 1.0
  },
  "timestamp": "2025-09-07T01:36:10.876871",
  "individual": [
    23.843353532214017,
    49.675011444641136,
    430.6287884485995,
    2.820570210260094,
    -0.14024066084990722,
    2.544592178461211,
    -0.014329558612700487,
    0.9985995521848464,
    0.005297474238452013,
    94318817.14115046,
    0.5514434458654014,
    1.0,
    1.00050793822728,
    21.158072771081684,
    28.571768710580066,
    0.0066153016589553465,
    24.834518033255094,
    77.59742007844447,
    163.62533948374093,
    92.92923851006847,
    10.040131046934874,
    972.1373420189923,
    301.55216072956404,
    1340.8890054013696,
    0,
    1,
    1,
    0.015279480135046122,
    0,
    1,
    1,
    1,
    -0.041777338874932304,
    -0.025544549962278784,
    4.73149492383499,
    4.875330924266913,
    79.1316872206703,
    9.706525681690188,
    3.1922830887995257,
    -0.03832675265011671,
    -0.05313070320193467,
    -0.0567228128821855,
    0,
    1,
    0.0,
    -0.01995168907381424,
    1,
    0,
    2.798464152574518
  ],
  "max_drawdown_threshold": 0.15,
  "strategy_name": "\u5012\u63a5\u529b4"
}