{
  "generation": 70,
  "fitness": 2.164876469114568,
  "total_return": 5.287895000000004,
  "max_drawdown": 0.18487306361025785,
  "sharpe_ratio": 4.112619085203062,
  "params": {
    "per_step_tick_gap": 23,
    "cold_start_steps": 36,
    "max_abserve_tick_steps": 954,
    "max_abserce_avg_price_down_steps": 12,
    "stop_profit_open_hc_pct": -0.04236233596507685,
    "dynamic_hc_stop_profit_thres": 1.0159301708824886,
    "last_close_price_hc_pct": -0.013396911736988159,
    "last_day_sell_thres": 0.929341619259237,
    "last_day_sell_huiche": 0.006231633213499626,
    "fd_mount": 128332375,
    "fd_vol_pct": 0.6358860345521473,
    "fd_ju_ticks": 49,
    "max_zb_times": 29,
    "stagnation_kline_ticks": 15,
    "decline_kline_ticks": 48,
    "yang_yin_threshold": 0.028018431190797513,
    "stagnation_n": 25,
    "stagnation_volume_ratio_threshold": 34.24907042150487,
    "stagnation_ratio_threshold": 15,
    "decline_volume_ratio_threshold": 37.21264363628455,
    "max_rebounds": 7,
    "decline_ratio_threshold": 626,
    "flxd_ticks": 256,
    "flzz_ticks": 100,
    "use_simiple_kline_strategy_flxd": true,
    "use_simiple_kline_strategy_flzz": true,
    "flzz_use_smooth_price": false,
    "flzz_zf_thresh": 0.02705021259129414,
    "kline_sell_flxd_zy": false,
    "kline_sell_flxd_zs": true,
    "kline_sell_flzz_zs": false,
    "kline_sell_flzz_zy": true,
    "last_open_price_hc_pct": -0.07858128831212591,
    "open_price_max_hc": -0.08096875369788747,
    "loss_per_step_tick_gap": 23,
    "loss_cold_start_steps": 0,
    "loss_max_abserve_tick_steps": 478,
    "loss_max_abserce_avg_price_down_steps": 1,
    "loss_dynamic_hc_stop_profit_thres": 0.010345264692506347,
    "loss_last_close_price_hc_pct": -0.024725862033185903,
    "loss_last_open_price_hc_pct": -0.08,
    "loss_open_price_max_hc": -0.08090022223245329,
    "loss_down_open_sell_wait_time": false,
    "down_open_sell_wait_time": false,
    "day_zy_line": 0.0,
    "day_zs_line": -0.0756440475179405,
    "sell_afternoon": true,
    "sell_half_afternoon": true,
    "sell_max_days": 1,
    "stop_profit_pct": 0.0,
    "static_hc_stop_profit_pct": 1.0,
    "loss_static_hc_stop_profit_pct": 1.0
  },
  "timestamp": "2025-09-07T20:54:59.023485",
  "individual": [
    22.595891533082806,
    35.758144032159834,
    953.6840638073618,
    11.838655918553146,
    -0.04236233596507685,
    1.0159301708824886,
    -0.013396911736988159,
    0.929341619259237,
    0.006231633213499626,
    128332375.40868907,
    0.6358860345521473,
    48.87158206048196,
    29.279936171829668,
    15.002998717096396,
    47.78912678035069,
    0.028018431190797513,
    25.499282492497514,
    34.24907042150487,
    15.0,
    37.21264363628455,
    6.690360503405239,
    625.583194507811,
    256.20143868454124,
    100.23427118669463,
    1,
    1,
    0,
    0.02705021259129414,
    0,
    1,
    0,
    1,
    -0.07858128831212591,
    -0.08096875369788747,
    23.215260400571086,
    0,
    478.08711209463627,
    1.0196177033503215,
    0.010345264692506347,
    -0.024725862033185903,
    -0.08,
    -0.08090022223245329,
    0,
    0,
    0.0,
    -0.0756440475179405,
    1,
    1,
    1.0
  ],
  "max_drawdown_threshold": 0.15,
  "strategy_name": "\u542f\u52a8\u4f4e\u54387\u5929"
}