{
  "generation": 50,
  "fitness": 2.1216705086933105,
  "total_return": 5.060745,
  "max_drawdown": 0.18483661683773703,
  "sharpe_ratio": 4.040137735713917,
  "params": {
    "per_step_tick_gap": 22,
    "cold_start_steps": 39,
    "max_abserve_tick_steps": 954,
    "max_abserce_avg_price_down_steps": 12,
    "stop_profit_open_hc_pct": -0.036933854873255595,
    "dynamic_hc_stop_profit_thres": 1.1664431736887226,
    "last_close_price_hc_pct": -0.012706673583795812,
    "last_day_sell_thres": 0.8362301633487932,
    "last_day_sell_huiche": 0.007494099584102628,
    "fd_mount": 73424438,
    "fd_vol_pct": 0.6479312772869192,
    "fd_ju_ticks": 26,
    "max_zb_times": 22,
    "stagnation_kline_ticks": 15,
    "decline_kline_ticks": 50,
    "yang_yin_threshold": 0.02779747773832013,
    "stagnation_n": 10,
    "stagnation_volume_ratio_threshold": 32.4631461874398,
    "stagnation_ratio_threshold": 15,
    "decline_volume_ratio_threshold": 50.82868696281179,
    "max_rebounds": 5,
    "decline_ratio_threshold": 255,
    "flxd_ticks": 299,
    "flzz_ticks": 118,
    "use_simiple_kline_strategy_flxd": true,
    "use_simiple_kline_strategy_flzz": true,
    "flzz_use_smooth_price": false,
    "flzz_zf_thresh": 0.035456137808082114,
    "kline_sell_flxd_zy": true,
    "kline_sell_flxd_zs": true,
    "kline_sell_flzz_zs": false,
    "kline_sell_flzz_zy": true,
    "last_open_price_hc_pct": -0.04646948934806719,
    "open_price_max_hc": -0.08895689579548241,
    "loss_per_step_tick_gap": 23,
    "loss_cold_start_steps": 0,
    "loss_max_abserve_tick_steps": 500,
    "loss_max_abserce_avg_price_down_steps": 2,
    "loss_dynamic_hc_stop_profit_thres": 0.01029719447176283,
    "loss_last_close_price_hc_pct": -0.03741417112745646,
    "loss_last_open_price_hc_pct": -0.05590498263952603,
    "loss_open_price_max_hc": -0.0780989527762925,
    "loss_down_open_sell_wait_time": false,
    "down_open_sell_wait_time": false,
    "day_zy_line": 0.0,
    "day_zs_line": -0.07603280442855462,
    "sell_afternoon": false,
    "sell_half_afternoon": true,
    "sell_max_days": 1,
    "stop_profit_pct": 0.0,
    "static_hc_stop_profit_pct": 1.0,
    "loss_static_hc_stop_profit_pct": 1.0
  },
  "timestamp": "2025-09-07T20:45:37.957214",
  "individual": [
    21.663538684772433,
    39.35631272360335,
    954.1730782033695,
    12.006598629273359,
    -0.036933854873255595,
    1.1664431736887226,
    -0.012706673583795812,
    0.8362301633487932,
    0.007494099584102628,
    73424437.61115764,
    0.6479312772869192,
    25.845744710141723,
    22.313839505854855,
    14.953759809917749,
    49.99999999999999,
    0.02779747773832013,
    9.902456454646938,
    32.4631461874398,
    15.0,
    50.82868696281179,
    5.362575055480949,
    255.27389325901333,
    298.7019606113532,
    117.62433975939632,
    1,
    1,
    0,
    0.035456137808082114,
    1,
    1,
    0,
    1,
    -0.04646948934806719,
    -0.08895689579548241,
    23.124648718175326,
    0.33621508398793926,
    500.0,
    2.000760633004565,
    0.01029719447176283,
    -0.03741417112745646,
    -0.05590498263952603,
    -0.0780989527762925,
    0,
    0,
    0.0,
    -0.07603280442855462,
    0,
    1,
    1.1432025137801125
  ],
  "max_drawdown_threshold": 0.15,
  "strategy_name": "\u542f\u52a8\u4f4e\u54387\u5929"
}