{
  "generation": 60,
  "fitness": 2.154666267783444,
  "total_return": 5.232770000000004,
  "max_drawdown": 0.18488533628930093,
  "sharpe_ratio": 4.097657165354785,
  "params": {
    "per_step_tick_gap": 22,
    "cold_start_steps": 39,
    "max_abserve_tick_steps": 959,
    "max_abserce_avg_price_down_steps": 12,
    "stop_profit_open_hc_pct": -0.03886803973878006,
    "dynamic_hc_stop_profit_thres": 1.0772839517190445,
    "last_close_price_hc_pct": -0.013217462336886839,
    "last_day_sell_thres": 0.8667377983317296,
    "last_day_sell_huiche": 0.0075387521119093,
    "fd_mount": 99960495,
    "fd_vol_pct": 0.7326412472850412,
    "fd_ju_ticks": 44,
    "max_zb_times": 30,
    "stagnation_kline_ticks": 15,
    "decline_kline_ticks": 48,
    "yang_yin_threshold": 0.029411374229430822,
    "stagnation_n": 27,
    "stagnation_volume_ratio_threshold": 32.89848730127887,
    "stagnation_ratio_threshold": 15,
    "decline_volume_ratio_threshold": 40.100020690176656,
    "max_rebounds": 7,
    "decline_ratio_threshold": 15,
    "flxd_ticks": 341,
    "flzz_ticks": 101,
    "use_simiple_kline_strategy_flxd": true,
    "use_simiple_kline_strategy_flzz": true,
    "flzz_use_smooth_price": false,
    "flzz_zf_thresh": 0.0278589791278208,
    "kline_sell_flxd_zy": true,
    "kline_sell_flxd_zs": true,
    "kline_sell_flzz_zs": false,
    "kline_sell_flzz_zy": true,
    "last_open_price_hc_pct": -0.07946413255298099,
    "open_price_max_hc": -0.020961062271337545,
    "loss_per_step_tick_gap": 23,
    "loss_cold_start_steps": 0,
    "loss_max_abserve_tick_steps": 476,
    "loss_max_abserce_avg_price_down_steps": 2,
    "loss_dynamic_hc_stop_profit_thres": 0.010031398161621468,
    "loss_last_close_price_hc_pct": -0.08,
    "loss_last_open_price_hc_pct": -0.07959034055712381,
    "loss_open_price_max_hc": -0.08216243778772828,
    "loss_down_open_sell_wait_time": false,
    "down_open_sell_wait_time": false,
    "day_zy_line": 0.0,
    "day_zs_line": -0.07849916159427076,
    "sell_afternoon": false,
    "sell_half_afternoon": true,
    "sell_max_days": 1,
    "stop_profit_pct": 0.0,
    "static_hc_stop_profit_pct": 1.0,
    "loss_static_hc_stop_profit_pct": 1.0
  },
  "timestamp": "2025-09-07T20:50:20.519959",
  "individual": [
    21.77292910655817,
    38.52288032718127,
    958.8654606262048,
    11.596456666754708,
    -0.03886803973878006,
    1.0772839517190445,
    -0.013217462336886839,
    0.8667377983317296,
    0.0075387521119093,
    99960494.96085559,
    0.7326412472850412,
    43.96291340803994,
    30.0,
    15.065171061619019,
    48.44172854564053,
    0.029411374229430822,
    26.57755425448689,
    32.89848730127887,
    15.375857034671569,
    40.100020690176656,
    7.028516117058949,
    15.0,
    340.95878258538323,
    101.05146187359294,
    1,
    1,
    0,
    0.0278589791278208,
    1,
    1,
    0,
    1,
    -0.07946413255298099,
    -0.020961062271337545,
    22.954490466457187,
    0.0270670509115696,
    475.95356589922653,
    1.9932385325993471,
    0.010031398161621468,
    -0.08,
    -0.07959034055712381,
    -0.08216243778772828,
    0,
    0,
    0.0,
    -0.07849916159427076,
    0,
    1,
    1.0830767198725233
  ],
  "max_drawdown_threshold": 0.15,
  "strategy_name": "\u542f\u52a8\u4f4e\u54387\u5929"
}