{
  "generation": 20,
  "fitness": 1.9381665821341503,
  "total_return": 4.437255,
  "max_drawdown": 0.1908156524143865,
  "sharpe_ratio": 3.8644051562970043,
  "params": {
    "per_step_tick_gap": 21,
    "cold_start_steps": 45,
    "max_abserve_tick_steps": 961,
    "max_abserce_avg_price_down_steps": 13,
    "stop_profit_open_hc_pct": -0.09645890186414516,
    "dynamic_hc_stop_profit_thres": 1.900011137607958,
    "last_close_price_hc_pct": -0.016385683575744183,
    "last_day_sell_thres": 0.9047458783168931,
    "last_day_sell_huiche": 0.006988512416392249,
    "fd_mount": 150000000,
    "fd_vol_pct": 0.7187593101844484,
    "fd_ju_ticks": 50,
    "max_zb_times": 9,
    "stagnation_kline_ticks": 50,
    "decline_kline_ticks": 26,
    "yang_yin_threshold": 0.0293073787436858,
    "stagnation_n": 5,
    "stagnation_volume_ratio_threshold": 75.61866956307182,
    "stagnation_ratio_threshold": 768,
    "decline_volume_ratio_threshold": 24.1802704005269,
    "max_rebounds": 4,
    "decline_ratio_threshold": 75,
    "flxd_ticks": 246,
    "flzz_ticks": 347,
    "use_simiple_kline_strategy_flxd": true,
    "use_simiple_kline_strategy_flzz": true,
    "flzz_use_smooth_price": true,
    "flzz_zf_thresh": 0.028434449942466297,
    "kline_sell_flxd_zy": false,
    "kline_sell_flxd_zs": true,
    "kline_sell_flzz_zs": false,
    "kline_sell_flzz_zy": true,
    "last_open_price_hc_pct": -0.006245009908722822,
    "open_price_max_hc": -0.06448946892389659,
    "loss_per_step_tick_gap": 22,
    "loss_cold_start_steps": 2,
    "loss_max_abserve_tick_steps": 383,
    "loss_max_abserce_avg_price_down_steps": 7,
    "loss_dynamic_hc_stop_profit_thres": 0.01,
    "loss_last_close_price_hc_pct": -0.039861010245575555,
    "loss_last_open_price_hc_pct": -0.04657631625063438,
    "loss_open_price_max_hc": -0.06703316462180328,
    "loss_down_open_sell_wait_time": false,
    "down_open_sell_wait_time": false,
    "day_zy_line": 0.0,
    "day_zs_line": -0.07768985236563081,
    "sell_afternoon": false,
    "sell_half_afternoon": true,
    "sell_max_days": 1,
    "stop_profit_pct": 0.0,
    "static_hc_stop_profit_pct": 1.0,
    "loss_static_hc_stop_profit_pct": 1.0
  },
  "timestamp": "2025-09-07T20:30:40.520635",
  "individual": [
    20.821385950705643,
    44.568983000721346,
    961.336228825644,
    12.575400540705246,
    -0.09645890186414516,
    1.900011137607958,
    -0.016385683575744183,
    0.9047458783168931,
    0.006988512416392249,
    150000000.0,
    0.7187593101844484,
    50.0,
    8.589129001257637,
    50.0,
    25.56767007065711,
    0.0293073787436858,
    5.419846734898684,
    75.61866956307182,
    767.5392963062203,
    24.1802704005269,
    3.6209740803399395,
    74.51368721760312,
    246.13310755746988,
    346.89893538686715,
    1,
    1,
    1,
    0.028434449942466297,
    0,
    1,
    0,
    1,
    -0.006245009908722822,
    -0.06448946892389659,
    22.437057072983222,
    1.9579850074681542,
    382.87498732645383,
    6.840572796939282,
    0.01,
    -0.039861010245575555,
    -0.04657631625063438,
    -0.06703316462180328,
    0,
    0,
    0.0,
    -0.07768985236563081,
    0,
    1,
    1.0065353975838718
  ],
  "max_drawdown_threshold": 0.15,
  "strategy_name": "\u542f\u52a8\u4f4e\u54387\u5929"
}