{
  "generation": 50,
  "fitness": 3.6172709212514045,
  "total_return": 8.916369999999997,
  "max_drawdown": 0.18778176668032812,
  "sharpe_ratio": 6.8381736031459575,
  "params": {
    "per_step_tick_gap": 1,
    "cold_start_steps": 0,
    "max_abserve_tick_steps": 155,
    "max_abserce_avg_price_down_steps": 4,
    "stop_profit_open_hc_pct": -0.014520805136832102,
    "dynamic_hc_stop_profit_thres": 0.010473345897152948,
    "last_close_price_hc_pct": 0.009999999999999997,
    "last_day_sell_thres": 0.8163430394201174,
    "last_day_sell_huiche": 0.014557698450678861,
    "fd_mount": 102356247,
    "fd_vol_pct": 0.25346209891390664,
    "fd_ju_ticks": 43,
    "max_zb_times": 25,
    "stagnation_kline_ticks": 4,
    "decline_kline_ticks": 24,
    "yang_yin_threshold": 0.02768528390100784,
    "stagnation_n": 14,
    "stagnation_volume_ratio_threshold": 3.5856765498999783,
    "stagnation_ratio_threshold": 46,
    "decline_volume_ratio_threshold": 41.71531206520203,
    "max_rebounds": 3,
    "decline_ratio_threshold": 921,
    "flxd_ticks": 25,
    "flzz_ticks": 1139,
    "use_simiple_kline_strategy_flxd": true,
    "use_simiple_kline_strategy_flzz": true,
    "flzz_use_smooth_price": false,
    "flzz_zf_thresh": -0.0238007436891518,
    "kline_sell_flxd_zy": true,
    "kline_sell_flxd_zs": false,
    "kline_sell_flzz_zs": false,
    "kline_sell_flzz_zy": true,
    "last_open_price_hc_pct": 0.0069079899810073515,
    "open_price_max_hc": -0.0001305742023878058,
    "loss_per_step_tick_gap": 21,
    "loss_cold_start_steps": 2,
    "loss_max_abserve_tick_steps": 92,
    "loss_max_abserce_avg_price_down_steps": 9,
    "loss_dynamic_hc_stop_profit_thres": 3.446160254333491,
    "loss_last_close_price_hc_pct": -0.08,
    "loss_last_open_price_hc_pct": -0.03522454291235317,
    "loss_open_price_max_hc": -0.02968122111623727,
    "loss_down_open_sell_wait_time": false,
    "down_open_sell_wait_time": false,
    "day_zy_line": 0.08605803405298743,
    "day_zs_line": -0.6051514856152168,
    "sell_afternoon": false,
    "sell_half_afternoon": true,
    "sell_max_days": 3,
    "stop_profit_pct": 0.0,
    "static_hc_stop_profit_pct": 1.0,
    "loss_static_hc_stop_profit_pct": 1.0
  },
  "timestamp": "2025-09-06T17:33:57.549274",
  "individual": [
    1.0349382557399347,
    0.028840015447530426,
    155.0134866031346,
    4.284141472528894,
    -0.014520805136832102,
    0.010473345897152948,
    0.009999999999999997,
    0.8163430394201174,
    0.014557698450678861,
    102356247.13460703,
    0.25346209891390664,
    42.68917667667332,
    25.238579845364015,
    4.245768814110175,
    24.116213044838165,
    0.02768528390100784,
    14.009245555800875,
    3.5856765498999783,
    45.7535617679726,
    41.71531206520203,
    3.0382114733912204,
    921.2564588582319,
    25.18281190549006,
    1139.4423555859203,
    1,
    1,
    0,
    -0.0238007436891518,
    1,
    0,
    0,
    1,
    0.0069079899810073515,
    -0.0001305742023878058,
    21.299809937525346,
    1.81120427796011,
    92.38080805916907,
    9.08050151352403,
    3.446160254333491,
    -0.08,
    -0.03522454291235317,
    -0.02968122111623727,
    0,
    0,
    0.08605803405298743,
    -0.6051514856152168,
    0,
    1,
    2.731706541890306
  ],
  "max_drawdown_threshold": 0.25,
  "strategy_name": "\u4e2d\u4f4d\u5c0f\u4f4e\u5f00\u4f4e\u5438"
}