{
  "generation": 20,
  "fitness": 3.5792462907824896,
  "total_return": 8.692309999999997,
  "max_drawdown": 0.18775021723253763,
  "sharpe_ratio": 6.793102727252962,
  "params": {
    "per_step_tick_gap": 1,
    "cold_start_steps": 0,
    "max_abserve_tick_steps": 1000,
    "max_abserce_avg_price_down_steps": 1,
    "stop_profit_open_hc_pct": 0.0,
    "dynamic_hc_stop_profit_thres": 0.01,
    "last_close_price_hc_pct": 0.01,
    "last_day_sell_thres": 0.5731816448817726,
    "last_day_sell_huiche": 0.012900652525885528,
    "fd_mount": 89806160,
    "fd_vol_pct": 0.75,
    "fd_ju_ticks": 31,
    "max_zb_times": 21,
    "stagnation_kline_ticks": 3,
    "decline_kline_ticks": 26,
    "yang_yin_threshold": 0.005552882789019378,
    "stagnation_n": 13,
    "stagnation_volume_ratio_threshold": 1.9264857387577097,
    "stagnation_ratio_threshold": 15,
    "decline_volume_ratio_threshold": 56.649354290152786,
    "max_rebounds": 6,
    "decline_ratio_threshold": 1084,
    "flxd_ticks": 66,
    "flzz_ticks": 1263,
    "use_simiple_kline_strategy_flxd": true,
    "use_simiple_kline_strategy_flzz": true,
    "flzz_use_smooth_price": false,
    "flzz_zf_thresh": -0.0021698890330527094,
    "kline_sell_flxd_zy": false,
    "kline_sell_flxd_zs": true,
    "kline_sell_flzz_zs": true,
    "kline_sell_flzz_zy": true,
    "last_open_price_hc_pct": 0.01,
    "open_price_max_hc": -0.00021573740457453847,
    "loss_per_step_tick_gap": 13,
    "loss_cold_start_steps": 3,
    "loss_max_abserve_tick_steps": 420,
    "loss_max_abserce_avg_price_down_steps": 11,
    "loss_dynamic_hc_stop_profit_thres": 3.5774898727837163,
    "loss_last_close_price_hc_pct": -0.08,
    "loss_last_open_price_hc_pct": -0.03668734080824293,
    "loss_open_price_max_hc": -0.008816818603775159,
    "loss_down_open_sell_wait_time": false,
    "down_open_sell_wait_time": false,
    "day_zy_line": 0.08623581558960676,
    "day_zs_line": -0.8653521994153169,
    "sell_afternoon": false,
    "sell_half_afternoon": false,
    "sell_max_days": 3,
    "stop_profit_pct": 0.0,
    "static_hc_stop_profit_pct": 1.0,
    "loss_static_hc_stop_profit_pct": 1.0
  },
  "timestamp": "2025-09-06T17:33:35.530436",
  "individual": [
    1.0,
    0.19979917031217806,
    1000.0,
    1.4678843162600395,
    0.0,
    0.01,
    0.01,
    0.5731816448817726,
    0.012900652525885528,
    89806159.81296535,
    0.75,
    30.82371664538035,
    20.518032946526716,
    3.0,
    25.575172816064082,
    0.005552882789019378,
    12.645451577915335,
    1.9264857387577097,
    15.0,
    56.649354290152786,
    5.670620535570189,
    1084.3665611331962,
    66.46874021937106,
    1262.8510277337127,
    1,
    1,
    0,
    -0.0021698890330527094,
    0,
    1,
    1,
    1,
    0.01,
    -0.00021573740457453847,
    12.63494622055104,
    2.8765621705825195,
    419.6494132352697,
    11.422969881241295,
    3.5774898727837163,
    -0.08,
    -0.03668734080824293,
    -0.008816818603775159,
    0,
    0,
    0.08623581558960676,
    -0.8653521994153169,
    0,
    0,
    2.7148199821478376
  ],
  "max_drawdown_threshold": 0.25,
  "strategy_name": "\u4e2d\u4f4d\u5c0f\u4f4e\u5f00\u4f4e\u5438"
}