{
    "strategy": "小高开追涨",
    "generation": 10,
    "best_score": 0.023150621854124306,
    "best_params": {
        "ema_alpha": 0.1107452027542036,
        "kalman_q": 0.048346680136832826,
        "kalman_r": 0.0276619411774107,
        "sg_window": 18,
        "macd_fast": 2,
        "macd_slow_ratio": 2.133538462133652,
        "macd_signal": 2,
        "ema_fast": 12,
        "ema_slow_ratio": 2.0705332477740477,
        "volume_window": 8,
        "price_confirm_ticks": 9,
        "strength_confirm_ticks": 5,
        "strength_threshold": 0.3,
        "volume_weight": 1.0,
        "use_price_confirm": false,
        "use_strength_confirm": false,
        "dead_cross_threshold": 0.040588994623094996,
        "price_drop_threshold": 0.016526317744475317,
        "max_confirm_ticks": 17,
        "debug": false
    },
    "timestamp": "20250821_184017"
}