{
  "generation": 10,
  "fitness": 4.911151424131453,
  "total_return": 71.622545,
  "max_drawdown": 0.23642545229914538,
  "sharpe_ratio": 8.488718409023898,
  "params": {
    "per_step_tick_gap": 19,
    "cold_start_steps": 26,
    "max_abserve_tick_steps": 656,
    "max_abserce_avg_price_down_steps": 8,
    "stop_profit_open_hc_pct": -0.1348071256905166,
    "dynamic_hc_stop_profit_thres": 5.696958556101082,
    "last_close_price_hc_pct": -0.024286999058870575,
    "last_day_sell_thres": 0.40322580133341823,
    "last_day_sell_huiche": 0.009778581153423964,
    "fd_mount": 72551357,
    "fd_vol_pct": 0.6214678476770107,
    "fd_ju_ticks": 34,
    "max_zb_times": 1,
    "stagnation_kline_ticks": 46,
    "decline_kline_ticks": 38,
    "yang_yin_threshold": 0.008479197843011385,
    "stagnation_n": 10,
    "stagnation_volume_ratio_threshold": 20.715058494597457,
    "stagnation_ratio_threshold": 1239,
    "decline_volume_ratio_threshold": 24.690498913600713,
    "max_rebounds": 0,
    "decline_ratio_threshold": 1126,
    "flxd_ticks": 273,
    "flzz_ticks": 747,
    "use_simiple_kline_strategy_flxd": false,
    "use_simiple_kline_strategy_flzz": false,
    "flzz_use_smooth_price": true,
    "flzz_zf_thresh": 0.0856047914823988,
    "kline_sell_flxd_zy": true,
    "kline_sell_flxd_zs": true,
    "kline_sell_flzz_zs": false,
    "kline_sell_flzz_zy": true,
    "last_open_price_hc_pct": -0.06819802355329233,
    "open_price_max_hc": 0.0,
    "loss_per_step_tick_gap": 13,
    "loss_cold_start_steps": 6,
    "loss_max_abserve_tick_steps": 500,
    "loss_max_abserce_avg_price_down_steps": 5,
    "loss_dynamic_hc_stop_profit_thres": 2.474818832866966,
    "loss_last_close_price_hc_pct": -0.03053060651559136,
    "loss_last_open_price_hc_pct": -0.07196956855943658,
    "loss_open_price_max_hc": -0.0921292295829238,
    "loss_down_open_sell_wait_time": false,
    "down_open_sell_wait_time": false,
    "day_zy_line": 0.11659170887036811,
    "day_zs_line": -0.020359027763876353,
    "sell_afternoon": false,
    "sell_half_afternoon": true,
    "sell_max_days": 3,
    "stop_profit_pct": 0.0,
    "static_hc_stop_profit_pct": 1.0,
    "loss_static_hc_stop_profit_pct": 1.0
  },
  "timestamp": "2025-09-06T09:46:25.505167",
  "individual": [
    18.648289382226345,
    25.7694962612393,
    656.109570142288,
    8.141818482294074,
    -0.1348071256905166,
    5.696958556101082,
    -0.024286999058870575,
    0.40322580133341823,
    0.009778581153423964,
    72551356.73545834,
    0.6214678476770107,
    33.66368460263293,
    1.0,
    46.22993097362954,
    37.56277134293269,
    0.008479197843011385,
    9.802686887413014,
    20.715058494597457,
    1239.0658491690888,
    24.690498913600713,
    0.0,
    1126.2661771094017,
    273.2348538595552,
    747.2085914052265,
    0,
    0,
    1,
    0.0856047914823988,
    1,
    1,
    0,
    1,
    -0.06819802355329233,
    0.0,
    12.519391070841962,
    6.104445011534488,
    500.0,
    4.555450578402066,
    2.474818832866966,
    -0.03053060651559136,
    -0.07196956855943658,
    -0.0921292295829238,
    0,
    0,
    0.11659170887036811,
    -0.020359027763876353,
    0,
    1,
    3.1871188297466553
  ],
  "max_drawdown_threshold": 0.15,
  "strategy_name": "\u9ad8\u5f3a\u4e2d\u4f4e\u5f00\u4f4e\u5438\u524d1"
}