{
  "generation": 60,
  "fitness": 5.863895060494228,
  "total_return": 78.185655,
  "max_drawdown": 0.20999258753561514,
  "sharpe_ratio": 8.608850556467381,
  "params": {
    "per_step_tick_gap": 1,
    "cold_start_steps": 35,
    "max_abserve_tick_steps": 573,
    "max_abserce_avg_price_down_steps": 5,
    "stop_profit_open_hc_pct": -0.020751784916856676,
    "dynamic_hc_stop_profit_thres": 8.0,
    "last_close_price_hc_pct": 0.009991256150772317,
    "last_day_sell_thres": 0.08831665169554137,
    "last_day_sell_huiche": 0.014815437730432238,
    "fd_mount": 64904389,
    "fd_vol_pct": 0.4966442619686971,
    "fd_ju_ticks": 1,
    "max_zb_times": 1,
    "stagnation_kline_ticks": 34,
    "decline_kline_ticks": 37,
    "yang_yin_threshold": 0.022157425756976917,
    "stagnation_n": 10,
    "stagnation_volume_ratio_threshold": 16.93554726410778,
    "stagnation_ratio_threshold": 1288,
    "decline_volume_ratio_threshold": 41.27134192263889,
    "max_rebounds": 2,
    "decline_ratio_threshold": 1275,
    "flxd_ticks": 433,
    "flzz_ticks": 1612,
    "use_simiple_kline_strategy_flxd": false,
    "use_simiple_kline_strategy_flzz": false,
    "flzz_use_smooth_price": true,
    "flzz_zf_thresh": 0.09327853350739568,
    "kline_sell_flxd_zy": true,
    "kline_sell_flxd_zs": true,
    "kline_sell_flzz_zs": false,
    "kline_sell_flzz_zy": true,
    "last_open_price_hc_pct": 0.01,
    "open_price_max_hc": -2.4890730686011094e-05,
    "loss_per_step_tick_gap": 1,
    "loss_cold_start_steps": 4,
    "loss_max_abserve_tick_steps": 493,
    "loss_max_abserce_avg_price_down_steps": 15,
    "loss_dynamic_hc_stop_profit_thres": 0.010000000000000002,
    "loss_last_close_price_hc_pct": 0.005473608625349224,
    "loss_last_open_price_hc_pct": -0.08,
    "loss_open_price_max_hc": -0.02814890221132111,
    "loss_down_open_sell_wait_time": false,
    "down_open_sell_wait_time": false,
    "day_zy_line": 0.12115949254808812,
    "day_zs_line": -0.02483398429580038,
    "sell_afternoon": false,
    "sell_half_afternoon": true,
    "sell_max_days": 3,
    "stop_profit_pct": 0.0,
    "static_hc_stop_profit_pct": 1.0,
    "loss_static_hc_stop_profit_pct": 1.0
  },
  "timestamp": "2025-09-06T09:52:14.370485",
  "individual": [
    1.023066329882497,
    35.03354178197809,
    572.6649466864583,
    5.1980104504086055,
    -0.020751784916856676,
    8.0,
    0.009991256150772317,
    0.08831665169554137,
    0.014815437730432238,
    64904389.0095013,
    0.4966442619686971,
    1.3662423670702177,
    1.0222848111287153,
    33.90526531468038,
    37.12578256468602,
    0.022157425756976917,
    10.451804794370014,
    16.93554726410778,
    1287.9022286573554,
    41.27134192263889,
    2.311704471414606,
    1275.2654280889315,
    432.9912137348384,
    1611.8439997618525,
    0,
    0,
    1,
    0.09327853350739568,
    1,
    1,
    0,
    1,
    0.01,
    -2.4890730686011094e-05,
    1.019074657354996,
    3.6528952163434134,
    493.36625019229996,
    14.832727598516083,
    0.010000000000000002,
    0.005473608625349224,
    -0.08,
    -0.02814890221132111,
    0,
    0,
    0.12115949254808812,
    -0.02483398429580038,
    0,
    1,
    2.76363478882645
  ],
  "max_drawdown_threshold": 0.15,
  "strategy_name": "\u9ad8\u5f3a\u4e2d\u4f4e\u5f00\u4f4e\u5438\u524d1"
}