{
  "generation": 50,
  "fitness": 5.828918072604527,
  "total_return": 76.934435,
  "max_drawdown": 0.21000068687614953,
  "sharpe_ratio": 8.592823910893706,
  "params": {
    "per_step_tick_gap": 18,
    "cold_start_steps": 32,
    "max_abserve_tick_steps": 563,
    "max_abserce_avg_price_down_steps": 13,
    "stop_profit_open_hc_pct": -9.1126471798896e-05,
    "dynamic_hc_stop_profit_thres": 5.8879936069951775,
    "last_close_price_hc_pct": 0.01,
    "last_day_sell_thres": 0.22526654428860787,
    "last_day_sell_huiche": 0.008540170339813382,
    "fd_mount": 77533748,
    "fd_vol_pct": 0.44182018552638047,
    "fd_ju_ticks": 4,
    "max_zb_times": 1,
    "stagnation_kline_ticks": 22,
    "decline_kline_ticks": 40,
    "yang_yin_threshold": 0.02047604767074529,
    "stagnation_n": 12,
    "stagnation_volume_ratio_threshold": 20.116117541711105,
    "stagnation_ratio_threshold": 1186,
    "decline_volume_ratio_threshold": 36.93828723457568,
    "max_rebounds": 0,
    "decline_ratio_threshold": 1406,
    "flxd_ticks": 201,
    "flzz_ticks": 1849,
    "use_simiple_kline_strategy_flxd": false,
    "use_simiple_kline_strategy_flzz": false,
    "flzz_use_smooth_price": true,
    "flzz_zf_thresh": 0.08811421296797389,
    "kline_sell_flxd_zy": true,
    "kline_sell_flxd_zs": true,
    "kline_sell_flzz_zs": false,
    "kline_sell_flzz_zy": false,
    "last_open_price_hc_pct": -0.044970030872443036,
    "open_price_max_hc": -0.0002300059398814367,
    "loss_per_step_tick_gap": 1,
    "loss_cold_start_steps": 4,
    "loss_max_abserve_tick_steps": 480,
    "loss_max_abserce_avg_price_down_steps": 10,
    "loss_dynamic_hc_stop_profit_thres": 0.010000000000000002,
    "loss_last_close_price_hc_pct": 0.0053554114485544,
    "loss_last_open_price_hc_pct": -0.04524043276987562,
    "loss_open_price_max_hc": -0.04031939004690222,
    "loss_down_open_sell_wait_time": false,
    "down_open_sell_wait_time": false,
    "day_zy_line": 0.12264639434456687,
    "day_zs_line": -0.025604921589835204,
    "sell_afternoon": false,
    "sell_half_afternoon": false,
    "sell_max_days": 3,
    "stop_profit_pct": 0.0,
    "static_hc_stop_profit_pct": 1.0,
    "loss_static_hc_stop_profit_pct": 1.0
  },
  "timestamp": "2025-09-06T09:51:17.091353",
  "individual": [
    18.07576289272369,
    31.94152123894743,
    562.957369756996,
    12.777981803442776,
    -9.1126471798896e-05,
    5.8879936069951775,
    0.01,
    0.22526654428860787,
    0.008540170339813382,
    77533747.63703182,
    0.44182018552638047,
    3.6813015266092806,
    1.0,
    22.205800433602505,
    39.875330008393114,
    0.02047604767074529,
    12.490118843043497,
    20.116117541711105,
    1185.724718344197,
    36.93828723457568,
    0.4452011716667561,
    1406.356461238799,
    201.49741207262616,
    1849.3495330404044,
    0,
    0,
    1,
    0.08811421296797389,
    1,
    1,
    0,
    0,
    -0.044970030872443036,
    -0.0002300059398814367,
    1.022479638223127,
    3.612571582704089,
    480.2658723713825,
    10.007726586430811,
    0.010000000000000002,
    0.0053554114485544,
    -0.04524043276987562,
    -0.04031939004690222,
    0,
    0,
    0.12264639434456687,
    -0.025604921589835204,
    0,
    0,
    2.86104450855835
  ],
  "max_drawdown_threshold": 0.15,
  "strategy_name": "\u9ad8\u5f3a\u4e2d\u4f4e\u5f00\u4f4e\u5438\u524d1"
}