{
  "generation": 10,
  "fitness": 1.9401364648128985,
  "total_return": 6.406039999999999,
  "max_drawdown": 0.21462117245432097,
  "sharpe_ratio": 3.9714683181425094,
  "params": {
    "per_step_tick_gap": 13,
    "cold_start_steps": 50,
    "max_abserve_tick_steps": 403,
    "max_abserce_avg_price_down_steps": 10,
    "stop_profit_open_hc_pct": -0.022698842685863238,
    "dynamic_hc_stop_profit_thres": 4.487398643182395,
    "last_close_price_hc_pct": 0.000515334282087912,
    "last_day_sell_thres": 0.46359085509095677,
    "last_day_sell_huiche": 0.018353058714520747,
    "fd_mount": 99078229,
    "fd_vol_pct": 0.6757864764420851,
    "fd_ju_ticks": 1,
    "max_zb_times": 30,
    "stagnation_kline_ticks": 12,
    "decline_kline_ticks": 29,
    "yang_yin_threshold": 0.018235823970534706,
    "stagnation_n": 5,
    "stagnation_volume_ratio_threshold": 22.23008533556173,
    "stagnation_ratio_threshold": 952,
    "decline_volume_ratio_threshold": 66.44638089022715,
    "max_rebounds": 6,
    "decline_ratio_threshold": 1150,
    "flxd_ticks": 213,
    "flzz_ticks": 1630,
    "use_simiple_kline_strategy_flxd": false,
    "use_simiple_kline_strategy_flzz": true,
    "flzz_use_smooth_price": true,
    "flzz_zf_thresh": -0.07,
    "kline_sell_flxd_zy": false,
    "kline_sell_flxd_zs": true,
    "kline_sell_flzz_zs": true,
    "kline_sell_flzz_zy": false,
    "last_open_price_hc_pct": -0.03474923845335935,
    "open_price_max_hc": -0.021833896206849942,
    "loss_per_step_tick_gap": 1,
    "loss_cold_start_steps": 5,
    "loss_max_abserve_tick_steps": 388,
    "loss_max_abserce_avg_price_down_steps": 10,
    "loss_dynamic_hc_stop_profit_thres": 4.096568987286495,
    "loss_last_close_price_hc_pct": 0.01,
    "loss_last_open_price_hc_pct": -0.044918038736467124,
    "loss_open_price_max_hc": -0.1,
    "loss_down_open_sell_wait_time": true,
    "down_open_sell_wait_time": true,
    "day_zy_line": 0.11064685296980632,
    "day_zs_line": -0.0019507816884689903,
    "sell_afternoon": true,
    "sell_half_afternoon": false,
    "sell_max_days": 1,
    "stop_profit_pct": 0.0,
    "static_hc_stop_profit_pct": 1.0,
    "loss_static_hc_stop_profit_pct": 1.0
  },
  "timestamp": "2025-09-07T15:45:19.796971",
  "individual": [
    12.55959106225311,
    49.94514001234111,
    402.9831545863384,
    9.987702119868112,
    -0.022698842685863238,
    4.487398643182395,
    0.000515334282087912,
    0.46359085509095677,
    0.018353058714520747,
    99078229.24025151,
    0.6757864764420851,
    1,
    29.504361635471763,
    12.078102741942377,
    29.38910147859066,
    0.018235823970534706,
    5.414161697191359,
    22.23008533556173,
    952.4073504839645,
    66.44638089022715,
    6.4533906119104385,
    1149.788621475375,
    213.48656078930998,
    1630.3421323103266,
    0,
    1,
    1,
    -0.07,
    0,
    1,
    1,
    0,
    -0.03474923845335935,
    -0.021833896206849942,
    1.0,
    5.348052482432195,
    387.7973426508199,
    9.727561356086891,
    4.096568987286495,
    0.01,
    -0.044918038736467124,
    -0.1,
    1,
    1,
    0.11064685296980632,
    -0.0019507816884689903,
    1,
    0,
    1.0071535122532431
  ],
  "max_drawdown_threshold": 0.15,
  "strategy_name": "\u4f4e\u4f4d\u5b55\u7ebf7\u5929"
}