{
  "generation": 20,
  "fitness": 2.1220255775241688,
  "total_return": 7.495194999999999,
  "max_drawdown": 0.21045051748528723,
  "sharpe_ratio": 4.1579424412184505,
  "params": {
    "per_step_tick_gap": 5,
    "cold_start_steps": 43,
    "max_abserve_tick_steps": 249,
    "max_abserce_avg_price_down_steps": 1,
    "stop_profit_open_hc_pct": -0.04373734181649076,
    "dynamic_hc_stop_profit_thres": 8.0,
    "last_close_price_hc_pct": 0.0034959366568194416,
    "last_day_sell_thres": 0.9075905435621932,
    "last_day_sell_huiche": 0.013879614185617825,
    "fd_mount": 108729902,
    "fd_vol_pct": 0.1939662345901209,
    "fd_ju_ticks": 1,
    "max_zb_times": 19,
    "stagnation_kline_ticks": 25,
    "decline_kline_ticks": 26,
    "yang_yin_threshold": 0.014704500221714862,
    "stagnation_n": 1,
    "stagnation_volume_ratio_threshold": 48.91247416760132,
    "stagnation_ratio_threshold": 15,
    "decline_volume_ratio_threshold": 66.67332037679586,
    "max_rebounds": 2,
    "decline_ratio_threshold": 1389,
    "flxd_ticks": 66,
    "flzz_ticks": 1153,
    "use_simiple_kline_strategy_flxd": false,
    "use_simiple_kline_strategy_flzz": true,
    "flzz_use_smooth_price": true,
    "flzz_zf_thresh": -0.004633749333211439,
    "kline_sell_flxd_zy": true,
    "kline_sell_flxd_zs": true,
    "kline_sell_flzz_zs": true,
    "kline_sell_flzz_zy": true,
    "last_open_price_hc_pct": -0.06848678274792944,
    "open_price_max_hc": -0.03464684045072517,
    "loss_per_step_tick_gap": 1,
    "loss_cold_start_steps": 0,
    "loss_max_abserve_tick_steps": 134,
    "loss_max_abserce_avg_price_down_steps": 12,
    "loss_dynamic_hc_stop_profit_thres": 3.4056966027326085,
    "loss_last_close_price_hc_pct": 0.009969196930324449,
    "loss_last_open_price_hc_pct": -0.02952094997246499,
    "loss_open_price_max_hc": -0.049399848016119574,
    "loss_down_open_sell_wait_time": true,
    "down_open_sell_wait_time": true,
    "day_zy_line": 0.0952254136807746,
    "day_zs_line": -0.0010274643519798349,
    "sell_afternoon": true,
    "sell_half_afternoon": false,
    "sell_max_days": 1,
    "stop_profit_pct": 0.0,
    "static_hc_stop_profit_pct": 1.0,
    "loss_static_hc_stop_profit_pct": 1.0
  },
  "timestamp": "2025-09-07T15:46:13.507506",
  "individual": [
    4.507073573461961,
    42.8073286595304,
    249.08194987707077,
    1.0,
    -0.04373734181649076,
    8.0,
    0.0034959366568194416,
    0.9075905435621932,
    0.013879614185617825,
    108729902.20734683,
    0.1939662345901209,
    1.0291440178833282,
    18.861422988477546,
    25.41095376323262,
    26.05074353605837,
    0.014704500221714862,
    1.0,
    48.91247416760132,
    15.0,
    66.67332037679586,
    2.397028227259824,
    1389.2489453301707,
    66.29638355799564,
    1152.7524925543894,
    0,
    1,
    1,
    -0.004633749333211439,
    1,
    1,
    1,
    1,
    -0.06848678274792944,
    -0.03464684045072517,
    1.1270275629315183,
    0.09692527580355899,
    133.7626897913841,
    12.438594340738756,
    3.4056966027326085,
    0.009969196930324449,
    -0.02952094997246499,
    -0.049399848016119574,
    1,
    1,
    0.0952254136807746,
    -0.0010274643519798349,
    1,
    0,
    1.0
  ],
  "max_drawdown_threshold": 0.15,
  "strategy_name": "\u4f4e\u4f4d\u5b55\u7ebf7\u5929"
}