{
  "generation": 30,
  "fitness": 2.278929997775155,
  "total_return": 8.226455000000003,
  "max_drawdown": 0.20535686516228094,
  "sharpe_ratio": 4.324479395147707,
  "params": {
    "per_step_tick_gap": 1,
    "cold_start_steps": 42,
    "max_abserve_tick_steps": 127,
    "max_abserce_avg_price_down_steps": 4,
    "stop_profit_open_hc_pct": -0.08874833048902715,
    "dynamic_hc_stop_profit_thres": 7.554589119086409,
    "last_close_price_hc_pct": 0.00189316973201174,
    "last_day_sell_thres": 0.772007816719973,
    "last_day_sell_huiche": 0.01703053774512025,
    "fd_mount": 121319711,
    "fd_vol_pct": 0.17483870072314678,
    "fd_ju_ticks": 1,
    "max_zb_times": 1,
    "stagnation_kline_ticks": 25,
    "decline_kline_ticks": 31,
    "yang_yin_threshold": 0.014381818566474535,
    "stagnation_n": 1,
    "stagnation_volume_ratio_threshold": 49.06283314824354,
    "stagnation_ratio_threshold": 15,
    "decline_volume_ratio_threshold": 70.91338059100207,
    "max_rebounds": 1,
    "decline_ratio_threshold": 748,
    "flxd_ticks": 294,
    "flzz_ticks": 1090,
    "use_simiple_kline_strategy_flxd": false,
    "use_simiple_kline_strategy_flzz": true,
    "flzz_use_smooth_price": true,
    "flzz_zf_thresh": -0.06603446956458989,
    "kline_sell_flxd_zy": false,
    "kline_sell_flxd_zs": true,
    "kline_sell_flzz_zs": true,
    "kline_sell_flzz_zy": true,
    "last_open_price_hc_pct": -0.006526397764590715,
    "open_price_max_hc": -0.06535666774029009,
    "loss_per_step_tick_gap": 2,
    "loss_cold_start_steps": 0,
    "loss_max_abserve_tick_steps": 100,
    "loss_max_abserce_avg_price_down_steps": 11,
    "loss_dynamic_hc_stop_profit_thres": 0.1322302487384861,
    "loss_last_close_price_hc_pct": 0.007078225369565478,
    "loss_last_open_price_hc_pct": 0.01,
    "loss_open_price_max_hc": -0.011548396496836111,
    "loss_down_open_sell_wait_time": false,
    "down_open_sell_wait_time": false,
    "day_zy_line": 0.09583842103749554,
    "day_zs_line": -0.0002800184756980396,
    "sell_afternoon": true,
    "sell_half_afternoon": false,
    "sell_max_days": 1,
    "stop_profit_pct": 0.0,
    "static_hc_stop_profit_pct": 1.0,
    "loss_static_hc_stop_profit_pct": 1.0
  },
  "timestamp": "2025-09-07T15:46:53.221183",
  "individual": [
    1.0,
    42.016511695908484,
    127.28702495567354,
    3.5628140732824627,
    -0.08874833048902715,
    7.554589119086409,
    0.00189316973201174,
    0.772007816719973,
    0.01703053774512025,
    121319711.19829804,
    0.17483870072314678,
    1.0,
    1.0092831191356422,
    25.423622854397255,
    30.574278940499063,
    0.014381818566474535,
    1.156030765155172,
    49.06283314824354,
    15.0,
    70.91338059100207,
    1.3289137388210865,
    747.5814797018755,
    294.40629448138765,
    1089.5592038294035,
    0,
    1,
    1,
    -0.06603446956458989,
    0,
    1,
    1,
    1,
    -0.006526397764590715,
    -0.06535666774029009,
    1.7269113945311583,
    0.11941361930784339,
    100.36048223199474,
    10.812789953837829,
    0.1322302487384861,
    0.007078225369565478,
    0.01,
    -0.011548396496836111,
    0,
    0,
    0.09583842103749554,
    -0.0002800184756980396,
    1,
    0,
    1.0
  ],
  "max_drawdown_threshold": 0.15,
  "strategy_name": "\u4f4e\u4f4d\u5b55\u7ebf7\u5929"
}