{
  "params": {
    "per_step_tick_gap": 1,
    "cold_start_steps": 2,
    "max_abserve_tick_steps": 919,
    "max_abserce_avg_price_down_steps": 2,
    "stop_profit_open_hc_pct": -0.011468982811938006,
    "dynamic_hc_stop_profit_thres": 1.6998807584158375,
    "last_close_price_hc_pct": 0.00948529001612682,
    "last_day_sell_thres": 0.2142331712945168,
    "last_day_sell_huiche": 0.00984961211183077,
    "fd_mount": 101750632,
    "fd_vol_pct": 0.3738999100800861,
    "fd_ju_ticks": 1,
    "max_zb_times": 1,
    "stagnation_kline_ticks": 48,
    "decline_kline_ticks": 8,
    "yang_yin_threshold": 0.010930860979211886,
    "stagnation_n": 11,
    "stagnation_volume_ratio_threshold": 17.15716021265397,
    "stagnation_ratio_threshold": 1484,
    "decline_volume_ratio_threshold": 14.059191858106756,
    "max_rebounds": 0,
    "decline_ratio_threshold": 1104,
    "flxd_ticks": 447,
    "flzz_ticks": 577,
    "use_simiple_kline_strategy_flxd": true,
    "use_simiple_kline_strategy_flzz": false,
    "flzz_use_smooth_price": false,
    "flzz_zf_thresh": -0.04026292861108595,
    "kline_sell_flxd_zy": false,
    "kline_sell_flxd_zs": true,
    "kline_sell_flzz_zs": true,
    "kline_sell_flzz_zy": false,
    "last_open_price_hc_pct": 0.009999999999999995,
    "open_price_max_hc": -0.019092077598433108,
    "loss_per_step_tick_gap": 1,
    "loss_cold_start_steps": 30,
    "loss_max_abserve_tick_steps": 499,
    "loss_max_abserce_avg_price_down_steps": 4,
    "loss_dynamic_hc_stop_profit_thres": 4.690303183415997,
    "loss_last_close_price_hc_pct": -0.06323758323520123,
    "loss_last_open_price_hc_pct": -0.044375615947509425,
    "loss_open_price_max_hc": -0.01598538977371361,
    "loss_down_open_sell_wait_time": true,
    "down_open_sell_wait_time": false,
    "day_zy_line": 0.0019622805505809587,
    "day_zs_line": -0.1335031127046793,
    "sell_afternoon": true,
    "sell_half_afternoon": false,
    "sell_max_days": 2,
    "stop_profit_pct": 0.0,
    "static_hc_stop_profit_pct": 1.0,
    "loss_static_hc_stop_profit_pct": 1.0
  },
  "fitness": 2.6817088610913378,
  "return": 120.75001499999998,
  "drawdown": 0.3792759758645754,
  "sharpe": 5.507908945848396,
  "individual": [
    1.02448636021833,
    1.564921367675524,
    919.4791707411132,
    2.1437558016055447,
    -0.011468982811938006,
    1.6998807584158375,
    0.00948529001612682,
    0.2142331712945168,
    0.00984961211183077,
    101750632.22297981,
    0.3738999100800861,
    1.0087365083100035,
    1.082846889152266,
    47.79142613056641,
    8.002952667123521,
    0.010930860979211886,
    10.667627400668039,
    17.15716021265397,
    1484.4160150943735,
    14.059191858106756,
    0.0,
    1103.677426274138,
    446.583448243947,
    576.9373240984028,
    1,
    0,
    0,
    -0.04026292861108595,
    0,
    1,
    1,
    0,
    0.009999999999999995,
    -0.019092077598433108,
    1.0392297675357054,
    29.891231434721007,
    498.5008349298845,
    4.400641207338341,
    4.690303183415997,
    -0.06323758323520123,
    -0.044375615947509425,
    -0.01598538977371361,
    1,
    0,
    0.0019622805505809587,
    -0.1335031127046793,
    1,
    0,
    1.7557282447787312
  ],
  "max_drawdown_threshold": 0.18
}