{
  "generation": 20,
  "fitness": 2.49467886357621,
  "total_return": 100.12654500000002,
  "max_drawdown": 0.3793298811690709,
  "sharpe_ratio": 5.340426240753796,
  "params": {
    "per_step_tick_gap": 3,
    "cold_start_steps": 4,
    "max_abserve_tick_steps": 963,
    "max_abserce_avg_price_down_steps": 1,
    "stop_profit_open_hc_pct": -0.07769568146187122,
    "dynamic_hc_stop_profit_thres": 1.8273492570892707,
    "last_close_price_hc_pct": 0.01,
    "last_day_sell_thres": 0.011355512838669042,
    "last_day_sell_huiche": 0.0066711376907872075,
    "fd_mount": 125065856,
    "fd_vol_pct": 0.2687036303119313,
    "fd_ju_ticks": 1,
    "max_zb_times": 13,
    "stagnation_kline_ticks": 40,
    "decline_kline_ticks": 10,
    "yang_yin_threshold": 0.021021530516596124,
    "stagnation_n": 7,
    "stagnation_volume_ratio_threshold": 20.11229472211098,
    "stagnation_ratio_threshold": 457,
    "decline_volume_ratio_threshold": 19.992850568556094,
    "max_rebounds": 2,
    "decline_ratio_threshold": 1223,
    "flxd_ticks": 499,
    "flzz_ticks": 100,
    "use_simiple_kline_strategy_flxd": false,
    "use_simiple_kline_strategy_flzz": false,
    "flzz_use_smooth_price": false,
    "flzz_zf_thresh": -0.053604281130781486,
    "kline_sell_flxd_zy": true,
    "kline_sell_flxd_zs": true,
    "kline_sell_flzz_zs": false,
    "kline_sell_flzz_zy": false,
    "last_open_price_hc_pct": 0.01,
    "open_price_max_hc": -0.023287131667052513,
    "loss_per_step_tick_gap": 1,
    "loss_cold_start_steps": 30,
    "loss_max_abserve_tick_steps": 500,
    "loss_max_abserce_avg_price_down_steps": 8,
    "loss_dynamic_hc_stop_profit_thres": 3.0910079228413188,
    "loss_last_close_price_hc_pct": -0.04932349855692979,
    "loss_last_open_price_hc_pct": -0.05972608809335088,
    "loss_open_price_max_hc": -0.023621279481883854,
    "loss_down_open_sell_wait_time": true,
    "down_open_sell_wait_time": false,
    "day_zy_line": 0.002555081455932965,
    "day_zs_line": -0.132133551095101,
    "sell_afternoon": true,
    "sell_half_afternoon": false,
    "sell_max_days": 2,
    "stop_profit_pct": 0.0,
    "static_hc_stop_profit_pct": 1.0,
    "loss_static_hc_stop_profit_pct": 1.0
  },
  "timestamp": "2025-09-05T19:01:21.408319",
  "individual": [
    2.860010452895411,
    4.331748161125844,
    963.4716965840491,
    1.0,
    -0.07769568146187122,
    1.8273492570892707,
    0.01,
    0.011355512838669042,
    0.0066711376907872075,
    125065855.55989358,
    0.2687036303119313,
    1.0,
    12.865058187467257,
    40.1015869393519,
    10.290925850202173,
    0.021021530516596124,
    7.185381863209218,
    20.11229472211098,
    456.60211688739366,
    19.992850568556094,
    1.9893821495198745,
    1223.0921234442749,
    498.70768426785133,
    100.0,
    0,
    0,
    0,
    -0.053604281130781486,
    1,
    1,
    0,
    0,
    0.01,
    -0.023287131667052513,
    1.0,
    29.967723540402343,
    500.0,
    8.207674470273904,
    3.0910079228413188,
    -0.04932349855692979,
    -0.05972608809335088,
    -0.023621279481883854,
    1,
    0,
    0.002555081455932965,
    -0.132133551095101,
    1,
    0,
    1.909703590669948
  ],
  "max_drawdown_threshold": 0.18
}