{
  "generation": 50,
  "fitness": 2.6733394916197475,
  "total_return": 119.78716,
  "max_drawdown": 0.3792791292503064,
  "sharpe_ratio": 5.500130883706748,
  "params": {
    "per_step_tick_gap": 1,
    "cold_start_steps": 2,
    "max_abserve_tick_steps": 919,
    "max_abserce_avg_price_down_steps": 2,
    "stop_profit_open_hc_pct": -0.08899384584601178,
    "dynamic_hc_stop_profit_thres": 1.725703092775785,
    "last_close_price_hc_pct": 0.00963185988365024,
    "last_day_sell_thres": 0.5913849923193919,
    "last_day_sell_huiche": 0.007141380445853607,
    "fd_mount": 108531395,
    "fd_vol_pct": 0.39766608423182004,
    "fd_ju_ticks": 1,
    "max_zb_times": 1,
    "stagnation_kline_ticks": 50,
    "decline_kline_ticks": 9,
    "yang_yin_threshold": 0.02440122183931415,
    "stagnation_n": 8,
    "stagnation_volume_ratio_threshold": 20.914117248414925,
    "stagnation_ratio_threshold": 1465,
    "decline_volume_ratio_threshold": 3.9330192967256457,
    "max_rebounds": 2,
    "decline_ratio_threshold": 803,
    "flxd_ticks": 490,
    "flzz_ticks": 613,
    "use_simiple_kline_strategy_flxd": true,
    "use_simiple_kline_strategy_flzz": false,
    "flzz_use_smooth_price": false,
    "flzz_zf_thresh": -0.02781581628695809,
    "kline_sell_flxd_zy": false,
    "kline_sell_flxd_zs": true,
    "kline_sell_flzz_zs": false,
    "kline_sell_flzz_zy": false,
    "last_open_price_hc_pct": 0.01,
    "open_price_max_hc": -0.01945104570233728,
    "loss_per_step_tick_gap": 1,
    "loss_cold_start_steps": 29,
    "loss_max_abserve_tick_steps": 500,
    "loss_max_abserce_avg_price_down_steps": 5,
    "loss_dynamic_hc_stop_profit_thres": 3.8105638526566605,
    "loss_last_close_price_hc_pct": -0.047596296039582923,
    "loss_last_open_price_hc_pct": -0.03928313244697449,
    "loss_open_price_max_hc": -0.015696420854509917,
    "loss_down_open_sell_wait_time": true,
    "down_open_sell_wait_time": false,
    "day_zy_line": 0.0019614556379199915,
    "day_zs_line": -0.13347190215781468,
    "sell_afternoon": true,
    "sell_half_afternoon": false,
    "sell_max_days": 2,
    "stop_profit_pct": 0.0,
    "static_hc_stop_profit_pct": 1.0,
    "loss_static_hc_stop_profit_pct": 1.0
  },
  "timestamp": "2025-09-05T19:11:56.082985",
  "individual": [
    1.0319240509242058,
    2.1095848870777325,
    919.0750474802055,
    1.635567705185355,
    -0.08899384584601178,
    1.725703092775785,
    0.00963185988365024,
    0.5913849923193919,
    0.007141380445853607,
    108531395.35597438,
    0.39766608423182004,
    1.0181139118548068,
    1.211463360021074,
    49.73237043546864,
    8.510662698079162,
    0.02440122183931415,
    7.870202593956756,
    20.914117248414925,
    1464.602317071811,
    3.9330192967256457,
    2.2584397622807,
    802.9439889055785,
    490.1502602685235,
    613.2071082313307,
    1,
    0,
    0,
    -0.02781581628695809,
    0,
    1,
    0,
    0,
    0.01,
    -0.01945104570233728,
    1.000055407057802,
    28.593858300799447,
    500.0,
    4.5568614751994465,
    3.8105638526566605,
    -0.047596296039582923,
    -0.03928313244697449,
    -0.015696420854509917,
    1,
    0,
    0.0019614556379199915,
    -0.13347190215781468,
    1,
    0,
    2.1491773911615706
  ],
  "max_drawdown_threshold": 0.18
}