{
  "params": {
    "per_step_tick_gap": 13,
    "cold_start_steps": 20,
    "max_abserve_tick_steps": 938,
    "max_abserce_avg_price_down_steps": 7,
    "stop_profit_open_hc_pct": -0.0027353081350318434,
    "dynamic_hc_stop_profit_thres": 0.6013706338292539,
    "last_close_price_hc_pct": -0.03761245647986554,
    "last_day_sell_thres": 0.5205346765902945,
    "last_day_sell_huiche": 0.014781482579791231,
    "fd_mount": 42677175,
    "fd_vol_pct": 0.4181723815583741,
    "fd_ju_ticks": 44,
    "max_zb_times": 25,
    "stagnation_kline_ticks": 4,
    "decline_kline_ticks": 30,
    "yang_yin_threshold": 0.018985832261433848,
    "stagnation_n": 14,
    "stagnation_volume_ratio_threshold": 99.99829215257026,
    "stagnation_ratio_threshold": 1382,
    "decline_volume_ratio_threshold": 45.12608483836211,
    "max_rebounds": 13,
    "decline_ratio_threshold": 329,
    "flxd_ticks": 261,
    "flzz_ticks": 2000,
    "use_simiple_kline_strategy_flxd": true,
    "use_simiple_kline_strategy_flzz": false,
    "flzz_use_smooth_price": false,
    "flzz_zf_thresh": 0.09767952388231449,
    "kline_sell_flxd_zy": false,
    "kline_sell_flxd_zs": false,
    "kline_sell_flzz_zs": false,
    "kline_sell_flzz_zy": false,
    "last_open_price_hc_pct": -0.005446449194498333,
    "open_price_max_hc": -0.08545249106922401,
    "loss_per_step_tick_gap": 17,
    "loss_cold_start_steps": 27,
    "loss_max_abserve_tick_steps": 497,
    "loss_max_abserce_avg_price_down_steps": 5,
    "loss_dynamic_hc_stop_profit_thres": 0.10208033699906673,
    "loss_last_close_price_hc_pct": -0.024749296595047578,
    "loss_last_open_price_hc_pct": -0.0466017243182672,
    "loss_open_price_max_hc": -0.04212453021344702,
    "loss_down_open_sell_wait_time": true,
    "down_open_sell_wait_time": true,
    "day_zy_line": 0.016747394251459685,
    "day_zs_line": -0.11130382714739091,
    "sell_afternoon": true,
    "sell_half_afternoon": false,
    "sell_max_days": 3,
    "stop_profit_pct": 0.0,
    "static_hc_stop_profit_pct": 1.0,
    "loss_static_hc_stop_profit_pct": 1.0
  },
  "fitness": 5.841570784373086,
  "return": 64.83819000000004,
  "drawdown": 0.26476098143353993,
  "sharpe": 5.568468776501026,
  "individual": [
    12.61381170723539,
    20.274923071926736,
    937.7671145360185,
    7.3016291137733775,
    -0.0027353081350318434,
    0.6013706338292539,
    -0.03761245647986554,
    0.5205346765902945,
    0.014781482579791231,
    42677174.85704787,
    0.4181723815583741,
    44.20353790635359,
    25.084392507350785,
    3.9796094606198107,
    29.694227025789754,
    0.018985832261433848,
    14.025307850735176,
    99.99829215257026,
    1382.0383330632947,
    45.12608483836211,
    13.073355420170836,
    328.5858785059437,
    260.6119858209216,
    2000.0,
    1,
    0,
    0,
    0.09767952388231449,
    0,
    0,
    0,
    0,
    -0.005446449194498333,
    -0.08545249106922401,
    17.122423018515438,
    26.710147184946205,
    496.8009667632051,
    4.9772204768537724,
    0.10208033699906673,
    -0.024749296595047578,
    -0.0466017243182672,
    -0.04212453021344702,
    1,
    1,
    0.016747394251459685,
    -0.11130382714739091,
    1,
    0,
    3.141071838496825
  ]
}