{
  "generation": 20,
  "fitness": 4.766923099133206,
  "total_return": 35.87132,
  "max_drawdown": 0.26004661420962905,
  "sharpe_ratio": 5.027913747705658,
  "params": {
    "per_step_tick_gap": 12,
    "cold_start_steps": 12,
    "max_abserve_tick_steps": 918,
    "max_abserce_avg_price_down_steps": 11,
    "stop_profit_open_hc_pct": 0.0,
    "dynamic_hc_stop_profit_thres": 0.563539122715427,
    "last_close_price_hc_pct": -0.039999999999999994,
    "last_day_sell_thres": 0.23130541001969815,
    "last_day_sell_huiche": 0.012164080834233324,
    "fd_mount": 53739018,
    "fd_vol_pct": 0.0,
    "fd_ju_ticks": 39,
    "max_zb_times": 23,
    "stagnation_kline_ticks": 7,
    "decline_kline_ticks": 40,
    "yang_yin_threshold": 0.013058956563870117,
    "stagnation_n": 16,
    "stagnation_volume_ratio_threshold": 96.12260209282233,
    "stagnation_ratio_threshold": 886,
    "decline_volume_ratio_threshold": 43.61845845209177,
    "max_rebounds": 12,
    "decline_ratio_threshold": 177,
    "flxd_ticks": 168,
    "flzz_ticks": 1588,
    "use_simiple_kline_strategy_flxd": true,
    "use_simiple_kline_strategy_flzz": false,
    "flzz_use_smooth_price": true,
    "flzz_zf_thresh": -0.046134490603305225,
    "kline_sell_flxd_zy": false,
    "kline_sell_flxd_zs": false,
    "kline_sell_flzz_zs": false,
    "kline_sell_flzz_zy": false,
    "last_open_price_hc_pct": -0.023600038158341573,
    "open_price_max_hc": -0.04659209113444919,
    "loss_per_step_tick_gap": 22,
    "loss_cold_start_steps": 27,
    "loss_max_abserve_tick_steps": 471,
    "loss_max_abserce_avg_price_down_steps": 12,
    "loss_dynamic_hc_stop_profit_thres": 7.259464284399658,
    "loss_last_close_price_hc_pct": -0.029833511400740115,
    "loss_last_open_price_hc_pct": -0.05524093025995652,
    "loss_open_price_max_hc": -0.004617586316576338,
    "loss_down_open_sell_wait_time": true,
    "down_open_sell_wait_time": false,
    "day_zy_line": 0.008754975746556874,
    "day_zs_line": -0.11109883721699564,
    "sell_afternoon": true,
    "sell_half_afternoon": false,
    "sell_max_days": 2,
    "stop_profit_pct": 0.0,
    "static_hc_stop_profit_pct": 1.0,
    "loss_static_hc_stop_profit_pct": 1.0
  },
  "timestamp": "2025-09-04T21:33:01.221475",
  "individual": [
    12.184093032637993,
    12.231080915134688,
    917.5841711691264,
    10.996543618800379,
    0.0,
    0.563539122715427,
    -0.039999999999999994,
    0.23130541001969815,
    0.012164080834233324,
    53739017.928693354,
    0.0,
    38.554031730248184,
    22.834891258177965,
    6.56236369476279,
    40.16913306098542,
    0.013058956563870117,
    15.504848165301182,
    96.12260209282233,
    886.3430168601382,
    43.61845845209177,
    12.447797484197768,
    176.7933316606109,
    168.2132205302221,
    1587.5819986648833,
    1,
    0,
    1,
    -0.046134490603305225,
    0,
    0,
    0,
    0,
    -0.023600038158341573,
    -0.04659209113444919,
    22.38332511554455,
    27.23093619235533,
    470.69342693576573,
    12.430311738627868,
    7.259464284399658,
    -0.029833511400740115,
    -0.05524093025995652,
    -0.004617586316576338,
    1,
    0,
    0.008754975746556874,
    -0.11109883721699564,
    1,
    0,
    2.091110113344397
  ]
}