{
  "generation": 90,
  "fitness": 5.823025274266129,
  "total_return": 64.42044000000003,
  "max_drawdown": 0.2648554814799038,
  "sharpe_ratio": 5.559523597293829,
  "params": {
    "per_step_tick_gap": 13,
    "cold_start_steps": 20,
    "max_abserve_tick_steps": 939,
    "max_abserce_avg_price_down_steps": 7,
    "stop_profit_open_hc_pct": -0.0023065507645363705,
    "dynamic_hc_stop_profit_thres": 0.6013705878916595,
    "last_close_price_hc_pct": -0.037613301810467785,
    "last_day_sell_thres": 0.5267046856743708,
    "last_day_sell_huiche": 0.014776678379003906,
    "fd_mount": 42822688,
    "fd_vol_pct": 0.37811990963168496,
    "fd_ju_ticks": 43,
    "max_zb_times": 25,
    "stagnation_kline_ticks": 4,
    "decline_kline_ticks": 29,
    "yang_yin_threshold": 0.018074452734369178,
    "stagnation_n": 9,
    "stagnation_volume_ratio_threshold": 100.0,
    "stagnation_ratio_threshold": 1382,
    "decline_volume_ratio_threshold": 45.02535819767371,
    "max_rebounds": 13,
    "decline_ratio_threshold": 329,
    "flxd_ticks": 261,
    "flzz_ticks": 1790,
    "use_simiple_kline_strategy_flxd": true,
    "use_simiple_kline_strategy_flzz": false,
    "flzz_use_smooth_price": false,
    "flzz_zf_thresh": 0.09772289183855734,
    "kline_sell_flxd_zy": false,
    "kline_sell_flxd_zs": false,
    "kline_sell_flzz_zs": false,
    "kline_sell_flzz_zy": false,
    "last_open_price_hc_pct": -0.00545605843441093,
    "open_price_max_hc": -0.08566222935290713,
    "loss_per_step_tick_gap": 17,
    "loss_cold_start_steps": 27,
    "loss_max_abserve_tick_steps": 497,
    "loss_max_abserce_avg_price_down_steps": 5,
    "loss_dynamic_hc_stop_profit_thres": 0.12265049823197272,
    "loss_last_close_price_hc_pct": -0.026005813421249822,
    "loss_last_open_price_hc_pct": -0.04635690752221106,
    "loss_open_price_max_hc": -0.0411570349872634,
    "loss_down_open_sell_wait_time": true,
    "down_open_sell_wait_time": true,
    "day_zy_line": 0.016751195994805883,
    "day_zs_line": -0.11136027847798496,
    "sell_afternoon": true,
    "sell_half_afternoon": false,
    "sell_max_days": 3,
    "stop_profit_pct": 0.0,
    "static_hc_stop_profit_pct": 1.0,
    "loss_static_hc_stop_profit_pct": 1.0
  },
  "timestamp": "2025-09-04T22:00:47.763098",
  "individual": [
    12.619438913902764,
    20.29247974479859,
    939.2790570844953,
    7.274141950071764,
    -0.0023065507645363705,
    0.6013705878916595,
    -0.037613301810467785,
    0.5267046856743708,
    0.014776678379003906,
    42822687.54724857,
    0.37811990963168496,
    43.16889384561733,
    25.17921281894176,
    4.075246216422485,
    29.02795190116169,
    0.018074452734369178,
    8.869057243088045,
    100.0,
    1381.5391886045163,
    45.02535819767371,
    13.134657816489383,
    328.9425691757445,
    261.2225061902669,
    1790.421494214481,
    1,
    0,
    0,
    0.09772289183855734,
    0,
    0,
    0,
    0,
    -0.00545605843441093,
    -0.08566222935290713,
    17.13626910160183,
    26.70527052077319,
    496.88832885750514,
    4.956668105837463,
    0.12265049823197272,
    -0.026005813421249822,
    -0.04635690752221106,
    -0.0411570349872634,
    1,
    1,
    0.016751195994805883,
    -0.11136027847798496,
    1,
    0,
    3.1667656950983445
  ]
}