{
  "generation": 60,
  "fitness": 5.629026312109742,
  "total_return": 61.97916000000002,
  "max_drawdown": 0.26823246264596573,
  "sharpe_ratio": 5.514484531410035,
  "params": {
    "per_step_tick_gap": 13,
    "cold_start_steps": 20,
    "max_abserve_tick_steps": 932,
    "max_abserce_avg_price_down_steps": 10,
    "stop_profit_open_hc_pct": -0.0025015473491179726,
    "dynamic_hc_stop_profit_thres": 0.6014031235360403,
    "last_close_price_hc_pct": -0.03994466257818156,
    "last_day_sell_thres": 0.5111186501605429,
    "last_day_sell_huiche": 0.014342410500436477,
    "fd_mount": 43576274,
    "fd_vol_pct": 0.280697984631961,
    "fd_ju_ticks": 40,
    "max_zb_times": 26,
    "stagnation_kline_ticks": 6,
    "decline_kline_ticks": 28,
    "yang_yin_threshold": 0.016904395390923907,
    "stagnation_n": 21,
    "stagnation_volume_ratio_threshold": 100.0,
    "stagnation_ratio_threshold": 1252,
    "decline_volume_ratio_threshold": 46.16972642206616,
    "max_rebounds": 14,
    "decline_ratio_threshold": 329,
    "flxd_ticks": 167,
    "flzz_ticks": 997,
    "use_simiple_kline_strategy_flxd": true,
    "use_simiple_kline_strategy_flzz": false,
    "flzz_use_smooth_price": true,
    "flzz_zf_thresh": 0.07972740351794022,
    "kline_sell_flxd_zy": false,
    "kline_sell_flxd_zs": false,
    "kline_sell_flzz_zs": false,
    "kline_sell_flzz_zy": false,
    "last_open_price_hc_pct": -0.004745689946445029,
    "open_price_max_hc": -0.06636184808608986,
    "loss_per_step_tick_gap": 18,
    "loss_cold_start_steps": 26,
    "loss_max_abserve_tick_steps": 447,
    "loss_max_abserce_avg_price_down_steps": 15,
    "loss_dynamic_hc_stop_profit_thres": 3.8198864313556373,
    "loss_last_close_price_hc_pct": -0.029624882653955735,
    "loss_last_open_price_hc_pct": -0.04767781475987927,
    "loss_open_price_max_hc": -0.030173487081234927,
    "loss_down_open_sell_wait_time": true,
    "down_open_sell_wait_time": true,
    "day_zy_line": 0.01673375688977079,
    "day_zs_line": -0.1112023644283055,
    "sell_afternoon": true,
    "sell_half_afternoon": false,
    "sell_max_days": 3,
    "stop_profit_pct": 0.0,
    "static_hc_stop_profit_pct": 1.0,
    "loss_static_hc_stop_profit_pct": 1.0
  },
  "timestamp": "2025-09-04T21:49:49.695501",
  "individual": [
    12.551974342086456,
    19.584958716342385,
    932.2106292161861,
    9.577681727023203,
    -0.0025015473491179726,
    0.6014031235360403,
    -0.03994466257818156,
    0.5111186501605429,
    0.014342410500436477,
    43576274.07677752,
    0.280697984631961,
    40.133907839040816,
    25.549762059746705,
    6.15064143947757,
    28.036534332117224,
    0.016904395390923907,
    20.80786259387832,
    100.0,
    1251.9807026364492,
    46.16972642206616,
    13.665410020868917,
    328.9515223502982,
    166.55066379272472,
    996.6297026718178,
    1,
    0,
    1,
    0.07972740351794022,
    0,
    0,
    0,
    0,
    -0.004745689946445029,
    -0.06636184808608986,
    18.20876027528085,
    25.855071775944648,
    446.7330783356899,
    15.0,
    3.8198864313556373,
    -0.029624882653955735,
    -0.04767781475987927,
    -0.030173487081234927,
    1,
    1,
    0.01673375688977079,
    -0.1112023644283055,
    1,
    0,
    2.7057912838392637
  ]
}