{
  "generation": 30,
  "fitness": 5.082373402613226,
  "total_return": 42.43129999999998,
  "max_drawdown": 0.25980394647051164,
  "sharpe_ratio": 5.140837429086123,
  "params": {
    "per_step_tick_gap": 13,
    "cold_start_steps": 18,
    "max_abserve_tick_steps": 937,
    "max_abserce_avg_price_down_steps": 11,
    "stop_profit_open_hc_pct": -0.006636121920263475,
    "dynamic_hc_stop_profit_thres": 0.6002914884416678,
    "last_close_price_hc_pct": -0.04,
    "last_day_sell_thres": 0.6103364474890757,
    "last_day_sell_huiche": 0.01393094631843985,
    "fd_mount": 42991535,
    "fd_vol_pct": 0.35669653727686146,
    "fd_ju_ticks": 39,
    "max_zb_times": 24,
    "stagnation_kline_ticks": 7,
    "decline_kline_ticks": 36,
    "yang_yin_threshold": 0.022713812758537632,
    "stagnation_n": 5,
    "stagnation_volume_ratio_threshold": 83.98944593196599,
    "stagnation_ratio_threshold": 806,
    "decline_volume_ratio_threshold": 47.02793304420133,
    "max_rebounds": 13,
    "decline_ratio_threshold": 313,
    "flxd_ticks": 232,
    "flzz_ticks": 1329,
    "use_simiple_kline_strategy_flxd": true,
    "use_simiple_kline_strategy_flzz": false,
    "flzz_use_smooth_price": false,
    "flzz_zf_thresh": -0.07,
    "kline_sell_flxd_zy": false,
    "kline_sell_flxd_zs": false,
    "kline_sell_flzz_zs": false,
    "kline_sell_flzz_zy": false,
    "last_open_price_hc_pct": -0.028933079073948365,
    "open_price_max_hc": -0.0458965340944341,
    "loss_per_step_tick_gap": 21,
    "loss_cold_start_steps": 25,
    "loss_max_abserve_tick_steps": 500,
    "loss_max_abserce_avg_price_down_steps": 12,
    "loss_dynamic_hc_stop_profit_thres": 5.1883578843901,
    "loss_last_close_price_hc_pct": -0.025693327130034645,
    "loss_last_open_price_hc_pct": -0.04632857896292455,
    "loss_open_price_max_hc": -0.014672289468324813,
    "loss_down_open_sell_wait_time": false,
    "down_open_sell_wait_time": true,
    "day_zy_line": 0.008755312111390806,
    "day_zs_line": -0.11108345814138734,
    "sell_afternoon": true,
    "sell_half_afternoon": false,
    "sell_max_days": 2,
    "stop_profit_pct": 0.0,
    "static_hc_stop_profit_pct": 1.0,
    "loss_static_hc_stop_profit_pct": 1.0
  },
  "timestamp": "2025-09-04T21:37:11.840868",
  "individual": [
    13.173327199166042,
    18.226861776568043,
    937.1695341592799,
    10.90952458521673,
    -0.006636121920263475,
    0.6002914884416678,
    -0.04,
    0.6103364474890757,
    0.01393094631843985,
    42991534.57950437,
    0.35669653727686146,
    39.1544353921185,
    23.760167412551116,
    6.833701389905372,
    35.61018565096793,
    0.022713812758537632,
    4.516525545821191,
    83.98944593196599,
    806.1930193031637,
    47.02793304420133,
    13.243638045350217,
    312.7031522371297,
    232.0001292662157,
    1329.307748253279,
    1,
    0,
    0,
    -0.07,
    0,
    0,
    0,
    0,
    -0.028933079073948365,
    -0.0458965340944341,
    20.781398319607153,
    24.856812218061187,
    500.0,
    11.814672354540155,
    5.1883578843901,
    -0.025693327130034645,
    -0.04632857896292455,
    -0.014672289468324813,
    0,
    1,
    0.008755312111390806,
    -0.11108345814138734,
    1,
    0,
    2.1758294018937265
  ]
}