{
  "generation": 10,
  "fitness": 3.6386269806777096,
  "total_return": 20.38161499999999,
  "max_drawdown": 0.268945,
  "sharpe_ratio": 4.522796536016984,
  "params": {
    "per_step_tick_gap": 14,
    "cold_start_steps": 2,
    "max_abserve_tick_steps": 786,
    "max_abserce_avg_price_down_steps": 10,
    "stop_profit_open_hc_pct": -0.032321627953005305,
    "dynamic_hc_stop_profit_thres": 0.01,
    "last_close_price_hc_pct": -0.01604434582829776,
    "last_day_sell_thres": 0.45561415263796956,
    "last_day_sell_huiche": 0.009938102611472049,
    "fd_mount": 29591280,
    "fd_vol_pct": 0.0894694144274428,
    "fd_ju_ticks": 1,
    "max_zb_times": 21,
    "stagnation_kline_ticks": 50,
    "decline_kline_ticks": 22,
    "yang_yin_threshold": 0.014894785694910775,
    "stagnation_n": 20,
    "stagnation_volume_ratio_threshold": 36.07388926762723,
    "stagnation_ratio_threshold": 1227,
    "decline_volume_ratio_threshold": 34.44611411854762,
    "max_rebounds": 7,
    "decline_ratio_threshold": 1305,
    "flxd_ticks": 143,
    "flzz_ticks": 1504,
    "use_simiple_kline_strategy_flxd": true,
    "use_simiple_kline_strategy_flzz": false,
    "flzz_use_smooth_price": false,
    "flzz_zf_thresh": 0.03372930784733742,
    "kline_sell_flxd_zy": true,
    "kline_sell_flxd_zs": false,
    "kline_sell_flzz_zs": false,
    "kline_sell_flzz_zy": false,
    "last_open_price_hc_pct": -0.04987052544607387,
    "open_price_max_hc": -0.08965985498906218,
    "loss_per_step_tick_gap": 18,
    "loss_cold_start_steps": 26,
    "loss_max_abserve_tick_steps": 321,
    "loss_max_abserce_avg_price_down_steps": 10,
    "loss_dynamic_hc_stop_profit_thres": 2.6707907516661833,
    "loss_last_close_price_hc_pct": -0.0028461555557813853,
    "loss_last_open_price_hc_pct": -0.07886163920304065,
    "loss_open_price_max_hc": -0.057300133305420865,
    "loss_down_open_sell_wait_time": true,
    "down_open_sell_wait_time": false,
    "day_zy_line": 0.010668967626526055,
    "day_zs_line": -0.1110524536601108,
    "sell_afternoon": true,
    "sell_half_afternoon": false,
    "sell_max_days": 2,
    "stop_profit_pct": 0.0,
    "static_hc_stop_profit_pct": 1.0,
    "loss_static_hc_stop_profit_pct": 1.0
  },
  "timestamp": "2025-09-04T21:29:32.740505",
  "individual": [
    14,
    2,
    785.9446443182841,
    9.85333472235062,
    -0.032321627953005305,
    0.01,
    -0.01604434582829776,
    0.45561415263796956,
    0.009938102611472049,
    29591280,
    0.0894694144274428,
    1.0,
    20.857239821194216,
    50.0,
    22,
    0.014894785694910775,
    19.525446914338694,
    36.07388926762723,
    1226.7283074575407,
    34.44611411854762,
    7.471628897582455,
    1305,
    143,
    1503.8970115287188,
    1,
    0,
    0,
    0.03372930784733742,
    1,
    0,
    0,
    0,
    -0.04987052544607387,
    -0.08965985498906218,
    18,
    26,
    321,
    10.070554296439962,
    2.6707907516661833,
    -0.0028461555557813853,
    -0.07886163920304065,
    -0.057300133305420865,
    1,
    0,
    0.010668967626526055,
    -0.1110524536601108,
    1,
    0,
    2.2936107395564775
  ]
}