{
  "generation": 80,
  "fitness": 5.78941053191568,
  "total_return": 63.93641000000003,
  "max_drawdown": 0.2653423978066872,
  "sharpe_ratio": 5.548739332409905,
  "params": {
    "per_step_tick_gap": 13,
    "cold_start_steps": 11,
    "max_abserve_tick_steps": 944,
    "max_abserce_avg_price_down_steps": 7,
    "stop_profit_open_hc_pct": -0.0018680749038636117,
    "dynamic_hc_stop_profit_thres": 0.6012069956880963,
    "last_close_price_hc_pct": -0.03763098473218468,
    "last_day_sell_thres": 0.4819447960606126,
    "last_day_sell_huiche": 0.012357141255617484,
    "fd_mount": 43102116,
    "fd_vol_pct": 0.22495504536904948,
    "fd_ju_ticks": 22,
    "max_zb_times": 23,
    "stagnation_kline_ticks": 6,
    "decline_kline_ticks": 31,
    "yang_yin_threshold": 0.017491311462321163,
    "stagnation_n": 13,
    "stagnation_volume_ratio_threshold": 20.35998574532657,
    "stagnation_ratio_threshold": 1416,
    "decline_volume_ratio_threshold": 50.17087635455416,
    "max_rebounds": 14,
    "decline_ratio_threshold": 334,
    "flxd_ticks": 217,
    "flzz_ticks": 1279,
    "use_simiple_kline_strategy_flxd": true,
    "use_simiple_kline_strategy_flzz": false,
    "flzz_use_smooth_price": true,
    "flzz_zf_thresh": 0.1,
    "kline_sell_flxd_zy": false,
    "kline_sell_flxd_zs": false,
    "kline_sell_flzz_zs": false,
    "kline_sell_flzz_zy": false,
    "last_open_price_hc_pct": -0.005508710969850861,
    "open_price_max_hc": -0.07818821189626617,
    "loss_per_step_tick_gap": 17,
    "loss_cold_start_steps": 26,
    "loss_max_abserve_tick_steps": 213,
    "loss_max_abserce_avg_price_down_steps": 5,
    "loss_dynamic_hc_stop_profit_thres": 7.566728235497972,
    "loss_last_close_price_hc_pct": -0.032460317186973016,
    "loss_last_open_price_hc_pct": -0.02639522826243232,
    "loss_open_price_max_hc": -0.0819084980010551,
    "loss_down_open_sell_wait_time": false,
    "down_open_sell_wait_time": true,
    "day_zy_line": 0.016634245186199496,
    "day_zs_line": -0.11121466566650488,
    "sell_afternoon": true,
    "sell_half_afternoon": false,
    "sell_max_days": 3,
    "stop_profit_pct": 0.0,
    "static_hc_stop_profit_pct": 1.0,
    "loss_static_hc_stop_profit_pct": 1.0
  },
  "timestamp": "2025-09-04T21:57:07.148207",
  "individual": [
    12.636411041212316,
    10.68066677699082,
    944.2124314474843,
    6.933131793721021,
    -0.0018680749038636117,
    0.6012069956880963,
    -0.03763098473218468,
    0.4819447960606126,
    0.012357141255617484,
    43102115.88654983,
    0.22495504536904948,
    21.63463416077928,
    22.907352021179207,
    6.002743662989398,
    31.448815152458398,
    0.017491311462321163,
    13.154385387180742,
    20.35998574532657,
    1416.1523016848405,
    50.17087635455416,
    13.713582350070471,
    333.7598877471327,
    216.92739001039598,
    1278.908174158806,
    1,
    0,
    1,
    0.1,
    0,
    0,
    0,
    0,
    -0.005508710969850861,
    -0.07818821189626617,
    16.853663971065817,
    26.361230035218302,
    212.95339226489287,
    5.385030772684008,
    7.566728235497972,
    -0.032460317186973016,
    -0.02639522826243232,
    -0.0819084980010551,
    0,
    1,
    0.016634245186199496,
    -0.11121466566650488,
    1,
    0,
    3.0538841409141355
  ]
}