{
    "strategy": "低位孕线低吸",
    "generation": 0,
    "best_score": 0.006526381457472668,
    "best_params": {
        "ema_alpha": 0.19176185019165887,
        "kalman_q": 0.03569104754026914,
        "kalman_r": 0.07390181409783965,
        "sg_window": 12,
        "macd_fast": 9,
        "macd_slow_ratio": 2.094935758741746,
        "macd_signal": 9,
        "ema_fast": 5,
        "ema_slow_ratio": 1.5626575777559333,
        "volume_window": 6,
        "price_confirm_ticks": 8,
        "strength_confirm_ticks": 9,
        "strength_threshold": 2.8411400392057296,
        "volume_weight": 0.4095933936573791,
        "use_price_confirm": false,
        "use_strength_confirm": false,
        "dead_cross_threshold": 0.00533306016845166,
        "price_drop_threshold": 0.004541103046707991,
        "max_confirm_ticks": 2,
        "debug": false
    },
    "timestamp": "20250720_214557"
}