{
    "strategy": "低位孕线低吸",
    "generation": 10,
    "best_score": 0.019942322655396232,
    "best_params": {
        "ema_alpha": 0.3,
        "kalman_q": 0.05,
        "kalman_r": 0.04493880031412331,
        "sg_window": 19,
        "macd_fast": 3,
        "macd_slow_ratio": 1.6638463778891304,
        "macd_signal": 5,
        "ema_fast": 11,
        "ema_slow_ratio": 2.4842774869874926,
        "volume_window": 8,
        "price_confirm_ticks": 7,
        "strength_confirm_ticks": 2,
        "strength_threshold": 0.3,
        "volume_weight": 0.9638912689896417,
        "use_price_confirm": false,
        "use_strength_confirm": true,
        "dead_cross_threshold": 0.003216749015259842,
        "price_drop_threshold": 0.00448999732021429,
        "max_confirm_ticks": 10,
        "debug": false
    },
    "timestamp": "20250722_190842"
}