{
    "strategy": "低位孕线低吸",
    "generation": 0,
    "best_score": 0.02137398550376814,
    "best_params": {
        "ema_alpha": 0.2292048494229813,
        "kalman_q": 0.03424839655713545,
        "kalman_r": 0.022734667182038645,
        "sg_window": 15,
        "macd_fast": 9,
        "macd_slow_ratio": 1.6987936032984023,
        "macd_signal": 14,
        "ema_fast": 9,
        "ema_slow_ratio": 2.529950284090153,
        "volume_window": 4,
        "price_confirm_ticks": 6,
        "strength_confirm_ticks": 4,
        "strength_threshold": 0.34717527050966096,
        "volume_weight": 0.4764044378722092,
        "use_price_confirm": false,
        "use_strength_confirm": false,
        "dead_cross_threshold": 0.004005322724475437,
        "price_drop_threshold": 0.004091527415308965,
        "max_confirm_ticks": 6,
        "debug": false
    },
    "timestamp": "20250721_182504"
}