{
    "strategy": "低位孕线低吸",
    "generation": 10,
    "best_score": 0.019966975317557152,
    "best_params": {
        "ema_alpha": 0.14931364213094409,
        "kalman_q": 0.03424839655713545,
        "kalman_r": 0.022734667182038645,
        "sg_window": 21,
        "macd_fast": 3,
        "macd_slow_ratio": 1.7876882396846896,
        "macd_signal": 10,
        "ema_fast": 9,
        "ema_slow_ratio": 2.529950284090153,
        "volume_window": 4,
        "price_confirm_ticks": 4,
        "strength_confirm_ticks": 4,
        "strength_threshold": 0.34717527050966096,
        "volume_weight": 1.0,
        "use_price_confirm": false,
        "use_strength_confirm": false,
        "dead_cross_threshold": 0,
        "price_drop_threshold": 0.003660308012363873,
        "max_confirm_ticks": 3,
        "debug": false
    },
    "timestamp": "20250721_203150"
}