{
  "generation": 60,
  "fitness": 5.055993289462339,
  "total_return": 94.2909775,
  "max_drawdown": 0.3169670195083546,
  "sharpe_ratio": 5.054841365938525,
  "params": {
    "per_step_tick_gap": 1,
    "cold_start_steps": 50,
    "max_abserve_tick_steps": 444,
    "max_abserce_avg_price_down_steps": 5,
    "stop_profit_open_hc_pct": -0.027854832398259893,
    "dynamic_hc_stop_profit_thres": 0.8149193949119002,
    "last_close_price_hc_pct": 0.00884209325488827,
    "last_day_sell_thres": 0.676869141880297,
    "last_day_sell_huiche": 0.00810969728463484,
    "fd_mount": 80099743,
    "fd_vol_pct": 0.3535151289225361,
    "fd_ju_ticks": 1,
    "max_zb_times": 13,
    "stagnation_kline_ticks": 7,
    "decline_kline_ticks": 25,
    "yang_yin_threshold": 0.006623121722436169,
    "stagnation_n": 27,
    "stagnation_volume_ratio_threshold": 48.4595755700314,
    "stagnation_ratio_threshold": 1072,
    "decline_volume_ratio_threshold": 72.03015551345102,
    "max_rebounds": 5,
    "decline_ratio_threshold": 189,
    "flxd_ticks": 274,
    "flzz_ticks": 1049,
    "use_simiple_kline_strategy_flxd": false,
    "use_simiple_kline_strategy_flzz": true,
    "flzz_use_smooth_price": true,
    "flzz_zf_thresh": 0.020500780587699795,
    "kline_sell_flxd_zy": true,
    "kline_sell_flxd_zs": true,
    "kline_sell_flzz_zs": true,
    "kline_sell_flzz_zy": true,
    "last_open_price_hc_pct": -0.01660861044818448,
    "open_price_max_hc": -0.1,
    "loss_per_step_tick_gap": 13,
    "loss_cold_start_steps": 5,
    "loss_max_abserve_tick_steps": 101,
    "loss_max_abserce_avg_price_down_steps": 6,
    "loss_dynamic_hc_stop_profit_thres": 0.8047007613021575,
    "loss_last_close_price_hc_pct": -0.0031332447211334874,
    "loss_last_open_price_hc_pct": -0.07706624106051886,
    "loss_open_price_max_hc": -0.07839790758229652,
    "loss_down_open_sell_wait_time": true,
    "down_open_sell_wait_time": false,
    "day_zy_line": 4.083997200401727e-05,
    "day_zs_line": -0.019091978843332674,
    "sell_afternoon": true,
    "sell_half_afternoon": true,
    "sell_max_days": 2,
    "stop_profit_pct": 0.0,
    "static_hc_stop_profit_pct": 1.0,
    "loss_static_hc_stop_profit_pct": 1.0
  },
  "timestamp": "2025-09-05T16:33:34.801332",
  "individual": [
    1.2311694876032149,
    49.86570920014816,
    444.48913478308145,
    5.035447868459946,
    -0.027854832398259893,
    0.8149193949119002,
    0.00884209325488827,
    0.676869141880297,
    0.00810969728463484,
    80099743.21922657,
    0.3535151289225361,
    1.40001810366825,
    12.630782063277513,
    6.722446938670699,
    25.246490750885364,
    0.006623121722436169,
    27.466246045855915,
    48.4595755700314,
    1072.3460840824755,
    72.03015551345102,
    5.2380439371939955,
    189.29144282663097,
    274.3935571646406,
    1048.9396478266206,
    0,
    1,
    1,
    0.020500780587699795,
    1,
    1,
    1,
    1,
    -0.01660861044818448,
    -0.1,
    12.718044253372033,
    5.2082390734258075,
    101.08754842640286,
    6.028658300622654,
    0.8047007613021575,
    -0.0031332447211334874,
    -0.07706624106051886,
    -0.07839790758229652,
    1,
    0,
    4.083997200401727e-05,
    -0.019091978843332674,
    1,
    1,
    2.289780353154574
  ],
  "max_drawdown_threshold": 0.26
}