{
  "generation": 20,
  "fitness": 3.3951630388974707,
  "total_return": 35.21507,
  "max_drawdown": 0.32249945826862664,
  "sharpe_ratio": 4.440322207570177,
  "params": {
    "per_step_tick_gap": 4,
    "cold_start_steps": 43,
    "max_abserve_tick_steps": 636,
    "max_abserce_avg_price_down_steps": 3,
    "stop_profit_open_hc_pct": -0.03978036960468396,
    "dynamic_hc_stop_profit_thres": 1.1825446172820564,
    "last_close_price_hc_pct": 0.01,
    "last_day_sell_thres": 0.6173218346174693,
    "last_day_sell_huiche": 0.007965812319411368,
    "fd_mount": 67605946,
    "fd_vol_pct": 0.32623861307920776,
    "fd_ju_ticks": 1,
    "max_zb_times": 15,
    "stagnation_kline_ticks": 15,
    "decline_kline_ticks": 25,
    "yang_yin_threshold": 0.008182699135937275,
    "stagnation_n": 30,
    "stagnation_volume_ratio_threshold": 48.579230111866195,
    "stagnation_ratio_threshold": 1018,
    "decline_volume_ratio_threshold": 72.82762600098155,
    "max_rebounds": 9,
    "decline_ratio_threshold": 222,
    "flxd_ticks": 458,
    "flzz_ticks": 1113,
    "use_simiple_kline_strategy_flxd": false,
    "use_simiple_kline_strategy_flzz": true,
    "flzz_use_smooth_price": true,
    "flzz_zf_thresh": 0.02998945170000536,
    "kline_sell_flxd_zy": true,
    "kline_sell_flxd_zs": false,
    "kline_sell_flzz_zs": true,
    "kline_sell_flzz_zy": true,
    "last_open_price_hc_pct": -0.01571865585310376,
    "open_price_max_hc": -0.08040741500293098,
    "loss_per_step_tick_gap": 13,
    "loss_cold_start_steps": 6,
    "loss_max_abserve_tick_steps": 40,
    "loss_max_abserce_avg_price_down_steps": 6,
    "loss_dynamic_hc_stop_profit_thres": 2.0463848413676,
    "loss_last_close_price_hc_pct": -0.0040603280079971795,
    "loss_last_open_price_hc_pct": -0.0799425863740431,
    "loss_open_price_max_hc": -0.07924885504299507,
    "loss_down_open_sell_wait_time": true,
    "down_open_sell_wait_time": false,
    "day_zy_line": 0.0,
    "day_zs_line": -0.03322441972198509,
    "sell_afternoon": false,
    "sell_half_afternoon": false,
    "sell_max_days": 1,
    "stop_profit_pct": 0.0,
    "static_hc_stop_profit_pct": 1.0,
    "loss_static_hc_stop_profit_pct": 1.0
  },
  "timestamp": "2025-09-05T16:16:26.130693",
  "individual": [
    4.005699011603426,
    43.05744411663984,
    635.7371742437092,
    2.725716254704423,
    -0.03978036960468396,
    1.1825446172820564,
    0.01,
    0.6173218346174693,
    0.007965812319411368,
    67605945.58758274,
    0.32623861307920776,
    1.0,
    14.515956765922976,
    14.703760119596268,
    25.1292051552038,
    0.008182699135937275,
    30.0,
    48.579230111866195,
    1017.8211990920242,
    72.82762600098155,
    8.93994665232805,
    222.36824449437253,
    458.4657106111306,
    1113.1069630695308,
    0,
    1,
    1,
    0.02998945170000536,
    1,
    0,
    1,
    1,
    -0.01571865585310376,
    -0.08040741500293098,
    12.664582115936838,
    6.20118251992185,
    40.46504108461225,
    5.943057001495879,
    2.0463848413676,
    -0.0040603280079971795,
    -0.0799425863740431,
    -0.07924885504299507,
    1,
    0,
    0.0,
    -0.03322441972198509,
    0,
    0,
    1.1722693208936747
  ],
  "max_drawdown_threshold": 0.26
}