{
  "generation": 100,
  "fitness": 3.871115090886292,
  "total_return": 13.485310000000007,
  "max_drawdown": 0.2388367428800643,
  "sharpe_ratio": 5.9370990691255425,
  "params": {
    "per_step_tick_gap": 16,
    "cold_start_steps": 42,
    "max_abserve_tick_steps": 957,
    "max_abserce_avg_price_down_steps": 15,
    "stop_profit_open_hc_pct": -0.0565417708035179,
    "dynamic_hc_stop_profit_thres": 3.7162916522365634,
    "last_close_price_hc_pct": -0.036272974349435404,
    "last_day_sell_thres": 0.6297692715922535,
    "last_day_sell_huiche": 0.011761318304577963,
    "fd_mount": 110635005,
    "fd_vol_pct": 0.5567045816763891,
    "fd_ju_ticks": 1,
    "max_zb_times": 2,
    "stagnation_kline_ticks": 35,
    "decline_kline_ticks": 50,
    "yang_yin_threshold": 0.002,
    "stagnation_n": 11,
    "stagnation_volume_ratio_threshold": 67.97540850766607,
    "stagnation_ratio_threshold": 474,
    "decline_volume_ratio_threshold": 99.05704880160629,
    "max_rebounds": 1,
    "decline_ratio_threshold": 879,
    "flxd_ticks": 500,
    "flzz_ticks": 129,
    "use_simiple_kline_strategy_flxd": true,
    "use_simiple_kline_strategy_flzz": true,
    "flzz_use_smooth_price": true,
    "flzz_zf_thresh": -0.014340446864659285,
    "kline_sell_flxd_zy": true,
    "kline_sell_flxd_zs": false,
    "kline_sell_flzz_zs": true,
    "kline_sell_flzz_zy": true,
    "last_open_price_hc_pct": -0.01534558718341639,
    "open_price_max_hc": -1.5169253746852008e-05,
    "loss_per_step_tick_gap": 3,
    "loss_cold_start_steps": 8,
    "loss_max_abserve_tick_steps": 423,
    "loss_max_abserce_avg_price_down_steps": 12,
    "loss_dynamic_hc_stop_profit_thres": 0.03166380730118515,
    "loss_last_close_price_hc_pct": -0.0676588629610073,
    "loss_last_open_price_hc_pct": -0.07080336492142411,
    "loss_open_price_max_hc": -0.00024131875321402183,
    "loss_down_open_sell_wait_time": false,
    "down_open_sell_wait_time": false,
    "day_zy_line": 0.012142354377989332,
    "day_zs_line": -0.12137965950008321,
    "sell_afternoon": true,
    "sell_half_afternoon": false,
    "sell_max_days": 4,
    "stop_profit_pct": 0.0,
    "static_hc_stop_profit_pct": 1.0,
    "loss_static_hc_stop_profit_pct": 1.0
  },
  "timestamp": "2025-09-06T16:53:14.001652",
  "individual": [
    16.319896169501714,
    41.77354775374515,
    957.0198492959104,
    14.67702785374117,
    -0.0565417708035179,
    3.7162916522365634,
    -0.036272974349435404,
    0.6297692715922535,
    0.011761318304577963,
    110635005.25066586,
    0.5567045816763891,
    1.0,
    1.7991674667107393,
    35.487432643861254,
    50.0,
    0.002,
    11.287026237885211,
    67.97540850766607,
    473.58509285262625,
    99.05704880160629,
    1.490485231331284,
    879.2961967683875,
    500.0,
    128.5710255949972,
    1,
    1,
    1,
    -0.014340446864659285,
    1,
    0,
    1,
    1,
    -0.01534558718341639,
    -1.5169253746852008e-05,
    3.4152120005367403,
    7.855434071792359,
    422.9555033489272,
    12.227586439259213,
    0.03166380730118515,
    -0.0676588629610073,
    -0.07080336492142411,
    -0.00024131875321402183,
    0,
    0,
    0.012142354377989332,
    -0.12137965950008321,
    1,
    0,
    3.9667031455694026
  ],
  "max_drawdown_threshold": 0.25,
  "strategy_name": "\u4f4e\u4f4d\u65ad\u677f\u4f4e\u5438"
}