{
  "generation": 60,
  "fitness": 3.8482676234096647,
  "total_return": 13.286095000000008,
  "max_drawdown": 0.2388367428800643,
  "sharpe_ratio": 5.918988878272494,
  "params": {
    "per_step_tick_gap": 17,
    "cold_start_steps": 38,
    "max_abserve_tick_steps": 964,
    "max_abserce_avg_price_down_steps": 15,
    "stop_profit_open_hc_pct": -0.05819108572462193,
    "dynamic_hc_stop_profit_thres": 4.006018008400169,
    "last_close_price_hc_pct": -0.03295651755791269,
    "last_day_sell_thres": 0.7681045343194974,
    "last_day_sell_huiche": 0.016980297003186758,
    "fd_mount": 125266018,
    "fd_vol_pct": 0.652264289271229,
    "fd_ju_ticks": 1,
    "max_zb_times": 3,
    "stagnation_kline_ticks": 35,
    "decline_kline_ticks": 35,
    "yang_yin_threshold": 0.002608980967731481,
    "stagnation_n": 14,
    "stagnation_volume_ratio_threshold": 67.64454771912895,
    "stagnation_ratio_threshold": 496,
    "decline_volume_ratio_threshold": 59.009752530418766,
    "max_rebounds": 1,
    "decline_ratio_threshold": 1425,
    "flxd_ticks": 98,
    "flzz_ticks": 119,
    "use_simiple_kline_strategy_flxd": true,
    "use_simiple_kline_strategy_flzz": true,
    "flzz_use_smooth_price": true,
    "flzz_zf_thresh": 0.02021603762620326,
    "kline_sell_flxd_zy": true,
    "kline_sell_flxd_zs": true,
    "kline_sell_flzz_zs": true,
    "kline_sell_flzz_zy": true,
    "last_open_price_hc_pct": -0.012269091542814286,
    "open_price_max_hc": -1.0306544774194628e-05,
    "loss_per_step_tick_gap": 3,
    "loss_cold_start_steps": 8,
    "loss_max_abserve_tick_steps": 334,
    "loss_max_abserce_avg_price_down_steps": 12,
    "loss_dynamic_hc_stop_profit_thres": 0.019847423985847035,
    "loss_last_close_price_hc_pct": -0.07780072943297664,
    "loss_last_open_price_hc_pct": -0.07218954598819541,
    "loss_open_price_max_hc": -0.035365140098443784,
    "loss_down_open_sell_wait_time": false,
    "down_open_sell_wait_time": false,
    "day_zy_line": 0.012226086453684499,
    "day_zs_line": -0.12084758303907925,
    "sell_afternoon": true,
    "sell_half_afternoon": false,
    "sell_max_days": 4,
    "stop_profit_pct": 0.0,
    "static_hc_stop_profit_pct": 1.0,
    "loss_static_hc_stop_profit_pct": 1.0
  },
  "timestamp": "2025-09-06T16:46:38.378553",
  "individual": [
    16.686681855451013,
    37.66378959028502,
    963.7092306738339,
    14.65692246271856,
    -0.05819108572462193,
    4.006018008400169,
    -0.03295651755791269,
    0.7681045343194974,
    0.016980297003186758,
    125266018.19406092,
    0.652264289271229,
    1.0,
    2.609565194650997,
    34.59533103501634,
    35.237373509971995,
    0.002608980967731481,
    13.908708297729266,
    67.64454771912895,
    495.63043837608734,
    59.009752530418766,
    1.0049070862319138,
    1425.2932807361246,
    98.00026908833058,
    119.40561017384354,
    1,
    1,
    1,
    0.02021603762620326,
    1,
    1,
    1,
    1,
    -0.012269091542814286,
    -1.0306544774194628e-05,
    2.7674536200354596,
    8.279502372237385,
    334.2342100444497,
    11.65960058044328,
    0.019847423985847035,
    -0.07780072943297664,
    -0.07218954598819541,
    -0.035365140098443784,
    0,
    0,
    0.012226086453684499,
    -0.12084758303907925,
    1,
    0,
    3.876203301944168
  ],
  "max_drawdown_threshold": 0.25,
  "strategy_name": "\u4f4e\u4f4d\u65ad\u677f\u4f4e\u5438"
}