{
  "generation": 30,
  "fitness": 3.6889888514951488,
  "total_return": 11.93007000000001,
  "max_drawdown": 0.2388367428800643,
  "sharpe_ratio": 5.7992497467427215,
  "params": {
    "per_step_tick_gap": 17,
    "cold_start_steps": 46,
    "max_abserve_tick_steps": 959,
    "max_abserce_avg_price_down_steps": 13,
    "stop_profit_open_hc_pct": -0.050840237500854736,
    "dynamic_hc_stop_profit_thres": 2.4900250284347294,
    "last_close_price_hc_pct": -0.030012186035378155,
    "last_day_sell_thres": 0.8046068739940918,
    "last_day_sell_huiche": 0.01813291731971386,
    "fd_mount": 30101774,
    "fd_vol_pct": 0.6936446824655063,
    "fd_ju_ticks": 1,
    "max_zb_times": 2,
    "stagnation_kline_ticks": 49,
    "decline_kline_ticks": 36,
    "yang_yin_threshold": 0.002,
    "stagnation_n": 12,
    "stagnation_volume_ratio_threshold": 84.74378591208736,
    "stagnation_ratio_threshold": 991,
    "decline_volume_ratio_threshold": 62.028993721860175,
    "max_rebounds": 1,
    "decline_ratio_threshold": 1456,
    "flxd_ticks": 73,
    "flzz_ticks": 105,
    "use_simiple_kline_strategy_flxd": true,
    "use_simiple_kline_strategy_flzz": true,
    "flzz_use_smooth_price": true,
    "flzz_zf_thresh": 0.035024695146982185,
    "kline_sell_flxd_zy": true,
    "kline_sell_flxd_zs": true,
    "kline_sell_flzz_zs": true,
    "kline_sell_flzz_zy": true,
    "last_open_price_hc_pct": -0.029630650833627398,
    "open_price_max_hc": 0.0,
    "loss_per_step_tick_gap": 3,
    "loss_cold_start_steps": 10,
    "loss_max_abserve_tick_steps": 346,
    "loss_max_abserce_avg_price_down_steps": 15,
    "loss_dynamic_hc_stop_profit_thres": 0.01,
    "loss_last_close_price_hc_pct": -0.07972289633717437,
    "loss_last_open_price_hc_pct": -0.0677248414158774,
    "loss_open_price_max_hc": -0.04264789567451649,
    "loss_down_open_sell_wait_time": false,
    "down_open_sell_wait_time": false,
    "day_zy_line": 0.012219454264823362,
    "day_zs_line": -0.1189760694566438,
    "sell_afternoon": true,
    "sell_half_afternoon": false,
    "sell_max_days": 4,
    "stop_profit_pct": 0.0,
    "static_hc_stop_profit_pct": 1.0,
    "loss_static_hc_stop_profit_pct": 1.0
  },
  "timestamp": "2025-09-06T16:41:15.740765",
  "individual": [
    16.789795520017364,
    46.3628436883734,
    959.4281901939783,
    12.85730369368926,
    -0.050840237500854736,
    2.4900250284347294,
    -0.030012186035378155,
    0.8046068739940918,
    0.01813291731971386,
    30101773.964906655,
    0.6936446824655063,
    1.0,
    2.0790778320820733,
    48.5540115827566,
    35.57533099084364,
    0.002,
    12.351438947656897,
    84.74378591208736,
    990.8659084220668,
    62.028993721860175,
    0.5922295654532261,
    1456.1107024907435,
    72.56558398634894,
    105.38752745359017,
    1,
    1,
    1,
    0.035024695146982185,
    1,
    1,
    1,
    1,
    -0.029630650833627398,
    0.0,
    2.7737533679698254,
    9.517570452224879,
    346.3962655603972,
    14.807621173767053,
    0.01,
    -0.07972289633717437,
    -0.0677248414158774,
    -0.04264789567451649,
    0,
    0,
    0.012219454264823362,
    -0.1189760694566438,
    1,
    0,
    4
  ],
  "max_drawdown_threshold": 0.25,
  "strategy_name": "\u4f4e\u4f4d\u65ad\u677f\u4f4e\u5438"
}