{
  "generation": 10,
  "fitness": 3.1180572313642134,
  "total_return": 7.877625000000003,
  "max_drawdown": 0.23903790087463567,
  "sharpe_ratio": 5.277827130788509,
  "params": {
    "per_step_tick_gap": 18,
    "cold_start_steps": 46,
    "max_abserve_tick_steps": 953,
    "max_abserce_avg_price_down_steps": 3,
    "stop_profit_open_hc_pct": -0.03622412698743288,
    "dynamic_hc_stop_profit_thres": 2.0362856653424077,
    "last_close_price_hc_pct": -0.02757110638243318,
    "last_day_sell_thres": 1.0,
    "last_day_sell_huiche": 0.015693139457627243,
    "fd_mount": 45954110,
    "fd_vol_pct": 0.5143019369596787,
    "fd_ju_ticks": 1,
    "max_zb_times": 3,
    "stagnation_kline_ticks": 50,
    "decline_kline_ticks": 41,
    "yang_yin_threshold": 0.015001070245246396,
    "stagnation_n": 16,
    "stagnation_volume_ratio_threshold": 39.61927124041555,
    "stagnation_ratio_threshold": 576,
    "decline_volume_ratio_threshold": 61.51287214577512,
    "max_rebounds": 1,
    "decline_ratio_threshold": 1283,
    "flxd_ticks": 75,
    "flzz_ticks": 100,
    "use_simiple_kline_strategy_flxd": true,
    "use_simiple_kline_strategy_flzz": true,
    "flzz_use_smooth_price": false,
    "flzz_zf_thresh": 0.010532209778823777,
    "kline_sell_flxd_zy": true,
    "kline_sell_flxd_zs": false,
    "kline_sell_flzz_zs": false,
    "kline_sell_flzz_zy": true,
    "last_open_price_hc_pct": -0.0134597742279119,
    "open_price_max_hc": 0.0,
    "loss_per_step_tick_gap": 1,
    "loss_cold_start_steps": 4,
    "loss_max_abserve_tick_steps": 353,
    "loss_max_abserce_avg_price_down_steps": 15,
    "loss_dynamic_hc_stop_profit_thres": 2.4804031964808178,
    "loss_last_close_price_hc_pct": -0.0727282772489673,
    "loss_last_open_price_hc_pct": -0.08,
    "loss_open_price_max_hc": -0.04310658928896761,
    "loss_down_open_sell_wait_time": true,
    "down_open_sell_wait_time": false,
    "day_zy_line": 0.013565616344751633,
    "day_zs_line": -0.12078216804669875,
    "sell_afternoon": true,
    "sell_half_afternoon": false,
    "sell_max_days": 4,
    "stop_profit_pct": 0.0,
    "static_hc_stop_profit_pct": 1.0,
    "loss_static_hc_stop_profit_pct": 1.0
  },
  "timestamp": "2025-09-06T16:38:12.828812",
  "individual": [
    18.178813616821145,
    46.452668402636576,
    953.1044818083836,
    2.8965313828020145,
    -0.03622412698743288,
    2.0362856653424077,
    -0.02757110638243318,
    1.0,
    0.015693139457627243,
    45954109.619557776,
    0.5143019369596787,
    1.0,
    3.0798653613938276,
    50.0,
    40.94306498385089,
    0.015001070245246396,
    15.825697595561312,
    39.61927124041555,
    576.1581323844807,
    61.51287214577512,
    1.089752576871672,
    1283.2424439605875,
    75.33368382910163,
    100.0,
    1,
    1,
    0,
    0.010532209778823777,
    1,
    0,
    0,
    1,
    -0.0134597742279119,
    0.0,
    1.1462062458378062,
    4.165318827310488,
    352.69450532781246,
    14.750289378899936,
    2.4804031964808178,
    -0.0727282772489673,
    -0.08,
    -0.04310658928896761,
    1,
    0,
    0.013565616344751633,
    -0.12078216804669875,
    1,
    0,
    4.0
  ],
  "max_drawdown_threshold": 0.25,
  "strategy_name": "\u4f4e\u4f4d\u65ad\u677f\u4f4e\u5438"
}