{
  "gen": [
    0,
    1,
    2,
    3,
    4,
    5,
    6,
    7,
    8,
    9,
    10,
    11,
    12,
    13,
    14,
    15,
    16,
    17,
    18,
    19,
    20,
    21,
    22,
    23,
    24,
    25,
    26,
    27,
    28,
    29,
    30,
    31,
    32,
    33,
    34,
    35,
    36,
    37,
    38,
    39,
    40,
    41,
    42,
    43,
    44,
    45,
    46,
    47,
    48,
    49,
    50,
    51,
    52,
    53,
    54,
    55,
    56,
    57,
    58,
    59,
    60,
    61,
    62,
    63,
    64,
    65,
    66,
    67,
    68,
    69,
    70
  ],
  "best_fitness": [
    0.7965963896159864,
    1.0564504093343854,
    1.1782627629591194,
    1.1782627629591194,
    1.1782627629591194,
    1.1782627629591194,
    1.184581025671008,
    1.2033603949814213,
    1.2036151620293292,
    1.3206611633206515,
    1.3342678549070244,
    1.3342678549070244,
    1.3342678549070244,
    1.3342678549070244,
    1.3342678549070244,
    1.3430333740459226,
    1.4704257521146198,
    1.4896792136888928,
    1.4896792136888928,
    1.524296342523652,
    1.6044034715651192,
    1.6044034715651192,
    1.6044034715651192,
    1.624109736102498,
    1.6265251758346162,
    1.701962353029893,
    1.735533369782167,
    1.735533369782167,
    1.735533369782167,
    1.758457836036256,
    1.758457836036256,
    1.76659468905706,
    1.76659468905706,
    1.7773346391723752,
    1.7773346391723752,
    1.7773346391723752,
    1.8126023705332737,
    1.8126023705332737,
    1.8176731916558386,
    1.8176731916558386,
    1.8180575128279535,
    1.8180575128279535,
    1.8184837930586537,
    1.827658552740951,
    1.8358067133345106,
    1.8358067133345106,
    1.8358067133345106,
    1.8358067133345106,
    1.8445295846988985,
    1.8445295846988985,
    1.8474434593325706,
    1.8474434593325706,
    1.8474434593325706,
    1.8474434593325706,
    1.8474434593325706,
    1.8474434593325706,
    1.8474434593325706,
    1.8474434593325706,
    1.8474434593325706,
    1.8474434593325706,
    1.8474434593325706,
    1.8474434593325706,
    1.8474434593325706,
    1.8474434593325706,
    1.8474434593325706,
    1.8474434593325706,
    1.8474434593325706,
    1.8474434593325706,
    1.8474434593325706,
    1.8474434593325706,
    1.8474434593325706
  ],
  "best_return": [
    1.8013400000000006,
    1.9897400000000012,
    1.5652800000000011,
    1.5652800000000011,
    1.5652800000000011,
    1.5652800000000011,
    2.536629999999997,
    2.612729999999997,
    2.6142800000000004,
    2.6896599999999995,
    2.699309999999999,
    2.699309999999999,
    2.699309999999999,
    2.699309999999999,
    2.699309999999999,
    2.67198,
    2.7558949999999993,
    2.6129749999999996,
    2.6129749999999996,
    2.7951150000000005,
    3.169614999999999,
    3.169614999999999,
    3.169614999999999,
    3.15248,
    2.9938699999999994,
    3.1735649999999995,
    3.213525,
    3.213525,
    3.213525,
    3.394874999999999,
    3.394874999999999,
    3.427249999999999,
    3.427249999999999,
    3.4747250000000007,
    3.4747250000000007,
    3.4747250000000007,
    3.5494,
    3.5494,
    3.5613750000000017,
    3.5613750000000017,
    3.602685,
    3.602685,
    3.68174,
    3.634255,
    3.664355,
    3.664355,
    3.664355,
    3.664355,
    3.700065,
    3.700065,
    3.712205,
    3.712205,
    3.712205,
    3.712205,
    3.712205,
    3.712205,
    3.712205,
    3.712205,
    3.712205,
    3.712205,
    3.712205,
    3.712205,
    3.712205,
    3.712205,
    3.712205,
    3.712205,
    3.712205,
    3.712205,
    3.712205,
    3.712205,
    3.712205
  ],
  "best_drawdown": [
    0.27324442252739717,
    0.23217598384772686,
    0.19748196864269751,
    0.19748196864269751,
    0.19748196864269751,
    0.19748196864269751,
    0.23227781498134517,
    0.23203447284363812,
    0.2323283092470903,
    0.21926200252718434,
    0.22189116720540217,
    0.22189116720540217,
    0.22189116720540217,
    0.22189116720540217,
    0.22189116720540217,
    0.21527979734974223,
    0.20231469289925771,
    0.19489614139162642,
    0.19489614139162642,
    0.19698549541435012,
    0.19777465195123714,
    0.19777465195123714,
    0.19777465195123714,
    0.19585208031227677,
    0.19112871271357373,
    0.18717457732263687,
    0.18506834010384784,
    0.18506834010384784,
    0.18506834010384784,
    0.1871740449337134,
    0.1871740449337134,
    0.18725779664144682,
    0.18725779664144682,
    0.1871978310129526,
    0.1871978310129526,
    0.1871978310129526,
    0.18542907209823206,
    0.18542907209823206,
    0.18517682562372773,
    0.18517682562372773,
    0.18565094956335165,
    0.18565094956335165,
    0.18754865403658968,
    0.18546841105150752,
    0.18538992015801006,
    0.18538992015801006,
    0.18538992015801006,
    0.18538992015801006,
    0.18538992015801006,
    0.18538992015801006,
    0.18538992015801006,
    0.18538992015801006,
    0.18538992015801006,
    0.18538992015801006,
    0.18538992015801006,
    0.18538992015801006,
    0.18538992015801006,
    0.18538992015801006,
    0.18538992015801006,
    0.18538992015801006,
    0.18538992015801006,
    0.18538992015801006,
    0.18538992015801006,
    0.18538992015801006,
    0.18538992015801006,
    0.18538992015801006,
    0.18538992015801006,
    0.18538992015801006,
    0.18538992015801006,
    0.18538992015801006,
    0.18538992015801006
  ],
  "best_sharpe": [
    2.5056121842688035,
    2.706605427798471,
    2.7050516222581034,
    2.7050516222581034,
    2.7050516222581034,
    2.7050516222581034,
    3.008479637304968,
    3.051170259208236,
    3.0661416363406184,
    3.183086598300517,
    3.416588432675485,
    3.416588432675485,
    3.416588432675485,
    3.416588432675485,
    3.416588432675485,
    3.157473005789898,
    3.254812929567688,
    3.1609365632431086,
    3.1609365632431086,
    3.2786476719356967,
    3.4207970710014437,
    3.4207970710014437,
    3.4207970710014437,
    3.4580038138488627,
    3.3845375800835087,
    3.4327951345662506,
    3.47457944791425,
    3.47457944791425,
    3.47457944791425,
    3.542774313458206,
    3.542774313458206,
    3.5636442396327,
    3.5636442396327,
    3.576586295506406,
    3.576586295506406,
    3.576586295506406,
    3.60978488502845,
    3.60978488502845,
    3.6132392867628673,
    3.6132392867628673,
    3.602024354387429,
    3.602024354387429,
    3.638811887391441,
    3.61732693364728,
    3.6316185680567243,
    3.6316185680567243,
    3.6316185680567243,
    3.6316185680567243,
    3.6486047107986987,
    3.6486047107986987,
    3.6541097037331265,
    3.6541097037331265,
    3.6541097037331265,
    3.6541097037331265,
    3.6541097037331265,
    3.6541097037331265,
    3.6541097037331265,
    3.6541097037331265,
    3.6541097037331265,
    3.6541097037331265,
    3.6541097037331265,
    3.6541097037331265,
    3.6541097037331265,
    3.6541097037331265,
    3.6541097037331265,
    3.6541097037331265,
    3.6541097037331265,
    3.6541097037331265,
    3.6541097037331265,
    3.6541097037331265,
    3.6541097037331265
  ],