{
  "generation": 60,
  "fitness": 2.969896544749251,
  "total_return": 7.987080000000003,
  "max_drawdown": 0.21046584677031407,
  "sharpe_ratio": 4.324147247530313,
  "params": {
    "per_step_tick_gap": 8,
    "cold_start_steps": 19,
    "max_abserve_tick_steps": 965,
    "max_abserce_avg_price_down_steps": 13,
    "stop_profit_open_hc_pct": -0.10631858940252913,
    "dynamic_hc_stop_profit_thres": 5.901864305483099,
    "last_close_price_hc_pct": -0.012699031877919464,
    "last_day_sell_thres": 0.9478486876339851,
    "last_day_sell_huiche": 0.011283541842091866,
    "fd_mount": 118869710,
    "fd_vol_pct": 0.5074459578314889,
    "fd_ju_ticks": 22,
    "max_zb_times": 27,
    "stagnation_kline_ticks": 3,
    "decline_kline_ticks": 18,
    "yang_yin_threshold": 0.013387242944082353,
    "stagnation_n": 30,
    "stagnation_volume_ratio_threshold": 3.7235931955815653,
    "stagnation_ratio_threshold": 374,
    "decline_volume_ratio_threshold": 38.92350182234304,
    "max_rebounds": 7,
    "decline_ratio_threshold": 172,
    "flxd_ticks": 290,
    "flzz_ticks": 107,
    "use_simiple_kline_strategy_flxd": true,
    "use_simiple_kline_strategy_flzz": true,
    "flzz_use_smooth_price": true,
    "flzz_zf_thresh": -0.005984872194079165,
    "kline_sell_flxd_zy": true,
    "kline_sell_flxd_zs": true,
    "kline_sell_flzz_zs": true,
    "kline_sell_flzz_zy": true,
    "last_open_price_hc_pct": -0.06418870319193956,
    "open_price_max_hc": -0.01084895578346783,
    "loss_per_step_tick_gap": 2,
    "loss_cold_start_steps": 0,
    "loss_max_abserve_tick_steps": 5,
    "loss_max_abserce_avg_price_down_steps": 6,
    "loss_dynamic_hc_stop_profit_thres": 3.2380953597498197,
    "loss_last_close_price_hc_pct": 0.00718880622666759,
    "loss_last_open_price_hc_pct": 0.006782450230135088,
    "loss_open_price_max_hc": -0.07269523930627124,
    "loss_down_open_sell_wait_time": false,
    "down_open_sell_wait_time": true,
    "day_zy_line": 0.13230731302328452,
    "day_zs_line": -4.318738750724829e-11,
    "sell_afternoon": true,
    "sell_half_afternoon": false,
    "sell_max_days": 1,
    "stop_profit_pct": 0.0,
    "static_hc_stop_profit_pct": 1.0,
    "loss_static_hc_stop_profit_pct": 1.0
  },
  "timestamp": "2025-09-07T15:39:17.551404",
  "individual": [
    8.164832809895712,
    19.054472335934772,
    965.3673126663941,
    12.537816869782006,
    -0.10631858940252913,
    5.901864305483099,
    -0.012699031877919464,
    0.9478486876339851,
    0.011283541842091866,
    118869709.53393929,
    0.5074459578314889,
    21.873082614539587,
    26.67201248451201,
    3.0,
    17.564039550159244,
    0.013387242944082353,
    30.0,
    3.7235931955815653,
    374.0501960020491,
    38.92350182234304,
    7.490738712720329,
    172.27762708043124,
    289.556107881495,
    107.4525679455942,
    1,
    1,
    1,
    -0.005984872194079165,
    1,
    1,
    1,
    1,
    -0.06418870319193956,
    -0.01084895578346783,
    2.291729881650908,
    0.2587203309623119,
    5.0,
    6.058183694527573,
    3.2380953597498197,
    0.00718880622666759,
    0.006782450230135088,
    -0.07269523930627124,
    0,
    1,
    0.13230731302328452,
    -4.318738750724829e-11,
    1,
    0,
    1.0
  ],
  "max_drawdown_threshold": 0.25,
  "strategy_name": "\u4f4e\u4f4d\u5b55\u7ebf7\u5929"
}