{
  "generation": 20,
  "fitness": 2.910876110050662,
  "total_return": 7.660405,
  "max_drawdown": 0.21233353796751053,
  "sharpe_ratio": 4.252844914975145,
  "params": {
    "per_step_tick_gap": 4,
    "cold_start_steps": 23,
    "max_abserve_tick_steps": 774,
    "max_abserce_avg_price_down_steps": 9,
    "stop_profit_open_hc_pct": -0.07431189013350586,
    "dynamic_hc_stop_profit_thres": 5.305404973250047,
    "last_close_price_hc_pct": -0.04,
    "last_day_sell_thres": 0.894997746461964,
    "last_day_sell_huiche": 0.006520147319263205,
    "fd_mount": 150000000,
    "fd_vol_pct": 0.04569601713210322,
    "fd_ju_ticks": 24,
    "max_zb_times": 17,
    "stagnation_kline_ticks": 16,
    "decline_kline_ticks": 9,
    "yang_yin_threshold": 0.017275357591883263,
    "stagnation_n": 13,
    "stagnation_volume_ratio_threshold": 16.971241305946663,
    "stagnation_ratio_threshold": 15,
    "decline_volume_ratio_threshold": 83.97717915470508,
    "max_rebounds": 6,
    "decline_ratio_threshold": 231,
    "flxd_ticks": 14,
    "flzz_ticks": 1671,
    "use_simiple_kline_strategy_flxd": true,
    "use_simiple_kline_strategy_flzz": true,
    "flzz_use_smooth_price": true,
    "flzz_zf_thresh": -0.0009153622952231333,
    "kline_sell_flxd_zy": true,
    "kline_sell_flxd_zs": true,
    "kline_sell_flzz_zs": true,
    "kline_sell_flzz_zy": true,
    "last_open_price_hc_pct": -0.08,
    "open_price_max_hc": -0.007532912460621681,
    "loss_per_step_tick_gap": 1,
    "loss_cold_start_steps": 0,
    "loss_max_abserve_tick_steps": 216,
    "loss_max_abserce_avg_price_down_steps": 9,
    "loss_dynamic_hc_stop_profit_thres": 1.7891214283645813,
    "loss_last_close_price_hc_pct": 0.006969941646514488,
    "loss_last_open_price_hc_pct": 0.007363465715961536,
    "loss_open_price_max_hc": -0.05794719984334082,
    "loss_down_open_sell_wait_time": false,
    "down_open_sell_wait_time": true,
    "day_zy_line": 0.14526693214062264,
    "day_zs_line": 0.0,
    "sell_afternoon": true,
    "sell_half_afternoon": false,
    "sell_max_days": 1,
    "stop_profit_pct": 0.0,
    "static_hc_stop_profit_pct": 1.0,
    "loss_static_hc_stop_profit_pct": 1.0
  },
  "timestamp": "2025-09-07T15:37:14.549115",
  "individual": [
    3.527284683426398,
    22.756690530981402,
    774.2712220361428,
    9.170758330727969,
    -0.07431189013350586,
    5.305404973250047,
    -0.04,
    0.894997746461964,
    0.006520147319263205,
    150000000.0,
    0.04569601713210322,
    24.377337620832712,
    17.28064264808927,
    16.29801751738559,
    9.225816435181297,
    0.017275357591883263,
    12.617298588646886,
    16.971241305946663,
    15.0,
    83.97717915470508,
    5.728553731817606,
    230.9434689426373,
    14.26287187254671,
    1670.550120223671,
    1,
    1,
    1,
    -0.0009153622952231333,
    1,
    1,
    1,
    1,
    -0.08,
    -0.007532912460621681,
    1.058748802724122,
    0.018002363585682666,
    216.28882117654692,
    8.533934270266112,
    1.7891214283645813,
    0.006969941646514488,
    0.007363465715961536,
    -0.05794719984334082,
    0,
    1,
    0.14526693214062264,
    0.0,
    1,
    0,
    1.0
  ],
  "max_drawdown_threshold": 0.25,
  "strategy_name": "\u4f4e\u4f4d\u5b55\u7ebf7\u5929"
}