{
  "generation": 40,
  "fitness": 4.011421348426837,
  "total_return": 125.069795,
  "max_drawdown": 0.38049245276095217,
  "sharpe_ratio": 5.4719984657352985,
  "params": {
    "per_step_tick_gap": 1,
    "cold_start_steps": 1,
    "max_abserve_tick_steps": 376,
    "max_abserce_avg_price_down_steps": 3,
    "stop_profit_open_hc_pct": -0.05889465295688649,
    "dynamic_hc_stop_profit_thres": 1.703452345927932,
    "last_close_price_hc_pct": 0.0045067871497830175,
    "last_day_sell_thres": 0.6554975986290721,
    "last_day_sell_huiche": 0.01207410550849311,
    "fd_mount": 143598023,
    "fd_vol_pct": 0.6387265434620624,
    "fd_ju_ticks": 1,
    "max_zb_times": 1,
    "stagnation_kline_ticks": 17,
    "decline_kline_ticks": 11,
    "yang_yin_threshold": 0.029206830233994674,
    "stagnation_n": 7,
    "stagnation_volume_ratio_threshold": 42.67979433917001,
    "stagnation_ratio_threshold": 524,
    "decline_volume_ratio_threshold": 81.22852347117087,
    "max_rebounds": 0,
    "decline_ratio_threshold": 1444,
    "flxd_ticks": 0,
    "flzz_ticks": 1562,
    "use_simiple_kline_strategy_flxd": true,
    "use_simiple_kline_strategy_flzz": false,
    "flzz_use_smooth_price": true,
    "flzz_zf_thresh": 0.029862243716405848,
    "kline_sell_flxd_zy": false,
    "kline_sell_flxd_zs": true,
    "kline_sell_flzz_zs": true,
    "kline_sell_flzz_zy": false,
    "last_open_price_hc_pct": 0.009774271885537176,
    "open_price_max_hc": -0.016065859128888863,
    "loss_per_step_tick_gap": 1,
    "loss_cold_start_steps": 30,
    "loss_max_abserve_tick_steps": 431,
    "loss_max_abserce_avg_price_down_steps": 1,
    "loss_dynamic_hc_stop_profit_thres": 5.433409123736368,
    "loss_last_close_price_hc_pct": -0.05047570149028059,
    "loss_last_open_price_hc_pct": -0.01565292888230991,
    "loss_open_price_max_hc": -0.09971735078340323,
    "loss_down_open_sell_wait_time": true,
    "down_open_sell_wait_time": true,
    "day_zy_line": 0.0032852326765653245,
    "day_zs_line": -0.13075160117728027,
    "sell_afternoon": true,
    "sell_half_afternoon": false,
    "sell_max_days": 2,
    "stop_profit_pct": 0.0,
    "static_hc_stop_profit_pct": 1.0,
    "loss_static_hc_stop_profit_pct": 1.0
  },
  "timestamp": "2025-09-05T18:21:28.835720",
  "individual": [
    1.436732590852476,
    0.7110607487197358,
    375.547911938184,
    3.417534682536171,
    -0.05889465295688649,
    1.703452345927932,
    0.0045067871497830175,
    0.6554975986290721,
    0.01207410550849311,
    143598022.88077354,
    0.6387265434620624,
    1.0,
    1.0,
    17.461571131984705,
    11.256095741782273,
    0.029206830233994674,
    7.135123639276869,
    42.67979433917001,
    523.6946798034336,
    81.22852347117087,
    0.4912526964282474,
    1443.8050093930801,
    0.0,
    1561.595620036046,
    1,
    0,
    1,
    0.029862243716405848,
    0,
    1,
    1,
    0,
    0.009774271885537176,
    -0.016065859128888863,
    1.0,
    29.932038613880323,
    431.1862989526794,
    1.0101399539423785,
    5.433409123736368,
    -0.05047570149028059,
    -0.01565292888230991,
    -0.09971735078340323,
    1,
    1,
    0.0032852326765653245,
    -0.13075160117728027,
    1,
    0,
    1.7915426321171617
  ],
  "max_drawdown_threshold": 0.26
}