{
  "generation": 20,
  "fitness": 3.6252427356859664,
  "total_return": 105.142085,
  "max_drawdown": 0.38670812487254,
  "sharpe_ratio": 5.317636868069902,
  "params": {
    "per_step_tick_gap": 2,
    "cold_start_steps": 0,
    "max_abserve_tick_steps": 637,
    "max_abserce_avg_price_down_steps": 3,
    "stop_profit_open_hc_pct": -0.07883346744233961,
    "dynamic_hc_stop_profit_thres": 3.26050424281614,
    "last_close_price_hc_pct": 0.003009633868155273,
    "last_day_sell_thres": 0.5538249787429819,
    "last_day_sell_huiche": 0.01701240318048362,
    "fd_mount": 150000000,
    "fd_vol_pct": 0.6575390197492037,
    "fd_ju_ticks": 1,
    "max_zb_times": 11,
    "stagnation_kline_ticks": 13,
    "decline_kline_ticks": 16,
    "yang_yin_threshold": 0.027239450127390437,
    "stagnation_n": 6,
    "stagnation_volume_ratio_threshold": 46.81782612417332,
    "stagnation_ratio_threshold": 640,
    "decline_volume_ratio_threshold": 100.0,
    "max_rebounds": 0,
    "decline_ratio_threshold": 1174,
    "flxd_ticks": 213,
    "flzz_ticks": 1231,
    "use_simiple_kline_strategy_flxd": true,
    "use_simiple_kline_strategy_flzz": false,
    "flzz_use_smooth_price": false,
    "flzz_zf_thresh": 0.010906572468104302,
    "kline_sell_flxd_zy": true,
    "kline_sell_flxd_zs": true,
    "kline_sell_flzz_zs": true,
    "kline_sell_flzz_zy": true,
    "last_open_price_hc_pct": 0.01,
    "open_price_max_hc": -0.019029776541848568,
    "loss_per_step_tick_gap": 6,
    "loss_cold_start_steps": 28,
    "loss_max_abserve_tick_steps": 469,
    "loss_max_abserce_avg_price_down_steps": 1,
    "loss_dynamic_hc_stop_profit_thres": 4.823463140648332,
    "loss_last_close_price_hc_pct": -0.055759576315713724,
    "loss_last_open_price_hc_pct": -0.01643945257423313,
    "loss_open_price_max_hc": -0.1,
    "loss_down_open_sell_wait_time": true,
    "down_open_sell_wait_time": true,
    "day_zy_line": 0.0031643987511733637,
    "day_zs_line": -0.12964265269737638,
    "sell_afternoon": true,
    "sell_half_afternoon": false,
    "sell_max_days": 2,
    "stop_profit_pct": 0.0,
    "static_hc_stop_profit_pct": 1.0,
    "loss_static_hc_stop_profit_pct": 1.0
  },
  "timestamp": "2025-09-05T18:14:27.094843",
  "individual": [
    1.925111885463446,
    0.0,
    636.7532640033985,
    3.2101700353319256,
    -0.07883346744233961,
    3.26050424281614,
    0.003009633868155273,
    0.5538249787429819,
    0.01701240318048362,
    150000000.0,
    0.6575390197492037,
    1.0,
    11.40390649039544,
    12.713639122211882,
    16.465681036220076,
    0.027239450127390437,
    5.513130066211807,
    46.81782612417332,
    640.4583309223572,
    100.0,
    0.0,
    1174.3304504813143,
    212.57519540061554,
    1230.732823047182,
    1,
    0,
    0,
    0.010906572468104302,
    1,
    1,
    1,
    1,
    0.01,
    -0.019029776541848568,
    5.728994372674666,
    28.415978634458224,
    468.7414288135241,
    1.0,
    4.823463140648332,
    -0.055759576315713724,
    -0.01643945257423313,
    -0.1,
    1,
    1,
    0.0031643987511733637,
    -0.12964265269737638,
    1,
    0,
    1.8364218449795047
  ],
  "max_drawdown_threshold": 0.26
}