{
  "generation": 50,
  "fitness": 4.100461608486184,
  "total_return": 130.06796000000003,
  "max_drawdown": 0.37928920581227865,
  "sharpe_ratio": 5.511052444224326,
  "params": {
    "per_step_tick_gap": 2,
    "cold_start_steps": 1,
    "max_abserve_tick_steps": 163,
    "max_abserce_avg_price_down_steps": 6,
    "stop_profit_open_hc_pct": -0.04186468878564331,
    "dynamic_hc_stop_profit_thres": 1.8713944168323444,
    "last_close_price_hc_pct": 0.004535733801785538,
    "last_day_sell_thres": 0.5707397322456148,
    "last_day_sell_huiche": 0.013993978227103522,
    "fd_mount": 103167644,
    "fd_vol_pct": 0.7225309532615722,
    "fd_ju_ticks": 1,
    "max_zb_times": 1,
    "stagnation_kline_ticks": 12,
    "decline_kline_ticks": 16,
    "yang_yin_threshold": 0.02447626213694877,
    "stagnation_n": 6,
    "stagnation_volume_ratio_threshold": 40.1228594035188,
    "stagnation_ratio_threshold": 551,
    "decline_volume_ratio_threshold": 86.30187544204,
    "max_rebounds": 0,
    "decline_ratio_threshold": 1442,
    "flxd_ticks": 500,
    "flzz_ticks": 1968,
    "use_simiple_kline_strategy_flxd": true,
    "use_simiple_kline_strategy_flzz": true,
    "flzz_use_smooth_price": true,
    "flzz_zf_thresh": 0.0020905756741290246,
    "kline_sell_flxd_zy": false,
    "kline_sell_flxd_zs": false,
    "kline_sell_flzz_zs": true,
    "kline_sell_flzz_zy": false,
    "last_open_price_hc_pct": 0.009840546554311649,
    "open_price_max_hc": -0.015823636736821668,
    "loss_per_step_tick_gap": 1,
    "loss_cold_start_steps": 30,
    "loss_max_abserve_tick_steps": 448,
    "loss_max_abserce_avg_price_down_steps": 1,
    "loss_dynamic_hc_stop_profit_thres": 4.119828401671689,
    "loss_last_close_price_hc_pct": -0.0548522067092682,
    "loss_last_open_price_hc_pct": -0.02281942786541791,
    "loss_open_price_max_hc": -0.09994205777018031,
    "loss_down_open_sell_wait_time": true,
    "down_open_sell_wait_time": true,
    "day_zy_line": 0.0029737411465190133,
    "day_zs_line": -0.12901229563103628,
    "sell_afternoon": true,
    "sell_half_afternoon": false,
    "sell_max_days": 2,
    "stop_profit_pct": 0.0,
    "static_hc_stop_profit_pct": 1.0,
    "loss_static_hc_stop_profit_pct": 1.0
  },
  "timestamp": "2025-09-05T18:24:45.294333",
  "individual": [
    2.319404896117719,
    0.7242943691523496,
    163.12155276506286,
    6.2011589808210825,
    -0.04186468878564331,
    1.8713944168323444,
    0.004535733801785538,
    0.5707397322456148,
    0.013993978227103522,
    103167643.70668116,
    0.7225309532615722,
    1.0615084948697027,
    1.0,
    12.429074617169263,
    16.47904754489394,
    0.02447626213694877,
    5.996543966143042,
    40.1228594035188,
    551.3032507853529,
    86.30187544204,
    0.4266247990643653,
    1442.4813987509608,
    500.0,
    1968.3310695800735,
    1,
    1,
    1,
    0.0020905756741290246,
    0,
    0,
    1,
    0,
    0.009840546554311649,
    -0.015823636736821668,
    1.0,
    29.90619078516745,
    448.0972214389643,
    1.1374448977510898,
    4.119828401671689,
    -0.0548522067092682,
    -0.02281942786541791,
    -0.09994205777018031,
    1,
    1,
    0.0029737411465190133,
    -0.12901229563103628,
    1,
    0,
    1.7838099850544615
  ],
  "max_drawdown_threshold": 0.26
}