{
  "generation": 20,
  "fitness": 2.934341159266051,
  "total_return": 5.796234999999998,
  "max_drawdown": 0.16633454265276107,
  "sharpe_ratio": 6.957289492979956,
  "params": {
    "per_step_tick_gap": 4,
    "cold_start_steps": 17,
    "max_abserve_tick_steps": 999,
    "max_abserce_avg_price_down_steps": 2,
    "stop_profit_open_hc_pct": -0.0067998366128124935,
    "dynamic_hc_stop_profit_thres": 7.901094061833035,
    "last_close_price_hc_pct": -0.00575057572699683,
    "last_day_sell_thres": 0.0948351327243468,
    "last_day_sell_huiche": 0.02,
    "fd_mount": 88276010,
    "fd_vol_pct": 0.0,
    "fd_ju_ticks": 49,
    "max_zb_times": 12,
    "stagnation_kline_ticks": 16,
    "decline_kline_ticks": 7,
    "yang_yin_threshold": 0.01911482243593439,
    "stagnation_n": 13,
    "stagnation_volume_ratio_threshold": 31.523195752764533,
    "stagnation_ratio_threshold": 1335,
    "decline_volume_ratio_threshold": 72.18124072124886,
    "max_rebounds": 11,
    "decline_ratio_threshold": 1500,
    "flxd_ticks": 83,
    "flzz_ticks": 335,
    "use_simiple_kline_strategy_flxd": true,
    "use_simiple_kline_strategy_flzz": true,
    "flzz_use_smooth_price": false,
    "flzz_zf_thresh": 0.024820370570481448,
    "kline_sell_flxd_zy": false,
    "kline_sell_flxd_zs": true,
    "kline_sell_flzz_zs": false,
    "kline_sell_flzz_zy": true,
    "last_open_price_hc_pct": -0.0034602377365776037,
    "open_price_max_hc": -0.06369696235854322,
    "loss_per_step_tick_gap": 15,
    "loss_cold_start_steps": 2,
    "loss_max_abserve_tick_steps": 229,
    "loss_max_abserce_avg_price_down_steps": 14,
    "loss_dynamic_hc_stop_profit_thres": 0.8725610746841952,
    "loss_last_close_price_hc_pct": 0.0077263162123669075,
    "loss_last_open_price_hc_pct": -0.0375110195094295,
    "loss_open_price_max_hc": -0.04617068558690939,
    "loss_down_open_sell_wait_time": false,
    "down_open_sell_wait_time": false,
    "day_zy_line": 0.0,
    "day_zs_line": -0.5559133814543555,
    "sell_afternoon": false,
    "sell_half_afternoon": true,
    "sell_max_days": 1,
    "stop_profit_pct": 0.0,
    "static_hc_stop_profit_pct": 1.0,
    "loss_static_hc_stop_profit_pct": 1.0
  },
  "timestamp": "2025-09-06T18:30:44.342227",
  "individual": [
    4.047708823759947,
    16.844325934171778,
    998.5661843385531,
    2.3928183897946815,
    -0.0067998366128124935,
    7.901094061833035,
    -0.00575057572699683,
    0.0948351327243468,
    0.02,
    88276009.92,
    0.0,
    49.01147107710041,
    11.71054753045472,
    15.863482796258833,
    6.870048325707094,
    0.01911482243593439,
    12.683803350901645,
    31.523195752764533,
    1335.2792033294706,
    72.18124072124886,
    11.12172757021775,
    1500.0,
    82.84182481493544,
    335.4532054878969,
    1,
    1,
    0,
    0.024820370570481448,
    0,
    1,
    0,
    1,
    -0.0034602377365776037,
    -0.06369696235854322,
    15.078838104130627,
    1.943847094626716,
    228.5570907854136,
    13.607733307449982,
    0.8725610746841952,
    0.0077263162123669075,
    -0.0375110195094295,
    -0.04617068558690939,
    0,
    0,
    0.0,
    -0.5559133814543555,
    0,
    1,
    1.0
  ],
  "max_drawdown_threshold": 0.15,
  "strategy_name": "\u9ad8\u5f3a\u4e2d\u9ad8\u5f00\u8ffd\u6da8"
}