{
  "generation": 40,
  "fitness": 3.890959832227059,
  "total_return": 9.242089999999997,
  "max_drawdown": 0.14598610325603945,
  "sharpe_ratio": 7.814342437711179,
  "params": {
    "per_step_tick_gap": 1,
    "cold_start_steps": 2,
    "max_abserve_tick_steps": 977,
    "max_abserce_avg_price_down_steps": 3,
    "stop_profit_open_hc_pct": -0.001309124629863008,
    "dynamic_hc_stop_profit_thres": 7.506168583570333,
    "last_close_price_hc_pct": -0.004108643252569704,
    "last_day_sell_thres": 0.010583150454772736,
    "last_day_sell_huiche": 0.009667865806416385,
    "fd_mount": 54864441,
    "fd_vol_pct": 0.7136322383882581,
    "fd_ju_ticks": 49,
    "max_zb_times": 6,
    "stagnation_kline_ticks": 14,
    "decline_kline_ticks": 15,
    "yang_yin_threshold": 0.006499318624563166,
    "stagnation_n": 12,
    "stagnation_volume_ratio_threshold": 31.305074271978217,
    "stagnation_ratio_threshold": 1077,
    "decline_volume_ratio_threshold": 71.13881366752713,
    "max_rebounds": 15,
    "decline_ratio_threshold": 1196,
    "flxd_ticks": 114,
    "flzz_ticks": 912,
    "use_simiple_kline_strategy_flxd": true,
    "use_simiple_kline_strategy_flzz": true,
    "flzz_use_smooth_price": true,
    "flzz_zf_thresh": 0.03193366474373159,
    "kline_sell_flxd_zy": true,
    "kline_sell_flxd_zs": true,
    "kline_sell_flzz_zs": true,
    "kline_sell_flzz_zy": true,
    "last_open_price_hc_pct": 0.0016552078363737256,
    "open_price_max_hc": -0.09841373047466476,
    "loss_per_step_tick_gap": 10,
    "loss_cold_start_steps": 3,
    "loss_max_abserve_tick_steps": 248,
    "loss_max_abserce_avg_price_down_steps": 15,
    "loss_dynamic_hc_stop_profit_thres": 0.46975271447426903,
    "loss_last_close_price_hc_pct": 0.0007085350981768266,
    "loss_last_open_price_hc_pct": -0.021548816639446203,
    "loss_open_price_max_hc": -0.048748370740868595,
    "loss_down_open_sell_wait_time": false,
    "down_open_sell_wait_time": true,
    "day_zy_line": 0.0,
    "day_zs_line": -0.04481587869828602,
    "sell_afternoon": false,
    "sell_half_afternoon": true,
    "sell_max_days": 4,
    "stop_profit_pct": 0.0,
    "static_hc_stop_profit_pct": 1.0,
    "loss_static_hc_stop_profit_pct": 1.0
  },
  "timestamp": "2025-09-06T18:33:28.217013",
  "individual": [
    1.0,
    2.2300873895895412,
    976.9431088804929,
    2.7075724214184955,
    -0.001309124629863008,
    7.506168583570333,
    -0.004108643252569704,
    0.010583150454772736,
    0.009667865806416385,
    54864441.005793326,
    0.7136322383882581,
    48.504494946102746,
    5.574155500482436,
    14.158851014128397,
    15.387167840913136,
    0.006499318624563166,
    11.731644193494525,
    31.305074271978217,
    1076.9719698195418,
    71.13881366752713,
    14.707901139073734,
    1195.9438236398125,
    114.16492595235133,
    912.4781119249935,
    1,
    1,
    1,
    0.03193366474373159,
    1,
    1,
    1,
    1,
    0.0016552078363737256,
    -0.09841373047466476,
    10.043358011053748,
    2.5991923148913787,
    248.45627360754253,
    14.901127158730205,
    0.46975271447426903,
    0.0007085350981768266,
    -0.021548816639446203,
    -0.048748370740868595,
    0,
    1,
    0.0,
    -0.04481587869828602,
    0,
    1,
    3.9739941539277597
  ],
  "max_drawdown_threshold": 0.15,
  "strategy_name": "\u9ad8\u5f3a\u4e2d\u9ad8\u5f00\u8ffd\u6da8"
}