{
  "generation": 30,
  "fitness": 3.352580620088098,
  "total_return": 7.362759999999998,
  "max_drawdown": 0.15753191013704546,
  "sharpe_ratio": 7.10038251960068,
  "params": {
    "per_step_tick_gap": 13,
    "cold_start_steps": 3,
    "max_abserve_tick_steps": 1000,
    "max_abserce_avg_price_down_steps": 3,
    "stop_profit_open_hc_pct": -0.0006407430770454246,
    "dynamic_hc_stop_profit_thres": 7.349224074656417,
    "last_close_price_hc_pct": -0.004879764054496106,
    "last_day_sell_thres": 0.01,
    "last_day_sell_huiche": 0.011490992009761992,
    "fd_mount": 45436703,
    "fd_vol_pct": 0.7092554394402528,
    "fd_ju_ticks": 48,
    "max_zb_times": 9,
    "stagnation_kline_ticks": 14,
    "decline_kline_ticks": 18,
    "yang_yin_threshold": 0.002,
    "stagnation_n": 12,
    "stagnation_volume_ratio_threshold": 31.033999657349895,
    "stagnation_ratio_threshold": 963,
    "decline_volume_ratio_threshold": 28.977033053028677,
    "max_rebounds": 15,
    "decline_ratio_threshold": 553,
    "flxd_ticks": 85,
    "flzz_ticks": 956,
    "use_simiple_kline_strategy_flxd": true,
    "use_simiple_kline_strategy_flzz": true,
    "flzz_use_smooth_price": true,
    "flzz_zf_thresh": 0.03199194386181605,
    "kline_sell_flxd_zy": false,
    "kline_sell_flxd_zs": true,
    "kline_sell_flzz_zs": true,
    "kline_sell_flzz_zy": true,
    "last_open_price_hc_pct": 0.0023540188714268476,
    "open_price_max_hc": -0.1,
    "loss_per_step_tick_gap": 9,
    "loss_cold_start_steps": 2,
    "loss_max_abserve_tick_steps": 169,
    "loss_max_abserce_avg_price_down_steps": 15,
    "loss_dynamic_hc_stop_profit_thres": 4.192039900253995,
    "loss_last_close_price_hc_pct": -0.05116779539755366,
    "loss_last_open_price_hc_pct": -0.05510894773412654,
    "loss_open_price_max_hc": -0.05083507474647654,
    "loss_down_open_sell_wait_time": false,
    "down_open_sell_wait_time": true,
    "day_zy_line": 0.0,
    "day_zs_line": -0.04837361669390537,
    "sell_afternoon": false,
    "sell_half_afternoon": true,
    "sell_max_days": 4,
    "stop_profit_pct": 0.0,
    "static_hc_stop_profit_pct": 1.0,
    "loss_static_hc_stop_profit_pct": 1.0
  },
  "timestamp": "2025-09-06T18:31:36.129246",
  "individual": [
    13,
    2.973719270319752,
    1000.0,
    3.131842692396968,
    -0.0006407430770454246,
    7.349224074656417,
    -0.004879764054496106,
    0.01,
    0.011490992009761992,
    45436703.04294966,
    0.7092554394402528,
    47.57816961302617,
    9.422736549241959,
    14.209285200273989,
    17.682722412053227,
    0.002,
    12,
    31.033999657349895,
    963,
    28.977033053028677,
    14.638853895960578,
    553,
    85.21203791061943,
    955.6885106084878,
    1,
    1,
    1,
    0.03199194386181605,
    0,
    1,
    1,
    1,
    0.0023540188714268476,
    -0.1,
    9,
    1.8584218189956512,
    168.8973226470022,
    14.876942974177801,
    4.192039900253995,
    -0.05116779539755366,
    -0.05510894773412654,
    -0.05083507474647654,
    0,
    1,
    0.0,
    -0.04837361669390537,
    0,
    1,
    4
  ],
  "max_drawdown_threshold": 0.15,
  "strategy_name": "\u9ad8\u5f3a\u4e2d\u9ad8\u5f00\u8ffd\u6da8"
}