{
  "generation": 120,
  "fitness": 5.376163536892987,
  "total_return": 22.52646,
  "max_drawdown": 0.14780310581614833,
  "sharpe_ratio": 8.559036867487427,
  "params": {
    "per_step_tick_gap": 13,
    "cold_start_steps": 2,
    "max_abserve_tick_steps": 968,
    "max_abserce_avg_price_down_steps": 8,
    "stop_profit_open_hc_pct": -0.1468711458235503,
    "dynamic_hc_stop_profit_thres": 7.3695052513088655,
    "last_close_price_hc_pct": -0.0027684897023536876,
    "last_day_sell_thres": 0.028751126196826245,
    "last_day_sell_huiche": 0.02,
    "fd_mount": 25032122,
    "fd_vol_pct": 0.0,
    "fd_ju_ticks": 49,
    "max_zb_times": 25,
    "stagnation_kline_ticks": 14,
    "decline_kline_ticks": 50,
    "yang_yin_threshold": 0.002055940449495467,
    "stagnation_n": 9,
    "stagnation_volume_ratio_threshold": 33.79095713943312,
    "stagnation_ratio_threshold": 33,
    "decline_volume_ratio_threshold": 67.11549968168221,
    "max_rebounds": 15,
    "decline_ratio_threshold": 356,
    "flxd_ticks": 143,
    "flzz_ticks": 448,
    "use_simiple_kline_strategy_flxd": true,
    "use_simiple_kline_strategy_flzz": true,
    "flzz_use_smooth_price": true,
    "flzz_zf_thresh": 0.029151454461323487,
    "kline_sell_flxd_zy": true,
    "kline_sell_flxd_zs": true,
    "kline_sell_flzz_zs": true,
    "kline_sell_flzz_zy": true,
    "last_open_price_hc_pct": 0.004889970855571058,
    "open_price_max_hc": -0.09785820122356645,
    "loss_per_step_tick_gap": 1,
    "loss_cold_start_steps": 1,
    "loss_max_abserve_tick_steps": 492,
    "loss_max_abserce_avg_price_down_steps": 15,
    "loss_dynamic_hc_stop_profit_thres": 0.5889021627003668,
    "loss_last_close_price_hc_pct": 0.009896260288752755,
    "loss_last_open_price_hc_pct": -0.0649745776258081,
    "loss_open_price_max_hc": -0.007786146286104426,
    "loss_down_open_sell_wait_time": false,
    "down_open_sell_wait_time": true,
    "day_zy_line": 0.004455033731354039,
    "day_zs_line": -0.04536883920116207,
    "sell_afternoon": false,
    "sell_half_afternoon": false,
    "sell_max_days": 4,
    "stop_profit_pct": 0.0,
    "static_hc_stop_profit_pct": 1.0,
    "loss_static_hc_stop_profit_pct": 1.0
  },
  "timestamp": "2025-09-06T18:52:38.244958",
  "individual": [
    13.09444116191045,
    1.9054111475835835,
    968.4681454772495,
    7.780353968260598,
    -0.1468711458235503,
    7.3695052513088655,
    -0.0027684897023536876,
    0.028751126196826245,
    0.02,
    25032122.317246024,
    0.0,
    48.60939000321243,
    25.35115157928639,
    13.905529521127717,
    50.0,
    0.002055940449495467,
    8.60959922685656,
    33.79095713943312,
    33.24576819679788,
    67.11549968168221,
    14.63180111190016,
    356.2666375858407,
    143.4992942489152,
    447.97470658328336,
    1,
    1,
    1,
    0.029151454461323487,
    1,
    1,
    1,
    1,
    0.004889970855571058,
    -0.09785820122356645,
    1.002497944243892,
    0.9618180022144527,
    491.55165348242133,
    14.97091285375892,
    0.5889021627003668,
    0.009896260288752755,
    -0.0649745776258081,
    -0.007786146286104426,
    0,
    1,
    0.004455033731354039,
    -0.04536883920116207,
    0,
    0,
    3.96301196090917
  ],
  "max_drawdown_threshold": 0.15,
  "strategy_name": "\u9ad8\u5f3a\u4e2d\u9ad8\u5f00\u8ffd\u6da8"
}