{
  "generation": 130,
  "fitness": 5.379360348482125,
  "total_return": 22.555465,
  "max_drawdown": 0.14779853483503672,
  "sharpe_ratio": 8.563395119745014,
  "params": {
    "per_step_tick_gap": 13,
    "cold_start_steps": 1,
    "max_abserve_tick_steps": 969,
    "max_abserce_avg_price_down_steps": 8,
    "stop_profit_open_hc_pct": -0.14383621943097444,
    "dynamic_hc_stop_profit_thres": 7.360146318014033,
    "last_close_price_hc_pct": -0.002648944872644045,
    "last_day_sell_thres": 0.021200177913681173,
    "last_day_sell_huiche": 0.007192280982801521,
    "fd_mount": 60788805,
    "fd_vol_pct": 0.0,
    "fd_ju_ticks": 50,
    "max_zb_times": 23,
    "stagnation_kline_ticks": 14,
    "decline_kline_ticks": 33,
    "yang_yin_threshold": 0.0020757878853411332,
    "stagnation_n": 9,
    "stagnation_volume_ratio_threshold": 32.74127028691698,
    "stagnation_ratio_threshold": 33,
    "decline_volume_ratio_threshold": 75.68316834317235,
    "max_rebounds": 13,
    "decline_ratio_threshold": 395,
    "flxd_ticks": 149,
    "flzz_ticks": 282,
    "use_simiple_kline_strategy_flxd": false,
    "use_simiple_kline_strategy_flzz": true,
    "flzz_use_smooth_price": true,
    "flzz_zf_thresh": 0.029756530895374167,
    "kline_sell_flxd_zy": true,
    "kline_sell_flxd_zs": false,
    "kline_sell_flzz_zs": true,
    "kline_sell_flzz_zy": true,
    "last_open_price_hc_pct": 0.0033190521529275854,
    "open_price_max_hc": -0.09778049532035446,
    "loss_per_step_tick_gap": 1,
    "loss_cold_start_steps": 0,
    "loss_max_abserve_tick_steps": 385,
    "loss_max_abserce_avg_price_down_steps": 15,
    "loss_dynamic_hc_stop_profit_thres": 0.5893945378721688,
    "loss_last_close_price_hc_pct": 0.009572550782106996,
    "loss_last_open_price_hc_pct": -0.08,
    "loss_open_price_max_hc": -0.02137111353566911,
    "loss_down_open_sell_wait_time": false,
    "down_open_sell_wait_time": true,
    "day_zy_line": 0.004555979823761119,
    "day_zs_line": -0.04449500584362754,
    "sell_afternoon": false,
    "sell_half_afternoon": true,
    "sell_max_days": 4,
    "stop_profit_pct": 0.0,
    "static_hc_stop_profit_pct": 1.0,
    "loss_static_hc_stop_profit_pct": 1.0
  },
  "timestamp": "2025-09-06T18:55:29.276005",
  "individual": [
    12.638648036611302,
    0.6673953683160899,
    969.1500663623709,
    8.060532688226777,
    -0.14383621943097444,
    7.360146318014033,
    -0.002648944872644045,
    0.021200177913681173,
    0.007192280982801521,
    60788805.018351436,
    0.0,
    50.0,
    22.936040043792936,
    13.744280051383184,
    33.32952095298533,
    0.0020757878853411332,
    9.20122294645867,
    32.74127028691698,
    32.66558124309962,
    75.68316834317235,
    12.532223865438871,
    395.0148383054557,
    148.56767947730847,
    282.0930665912719,
    0,
    1,
    1,
    0.029756530895374167,
    1,
    0,
    1,
    1,
    0.0033190521529275854,
    -0.09778049532035446,
    1.004858679579573,
    0.0,
    385.21385226888015,
    14.98020959463351,
    0.5893945378721688,
    0.009572550782106996,
    -0.08,
    -0.02137111353566911,
    0,
    1,
    0.004555979823761119,
    -0.04449500584362754,
    0,
    1,
    3.9540078828988485
  ],
  "max_drawdown_threshold": 0.15,
  "strategy_name": "\u9ad8\u5f3a\u4e2d\u9ad8\u5f00\u8ffd\u6da8"
}