{
  "generation": 10,
  "fitness": 2.926981140399658,
  "total_return": 4.719344999999995,
  "max_drawdown": 0.1524448961612757,
  "sharpe_ratio": 6.754741310597718,
  "params": {
    "per_step_tick_gap": 17,
    "cold_start_steps": 18,
    "max_abserve_tick_steps": 916,
    "max_abserce_avg_price_down_steps": 3,
    "stop_profit_open_hc_pct": -0.00011807820007301494,
    "dynamic_hc_stop_profit_thres": 7.198539383955541,
    "last_close_price_hc_pct": -0.0022325929772140417,
    "last_day_sell_thres": 0.011760999543945466,
    "last_day_sell_huiche": 0.02,
    "fd_mount": 15594906,
    "fd_vol_pct": 0.6136708429321478,
    "fd_ju_ticks": 48,
    "max_zb_times": 9,
    "stagnation_kline_ticks": 11,
    "decline_kline_ticks": 9,
    "yang_yin_threshold": 0.010677794362015727,
    "stagnation_n": 12,
    "stagnation_volume_ratio_threshold": 25.33995579966848,
    "stagnation_ratio_threshold": 1388,
    "decline_volume_ratio_threshold": 77.47514885772841,
    "max_rebounds": 15,
    "decline_ratio_threshold": 870,
    "flxd_ticks": 120,
    "flzz_ticks": 1119,
    "use_simiple_kline_strategy_flxd": true,
    "use_simiple_kline_strategy_flzz": true,
    "flzz_use_smooth_price": false,
    "flzz_zf_thresh": 0.01782046053230205,
    "kline_sell_flxd_zy": false,
    "kline_sell_flxd_zs": false,
    "kline_sell_flzz_zs": false,
    "kline_sell_flzz_zy": true,
    "last_open_price_hc_pct": -0.002130779449098007,
    "open_price_max_hc": -0.08256404150207391,
    "loss_per_step_tick_gap": 10,
    "loss_cold_start_steps": 7,
    "loss_max_abserve_tick_steps": 240,
    "loss_max_abserce_avg_price_down_steps": 12,
    "loss_dynamic_hc_stop_profit_thres": 0.23608424202924944,
    "loss_last_close_price_hc_pct": 0.01,
    "loss_last_open_price_hc_pct": -0.04395995683474169,
    "loss_open_price_max_hc": -0.03459363098399086,
    "loss_down_open_sell_wait_time": false,
    "down_open_sell_wait_time": true,
    "day_zy_line": 0.0,
    "day_zs_line": -0.04918776775608405,
    "sell_afternoon": false,
    "sell_half_afternoon": true,
    "sell_max_days": 1,
    "stop_profit_pct": 0.0,
    "static_hc_stop_profit_pct": 1.0,
    "loss_static_hc_stop_profit_pct": 1.0
  },
  "timestamp": "2025-09-06T18:29:44.882756",
  "individual": [
    17.113027880591602,
    18.04023051224848,
    915.5884352245171,
    2.7194506617733234,
    -0.00011807820007301494,
    7.198539383955541,
    -0.0022325929772140417,
    0.011760999543945466,
    0.02,
    15594906.478195248,
    0.6136708429321478,
    48.460399292276485,
    8.950273280649405,
    11.127674217293979,
    8.591639954517689,
    0.010677794362015727,
    11.628413296334056,
    25.33995579966848,
    1387.9665212980506,
    77.47514885772841,
    14.828725367471314,
    870.3953603609774,
    120.10714151065886,
    1118.680456654123,
    1,
    1,
    0,
    0.01782046053230205,
    0,
    0,
    0,
    1,
    -0.002130779449098007,
    -0.08256404150207391,
    9.95292943017556,
    7.469116797216698,
    239.77379725165258,
    12.267766311967758,
    0.23608424202924944,
    0.01,
    -0.04395995683474169,
    -0.03459363098399086,
    0,
    1,
    0.0,
    -0.04918776775608405,
    0,
    1,
    1.0
  ],
  "max_drawdown_threshold": 0.15,
  "strategy_name": "\u9ad8\u5f3a\u4e2d\u9ad8\u5f00\u8ffd\u6da8"
}