{
  "generation": 150,
  "fitness": 5.382252909161018,
  "total_return": 22.58303,
  "max_drawdown": 0.14781872590804743,
  "sharpe_ratio": 8.56709581145554,
  "params": {
    "per_step_tick_gap": 13,
    "cold_start_steps": 3,
    "max_abserve_tick_steps": 969,
    "max_abserce_avg_price_down_steps": 8,
    "stop_profit_open_hc_pct": -0.14774969359269094,
    "dynamic_hc_stop_profit_thres": 7.349764372182632,
    "last_close_price_hc_pct": -0.002766984055394901,
    "last_day_sell_thres": 0.01,
    "last_day_sell_huiche": 0.004321295469633935,
    "fd_mount": 43798030,
    "fd_vol_pct": 0.0,
    "fd_ju_ticks": 45,
    "max_zb_times": 25,
    "stagnation_kline_ticks": 14,
    "decline_kline_ticks": 23,
    "yang_yin_threshold": 0.0021249507451877423,
    "stagnation_n": 8,
    "stagnation_volume_ratio_threshold": 33.039524661545464,
    "stagnation_ratio_threshold": 33,
    "decline_volume_ratio_threshold": 75.14597137450764,
    "max_rebounds": 14,
    "decline_ratio_threshold": 447,
    "flxd_ticks": 153,
    "flzz_ticks": 452,
    "use_simiple_kline_strategy_flxd": false,
    "use_simiple_kline_strategy_flzz": true,
    "flzz_use_smooth_price": true,
    "flzz_zf_thresh": 0.030165955835950924,
    "kline_sell_flxd_zy": true,
    "kline_sell_flxd_zs": false,
    "kline_sell_flzz_zs": false,
    "kline_sell_flzz_zy": true,
    "last_open_price_hc_pct": 0.006267196954121637,
    "open_price_max_hc": -0.09724220219068058,
    "loss_per_step_tick_gap": 1,
    "loss_cold_start_steps": 0,
    "loss_max_abserve_tick_steps": 475,
    "loss_max_abserce_avg_price_down_steps": 14,
    "loss_dynamic_hc_stop_profit_thres": 0.5893081564454111,
    "loss_last_close_price_hc_pct": 0.009435471316071472,
    "loss_last_open_price_hc_pct": -0.055319541035221236,
    "loss_open_price_max_hc": -0.018257953177271313,
    "loss_down_open_sell_wait_time": true,
    "down_open_sell_wait_time": true,
    "day_zy_line": 0.0038684848980725245,
    "day_zs_line": -0.04447782916336737,
    "sell_afternoon": false,
    "sell_half_afternoon": false,
    "sell_max_days": 4,
    "stop_profit_pct": 0.0,
    "static_hc_stop_profit_pct": 1.0,
    "loss_static_hc_stop_profit_pct": 1.0
  },
  "timestamp": "2025-09-06T19:00:43.832748",
  "individual": [
    12.955675951686295,
    3.1803172209298927,
    969.3883446676662,
    7.937383690856198,
    -0.14774969359269094,
    7.349764372182632,
    -0.002766984055394901,
    0.01,
    0.004321295469633935,
    43798029.75109179,
    0.0,
    44.58461240469285,
    24.6273098013475,
    13.54168971678223,
    23.499909490863107,
    0.0021249507451877423,
    7.6840033598759625,
    33.039524661545464,
    33.45915580677941,
    75.14597137450764,
    14.242552468187679,
    446.72147589399106,
    152.7795349231469,
    451.7861163987278,
    0,
    1,
    1,
    0.030165955835950924,
    1,
    0,
    0,
    1,
    0.006267196954121637,
    -0.09724220219068058,
    1.0015202993396057,
    0.14837659744518492,
    475.254610570981,
    14.491570981749073,
    0.5893081564454111,
    0.009435471316071472,
    -0.055319541035221236,
    -0.018257953177271313,
    1,
    1,
    0.0038684848980725245,
    -0.04447782916336737,
    0,
    0,
    3.9951655782399085
  ],
  "max_drawdown_threshold": 0.15,
  "strategy_name": "\u9ad8\u5f3a\u4e2d\u9ad8\u5f00\u8ffd\u6da8"
}