{
  "generation": 70,
  "fitness": 4.378256743282716,
  "total_return": 12.223815,
  "max_drawdown": 0.1459781109934512,
  "sharpe_ratio": 8.447690080439333,
  "params": {
    "per_step_tick_gap": 1,
    "cold_start_steps": 2,
    "max_abserve_tick_steps": 987,
    "max_abserce_avg_price_down_steps": 3,
    "stop_profit_open_hc_pct": -0.000734363613843483,
    "dynamic_hc_stop_profit_thres": 7.413273398462058,
    "last_close_price_hc_pct": -0.004262872768574148,
    "last_day_sell_thres": 0.018916074625293492,
    "last_day_sell_huiche": 0.012644216923859029,
    "fd_mount": 67696684,
    "fd_vol_pct": 0.5590743689903588,
    "fd_ju_ticks": 49,
    "max_zb_times": 1,
    "stagnation_kline_ticks": 14,
    "decline_kline_ticks": 14,
    "yang_yin_threshold": 0.025005081429247802,
    "stagnation_n": 13,
    "stagnation_volume_ratio_threshold": 31.611840471952604,
    "stagnation_ratio_threshold": 29,
    "decline_volume_ratio_threshold": 21.642319566740106,
    "max_rebounds": 15,
    "decline_ratio_threshold": 511,
    "flxd_ticks": 67,
    "flzz_ticks": 906,
    "use_simiple_kline_strategy_flxd": true,
    "use_simiple_kline_strategy_flzz": true,
    "flzz_use_smooth_price": true,
    "flzz_zf_thresh": 0.030235710203264828,
    "kline_sell_flxd_zy": false,
    "kline_sell_flxd_zs": true,
    "kline_sell_flzz_zs": false,
    "kline_sell_flzz_zy": true,
    "last_open_price_hc_pct": 0.007074645945854666,
    "open_price_max_hc": -0.1,
    "loss_per_step_tick_gap": 1,
    "loss_cold_start_steps": 3,
    "loss_max_abserve_tick_steps": 227,
    "loss_max_abserce_avg_price_down_steps": 15,
    "loss_dynamic_hc_stop_profit_thres": 0.5915194197479557,
    "loss_last_close_price_hc_pct": 0.007507890092301727,
    "loss_last_open_price_hc_pct": -0.036104961908725426,
    "loss_open_price_max_hc": -0.04984531812787946,
    "loss_down_open_sell_wait_time": false,
    "down_open_sell_wait_time": true,
    "day_zy_line": 0.005699734993914752,
    "day_zs_line": -0.04523640854906017,
    "sell_afternoon": false,
    "sell_half_afternoon": false,
    "sell_max_days": 4,
    "stop_profit_pct": 0.0,
    "static_hc_stop_profit_pct": 1.0,
    "loss_static_hc_stop_profit_pct": 1.0
  },
  "timestamp": "2025-09-06T18:40:49.620902",
  "individual": [
    1.000591805293441,
    1.6630613805085632,
    986.6841188269896,
    3.022774537843597,
    -0.000734363613843483,
    7.413273398462058,
    -0.004262872768574148,
    0.018916074625293492,
    0.012644216923859029,
    67696684.47603224,
    0.5590743689903588,
    48.62316847870873,
    1.1205003343064046,
    13.948593585210924,
    14.193444486917105,
    0.025005081429247802,
    12.805155619548765,
    31.611840471952604,
    29.232880599068555,
    21.642319566740106,
    14.735675131349666,
    510.91446175569223,
    67.46307648165416,
    906.0369018188618,
    1,
    1,
    1,
    0.030235710203264828,
    0,
    1,
    0,
    1,
    0.007074645945854666,
    -0.1,
    1.0,
    2.539535446281254,
    226.88714349595165,
    14.995810617919066,
    0.5915194197479557,
    0.007507890092301727,
    -0.036104961908725426,
    -0.04984531812787946,
    0,
    1,
    0.005699734993914752,
    -0.04523640854906017,
    0,
    0,
    3.965789598201935
  ],
  "max_drawdown_threshold": 0.15,
  "strategy_name": "\u9ad8\u5f3a\u4e2d\u9ad8\u5f00\u8ffd\u6da8"
}