{
  "generation": 50,
  "fitness": 3.998921212446201,
  "total_return": 9.821799999999998,
  "max_drawdown": 0.1459219445251427,
  "sharpe_ratio": 7.9883377185637805,
  "params": {
    "per_step_tick_gap": 1,
    "cold_start_steps": 1,
    "max_abserve_tick_steps": 992,
    "max_abserce_avg_price_down_steps": 2,
    "stop_profit_open_hc_pct": -0.001428061273416404,
    "dynamic_hc_stop_profit_thres": 7.550358912405017,
    "last_close_price_hc_pct": -0.004134040227863215,
    "last_day_sell_thres": 0.012489546752349735,
    "last_day_sell_huiche": 0.012301710400386797,
    "fd_mount": 60259935,
    "fd_vol_pct": 0.7175175996550267,
    "fd_ju_ticks": 48,
    "max_zb_times": 1,
    "stagnation_kline_ticks": 14,
    "decline_kline_ticks": 14,
    "yang_yin_threshold": 0.005826306545683271,
    "stagnation_n": 13,
    "stagnation_volume_ratio_threshold": 31.630419581588782,
    "stagnation_ratio_threshold": 990,
    "decline_volume_ratio_threshold": 1.1,
    "max_rebounds": 15,
    "decline_ratio_threshold": 1179,
    "flxd_ticks": 109,
    "flzz_ticks": 976,
    "use_simiple_kline_strategy_flxd": true,
    "use_simiple_kline_strategy_flzz": true,
    "flzz_use_smooth_price": true,
    "flzz_zf_thresh": 0.032716686213684995,
    "kline_sell_flxd_zy": false,
    "kline_sell_flxd_zs": true,
    "kline_sell_flzz_zs": false,
    "kline_sell_flzz_zy": true,
    "last_open_price_hc_pct": 0.005354524519079403,
    "open_price_max_hc": -0.1,
    "loss_per_step_tick_gap": 1,
    "loss_cold_start_steps": 3,
    "loss_max_abserve_tick_steps": 244,
    "loss_max_abserce_avg_price_down_steps": 15,
    "loss_dynamic_hc_stop_profit_thres": 0.5889538391102133,
    "loss_last_close_price_hc_pct": 0.01,
    "loss_last_open_price_hc_pct": -0.005239916227389331,
    "loss_open_price_max_hc": -0.05003629541611691,
    "loss_down_open_sell_wait_time": true,
    "down_open_sell_wait_time": true,
    "day_zy_line": 0.0,
    "day_zs_line": -0.04506358698618545,
    "sell_afternoon": false,
    "sell_half_afternoon": true,
    "sell_max_days": 4,
    "stop_profit_pct": 0.0,
    "static_hc_stop_profit_pct": 1.0,
    "loss_static_hc_stop_profit_pct": 1.0
  },
  "timestamp": "2025-09-06T18:36:07.648027",
  "individual": [
    1.0932286798386164,
    1.183372210838681,
    992.3069792702768,
    2.236076388874335,
    -0.001428061273416404,
    7.550358912405017,
    -0.004134040227863215,
    0.012489546752349735,
    0.012301710400386797,
    60259935.40348369,
    0.7175175996550267,
    47.98891196576289,
    1.0,
    13.963635456622386,
    14.044659352673946,
    0.005826306545683271,
    12.583910672604478,
    31.630419581588782,
    990.2910700507664,
    1.1,
    14.70426490426312,
    1178.6296120420807,
    109.14901896077814,
    976.0395535897043,
    1,
    1,
    1,
    0.032716686213684995,
    0,
    1,
    0,
    1,
    0.005354524519079403,
    -0.1,
    1.0,
    3.08853718002643,
    243.97301811199713,
    14.929836845577924,
    0.5889538391102133,
    0.01,
    -0.005239916227389331,
    -0.05003629541611691,
    1,
    1,
    0.0,
    -0.04506358698618545,
    0,
    1,
    3.989300402674861
  ],
  "max_drawdown_threshold": 0.15,
  "strategy_name": "\u9ad8\u5f3a\u4e2d\u9ad8\u5f00\u8ffd\u6da8"
}