{
  "generation": 90,
  "fitness": 4.837567076555484,
  "total_return": 15.724004999999998,
  "max_drawdown": 0.14650684949807755,
  "sharpe_ratio": 8.890965116037233,
  "params": {
    "per_step_tick_gap": 13,
    "cold_start_steps": 1,
    "max_abserve_tick_steps": 981,
    "max_abserce_avg_price_down_steps": 8,
    "stop_profit_open_hc_pct": -0.1397126525594058,
    "dynamic_hc_stop_profit_thres": 7.377211730812663,
    "last_close_price_hc_pct": -0.003450746311762876,
    "last_day_sell_thres": 0.018904825727479205,
    "last_day_sell_huiche": 0.010826611584179436,
    "fd_mount": 68671038,
    "fd_vol_pct": 0.0,
    "fd_ju_ticks": 49,
    "max_zb_times": 27,
    "stagnation_kline_ticks": 14,
    "decline_kline_ticks": 14,
    "yang_yin_threshold": 0.0023656510469223574,
    "stagnation_n": 13,
    "stagnation_volume_ratio_threshold": 32.762688554393975,
    "stagnation_ratio_threshold": 35,
    "decline_volume_ratio_threshold": 61.910765412544805,
    "max_rebounds": 15,
    "decline_ratio_threshold": 555,
    "flxd_ticks": 224,
    "flzz_ticks": 860,
    "use_simiple_kline_strategy_flxd": true,
    "use_simiple_kline_strategy_flzz": true,
    "flzz_use_smooth_price": true,
    "flzz_zf_thresh": 0.02821062322752768,
    "kline_sell_flxd_zy": true,
    "kline_sell_flxd_zs": true,
    "kline_sell_flzz_zs": true,
    "kline_sell_flzz_zy": true,
    "last_open_price_hc_pct": 4.5127805381214034e-05,
    "open_price_max_hc": -0.09905271011295301,
    "loss_per_step_tick_gap": 1,
    "loss_cold_start_steps": 3,
    "loss_max_abserve_tick_steps": 500,
    "loss_max_abserce_avg_price_down_steps": 15,
    "loss_dynamic_hc_stop_profit_thres": 0.5881970953728989,
    "loss_last_close_price_hc_pct": 0.007106368981794904,
    "loss_last_open_price_hc_pct": -0.08,
    "loss_open_price_max_hc": -0.057051735191600554,
    "loss_down_open_sell_wait_time": false,
    "down_open_sell_wait_time": true,
    "day_zy_line": 0.00248445273282277,
    "day_zs_line": -0.04470935563143468,
    "sell_afternoon": false,
    "sell_half_afternoon": false,
    "sell_max_days": 4,
    "stop_profit_pct": 0.0,
    "static_hc_stop_profit_pct": 1.0,
    "loss_static_hc_stop_profit_pct": 1.0
  },
  "timestamp": "2025-09-06T18:45:40.413816",
  "individual": [
    13.305179821102861,
    1.1119169173723735,
    981.0991206113468,
    8.259091403963762,
    -0.1397126525594058,
    7.377211730812663,
    -0.003450746311762876,
    0.018904825727479205,
    0.010826611584179436,
    68671038.09670778,
    0.0,
    48.74935478947356,
    26.909382245915893,
    13.551640239386696,
    13.921617626273207,
    0.0023656510469223574,
    12.563659256429498,
    32.762688554393975,
    35.17933595881064,
    61.910765412544805,
    14.53321799030902,
    555.139275683525,
    223.54022320661184,
    859.6113077965551,
    1,
    1,
    1,
    0.02821062322752768,
    1,
    1,
    1,
    1,
    4.5127805381214034e-05,
    -0.09905271011295301,
    1.0171161376155942,
    2.552954659131696,
    500.0,
    14.96299141317272,
    0.5881970953728989,
    0.007106368981794904,
    -0.08,
    -0.057051735191600554,
    0,
    1,
    0.00248445273282277,
    -0.04470935563143468,
    0,
    0,
    3.950300546882878
  ],
  "max_drawdown_threshold": 0.15,
  "strategy_name": "\u9ad8\u5f3a\u4e2d\u9ad8\u5f00\u8ffd\u6da8"
}