{
  "params": {
    "per_step_tick_gap": 23,
    "cold_start_steps": 2,
    "max_abserve_tick_steps": 88,
    "max_abserce_avg_price_down_steps": 15,
    "stop_profit_open_hc_pct": -0.13008799677017036,
    "dynamic_hc_stop_profit_thres": 0.23739080133423646,
    "last_close_price_hc_pct": -0.02726782773162842,
    "last_day_sell_thres": 0.6788188144983983,
    "last_day_sell_huiche": 0.011936692396471054,
    "fd_mount": 102105785,
    "fd_vol_pct": 0.5129090790909494,
    "fd_ju_ticks": 13,
    "max_zb_times": 23,
    "stagnation_kline_ticks": 48,
    "decline_kline_ticks": 32,
    "yang_yin_threshold": 0.029004994291185388,
    "stagnation_n": 27,
    "stagnation_volume_ratio_threshold": 98.59235276714647,
    "stagnation_ratio_threshold": 147,
    "decline_volume_ratio_threshold": 30.64896890383561,
    "max_rebounds": 7,
    "decline_ratio_threshold": 847,
    "flxd_ticks": 134,
    "flzz_ticks": 2000,
    "kline_sell_only_zy": false,
    "use_simiple_kline_strategy_flxd": true,
    "use_simiple_kline_strategy_flzz": true,
    "flzz_use_smooth_price": false,
    "flzz_zf_thresh": -0.02820660196980452,
    "stop_profit_pct": 0.0,
    "static_hc_stop_profit_pct": 1.0
  },
  "fitness": 0.32836249701643866,
  "return": 11.712395,
  "drawdown": 0.38651133683146394,
  "sharpe": 3.3972544096080077,
  "individual": [
    22.823983414617594,
    2.3925321059285793,
    87.63860541978013,
    14.88629814936691,
    -0.13008799677017036,
    0.23739080133423646,
    -0.02726782773162842,
    0.6788188144983983,
    0.011936692396471054,
    102105785.13117036,
    0.5129090790909494,
    13.205803256752024,
    22.659646606923253,
    48.282442914456176,
    32.406319534916385,
    0.029004994291185388,
    26.62498118172476,
    98.59235276714647,
    147.06175887494638,
    30.64896890383561,
    7.469013900316732,
    846.5605772266988,
    133.873339815164,
    2000.0,
    0,
    1,
    1,
    0,
    -0.02820660196980452
  ]
}