{
  "generation": 70,
  "fitness": 1.6033058926307195,
  "total_return": 24.52271,
  "max_drawdown": 0.4909724250468955,
  "sharpe_ratio": 3.4412670371487284,
  "params": {
    "per_step_tick_gap": 1,
    "cold_start_steps": 20,
    "max_abserve_tick_steps": 438,
    "max_abserce_avg_price_down_steps": 2,
    "stop_profit_open_hc_pct": -0.0511044495669456,
    "dynamic_hc_stop_profit_thres": 7.953449028430316,
    "last_close_price_hc_pct": 0.002187279663507793,
    "last_day_sell_thres": 0.011578475185093326,
    "last_day_sell_huiche": 0.014575592648102868,
    "fd_mount": 150000000,
    "fd_vol_pct": 0.3806378224542731,
    "fd_ju_ticks": 3,
    "max_zb_times": 30,
    "stagnation_kline_ticks": 35,
    "decline_kline_ticks": 31,
    "yang_yin_threshold": 0.028562801820500135,
    "stagnation_n": 14,
    "stagnation_volume_ratio_threshold": 88.6899616870015,
    "stagnation_ratio_threshold": 51,
    "decline_volume_ratio_threshold": 48.866483463401366,
    "max_rebounds": 15,
    "decline_ratio_threshold": 47,
    "flxd_ticks": 298,
    "flzz_ticks": 1636,
    "use_simiple_kline_strategy_flxd": true,
    "use_simiple_kline_strategy_flzz": true,
    "flzz_use_smooth_price": true,
    "flzz_zf_thresh": 0.03856249562087032,
    "kline_sell_flxd_zy": true,
    "kline_sell_flxd_zs": false,
    "kline_sell_flzz_zs": true,
    "kline_sell_flzz_zy": true,
    "stop_profit_pct": 0.0,
    "static_hc_stop_profit_pct": 1.0
  },
  "timestamp": "2025-08-26T21:13:54.906012",
  "individual": [
    1.1321605759060434,
    20.070755212329253,
    437.9113253751783,
    1.9186213076366523,
    -0.0511044495669456,
    7.953449028430316,
    0.002187279663507793,
    0.011578475185093326,
    0.014575592648102868,
    150000000.0,
    0.3806378224542731,
    2.9445802583729246,
    29.87812396678477,
    35.118812681864796,
    31.13293782746345,
    0.028562801820500135,
    14.386578029590197,
    88.6899616870015,
    51.3548510322497,
    48.866483463401366,
    14.978890223220503,
    47.2440309361852,
    297.9038820808529,
    1635.9768085045337,
    1,
    1,
    1,
    0.03856249562087032,
    1,
    0,
    1,
    1
  ]
}