{
  "generation": 20,
  "fitness": 1.4647907623390106,
  "total_return": 21.210718333333336,
  "max_drawdown": 0.48999392829695987,
  "sharpe_ratio": 3.384819793304338,
  "params": {
    "per_step_tick_gap": 1,
    "cold_start_steps": 21,
    "max_abserve_tick_steps": 452,
    "max_abserce_avg_price_down_steps": 6,
    "stop_profit_open_hc_pct": -0.03225607774555018,
    "dynamic_hc_stop_profit_thres": 8.0,
    "last_close_price_hc_pct": -0.0001958230951516477,
    "last_day_sell_thres": 0.01052960518996867,
    "last_day_sell_huiche": 0.01494194550142876,
    "fd_mount": 150000000,
    "fd_vol_pct": 0.4952967749633165,
    "fd_ju_ticks": 41,
    "max_zb_times": 30,
    "stagnation_kline_ticks": 35,
    "decline_kline_ticks": 29,
    "yang_yin_threshold": 0.028001935037230734,
    "stagnation_n": 15,
    "stagnation_volume_ratio_threshold": 97.36456890822802,
    "stagnation_ratio_threshold": 84,
    "decline_volume_ratio_threshold": 28.20993140654154,
    "max_rebounds": 15,
    "decline_ratio_threshold": 531,
    "flxd_ticks": 255,
    "flzz_ticks": 1630,
    "use_simiple_kline_strategy_flxd": true,
    "use_simiple_kline_strategy_flzz": true,
    "flzz_use_smooth_price": true,
    "flzz_zf_thresh": 0.05183184626067862,
    "kline_sell_flxd_zy": true,
    "kline_sell_flxd_zs": false,
    "kline_sell_flzz_zs": true,
    "kline_sell_flzz_zy": true,
    "stop_profit_pct": 0.0,
    "static_hc_stop_profit_pct": 1.0
  },
  "timestamp": "2025-08-26T18:31:22.843501",
  "individual": [
    1.1791141832127656,
    20.650011084601807,
    451.9900909298851,
    5.816979267451471,
    -0.03225607774555018,
    8.0,
    -0.0001958230951516477,
    0.01052960518996867,
    0.01494194550142876,
    150000000.0,
    0.4952967749633165,
    41.43152557004355,
    29.62680697584665,
    35.31968352115428,
    28.848183833912266,
    0.028001935037230734,
    14.637933682744805,
    97.36456890822802,
    83.83310277402467,
    28.20993140654154,
    14.985461867394333,
    531.3610402333525,
    255.49645041289227,
    1629.6010587025376,
    1,
    1,
    1,
    0.05183184626067862,
    1,
    0,
    1,
    1
  ]
}