{
  "generation": 70,
  "fitness": 1.8404627738526107,
  "total_return": 16.461935000000004,
  "max_drawdown": 0.3464052610271249,
  "sharpe_ratio": 3.842814956536609,
  "params": {
    "per_step_tick_gap": 25,
    "cold_start_steps": 22,
    "max_abserve_tick_steps": 499,
    "max_abserce_avg_price_down_steps": 3,
    "stop_profit_open_hc_pct": -0.11420027483294996,
    "dynamic_hc_stop_profit_thres": 0.7646507019740986,
    "last_close_price_hc_pct": 0.008187806686982768,
    "last_day_sell_thres": 0.09772359572993101,
    "last_day_sell_huiche": 0.0013012496158647808,
    "fd_mount": 59926821,
    "fd_vol_pct": 0.1591062603131831,
    "fd_ju_ticks": 37,
    "max_zb_times": 26,
    "stagnation_kline_ticks": 42,
    "decline_kline_ticks": 39,
    "yang_yin_threshold": 0.027770242038458605,
    "stagnation_n": 27,
    "stagnation_volume_ratio_threshold": 26.818521939675556,
    "stagnation_ratio_threshold": 136,
    "decline_volume_ratio_threshold": 96.78795286729158,
    "max_rebounds": 2,
    "decline_ratio_threshold": 784,
    "flxd_ticks": 348,
    "flzz_ticks": 1432,
    "kline_sell_only_zy": true,
    "use_simiple_kline_strategy_flxd": true,
    "use_simiple_kline_strategy_flzz": true,
    "flzz_use_smooth_price": false,
    "flzz_zf_thresh": -0.018451171993365587,
    "stop_profit_pct": 0.0,
    "static_hc_stop_profit_pct": 1.0
  },
  "timestamp": "2025-08-26T01:43:20.883518",
  "individual": [
    24.980534243994317,
    21.81258988342681,
    498.6198517250458,
    2.6567237522517795,
    -0.11420027483294996,
    0.7646507019740986,
    0.008187806686982768,
    0.09772359572993101,
    0.0013012496158647808,
    59926820.647123165,
    0.1591062603131831,
    36.86111986358766,
    26.216717292016256,
    42.06705193737085,
    39.37859337098919,
    0.027770242038458605,
    26.669513430448777,
    26.818521939675556,
    135.86821458903728,
    96.78795286729158,
    2.3299709103553514,
    784.1959904027142,
    348.3397350181644,
    1431.7273626488218,
    1,
    1,
    1,
    0,
    -0.018451171993365587
  ]
}