{
  "generation": 30,
  "fitness": 1.0248066290750528,
  "total_return": 21.17735499999999,
  "max_drawdown": 0.3605550864990661,
  "sharpe_ratio": 4.215659231703854,
  "params": {
    "per_step_tick_gap": 9,
    "cold_start_steps": 20,
    "max_abserve_tick_steps": 489,
    "max_abserce_avg_price_down_steps": 14,
    "stop_profit_open_hc_pct": -0.14737488349778363,
    "dynamic_hc_stop_profit_thres": 0.04239173968622373,
    "last_close_price_hc_pct": 0.007137414166475159,
    "last_day_sell_thres": 0.010066444336001838,
    "last_day_sell_huiche": 0.007873047944161795,
    "fd_mount": 146586733,
    "fd_vol_pct": 0.3437902009292941,
    "fd_ju_ticks": 34,
    "max_zb_times": 20,
    "stagnation_kline_ticks": 3,
    "decline_kline_ticks": 4,
    "yang_yin_threshold": 0.004804624755167026,
    "stagnation_n": 23,
    "stagnation_volume_ratio_threshold": 3.22390505991113,
    "stagnation_ratio_threshold": 634,
    "decline_volume_ratio_threshold": 33.09073254574924,
    "max_rebounds": 15,
    "decline_ratio_threshold": 1479,
    "flxd_ticks": 280,
    "flzz_ticks": 1944,
    "kline_sell_only_zy": false,
    "window_size": 12,
    "use_simiple_kline_strategy_flxd": true,
    "use_simiple_kline_strategy_flzz": true,
    "flzz_use_smooth_price": false,
    "flzz_zf_thresh": -0.008736928282885711,
    "stop_profit_pct": 0.0,
    "static_hc_stop_profit_pct": 1.0
  },
  "timestamp": "2025-08-24T19:34:17.175464",
  "individual": [
    9.157944557431863,
    19.78495440843311,
    488.81270868715933,
    13.675587698883897,
    -0.14737488349778363,
    0.04239173968622373,
    0.007137414166475159,
    0.010066444336001838,
    0.007873047944161795,
    146586733.45744872,
    0.3437902009292941,
    34.43810238837206,
    20.31578469115062,
    3.0,
    4.229154164436502,
    0.004804624755167026,
    22.702333435604995,
    3.22390505991113,
    633.552858126016,
    33.09073254574924,
    14.615984443470188,
    1479.0758309806615,
    280.264613149555,
    1944.1049927460788,
    0,
    11.551997139254748,
    1,
    1,
    0,
    -0.008736928282885711
  ]
}