{
  "generation": 120,
  "fitness": 1.8573381571354164,
  "total_return": 16.867460000000005,
  "max_drawdown": 0.3463090289790809,
  "sharpe_ratio": 3.853145930139045,
  "params": {
    "per_step_tick_gap": 25,
    "cold_start_steps": 22,
    "max_abserve_tick_steps": 489,
    "max_abserce_avg_price_down_steps": 4,
    "stop_profit_open_hc_pct": -0.11342009016268315,
    "dynamic_hc_stop_profit_thres": 1.0824040408507967,
    "last_close_price_hc_pct": 0.00814967525786139,
    "last_day_sell_thres": 0.09813068101477505,
    "last_day_sell_huiche": 0.0012182192947564846,
    "fd_mount": 57624456,
    "fd_vol_pct": 0.6155794549869049,
    "fd_ju_ticks": 1,
    "max_zb_times": 1,
    "stagnation_kline_ticks": 42,
    "decline_kline_ticks": 47,
    "yang_yin_threshold": 0.02653440441302349,
    "stagnation_n": 13,
    "stagnation_volume_ratio_threshold": 27.29563817098009,
    "stagnation_ratio_threshold": 136,
    "decline_volume_ratio_threshold": 78.75398236007149,
    "max_rebounds": 1,
    "decline_ratio_threshold": 664,
    "flxd_ticks": 439,
    "flzz_ticks": 1994,
    "kline_sell_only_zy": true,
    "use_simiple_kline_strategy_flxd": true,
    "use_simiple_kline_strategy_flzz": true,
    "flzz_use_smooth_price": true,
    "flzz_zf_thresh": -0.018216853991620808,
    "stop_profit_pct": 0.0,
    "static_hc_stop_profit_pct": 1.0
  },
  "timestamp": "2025-08-26T02:15:26.587742",
  "individual": [
    24.972746645914157,
    21.713694584476414,
    488.6762390305725,
    3.6735981672450997,
    -0.11342009016268315,
    1.0824040408507967,
    0.00814967525786139,
    0.09813068101477505,
    0.0012182192947564846,
    57624456.40203789,
    0.6155794549869049,
    1.0003514076972864,
    1.0,
    41.923814193705034,
    46.92424692507287,
    0.02653440441302349,
    12.886296653106026,
    27.29563817098009,
    135.7109666664253,
    78.75398236007149,
    1.4269280472247103,
    663.8574486490742,
    439.2003444317405,
    1994.2511249603522,
    1,
    1,
    1,
    1,
    -0.018216853991620808
  ]
}