{
  "generation": 50,
  "fitness": 1.8280734316781448,
  "total_return": 16.173210000000005,
  "max_drawdown": 0.3464052610271249,
  "sharpe_ratio": 3.8243367493203797,
  "params": {
    "per_step_tick_gap": 25,
    "cold_start_steps": 22,
    "max_abserve_tick_steps": 490,
    "max_abserce_avg_price_down_steps": 3,
    "stop_profit_open_hc_pct": -0.11148406553768692,
    "dynamic_hc_stop_profit_thres": 2.763265459064427,
    "last_close_price_hc_pct": 0.008205058745385015,
    "last_day_sell_thres": 0.09735697529891316,
    "last_day_sell_huiche": 0.0010381421733069397,
    "fd_mount": 58640334,
    "fd_vol_pct": 0.1664073514695694,
    "fd_ju_ticks": 32,
    "max_zb_times": 25,
    "stagnation_kline_ticks": 42,
    "decline_kline_ticks": 50,
    "yang_yin_threshold": 0.029248538289594492,
    "stagnation_n": 24,
    "stagnation_volume_ratio_threshold": 17.456708821811638,
    "stagnation_ratio_threshold": 135,
    "decline_volume_ratio_threshold": 100.0,
    "max_rebounds": 1,
    "decline_ratio_threshold": 784,
    "flxd_ticks": 453,
    "flzz_ticks": 1981,
    "kline_sell_only_zy": true,
    "use_simiple_kline_strategy_flxd": true,
    "use_simiple_kline_strategy_flzz": true,
    "flzz_use_smooth_price": false,
    "flzz_zf_thresh": -0.019113075804225835,
    "stop_profit_pct": 0.0,
    "static_hc_stop_profit_pct": 1.0
  },
  "timestamp": "2025-08-26T01:30:33.629346",
  "individual": [
    24.975201321421412,
    21.981406389794355,
    489.6813573333736,
    3.193920488819526,
    -0.11148406553768692,
    2.763265459064427,
    0.008205058745385015,
    0.09735697529891316,
    0.0010381421733069397,
    58640334.01787016,
    0.1664073514695694,
    31.845071135764684,
    25.1091748650068,
    41.71729077282083,
    50.0,
    0.029248538289594492,
    24.21834847213164,
    17.456708821811638,
    135.27645692161587,
    100.0,
    1.3506836566035636,
    783.837852825779,
    452.9223020604559,
    1980.8933830980302,
    1,
    1,
    1,
    0,
    -0.019113075804225835
  ]
}