{
  "generation": 30,
  "fitness": 3.251217728095008,
  "total_return": 24.44399,
  "max_drawdown": 0.39899156678364917,
  "sharpe_ratio": 4.106520506832117,
  "params": {
    "per_step_tick_gap": 13,
    "cold_start_steps": 0,
    "max_abserve_tick_steps": 178,
    "max_abserce_avg_price_down_steps": 7,
    "stop_profit_open_hc_pct": -0.157204150798023,
    "dynamic_hc_stop_profit_thres": 0.10004582939628417,
    "last_close_price_hc_pct": -0.02357893277065232,
    "last_day_sell_thres": 0.011079425580373607,
    "last_day_sell_huiche": 0.0010126756985884035,
    "fd_mount": 94018515,
    "fd_vol_pct": 0.5255051759692914,
    "fd_ju_ticks": 1,
    "max_zb_times": 17,
    "stagnation_kline_ticks": 38,
    "decline_kline_ticks": 11,
    "yang_yin_threshold": 0.009031504028591633,
    "stagnation_n": 9,
    "stagnation_volume_ratio_threshold": 47,
    "stagnation_ratio_threshold": 428,
    "decline_volume_ratio_threshold": 19,
    "max_rebounds": 1,
    "decline_ratio_threshold": 35,
    "flxd_ticks": 279,
    "kline_sell_only_zy": false,
    "window_size": 5,
    "use_simiple_kline_strategy_flxd": true,
    "use_simiple_kline_strategy_flzz": false,
    "stop_profit_pct": 0.0,
    "static_hc_stop_profit_pct": 1.0
  },
  "timestamp": "2025-08-24T14:19:59.914900",
  "individual": [
    13.042752580182716,
    0.0,
    177.66008080787356,
    6.766952146011038,
    -0.157204150798023,
    0.10004582939628417,
    -0.02357893277065232,
    0.011079425580373607,
    0.0010126756985884035,
    94018515.36057417,
    0.5255051759692914,
    1.0,
    17.31323002867047,
    38.33195500749244,
    11.080709140807226,
    0.009031504028591633,
    9.494380871552723,
    46.77088232785121,
    427.85895359467213,
    19.05698018548765,
    1.0599535668466205,
    35.05775145507617,
    279.47377348061707,
    0,
    4.599535425858967,
    1,
    0
  ]
}