{
  "generation": 100,
  "fitness": 1.8455874595632058,
  "total_return": 16.590755,
  "max_drawdown": 0.3464052610271249,
  "sharpe_ratio": 3.848482488213707,
  "params": {
    "per_step_tick_gap": 25,
    "cold_start_steps": 22,
    "max_abserve_tick_steps": 479,
    "max_abserce_avg_price_down_steps": 3,
    "stop_profit_open_hc_pct": -0.11056351613853131,
    "dynamic_hc_stop_profit_thres": 1.0707141180535265,
    "last_close_price_hc_pct": 0.008133774012435575,
    "last_day_sell_thres": 0.09782186974796456,
    "last_day_sell_huiche": 0.0012311725752912456,
    "fd_mount": 58369142,
    "fd_vol_pct": 0.4156309440396871,
    "fd_ju_ticks": 1,
    "max_zb_times": 27,
    "stagnation_kline_ticks": 42,
    "decline_kline_ticks": 47,
    "yang_yin_threshold": 0.028744759785527263,
    "stagnation_n": 14,
    "stagnation_volume_ratio_threshold": 27.467250460324998,
    "stagnation_ratio_threshold": 137,
    "decline_volume_ratio_threshold": 98.45138539811813,
    "max_rebounds": 3,
    "decline_ratio_threshold": 797,
    "flxd_ticks": 381,
    "flzz_ticks": 2000,
    "kline_sell_only_zy": true,
    "use_simiple_kline_strategy_flxd": true,
    "use_simiple_kline_strategy_flzz": true,
    "flzz_use_smooth_price": false,
    "flzz_zf_thresh": -0.018121125161335183,
    "stop_profit_pct": 0.0,
    "static_hc_stop_profit_pct": 1.0
  },
  "timestamp": "2025-08-26T02:02:43.773069",
  "individual": [
    24.982320908582786,
    21.7149019919058,
    479.3925959365019,
    3.3497971244396325,
    -0.11056351613853131,
    1.0707141180535265,
    0.008133774012435575,
    0.09782186974796456,
    0.0012311725752912456,
    58369141.73380281,
    0.4156309440396871,
    1.0,
    27.313903261394543,
    42.05594097126789,
    47.2426554188616,
    0.028744759785527263,
    13.80013684138845,
    27.467250460324998,
    136.74787557457265,
    98.45138539811813,
    2.670789828053891,
    797.2489086498431,
    381.40814540536485,
    2000.0,
    1,
    1,
    1,
    0,
    -0.018121125161335183
  ]
}