{
  "generation": 10,
  "fitness": 1.34532731680973,
  "total_return": 16.870391666666666,
  "max_drawdown": 0.4914987512710147,
  "sharpe_ratio": 3.240595984313044,
  "params": {
    "per_step_tick_gap": 1,
    "cold_start_steps": 23,
    "max_abserve_tick_steps": 408,
    "max_abserce_avg_price_down_steps": 7,
    "stop_profit_open_hc_pct": -0.02112208662979481,
    "dynamic_hc_stop_profit_thres": 7.364533779854912,
    "last_close_price_hc_pct": -0.0046570215102631485,
    "last_day_sell_thres": 0.01,
    "last_day_sell_huiche": 0.016016897076911358,
    "fd_mount": 142022762,
    "fd_vol_pct": 0.4969535872365673,
    "fd_ju_ticks": 16,
    "max_zb_times": 28,
    "stagnation_kline_ticks": 34,
    "decline_kline_ticks": 31,
    "yang_yin_threshold": 0.03,
    "stagnation_n": 15,
    "stagnation_volume_ratio_threshold": 71.62960711890263,
    "stagnation_ratio_threshold": 312,
    "decline_volume_ratio_threshold": 50.2658195107566,
    "max_rebounds": 15,
    "decline_ratio_threshold": 272,
    "flxd_ticks": 347,
    "flzz_ticks": 2000,
    "use_simiple_kline_strategy_flxd": true,
    "use_simiple_kline_strategy_flzz": true,
    "flzz_use_smooth_price": false,
    "flzz_zf_thresh": 0.03755148074579393,
    "kline_sell_flxd_zy": true,
    "kline_sell_flxd_zs": false,
    "kline_sell_flzz_zs": true,
    "kline_sell_flzz_zy": true,
    "stop_profit_pct": 0.0,
    "static_hc_stop_profit_pct": 1.0
  },
  "timestamp": "2025-08-26T17:54:29.015599",
  "individual": [
    1.0,
    22.783084316178098,
    407.61977550693916,
    7.001482819454905,
    -0.02112208662979481,
    7.364533779854912,
    -0.0046570215102631485,
    0.01,
    0.016016897076911358,
    142022762.23953786,
    0.4969535872365673,
    16.154305813283067,
    27.59504971729057,
    33.77692812544975,
    31.103248915339847,
    0.03,
    14.611049583575992,
    71.62960711890263,
    312.3158597221782,
    50.2658195107566,
    14.843804365293307,
    271.6258830839866,
    347.2300240069627,
    2000.0,
    1,
    1,
    0,
    0.03755148074579393,
    1,
    0,
    1,
    1
  ]
}