{
  "generation": 40,
  "fitness": 0.3268800888676218,
  "total_return": 11.565159999999997,
  "max_drawdown": 0.3865797093710483,
  "sharpe_ratio": 3.3854342321400535,
  "params": {
    "per_step_tick_gap": 23,
    "cold_start_steps": 0,
    "max_abserve_tick_steps": 5,
    "max_abserce_avg_price_down_steps": 15,
    "stop_profit_open_hc_pct": -0.13663344360754862,
    "dynamic_hc_stop_profit_thres": 0.2378962125525128,
    "last_close_price_hc_pct": -0.03023595923248594,
    "last_day_sell_thres": 0.6748937579748908,
    "last_day_sell_huiche": 0.012756425119648723,
    "fd_mount": 94585961,
    "fd_vol_pct": 0.5019155863869467,
    "fd_ju_ticks": 15,
    "max_zb_times": 23,
    "stagnation_kline_ticks": 48,
    "decline_kline_ticks": 31,
    "yang_yin_threshold": 0.02290755281815541,
    "stagnation_n": 27,
    "stagnation_volume_ratio_threshold": 99.04278467669153,
    "stagnation_ratio_threshold": 160,
    "decline_volume_ratio_threshold": 31.630813231483906,
    "max_rebounds": 7,
    "decline_ratio_threshold": 952,
    "flxd_ticks": 32,
    "flzz_ticks": 1979,
    "kline_sell_only_zy": false,
    "use_simiple_kline_strategy_flxd": true,
    "use_simiple_kline_strategy_flzz": true,
    "flzz_use_smooth_price": false,
    "flzz_zf_thresh": -0.02639753678446118,
    "stop_profit_pct": 0.0,
    "static_hc_stop_profit_pct": 1.0
  },
  "timestamp": "2025-08-25T21:42:07.612225",
  "individual": [
    22.786414482249285,
    0.0,
    5.0,
    14.887128260242541,
    -0.13663344360754862,
    0.2378962125525128,
    -0.03023595923248594,
    0.6748937579748908,
    0.012756425119648723,
    94585960.62451598,
    0.5019155863869467,
    14.873356098622546,
    22.791537248475123,
    48.25758228617199,
    31.414911154686912,
    0.02290755281815541,
    26.56919541661766,
    99.04278467669153,
    159.68906741026802,
    31.630813231483906,
    7.49581193629726,
    951.9047754599738,
    32.000044519852764,
    1979.1282523789127,
    0,
    1,
    1,
    0,
    -0.02639753678446118
  ]
}