{
  "generation": 40,
  "fitness": 3.2719877833282696,
  "total_return": 24.87041,
  "max_drawdown": 0.39912279707599024,
  "sharpe_ratio": 4.123901943393985,
  "params": {
    "per_step_tick_gap": 13,
    "cold_start_steps": 3,
    "max_abserve_tick_steps": 194,
    "max_abserce_avg_price_down_steps": 7,
    "stop_profit_open_hc_pct": -0.12264573789336722,
    "dynamic_hc_stop_profit_thres": 0.1000202278469817,
    "last_close_price_hc_pct": -0.023007353982382434,
    "last_day_sell_thres": 0.011320235483784224,
    "last_day_sell_huiche": 0.0011347113569546176,
    "fd_mount": 94058937,
    "fd_vol_pct": 0.5345819844507675,
    "fd_ju_ticks": 2,
    "max_zb_times": 20,
    "stagnation_kline_ticks": 31,
    "decline_kline_ticks": 11,
    "yang_yin_threshold": 0.009007180002068757,
    "stagnation_n": 6,
    "stagnation_volume_ratio_threshold": 45,
    "stagnation_ratio_threshold": 471,
    "decline_volume_ratio_threshold": 13,
    "max_rebounds": 1,
    "decline_ratio_threshold": 32,
    "flxd_ticks": 269,
    "kline_sell_only_zy": false,
    "window_size": 5,
    "use_simiple_kline_strategy_flxd": true,
    "use_simiple_kline_strategy_flzz": false,
    "stop_profit_pct": 0.0,
    "static_hc_stop_profit_pct": 1.0
  },
  "timestamp": "2025-08-24T14:34:16.278466",
  "individual": [
    12.798864101738223,
    3.404257491405611,
    194.4181343704313,
    6.783393126817969,
    -0.12264573789336722,
    0.1000202278469817,
    -0.023007353982382434,
    0.011320235483784224,
    0.0011347113569546176,
    94058937.1096583,
    0.5345819844507675,
    2.302055204819833,
    19.617698809605503,
    30.625056692673162,
    11.231738257580812,
    0.009007180002068757,
    6.337785330722211,
    45.45316268361076,
    470.525394778488,
    13.446783199445633,
    1.1133211166797656,
    32.064698298361755,
    268.83336324835426,
    0,
    4.593086289762451,
    1,
    0
  ]
}