{
  "generation": 20,
  "fitness": 0.29160171978259297,
  "total_return": 9.8592,
  "max_drawdown": 0.3903823735724702,
  "sharpe_ratio": 3.218600917157938,
  "params": {
    "per_step_tick_gap": 23,
    "cold_start_steps": 17,
    "max_abserve_tick_steps": 103,
    "max_abserce_avg_price_down_steps": 15,
    "stop_profit_open_hc_pct": -0.09520161055445078,
    "dynamic_hc_stop_profit_thres": 0.30220639995205056,
    "last_close_price_hc_pct": -0.015109136916614575,
    "last_day_sell_thres": 0.6840700589727213,
    "last_day_sell_huiche": 0.016896803703170496,
    "fd_mount": 73769104,
    "fd_vol_pct": 0.5824472348007524,
    "fd_ju_ticks": 15,
    "max_zb_times": 28,
    "stagnation_kline_ticks": 49,
    "decline_kline_ticks": 32,
    "yang_yin_threshold": 0.025895830086705485,
    "stagnation_n": 27,
    "stagnation_volume_ratio_threshold": 73.75476134192425,
    "stagnation_ratio_threshold": 1406,
    "decline_volume_ratio_threshold": 35.172204541089805,
    "max_rebounds": 6,
    "decline_ratio_threshold": 1132,
    "flxd_ticks": 221,
    "flzz_ticks": 1652,
    "kline_sell_only_zy": false,
    "use_simiple_kline_strategy_flxd": true,
    "use_simiple_kline_strategy_flzz": true,
    "flzz_use_smooth_price": false,
    "flzz_zf_thresh": -0.009530838010553993,
    "stop_profit_pct": 0.0,
    "static_hc_stop_profit_pct": 1.0
  },
  "timestamp": "2025-08-25T21:16:00.850522",
  "individual": [
    22.660552689799268,
    17.366225693252353,
    102.70084015787563,
    14.773896058885443,
    -0.09520161055445078,
    0.30220639995205056,
    -0.015109136916614575,
    0.6840700589727213,
    0.016896803703170496,
    73769104.04880022,
    0.5824472348007524,
    15.286484844428754,
    28.253123858085093,
    48.89766728443488,
    31.54382392955496,
    0.025895830086705485,
    26.691020872831068,
    73.75476134192425,
    1405.84880848478,
    35.172204541089805,
    6.423833616784061,
    1132.1171972091195,
    221.21579259268907,
    1652.3264923630218,
    0,
    1,
    1,
    0,
    -0.009530838010553993
  ]
}