{
  "generation": 10,
  "fitness": 1.6092673618882771,
  "total_return": 12.449715,
  "max_drawdown": 0.34853532048820846,
  "sharpe_ratio": 3.5024141394181343,
  "params": {
    "per_step_tick_gap": 25,
    "cold_start_steps": 27,
    "max_abserve_tick_steps": 390,
    "max_abserce_avg_price_down_steps": 2,
    "stop_profit_open_hc_pct": -0.11352532222596584,
    "dynamic_hc_stop_profit_thres": 2.8329457601496797,
    "last_close_price_hc_pct": 0.01,
    "last_day_sell_thres": 0.21594950160361656,
    "last_day_sell_huiche": 0.007447253727147606,
    "fd_mount": 13755650,
    "fd_vol_pct": 0.4208489981401783,
    "fd_ju_ticks": 39,
    "max_zb_times": 26,
    "stagnation_kline_ticks": 43,
    "decline_kline_ticks": 3,
    "yang_yin_threshold": 0.0242901364992232,
    "stagnation_n": 30,
    "stagnation_volume_ratio_threshold": 50.92008033425843,
    "stagnation_ratio_threshold": 178,
    "decline_volume_ratio_threshold": 63.363839557317405,
    "max_rebounds": 3,
    "decline_ratio_threshold": 1194,
    "flxd_ticks": 422,
    "flzz_ticks": 2000,
    "kline_sell_only_zy": true,
    "use_simiple_kline_strategy_flxd": true,
    "use_simiple_kline_strategy_flzz": true,
    "flzz_use_smooth_price": true,
    "flzz_zf_thresh": -0.042970433076527606,
    "stop_profit_pct": 0.0,
    "static_hc_stop_profit_pct": 1.0
  },
  "timestamp": "2025-08-26T00:59:50.362254",
  "individual": [
    25.0,
    27.223107866780975,
    390.3022383989221,
    2.42972808782811,
    -0.11352532222596584,
    2.8329457601496797,
    0.01,
    0.21594950160361656,
    0.007447253727147606,
    13755649.849194773,
    0.4208489981401783,
    38.794140956295784,
    26.454846295575955,
    42.894328289201724,
    3.1981399526263377,
    0.0242901364992232,
    30.0,
    50.92008033425843,
    177.62877765890227,
    63.363839557317405,
    3.3590105320172476,
    1194.3104814161075,
    421.67698498502386,
    2000.0,
    1,
    1,
    1,
    1,
    -0.042970433076527606
  ]
}