{
  "generation": 110,
  "fitness": 1.0620238537118358,
  "total_return": 24.15694999999999,
  "max_drawdown": 0.36030169422617264,
  "sharpe_ratio": 4.356505910427724,
  "params": {
    "per_step_tick_gap": 9,
    "cold_start_steps": 20,
    "max_abserve_tick_steps": 442,
    "max_abserce_avg_price_down_steps": 9,
    "stop_profit_open_hc_pct": -0.14730391531412104,
    "dynamic_hc_stop_profit_thres": 0.04146478008732626,
    "last_close_price_hc_pct": -0.004985781398733237,
    "last_day_sell_thres": 0.010086173123118276,
    "last_day_sell_huiche": 0.001005814131097469,
    "fd_mount": 132790195,
    "fd_vol_pct": 0.18685245473809947,
    "fd_ju_ticks": 1,
    "max_zb_times": 14,
    "stagnation_kline_ticks": 3,
    "decline_kline_ticks": 21,
    "yang_yin_threshold": 0.005292930000694659,
    "stagnation_n": 23,
    "stagnation_volume_ratio_threshold": 3.2211684489287036,
    "stagnation_ratio_threshold": 638,
    "decline_volume_ratio_threshold": 39.31822837736894,
    "max_rebounds": 11,
    "decline_ratio_threshold": 1020,
    "flxd_ticks": 274,
    "flzz_ticks": 1955,
    "kline_sell_only_zy": false,
    "window_size": 3,
    "use_simiple_kline_strategy_flxd": false,
    "use_simiple_kline_strategy_flzz": true,
    "flzz_use_smooth_price": false,
    "flzz_zf_thresh": -0.007271521834103036,
    "stop_profit_pct": 0.0,
    "static_hc_stop_profit_pct": 1.0
  },
  "timestamp": "2025-08-24T22:10:34.541804",
  "individual": [
    9.398619951070403,
    19.77342422677132,
    442.1354594141581,
    9.11667201336779,
    -0.14730391531412104,
    0.04146478008732626,
    -0.004985781398733237,
    0.010086173123118276,
    0.001005814131097469,
    132790195.16326554,
    0.18685245473809947,
    1.163443808448205,
    13.576231906876094,
    3.0004611792239206,
    21.38462088251375,
    0.005292930000694659,
    22.67124531569794,
    3.2211684489287036,
    638.0461504485255,
    39.31822837736894,
    11.473940663648252,
    1019.7485060717123,
    274.3632165878952,
    1955.365048995258,
    0,
    3.1312135132835164,
    0,
    1,
    0,
    -0.007271521834103036
  ]
}