{
  "generation": 10,
  "fitness": 0.25288921032713857,
  "total_return": 6.197735,
  "max_drawdown": 0.3919166318551767,
  "sharpe_ratio": 2.9055534179338336,
  "params": {
    "per_step_tick_gap": 17,
    "cold_start_steps": 9,
    "max_abserve_tick_steps": 141,
    "max_abserce_avg_price_down_steps": 13,
    "stop_profit_open_hc_pct": -0.10969239684514824,
    "dynamic_hc_stop_profit_thres": 0.2867905601929833,
    "last_close_price_hc_pct": -0.04,
    "last_day_sell_thres": 0.9213381081067136,
    "last_day_sell_huiche": 0.012492807968075174,
    "fd_mount": 61264363,
    "fd_vol_pct": 0.5582709285192367,
    "fd_ju_ticks": 27,
    "max_zb_times": 15,
    "stagnation_kline_ticks": 41,
    "decline_kline_ticks": 42,
    "yang_yin_threshold": 0.016638278388746125,
    "stagnation_n": 10,
    "stagnation_volume_ratio_threshold": 1.1,
    "stagnation_ratio_threshold": 124,
    "decline_volume_ratio_threshold": 52.49648392410453,
    "max_rebounds": 4,
    "decline_ratio_threshold": 932,
    "flxd_ticks": 398,
    "flzz_ticks": 1460,
    "kline_sell_only_zy": false,
    "use_simiple_kline_strategy_flxd": false,
    "use_simiple_kline_strategy_flzz": true,
    "flzz_use_smooth_price": true,
    "flzz_zf_thresh": 0.002177539681437535,
    "stop_profit_pct": 0.0,
    "static_hc_stop_profit_pct": 1.0
  },
  "timestamp": "2025-08-25T21:03:14.887298",
  "individual": [
    17.429728470603003,
    9.400018407730679,
    141.40269400072802,
    12.841863579484365,
    -0.10969239684514824,
    0.2867905601929833,
    -0.04,
    0.9213381081067136,
    0.012492807968075174,
    61264363.326388195,
    0.5582709285192367,
    27.049539597459884,
    14.6253466238951,
    40.686114003675,
    41.77088929525678,
    0.016638278388746125,
    9.919499612174818,
    1.1,
    123.61280805143676,
    52.49648392410453,
    3.7049463407159653,
    931.7999350555294,
    397.96681170707257,
    1460.1204238507635,
    0,
    0,
    1,
    1,
    0.002177539681437535
  ]
}