{
  "generation": 60,
  "fitness": 1.5915211581096085,
  "total_return": 24.21454333333334,
  "max_drawdown": 0.4907941707361189,
  "sharpe_ratio": 3.431949891008435,
  "params": {
    "per_step_tick_gap": 1,
    "cold_start_steps": 20,
    "max_abserve_tick_steps": 438,
    "max_abserce_avg_price_down_steps": 2,
    "stop_profit_open_hc_pct": -0.04576814568413953,
    "dynamic_hc_stop_profit_thres": 7.967260667343746,
    "last_close_price_hc_pct": 0.0013402832602873397,
    "last_day_sell_thres": 0.011526221986935443,
    "last_day_sell_huiche": 0.014548339916511414,
    "fd_mount": 149298403,
    "fd_vol_pct": 0.38876168503692426,
    "fd_ju_ticks": 1,
    "max_zb_times": 30,
    "stagnation_kline_ticks": 35,
    "decline_kline_ticks": 32,
    "yang_yin_threshold": 0.028444001636640508,
    "stagnation_n": 14,
    "stagnation_volume_ratio_threshold": 88.68051234828162,
    "stagnation_ratio_threshold": 36,
    "decline_volume_ratio_threshold": 36.32276031131186,
    "max_rebounds": 15,
    "decline_ratio_threshold": 543,
    "flxd_ticks": 303,
    "flzz_ticks": 752,
    "use_simiple_kline_strategy_flxd": true,
    "use_simiple_kline_strategy_flzz": true,
    "flzz_use_smooth_price": true,
    "flzz_zf_thresh": 0.038553647292236363,
    "kline_sell_flxd_zy": true,
    "kline_sell_flxd_zs": false,
    "kline_sell_flzz_zs": true,
    "kline_sell_flzz_zy": true,
    "stop_profit_pct": 0.0,
    "static_hc_stop_profit_pct": 1.0
  },
  "timestamp": "2025-08-26T20:41:56.424592",
  "individual": [
    1.1715448808303193,
    20.427595788827055,
    438.08026419009923,
    2.088529109061285,
    -0.04576814568413953,
    7.967260667343746,
    0.0013402832602873397,
    0.011526221986935443,
    0.014548339916511414,
    149298403.0840637,
    0.38876168503692426,
    1.120629841387386,
    29.809734707123802,
    35.18137649928353,
    31.684398176491417,
    0.028444001636640508,
    14.040243297109294,
    88.68051234828162,
    36.29612328916877,
    36.32276031131186,
    14.988662609720091,
    542.6408205132863,
    303.4155422046181,
    751.6863472141895,
    1,
    1,
    1,
    0.038553647292236363,
    1,
    0,
    1,
    1
  ]
}