{
  "generation": 30,
  "fitness": 0.3206503573627471,
  "total_return": 10.718969999999997,
  "max_drawdown": 0.38657173438497244,
  "sharpe_ratio": 3.315130454442175,
  "params": {
    "per_step_tick_gap": 23,
    "cold_start_steps": 20,
    "max_abserve_tick_steps": 97,
    "max_abserce_avg_price_down_steps": 15,
    "stop_profit_open_hc_pct": 0.0,
    "dynamic_hc_stop_profit_thres": 0.26782284554041086,
    "last_close_price_hc_pct": -0.012243416680119105,
    "last_day_sell_thres": 0.649204698045226,
    "last_day_sell_huiche": 0.015006886512242048,
    "fd_mount": 101406210,
    "fd_vol_pct": 0.5653581604947934,
    "fd_ju_ticks": 15,
    "max_zb_times": 24,
    "stagnation_kline_ticks": 48,
    "decline_kline_ticks": 31,
    "yang_yin_threshold": 0.023653609759605284,
    "stagnation_n": 28,
    "stagnation_volume_ratio_threshold": 100.0,
    "stagnation_ratio_threshold": 150,
    "decline_volume_ratio_threshold": 35.46818137249549,
    "max_rebounds": 7,
    "decline_ratio_threshold": 952,
    "flxd_ticks": 22,
    "flzz_ticks": 1312,
    "kline_sell_only_zy": false,
    "use_simiple_kline_strategy_flxd": true,
    "use_simiple_kline_strategy_flzz": true,
    "flzz_use_smooth_price": false,
    "flzz_zf_thresh": -0.02345363587299926,
    "stop_profit_pct": 0.0,
    "static_hc_stop_profit_pct": 1.0
  },
  "timestamp": "2025-08-25T21:29:11.547258",
  "individual": [
    22.65056872132856,
    19.655175558293898,
    96.90504687108778,
    15.0,
    0.0,
    0.26782284554041086,
    -0.012243416680119105,
    0.649204698045226,
    0.015006886512242048,
    101406209.71813446,
    0.5653581604947934,
    14.790548896320278,
    24.076033748934094,
    47.984293300059505,
    31.459893082376563,
    0.023653609759605284,
    28.499675091972684,
    100.0,
    149.83830073888805,
    35.46818137249549,
    7.274788711346849,
    952.2786092123702,
    21.89510877838066,
    1312.364438841812,
    0,
    1,
    1,
    0,
    -0.02345363587299926
  ]
}