{
  "generation": 40,
  "fitness": 1.8113343001678324,
  "total_return": 15.714860000000002,
  "max_drawdown": 0.34622903123153176,
  "sharpe_ratio": 3.793305183898594,
  "params": {
    "per_step_tick_gap": 25,
    "cold_start_steps": 22,
    "max_abserve_tick_steps": 492,
    "max_abserce_avg_price_down_steps": 3,
    "stop_profit_open_hc_pct": -0.11099025331483979,
    "dynamic_hc_stop_profit_thres": 2.795229779134874,
    "last_close_price_hc_pct": 0.0076946555966330415,
    "last_day_sell_thres": 0.0877918638443841,
    "last_day_sell_huiche": 0.0014906937624103419,
    "fd_mount": 54397867,
    "fd_vol_pct": 0.08239857761307509,
    "fd_ju_ticks": 27,
    "max_zb_times": 26,
    "stagnation_kline_ticks": 42,
    "decline_kline_ticks": 13,
    "yang_yin_threshold": 0.027984232785215623,
    "stagnation_n": 26,
    "stagnation_volume_ratio_threshold": 27.252156426091698,
    "stagnation_ratio_threshold": 136,
    "decline_volume_ratio_threshold": 99.99774911062511,
    "max_rebounds": 4,
    "decline_ratio_threshold": 818,
    "flxd_ticks": 426,
    "flzz_ticks": 1947,
    "kline_sell_only_zy": true,
    "use_simiple_kline_strategy_flxd": false,
    "use_simiple_kline_strategy_flzz": true,
    "flzz_use_smooth_price": false,
    "flzz_zf_thresh": -0.021748672089070987,
    "stop_profit_pct": 0.0,
    "static_hc_stop_profit_pct": 1.0
  },
  "timestamp": "2025-08-26T01:23:36.987289",
  "individual": [
    24.976327525545738,
    21.527761794414687,
    491.6221492223169,
    2.5563265123876056,
    -0.11099025331483979,
    2.795229779134874,
    0.0076946555966330415,
    0.0877918638443841,
    0.0014906937624103419,
    54397867.36153597,
    0.08239857761307509,
    26.760771221839626,
    25.707638117373506,
    41.81218693586186,
    13.215275598075566,
    0.027984232785215623,
    26.0821049557622,
    27.252156426091698,
    135.52998418085227,
    99.99774911062511,
    3.60451660661834,
    818.1718766022576,
    426.30901547766206,
    1947.0936552592375,
    1,
    0,
    1,
    0,
    -0.021748672089070987
  ]
}