{
  "generation": 30,
  "fitness": 1.780040658800448,
  "total_return": 15.148729999999997,
  "max_drawdown": 0.3465206094008507,
  "sharpe_ratio": 3.7514784339910205,
  "params": {
    "per_step_tick_gap": 25,
    "cold_start_steps": 23,
    "max_abserve_tick_steps": 498,
    "max_abserce_avg_price_down_steps": 3,
    "stop_profit_open_hc_pct": -0.11293576767129304,
    "dynamic_hc_stop_profit_thres": 3.1651362076525102,
    "last_close_price_hc_pct": 0.00743842115875123,
    "last_day_sell_thres": 0.08893890817358416,
    "last_day_sell_huiche": 0.004054071726560663,
    "fd_mount": 48029570,
    "fd_vol_pct": 0.2924558786513934,
    "fd_ju_ticks": 27,
    "max_zb_times": 27,
    "stagnation_kline_ticks": 42,
    "decline_kline_ticks": 20,
    "yang_yin_threshold": 0.02089334256251171,
    "stagnation_n": 28,
    "stagnation_volume_ratio_threshold": 24.7764101546582,
    "stagnation_ratio_threshold": 136,
    "decline_volume_ratio_threshold": 94.05644119751646,
    "max_rebounds": 2,
    "decline_ratio_threshold": 996,
    "flxd_ticks": 478,
    "flzz_ticks": 1331,
    "kline_sell_only_zy": true,
    "use_simiple_kline_strategy_flxd": false,
    "use_simiple_kline_strategy_flzz": true,
    "flzz_use_smooth_price": true,
    "flzz_zf_thresh": -0.022744889610539124,
    "stop_profit_pct": 0.0,
    "static_hc_stop_profit_pct": 1.0
  },
  "timestamp": "2025-08-26T01:16:51.167883",
  "individual": [
    24.958710157698047,
    22.92149104302122,
    498.33886125549725,
    2.7002490442462808,
    -0.11293576767129304,
    3.1651362076525102,
    0.00743842115875123,
    0.08893890817358416,
    0.004054071726560663,
    48029569.854647815,
    0.2924558786513934,
    26.656519307122267,
    26.60288590121023,
    41.512634498029186,
    19.517811845874952,
    0.02089334256251171,
    28.455739968549416,
    24.7764101546582,
    136.07830257531913,
    94.05644119751646,
    1.883059650287891,
    995.7221185858643,
    478.4879284260977,
    1331.4165446683014,
    1,
    0,
    1,
    1,
    -0.022744889610539124
  ]
}