{
  "generation": 20,
  "fitness": 1.7148279605667032,
  "total_return": 13.512144999999999,
  "max_drawdown": 0.34591428600506857,
  "sharpe_ratio": 3.6350359211401706,
  "params": {
    "per_step_tick_gap": 25,
    "cold_start_steps": 22,
    "max_abserve_tick_steps": 434,
    "max_abserce_avg_price_down_steps": 3,
    "stop_profit_open_hc_pct": -0.10973069806104024,
    "dynamic_hc_stop_profit_thres": 2.9016937626116652,
    "last_close_price_hc_pct": 0.007468690807479431,
    "last_day_sell_thres": 0.24979977393022243,
    "last_day_sell_huiche": 0.001,
    "fd_mount": 46420389,
    "fd_vol_pct": 0.3504071458768482,
    "fd_ju_ticks": 36,
    "max_zb_times": 25,
    "stagnation_kline_ticks": 42,
    "decline_kline_ticks": 22,
    "yang_yin_threshold": 0.02540645441500028,
    "stagnation_n": 27,
    "stagnation_volume_ratio_threshold": 16.08674602531524,
    "stagnation_ratio_threshold": 137,
    "decline_volume_ratio_threshold": 98.83655817028385,
    "max_rebounds": 2,
    "decline_ratio_threshold": 987,
    "flxd_ticks": 355,
    "flzz_ticks": 1345,
    "kline_sell_only_zy": true,
    "use_simiple_kline_strategy_flxd": true,
    "use_simiple_kline_strategy_flzz": true,
    "flzz_use_smooth_price": true,
    "flzz_zf_thresh": -0.028854728780687174,
    "stop_profit_pct": 0.0,
    "static_hc_stop_profit_pct": 1.0
  },
  "timestamp": "2025-08-26T01:09:06.999432",
  "individual": [
    24.96514160572187,
    21.916655853148715,
    434.09761208069307,
    2.6592964972775226,
    -0.10973069806104024,
    2.9016937626116652,
    0.007468690807479431,
    0.24979977393022243,
    0.001,
    46420389.27856491,
    0.3504071458768482,
    35.632098148960964,
    25.35153962127606,
    41.78144051686101,
    21.785307150975058,
    0.02540645441500028,
    26.940135797384215,
    16.08674602531524,
    136.89450735240757,
    98.83655817028385,
    2.49518727650519,
    987.3543870404363,
    355.43889529452304,
    1345.1260495421463,
    1,
    1,
    1,
    1,
    -0.028854728780687174
  ]
}