{
  "generation": 60,
  "fitness": 1.8350372102887882,
  "total_return": 16.331815000000006,
  "max_drawdown": 0.3464052610271249,
  "sharpe_ratio": 3.835500363893475,
  "params": {
    "per_step_tick_gap": 25,
    "cold_start_steps": 22,
    "max_abserve_tick_steps": 500,
    "max_abserce_avg_price_down_steps": 3,
    "stop_profit_open_hc_pct": -0.11582297891686663,
    "dynamic_hc_stop_profit_thres": 2.688116193258737,
    "last_close_price_hc_pct": 0.008190438279533599,
    "last_day_sell_thres": 0.09764250095214885,
    "last_day_sell_huiche": 0.001291585714855931,
    "fd_mount": 59910310,
    "fd_vol_pct": 0.1649150727055162,
    "fd_ju_ticks": 32,
    "max_zb_times": 27,
    "stagnation_kline_ticks": 42,
    "decline_kline_ticks": 45,
    "yang_yin_threshold": 0.02784478529512097,
    "stagnation_n": 27,
    "stagnation_volume_ratio_threshold": 27.408230641573475,
    "stagnation_ratio_threshold": 136,
    "decline_volume_ratio_threshold": 97.0424319670878,
    "max_rebounds": 1,
    "decline_ratio_threshold": 793,
    "flxd_ticks": 468,
    "flzz_ticks": 1350,
    "kline_sell_only_zy": true,
    "use_simiple_kline_strategy_flxd": true,
    "use_simiple_kline_strategy_flzz": true,
    "flzz_use_smooth_price": false,
    "flzz_zf_thresh": -0.018100375007957678,
    "stop_profit_pct": 0.0,
    "static_hc_stop_profit_pct": 1.0
  },
  "timestamp": "2025-08-26T01:36:59.534954",
  "individual": [
    24.983072339144037,
    21.588380894379853,
    500,
    2.5910806449663237,
    -0.11582297891686663,
    2.688116193258737,
    0.008190438279533599,
    0.09764250095214885,
    0.001291585714855931,
    59910310.06847674,
    0.1649150727055162,
    32.08479773832805,
    26.877543053809543,
    41.97822283517242,
    44.804219187459324,
    0.02784478529512097,
    26.721553096785,
    27.408230641573475,
    135.8428843144849,
    97.0424319670878,
    1.265675071024961,
    792.8009306241016,
    468.1559974887424,
    1350.179731946262,
    1,
    1,
    1,
    0,
    -0.018100375007957678
  ]
}