{
  "generation": 10,
  "fitness": 2.976000948718544,
  "total_return": 19.136155000000002,
  "max_drawdown": 0.3957650085426445,
  "sharpe_ratio": 3.8783563350462753,
  "params": {
    "per_step_tick_gap": 9,
    "cold_start_steps": 7,
    "max_abserve_tick_steps": 195,
    "max_abserce_avg_price_down_steps": 2,
    "stop_profit_open_hc_pct": -0.1993622432065607,
    "dynamic_hc_stop_profit_thres": 0.3796808851133244,
    "last_close_price_hc_pct": -0.014521272227801005,
    "last_day_sell_thres": 0.01,
    "last_day_sell_huiche": 0.0010859940380665285,
    "fd_mount": 10000000,
    "fd_vol_pct": 0.5223261957660674,
    "fd_ju_ticks": 15,
    "max_zb_times": 21,
    "stagnation_kline_ticks": 35,
    "decline_kline_ticks": 19,
    "yang_yin_threshold": 0.009818569472278637,
    "stagnation_n": 12,
    "stagnation_volume_ratio_threshold": 49,
    "stagnation_ratio_threshold": 1000,
    "decline_volume_ratio_threshold": 1,
    "max_rebounds": 1,
    "decline_ratio_threshold": 166,
    "flxd_ticks": 230,
    "kline_sell_only_zy": false,
    "window_size": 5,
    "use_simiple_kline_strategy_flxd": true,
    "use_simiple_kline_strategy_flzz": false,
    "stop_profit_pct": 0.0,
    "static_hc_stop_profit_pct": 1.0
  },
  "timestamp": "2025-08-24T13:52:34.621124",
  "individual": [
    9.127439358670584,
    6.90960337055516,
    195.48071396502772,
    2.302135414306934,
    -0.1993622432065607,
    0.3796808851133244,
    -0.014521272227801005,
    0.01,
    0.0010859940380665285,
    10000000.0,
    0.5223261957660674,
    15.41302419627321,
    20.547982258202435,
    35.29557701414755,
    19.3294297102142,
    0.009818569472278637,
    12.085682932961038,
    49.189667391534655,
    1000.0,
    1.0,
    1.0,
    165.68119106267852,
    230.2724801732013,
    0,
    4.677113653949914,
    1,
    0
  ]
}