{
  "generation": 10,
  "fitness": 0.80723928570221,
  "total_return": 12.484435,
  "max_drawdown": 0.37001633573261644,
  "sharpe_ratio": 3.639486415762987,
  "params": {
    "per_step_tick_gap": 16,
    "cold_start_steps": 19,
    "max_abserve_tick_steps": 147,
    "max_abserce_avg_price_down_steps": 1,
    "stop_profit_open_hc_pct": -0.13482191191295467,
    "dynamic_hc_stop_profit_thres": 0.022738945514276507,
    "last_close_price_hc_pct": -0.0305398687948061,
    "last_day_sell_thres": 0.010000000000000002,
    "last_day_sell_huiche": 0.001,
    "fd_mount": 10000000,
    "fd_vol_pct": 0.4990860378557046,
    "fd_ju_ticks": 38,
    "max_zb_times": 7,
    "stagnation_kline_ticks": 5,
    "decline_kline_ticks": 13,
    "yang_yin_threshold": 0.006953834296311494,
    "stagnation_n": 20,
    "stagnation_volume_ratio_threshold": 12.432902260599974,
    "stagnation_ratio_threshold": 575,
    "decline_volume_ratio_threshold": 47.41584123890215,
    "max_rebounds": 5,
    "decline_ratio_threshold": 1163,
    "flxd_ticks": 232,
    "flzz_ticks": 847,
    "kline_sell_only_zy": false,
    "window_size": 10,
    "use_simiple_kline_strategy_flxd": false,
    "use_simiple_kline_strategy_flzz": true,
    "flzz_use_smooth_price": false,
    "flzz_zf_thresh": -0.02549737775605055,
    "stop_profit_pct": 0.0,
    "static_hc_stop_profit_pct": 1.0
  },
  "timestamp": "2025-08-24T18:55:16.434622",
  "individual": [
    15.515207207685338,
    18.66632427797465,
    146.62896202320405,
    1.0,
    -0.13482191191295467,
    0.022738945514276507,
    -0.0305398687948061,
    0.010000000000000002,
    0.001,
    10000000.0,
    0.4990860378557046,
    38.035516049879504,
    6.873832363187253,
    5.105330585414277,
    12.671725485362545,
    0.006953834296311494,
    20.15818405417935,
    12.432902260599974,
    574.7989442984083,
    47.41584123890215,
    4.830716306111633,
    1162.7260032381425,
    232.39320724589973,
    846.9182474867729,
    0,
    10.07656432428937,
    0,
    1,
    0,
    -0.02549737775605055
  ]
}