{
  "generation": 40,
  "fitness": 1.0473119175126513,
  "total_return": 22.94376,
  "max_drawdown": 0.3604034007788152,
  "sharpe_ratio": 4.301702588239841,
  "params": {
    "per_step_tick_gap": 9,
    "cold_start_steps": 20,
    "max_abserve_tick_steps": 485,
    "max_abserce_avg_price_down_steps": 10,
    "stop_profit_open_hc_pct": -0.14744082261398045,
    "dynamic_hc_stop_profit_thres": 0.04083422873945166,
    "last_close_price_hc_pct": -0.013030163928172455,
    "last_day_sell_thres": 0.010075110186634735,
    "last_day_sell_huiche": 0.007734584591022433,
    "fd_mount": 146998865,
    "fd_vol_pct": 0.28862942427729055,
    "fd_ju_ticks": 40,
    "max_zb_times": 21,
    "stagnation_kline_ticks": 3,
    "decline_kline_ticks": 4,
    "yang_yin_threshold": 0.005119942504689492,
    "stagnation_n": 23,
    "stagnation_volume_ratio_threshold": 3.1833276079358552,
    "stagnation_ratio_threshold": 634,
    "decline_volume_ratio_threshold": 33.441315799459375,
    "max_rebounds": 15,
    "decline_ratio_threshold": 1481,
    "flxd_ticks": 279,
    "flzz_ticks": 1955,
    "kline_sell_only_zy": false,
    "window_size": 8,
    "use_simiple_kline_strategy_flxd": true,
    "use_simiple_kline_strategy_flzz": true,
    "flzz_use_smooth_price": false,
    "flzz_zf_thresh": -0.00727382652804366,
    "stop_profit_pct": 0.0,
    "static_hc_stop_profit_pct": 1.0
  },
  "timestamp": "2025-08-24T19:55:49.530538",
  "individual": [
    9.188933929092713,
    19.812315630381434,
    485.3835774886666,
    9.58879274942515,
    -0.14744082261398045,
    0.04083422873945166,
    -0.013030163928172455,
    0.010075110186634735,
    0.007734584591022433,
    146998865.10103998,
    0.28862942427729055,
    40.22947714217738,
    21.432807417613436,
    3.0,
    4.188078714319011,
    0.005119942504689492,
    22.681826877662637,
    3.1833276079358552,
    634.3739879464937,
    33.441315799459375,
    14.872147669221256,
    1480.6688045470644,
    279.12305288526386,
    1954.8172598762415,
    0,
    8.37877483545832,
    1,
    1,
    0,
    -0.00727382652804366
  ]
}