{
  "generation": 50,
  "fitness": 1.5823027388945652,
  "total_return": 24.179266666666663,
  "max_drawdown": 0.4916053757466847,
  "sharpe_ratio": 3.4449062404171156,
  "params": {
    "per_step_tick_gap": 1,
    "cold_start_steps": 20,
    "max_abserve_tick_steps": 442,
    "max_abserce_avg_price_down_steps": 2,
    "stop_profit_open_hc_pct": -0.012860973131193307,
    "dynamic_hc_stop_profit_thres": 7.81920529002195,
    "last_close_price_hc_pct": 0.0006924640585450727,
    "last_day_sell_thres": 0.011573786865729765,
    "last_day_sell_huiche": 0.014544479489832488,
    "fd_mount": 149289089,
    "fd_vol_pct": 0.518832264942433,
    "fd_ju_ticks": 1,
    "max_zb_times": 30,
    "stagnation_kline_ticks": 35,
    "decline_kline_ticks": 31,
    "yang_yin_threshold": 0.028637261771850442,
    "stagnation_n": 15,
    "stagnation_volume_ratio_threshold": 88.7322270392055,
    "stagnation_ratio_threshold": 26,
    "decline_volume_ratio_threshold": 36.3049599523227,
    "max_rebounds": 15,
    "decline_ratio_threshold": 369,
    "flxd_ticks": 317,
    "flzz_ticks": 1830,
    "use_simiple_kline_strategy_flxd": true,
    "use_simiple_kline_strategy_flzz": true,
    "flzz_use_smooth_price": true,
    "flzz_zf_thresh": 0.0388416094776588,
    "kline_sell_flxd_zy": true,
    "kline_sell_flxd_zs": false,
    "kline_sell_flzz_zs": true,
    "kline_sell_flzz_zy": true,
    "stop_profit_pct": 0.0,
    "static_hc_stop_profit_pct": 1.0
  },
  "timestamp": "2025-08-26T20:08:43.486795",
  "individual": [
    1.172904953176059,
    20.36974691768374,
    441.7117549433041,
    1.6677413289568959,
    -0.012860973131193307,
    7.81920529002195,
    0.0006924640585450727,
    0.011573786865729765,
    0.014544479489832488,
    149289088.54293603,
    0.518832264942433,
    1.0,
    29.688531476986338,
    34.936221807651265,
    30.65666839824947,
    0.028637261771850442,
    15.063095479121547,
    88.7322270392055,
    25.597175175214566,
    36.3049599523227,
    14.988649032388373,
    369.371551983166,
    316.77998923451815,
    1829.7507532870031,
    1,
    1,
    1,
    0.0388416094776588,
    1,
    0,
    1,
    1
  ]
}