{
  "gen": [
    0,
    1,
    2,
    3,
    4,
    5,
    6,
    7,
    8,
    9,
    10,
    11,
    12,
    13,
    14,
    15,
    16,
    17,
    18,
    19,
    20,
    21,
    22,
    23,
    24,
    25,
    26,
    27,
    28,
    29,
    30,
    31,
    32,
    33,
    34,
    35,
    36,
    37,
    38,
    39,
    40,
    41,
    42,
    43,
    44,
    45,
    46,
    47,
    48,
    49,
    50,
    51,
    52,
    53,
    54,
    55,
    56,
    57,
    58,
    59,
    60,
    61,
    62,
    63,
    64,
    65,
    66
  ],
  "best_fitness": [
    0.15758138460456575,
    0.15758138460456575,
    0.15758138460456575,
    0.17120826488519864,
    0.1916269558826887,
    0.23944884853129594,
    0.24383937004739864,
    0.24568228458637062,
    0.24568228458637062,
    0.25288921032713857,
    0.25288921032713857,
    0.25288921032713857,
    0.2606831753486576,
    0.2606831753486576,
    0.2606831753486576,
    0.2606831753486576,
    0.2804697796255933,
    0.2804697796255933,
    0.2804697796255933,
    0.2909827303632116,
    0.29160171978259297,
    0.30476453716246305,
    0.30476453716246305,
    0.3104723678247391,
    0.31264411502778744,
    0.31264411502778744,
    0.3148152012494879,
    0.3164480867526753,
    0.3193725322602413,
    0.3203515362358528,
    0.3206503573627471,
    0.3225285790609767,
    0.3242318568315933,
    0.324720872570863,
    0.324720872570863,
    0.3261656010540381,
    0.3268800888676218,
    0.3268800888676218,
    0.3268800888676218,
    0.3268800888676218,
    0.3268800888676218,
    0.32743977807377145,
    0.32785850526049615,
    0.3279591434887454,
    0.3279591434887454,
    0.3279591434887454,
    0.32836249701643866,
    0.32836249701643866,
    0.32836249701643866,
    0.32836249701643866,
    0.32836249701643866,
    0.32836249701643866,
    0.32836249701643866,
    0.32836249701643866,
    0.32836249701643866,
    0.32836249701643866,
    0.32836249701643866,
    0.32836249701643866,
    0.32836249701643866,
    0.32836249701643866,
    0.32836249701643866,
    0.32836249701643866,
    0.32836249701643866,
    0.32836249701643866,
    0.32836249701643866,
    0.32836249701643866,
    0.32836249701643866
  ],
  "best_return": [
    5.533745,
    5.533745,
    5.533745,
    5.8616100000000015,
    5.2123,
    6.67446,
    6.319855,
    6.28044,
    6.28044,
    6.197735,
    6.197735,
    6.197735,
    10.24153,
    10.24153,
    10.24153,
    10.24153,
    8.420240000000003,
    8.420240000000003,
    8.420240000000003,
    9.320115,
    9.8592,
    8.696685000000002,
    8.696685000000002,
    9.126565000000003,
    9.841725,
    9.841725,
    10.07508,
    10.00039,
    10.552764999999997,
    11.02061,
    10.718969999999997,
    11.22689,
    11.276845,
    11.451345,
    11.451345,
    11.408955,
    11.565159999999997,
    11.565159999999997,
    11.565159999999997,
    11.565159999999997,
    11.565159999999997,
    11.578034999999998,
    11.493325,
    11.65617,
    11.65617,
    11.65617,
    11.712395,
    11.712395,
    11.712395,
    11.712395,
    11.712395,
    11.712395,
    11.712395,
    11.712395,
    11.712395,
    11.712395,
    11.712395,
    11.712395,
    11.712395,
    11.712395,
    11.712395,
    11.712395,
    11.712395,
    11.712395,
    11.712395,
    11.712395,
    11.712395
  ],
  "best_drawdown": [
    0.4151115649118593,
    0.4151115649118593,
    0.4151115649118593,
    0.41166483346024746,
    0.40410825346841245,
    0.3957682050195163,
    0.39402704338363365,
    0.39354491721227364,
    0.39354491721227364,
    0.3919166318551767,
    0.3919166318551767,
    0.3919166318551767,
    0.396644277693236,
    0.396644277693236,
    0.396644277693236,
    0.396644277693236,
    0.39028134752467647,
    0.39028134752467647,
    0.39028134752467647,
    0.38987454258844706,
    0.3903823735724702,
    0.38650980917158934,
    0.38650980917158934,
    0.3861765182002267,
    0.38671836831251377,
    0.38671836831251377,
    0.38666774959897654,
    0.3862893640398729,
    0.3865551425030978,
    0.38697587027735847,
    0.38657173438497244,
    0.3868864178686323,
    0.38664393621990745,
    0.3867886641086558,
    0.3867886641086558,
    0.38651133683146394,
    0.3865797093710483,
    0.3865797093710483,
    0.3865797093710483,
    0.3865797093710483,
    0.3865797093710483,
    0.38651133683146394,
    0.3863395967759831,
    0.38651133683146394,
    0.38651133683146394,
    0.38651133683146394,
    0.38651133683146394,
    0.38651133683146394,
    0.38651133683146394,
    0.38651133683146394,
    0.38651133683146394,
    0.38651133683146394,
    0.38651133683146394,
    0.38651133683146394,
    0.38651133683146394,
    0.38651133683146394,
    0.38651133683146394,
    0.38651133683146394,
    0.38651133683146394,
    0.38651133683146394,
    0.38651133683146394,
    0.38651133683146394,
    0.38651133683146394,
    0.38651133683146394,
    0.38651133683146394,
    0.38651133683146394,
    0.38651133683146394
  ],
  "best_sharpe": [
    2.770734328159754,
    2.770734328159754,
    2.770734328159754,
    2.8531208989284984,
    2.7477618435615243,
    2.959928193207062,
    2.9016207197447783,
    2.8961892676141283,
    2.8961892676141283,
    2.9055534179338336,
    2.9055534179338336,
    2.9055534179338336,
    3.206023848518861,
    3.206023848518861,
    3.206023848518861,
    3.206023848518861,
    3.0725548680283365,
    3.0725548680283365,
    3.0725548680283365,
    3.2102508916861567,
    3.218600917157938,
    3.1507321966563286,
    3.1507321966563286,
    3.191653175142057,
    3.2263983646893553,
    3.2263983646893553,
    3.2469967386659877,
    3.238575326906455,
    3.2955873016537103,
    3.334865781897432,
    3.315130454442175,
    3.357724059328108,
    3.353986589543242,
    3.373878321876471,
    3.373878321876471,
    3.372492157991053,
    3.3854342321400535,
    3.3854342321400535,
    3.3854342321400535,
    3.3854342321400535,
    3.3854342321400535,
    3.3886628540259385,
    3.3799884981543347,
    3.3927267145602715,
    3.3927267145602715,
    3.3927267145602715,
    3.3972544096080077,
    3.3972544096080077,
    3.3972544096080077,
    3.3972544096080077,
    3.3972544096080077,
    3.3972544096080077,
    3.3972544096080077,
    3.3972544096080077,
    3.3972544096080077,
    3.3972544096080077,
    3.3972544096080077,
    3.3972544096080077,
    3.3972544096080077,
    3.3972544096080077,
    3.3972544096080077,
    3.3972544096080077,
    3.3972544096080077,
    3.3972544096080077,
    3.3972544096080077,
    3.3972544096080077,
    3.3972544096080077
  ],