{
  "generation": 80,
  "fitness": 2.5810686833586662,
  "total_return": 25.99831,
  "max_drawdown": 0.2504891363362653,
  "sharpe_ratio": 4.199422626102389,
  "params": {
    "per_step_tick_gap": 7,
    "cold_start_steps": 2,
    "max_abserve_tick_steps": 392,
    "max_abserce_avg_price_down_steps": 1,
    "stop_profit_open_hc_pct": -0.03812567517676832,
    "dynamic_hc_stop_profit_thres": 4.43415926599693,
    "last_close_price_hc_pct": -0.035222455451744565,
    "last_day_sell_thres": 0.43407038685993543,
    "last_day_sell_huiche": 0.018461034205768636,
    "fd_mount": 100114752,
    "fd_vol_pct": 0.49170315002585885,
    "fd_ju_ticks": 1,
    "max_zb_times": 21,
    "stagnation_kline_ticks": 32,
    "decline_kline_ticks": 29,
    "yang_yin_threshold": 0.006289249484107587,
    "stagnation_n": 28,
    "stagnation_volume_ratio_threshold": 91.69842792861239,
    "stagnation_ratio_threshold": 385,
    "decline_volume_ratio_threshold": 19.445639616057953,
    "max_rebounds": 0,
    "decline_ratio_threshold": 15,
    "flxd_ticks": 404,
    "flzz_ticks": 1422,
    "use_simiple_kline_strategy_flxd": true,
    "use_simiple_kline_strategy_flzz": true,
    "flzz_use_smooth_price": false,
    "flzz_zf_thresh": 0.053271156577554574,
    "kline_sell_flxd_zy": true,
    "kline_sell_flxd_zs": false,
    "kline_sell_flzz_zs": false,
    "kline_sell_flzz_zy": true,
    "last_open_price_hc_pct": 0.009996098433340764,
    "open_price_max_hc": -0.00018301542779833245,
    "loss_per_step_tick_gap": 5,
    "loss_cold_start_steps": 4,
    "loss_max_abserve_tick_steps": 271,
    "loss_max_abserce_avg_price_down_steps": 11,
    "loss_dynamic_hc_stop_profit_thres": 7.047585429354674,
    "loss_last_close_price_hc_pct": -0.04779203587319837,
    "loss_last_open_price_hc_pct": -0.027115070028664312,
    "loss_open_price_max_hc": -0.1,
    "loss_down_open_sell_wait_time": true,
    "down_open_sell_wait_time": false,
    "day_zy_line": 0.004203005543839813,
    "day_zs_line": -0.18024096822536406,
    "sell_afternoon": true,
    "sell_half_afternoon": false,
    "sell_max_days": 1,
    "stop_profit_pct": 0.0,
    "static_hc_stop_profit_pct": 1.0,
    "loss_static_hc_stop_profit_pct": 1.0
  },
  "timestamp": "2025-09-06T06:46:13.598048",
  "individual": [
    6.82471119996884,
    2.121189133364665,
    392.16180031374245,
    1.0117915534763875,
    -0.03812567517676832,
    4.43415926599693,
    -0.035222455451744565,
    0.43407038685993543,
    0.018461034205768636,
    100114751.94690345,
    0.49170315002585885,
    1.2008113022909328,
    20.75184244717913,
    31.860938959738085,
    28.855609319752844,
    0.006289249484107587,
    28.490227717863867,
    91.69842792861239,
    385.45156899250094,
    19.445639616057953,
    0.044768937580094904,
    15.0,
    403.72984322469165,
    1422.1930333738414,
    1,
    1,
    0,
    0.053271156577554574,
    1,
    0,
    0,
    1,
    0.009996098433340764,
    -0.00018301542779833245,
    5.120037010090124,
    3.6504304556637104,
    271.17128459225137,
    10.530728727039742,
    7.047585429354674,
    -0.04779203587319837,
    -0.027115070028664312,
    -0.1,
    1,
    0,
    0.004203005543839813,
    -0.18024096822536406,
    1,
    0,
    1.0257530626872953
  ],
  "max_drawdown_threshold": 0.15,
  "strategy_name": "\u63a5\u529b\u5012\u63a5\u529b4"
}