{
  "generation": 10,
  "fitness": 2.082114542560139,
  "total_return": 17.81438500000001,
  "max_drawdown": 0.2624228742666989,
  "sharpe_ratio": 3.8936799428879394,
  "params": {
    "per_step_tick_gap": 8,
    "cold_start_steps": 3,
    "max_abserve_tick_steps": 489,
    "max_abserce_avg_price_down_steps": 4,
    "stop_profit_open_hc_pct": -0.042400000188520685,
    "dynamic_hc_stop_profit_thres": 7.483002662293475,
    "last_close_price_hc_pct": -0.03386346803053053,
    "last_day_sell_thres": 0.09160634051551024,
    "last_day_sell_huiche": 0.013118878757957388,
    "fd_mount": 20345710,
    "fd_vol_pct": 0.6076909350673526,
    "fd_ju_ticks": 1,
    "max_zb_times": 30,
    "stagnation_kline_ticks": 37,
    "decline_kline_ticks": 24,
    "yang_yin_threshold": 0.020536458111618396,
    "stagnation_n": 10,
    "stagnation_volume_ratio_threshold": 75.82816903799568,
    "stagnation_ratio_threshold": 247,
    "decline_volume_ratio_threshold": 7.756675183178691,
    "max_rebounds": 3,
    "decline_ratio_threshold": 1168,
    "flxd_ticks": 146,
    "flzz_ticks": 1142,
    "use_simiple_kline_strategy_flxd": true,
    "use_simiple_kline_strategy_flzz": true,
    "flzz_use_smooth_price": true,
    "flzz_zf_thresh": 0.0656267269126854,
    "kline_sell_flxd_zy": false,
    "kline_sell_flxd_zs": true,
    "kline_sell_flzz_zs": false,
    "kline_sell_flzz_zy": true,
    "last_open_price_hc_pct": -0.011243944267968726,
    "open_price_max_hc": 0.0,
    "loss_per_step_tick_gap": 21,
    "loss_cold_start_steps": 7,
    "loss_max_abserve_tick_steps": 356,
    "loss_max_abserce_avg_price_down_steps": 11,
    "loss_dynamic_hc_stop_profit_thres": 5.836889513413734,
    "loss_last_close_price_hc_pct": -0.031002736190623114,
    "loss_last_open_price_hc_pct": -0.05509170877667614,
    "loss_open_price_max_hc": -0.09283880576292955,
    "loss_down_open_sell_wait_time": true,
    "down_open_sell_wait_time": false,
    "day_zy_line": 0.0,
    "day_zs_line": -0.16907393001714338,
    "sell_afternoon": true,
    "sell_half_afternoon": false,
    "sell_max_days": 1,
    "stop_profit_pct": 0.0,
    "static_hc_stop_profit_pct": 1.0,
    "loss_static_hc_stop_profit_pct": 1.0
  },
  "timestamp": "2025-09-06T06:30:47.050693",
  "individual": [
    7.664070377089228,
    3.1304427371937398,
    488.9611936757229,
    4.248439553410412,
    -0.042400000188520685,
    7.483002662293475,
    -0.03386346803053053,
    0.09160634051551024,
    0.013118878757957388,
    20345709.60052579,
    0.6076909350673526,
    1.0,
    30.0,
    36.91186902769271,
    23.896466374589778,
    0.020536458111618396,
    10.000946145570476,
    75.82816903799568,
    247.2615143314097,
    7.756675183178691,
    3.3294308593775055,
    1168.2936172486184,
    146.4655271422107,
    1141.8949442201788,
    1,
    1,
    1,
    0.0656267269126854,
    0,
    1,
    0,
    1,
    -0.011243944267968726,
    0.0,
    20.80156992602096,
    6.904913459191068,
    356.1124416068958,
    10.765211901225463,
    5.836889513413734,
    -0.031002736190623114,
    -0.05509170877667614,
    -0.09283880576292955,
    1,
    0,
    0.0,
    -0.16907393001714338,
    1,
    0,
    1.181566426535458
  ],
  "max_drawdown_threshold": 0.15,
  "strategy_name": "\u63a5\u529b\u5012\u63a5\u529b4"
}