{
  "generation": 70,
  "fitness": 2.5794288979338433,
  "total_return": 25.9604,
  "max_drawdown": 0.2504891363362653,
  "sharpe_ratio": 4.197463776979544,
  "params": {
    "per_step_tick_gap": 7,
    "cold_start_steps": 2,
    "max_abserve_tick_steps": 392,
    "max_abserce_avg_price_down_steps": 1,
    "stop_profit_open_hc_pct": -0.027230745059640488,
    "dynamic_hc_stop_profit_thres": 4.3477385384656735,
    "last_close_price_hc_pct": -0.03748530378387045,
    "last_day_sell_thres": 0.040511036396221604,
    "last_day_sell_huiche": 0.018752935571794367,
    "fd_mount": 108972886,
    "fd_vol_pct": 0.4916730420121873,
    "fd_ju_ticks": 1,
    "max_zb_times": 24,
    "stagnation_kline_ticks": 32,
    "decline_kline_ticks": 29,
    "yang_yin_threshold": 0.013901800195544267,
    "stagnation_n": 29,
    "stagnation_volume_ratio_threshold": 92.45894999204185,
    "stagnation_ratio_threshold": 387,
    "decline_volume_ratio_threshold": 25.851149679322237,
    "max_rebounds": 0,
    "decline_ratio_threshold": 15,
    "flxd_ticks": 428,
    "flzz_ticks": 1410,
    "use_simiple_kline_strategy_flxd": true,
    "use_simiple_kline_strategy_flzz": true,
    "flzz_use_smooth_price": false,
    "flzz_zf_thresh": 0.05571739142153287,
    "kline_sell_flxd_zy": true,
    "kline_sell_flxd_zs": false,
    "kline_sell_flzz_zs": false,
    "kline_sell_flzz_zy": true,
    "last_open_price_hc_pct": 0.009987789498738988,
    "open_price_max_hc": -9.65780403093061e-05,
    "loss_per_step_tick_gap": 7,
    "loss_cold_start_steps": 4,
    "loss_max_abserve_tick_steps": 299,
    "loss_max_abserce_avg_price_down_steps": 10,
    "loss_dynamic_hc_stop_profit_thres": 7.252193761022818,
    "loss_last_close_price_hc_pct": -0.051086090511662394,
    "loss_last_open_price_hc_pct": -0.028414929835138623,
    "loss_open_price_max_hc": -0.058227044364399495,
    "loss_down_open_sell_wait_time": true,
    "down_open_sell_wait_time": false,
    "day_zy_line": 0.004212699933771617,
    "day_zs_line": -0.18081056372638077,
    "sell_afternoon": true,
    "sell_half_afternoon": false,
    "sell_max_days": 1,
    "stop_profit_pct": 0.0,
    "static_hc_stop_profit_pct": 1.0,
    "loss_static_hc_stop_profit_pct": 1.0
  },
  "timestamp": "2025-09-06T06:44:08.056596",
  "individual": [
    6.6592574810268985,
    2.348538768788974,
    391.5492405750437,
    1.0,
    -0.027230745059640488,
    4.3477385384656735,
    -0.03748530378387045,
    0.040511036396221604,
    0.018752935571794367,
    108972886.25857706,
    0.4916730420121873,
    1.1382029304602126,
    23.50751581259408,
    31.846353286677324,
    29.21897582964047,
    0.013901800195544267,
    28.520874220583714,
    92.45894999204185,
    386.9660844849032,
    25.851149679322237,
    0.0,
    15.0,
    427.6371913463923,
    1409.7464513067293,
    1,
    1,
    0,
    0.05571739142153287,
    1,
    0,
    0,
    1,
    0.009987789498738988,
    -9.65780403093061e-05,
    7.0343184244002,
    3.7046387871232396,
    298.57364628097434,
    10.364365641538638,
    7.252193761022818,
    -0.051086090511662394,
    -0.028414929835138623,
    -0.058227044364399495,
    1,
    0,
    0.004212699933771617,
    -0.18081056372638077,
    1,
    0,
    1.0174665787386155
  ],
  "max_drawdown_threshold": 0.15,
  "strategy_name": "\u63a5\u529b\u5012\u63a5\u529b4"
}