{
  "generation": 90,
  "fitness": 2.5815937641647233,
  "total_return": 25.9983,
  "max_drawdown": 0.25045402861564714,
  "sharpe_ratio": 4.199576322057249,
  "params": {
    "per_step_tick_gap": 7,
    "cold_start_steps": 2,
    "max_abserve_tick_steps": 391,
    "max_abserce_avg_price_down_steps": 1,
    "stop_profit_open_hc_pct": -0.06372804422619362,
    "dynamic_hc_stop_profit_thres": 4.6510070222086215,
    "last_close_price_hc_pct": -0.03833662606212023,
    "last_day_sell_thres": 0.16805477211275907,
    "last_day_sell_huiche": 0.01923003601502369,
    "fd_mount": 120747468,
    "fd_vol_pct": 0.4375524154668605,
    "fd_ju_ticks": 1,
    "max_zb_times": 25,
    "stagnation_kline_ticks": 32,
    "decline_kline_ticks": 29,
    "yang_yin_threshold": 0.006048319952570637,
    "stagnation_n": 29,
    "stagnation_volume_ratio_threshold": 89.6698658087119,
    "stagnation_ratio_threshold": 425,
    "decline_volume_ratio_threshold": 21.763963744862046,
    "max_rebounds": 0,
    "decline_ratio_threshold": 15,
    "flxd_ticks": 423,
    "flzz_ticks": 1779,
    "use_simiple_kline_strategy_flxd": true,
    "use_simiple_kline_strategy_flzz": true,
    "flzz_use_smooth_price": false,
    "flzz_zf_thresh": 0.052544116984605864,
    "kline_sell_flxd_zy": true,
    "kline_sell_flxd_zs": false,
    "kline_sell_flzz_zs": false,
    "kline_sell_flzz_zy": true,
    "last_open_price_hc_pct": 0.009979584063484107,
    "open_price_max_hc": -0.00012047970540740292,
    "loss_per_step_tick_gap": 4,
    "loss_cold_start_steps": 4,
    "loss_max_abserve_tick_steps": 316,
    "loss_max_abserce_avg_price_down_steps": 8,
    "loss_dynamic_hc_stop_profit_thres": 7.155395746603453,
    "loss_last_close_price_hc_pct": -0.05498464829569907,
    "loss_last_open_price_hc_pct": -0.03361786474587895,
    "loss_open_price_max_hc": -0.055028904395161594,
    "loss_down_open_sell_wait_time": true,
    "down_open_sell_wait_time": false,
    "day_zy_line": 0.004205557498990374,
    "day_zs_line": -0.18064036445496048,
    "sell_afternoon": true,
    "sell_half_afternoon": false,
    "sell_max_days": 1,
    "stop_profit_pct": 0.0,
    "static_hc_stop_profit_pct": 1.0,
    "loss_static_hc_stop_profit_pct": 1.0
  },
  "timestamp": "2025-09-06T06:48:19.042588",
  "individual": [
    6.670723592774738,
    2.1674831391350224,
    391.0713100555629,
    1.0128572028385958,
    -0.06372804422619362,
    4.6510070222086215,
    -0.03833662606212023,
    0.16805477211275907,
    0.01923003601502369,
    120747468.19123763,
    0.4375524154668605,
    1.1582736591968932,
    24.779560783026874,
    31.80358156864272,
    28.93841742542166,
    0.006048319952570637,
    28.594649413330174,
    89.6698658087119,
    425.13093868483776,
    21.763963744862046,
    0.007849396130467309,
    15.0,
    422.8457452020719,
    1779.2466385417263,
    1,
    1,
    0,
    0.052544116984605864,
    1,
    0,
    0,
    1,
    0.009979584063484107,
    -0.00012047970540740292,
    4.317608305423455,
    3.5269530580665496,
    316.3628479508102,
    8.361214958164824,
    7.155395746603453,
    -0.05498464829569907,
    -0.03361786474587895,
    -0.055028904395161594,
    1,
    0,
    0.004205557498990374,
    -0.18064036445496048,
    1,
    0,
    1.019813983090721
  ],
  "max_drawdown_threshold": 0.15,
  "strategy_name": "\u63a5\u529b\u5012\u63a5\u529b4"
}