{
  "generation": 60,
  "fitness": 2.571334646852269,
  "total_return": 25.73832,
  "max_drawdown": 0.250419065231008,
  "sharpe_ratio": 4.188697395941356,
  "params": {
    "per_step_tick_gap": 7,
    "cold_start_steps": 2,
    "max_abserve_tick_steps": 392,
    "max_abserce_avg_price_down_steps": 1,
    "stop_profit_open_hc_pct": -0.027029859956179066,
    "dynamic_hc_stop_profit_thres": 4.322967274909998,
    "last_close_price_hc_pct": -0.03742227127365771,
    "last_day_sell_thres": 0.0828435242662123,
    "last_day_sell_huiche": 0.019111080506499567,
    "fd_mount": 107621485,
    "fd_vol_pct": 0.4927782021765332,
    "fd_ju_ticks": 1,
    "max_zb_times": 24,
    "stagnation_kline_ticks": 32,
    "decline_kline_ticks": 25,
    "yang_yin_threshold": 0.012967179178393832,
    "stagnation_n": 29,
    "stagnation_volume_ratio_threshold": 90.70413583236441,
    "stagnation_ratio_threshold": 387,
    "decline_volume_ratio_threshold": 25.67251491258729,
    "max_rebounds": 0,
    "decline_ratio_threshold": 15,
    "flxd_ticks": 414,
    "flzz_ticks": 1291,
    "use_simiple_kline_strategy_flxd": true,
    "use_simiple_kline_strategy_flzz": true,
    "flzz_use_smooth_price": false,
    "flzz_zf_thresh": 0.05571738818344908,
    "kline_sell_flxd_zy": true,
    "kline_sell_flxd_zs": false,
    "kline_sell_flzz_zs": false,
    "kline_sell_flzz_zy": true,
    "last_open_price_hc_pct": 0.00998804259544697,
    "open_price_max_hc": -8.977880194802937e-05,
    "loss_per_step_tick_gap": 7,
    "loss_cold_start_steps": 4,
    "loss_max_abserve_tick_steps": 318,
    "loss_max_abserce_avg_price_down_steps": 10,
    "loss_dynamic_hc_stop_profit_thres": 7.187425342999577,
    "loss_last_close_price_hc_pct": -0.049627179821932516,
    "loss_last_open_price_hc_pct": -0.03339291418467119,
    "loss_open_price_max_hc": -0.05725214276579544,
    "loss_down_open_sell_wait_time": true,
    "down_open_sell_wait_time": false,
    "day_zy_line": 0.004212712318547249,
    "day_zs_line": -0.1808257213967309,
    "sell_afternoon": true,
    "sell_half_afternoon": false,
    "sell_max_days": 1,
    "stop_profit_pct": 0.0,
    "static_hc_stop_profit_pct": 1.0,
    "loss_static_hc_stop_profit_pct": 1.0
  },
  "timestamp": "2025-09-06T06:42:00.662406",
  "individual": [
    6.502614307753516,
    2.348348363254747,
    391.7145564103942,
    1.0,
    -0.027029859956179066,
    4.322967274909998,
    -0.03742227127365771,
    0.0828435242662123,
    0.019111080506499567,
    107621485.39983618,
    0.4927782021765332,
    1.1251162955931293,
    23.511123193415862,
    31.829340714865218,
    25.40482167987078,
    0.012967179178393832,
    28.784814356412504,
    90.70413583236441,
    386.76678179912403,
    25.67251491258729,
    0.0,
    15.0,
    413.65825635970344,
    1291.3402013783195,
    1,
    1,
    0,
    0.05571738818344908,
    1,
    0,
    0,
    1,
    0.00998804259544697,
    -8.977880194802937e-05,
    7.002636007754409,
    3.6868361323519765,
    317.67939542735155,
    10.49261557277595,
    7.187425342999577,
    -0.049627179821932516,
    -0.03339291418467119,
    -0.05725214276579544,
    1,
    0,
    0.004212712318547249,
    -0.1808257213967309,
    1,
    0,
    1.0207160054805184
  ],
  "max_drawdown_threshold": 0.15,
  "strategy_name": "\u63a5\u529b\u5012\u63a5\u529b4"
}