{
  "generation": 20,
  "fitness": 2.481296467996095,
  "total_return": 23.88622,
  "max_drawdown": 0.25122204376850554,
  "sharpe_ratio": 4.1055013065725365,
  "params": {
    "per_step_tick_gap": 7,
    "cold_start_steps": 2,
    "max_abserve_tick_steps": 382,
    "max_abserce_avg_price_down_steps": 1,
    "stop_profit_open_hc_pct": -0.10779220266338542,
    "dynamic_hc_stop_profit_thres": 2.8142763876539787,
    "last_close_price_hc_pct": -0.028378888943019785,
    "last_day_sell_thres": 0.037546083538353064,
    "last_day_sell_huiche": 0.01834009842155425,
    "fd_mount": 143162949,
    "fd_vol_pct": 0.43116628056947237,
    "fd_ju_ticks": 1,
    "max_zb_times": 22,
    "stagnation_kline_ticks": 32,
    "decline_kline_ticks": 21,
    "yang_yin_threshold": 0.020176726966159943,
    "stagnation_n": 30,
    "stagnation_volume_ratio_threshold": 87.21141554320151,
    "stagnation_ratio_threshold": 361,
    "decline_volume_ratio_threshold": 28.20212306700543,
    "max_rebounds": 7,
    "decline_ratio_threshold": 1500,
    "flxd_ticks": 455,
    "flzz_ticks": 1366,
    "use_simiple_kline_strategy_flxd": true,
    "use_simiple_kline_strategy_flzz": true,
    "flzz_use_smooth_price": true,
    "flzz_zf_thresh": 0.05463054785605781,
    "kline_sell_flxd_zy": true,
    "kline_sell_flxd_zs": false,
    "kline_sell_flzz_zs": true,
    "kline_sell_flzz_zy": true,
    "last_open_price_hc_pct": 0.01,
    "open_price_max_hc": -0.00021455609195099963,
    "loss_per_step_tick_gap": 13,
    "loss_cold_start_steps": 4,
    "loss_max_abserve_tick_steps": 248,
    "loss_max_abserce_avg_price_down_steps": 10,
    "loss_dynamic_hc_stop_profit_thres": 3.5232817668010767,
    "loss_last_close_price_hc_pct": -0.028077896105788563,
    "loss_last_open_price_hc_pct": -0.06268640729714366,
    "loss_open_price_max_hc": -0.06523406705321207,
    "loss_down_open_sell_wait_time": true,
    "down_open_sell_wait_time": false,
    "day_zy_line": 0.0034480660439403553,
    "day_zs_line": -0.1770986285735655,
    "sell_afternoon": true,
    "sell_half_afternoon": true,
    "sell_max_days": 1,
    "stop_profit_pct": 0.0,
    "static_hc_stop_profit_pct": 1.0,
    "loss_static_hc_stop_profit_pct": 1.0
  },
  "timestamp": "2025-09-06T06:33:27.736122",
  "individual": [
    7.073971877772422,
    2.289899759086415,
    381.58655485974407,
    1.0499097674856954,
    -0.10779220266338542,
    2.8142763876539787,
    -0.028378888943019785,
    0.037546083538353064,
    0.01834009842155425,
    143162948.78038758,
    0.43116628056947237,
    1.0,
    22.069433185093555,
    31.87747438138924,
    20.89906526783625,
    0.020176726966159943,
    30.0,
    87.21141554320151,
    360.8916621034279,
    28.20212306700543,
    7.331578187875174,
    1500.0,
    454.865083654306,
    1366.0229148027474,
    1,
    1,
    1,
    0.05463054785605781,
    1,
    0,
    1,
    1,
    0.01,
    -0.00021455609195099963,
    12.847491494821876,
    3.7225895603550496,
    247.52664674734226,
    9.570521608073376,
    3.5232817668010767,
    -0.028077896105788563,
    -0.06268640729714366,
    -0.06523406705321207,
    1,
    0,
    0.0034480660439403553,
    -0.1770986285735655,
    1,
    1,
    1.1695467449456693
  ],
  "max_drawdown_threshold": 0.15,
  "strategy_name": "\u63a5\u529b\u5012\u63a5\u529b4"
}