{
  "generation": 30,
  "fitness": 2.5413107048277843,
  "total_return": 25.081165000000006,
  "max_drawdown": 0.2505775767672423,
  "sharpe_ratio": 4.159030181286891,
  "params": {
    "per_step_tick_gap": 7,
    "cold_start_steps": 3,
    "max_abserve_tick_steps": 388,
    "max_abserce_avg_price_down_steps": 1,
    "stop_profit_open_hc_pct": -0.10570063163063613,
    "dynamic_hc_stop_profit_thres": 2.6603333774009954,
    "last_close_price_hc_pct": -0.035452056589774794,
    "last_day_sell_thres": 0.061507726633686415,
    "last_day_sell_huiche": 0.018037150106980107,
    "fd_mount": 132113199,
    "fd_vol_pct": 0.41534492309706295,
    "fd_ju_ticks": 1,
    "max_zb_times": 23,
    "stagnation_kline_ticks": 32,
    "decline_kline_ticks": 26,
    "yang_yin_threshold": 0.017878019242373113,
    "stagnation_n": 30,
    "stagnation_volume_ratio_threshold": 67.81400283236223,
    "stagnation_ratio_threshold": 373,
    "decline_volume_ratio_threshold": 47.474270750139645,
    "max_rebounds": 5,
    "decline_ratio_threshold": 1224,
    "flxd_ticks": 441,
    "flzz_ticks": 1385,
    "use_simiple_kline_strategy_flxd": true,
    "use_simiple_kline_strategy_flzz": true,
    "flzz_use_smooth_price": true,
    "flzz_zf_thresh": 0.055705301688412576,
    "kline_sell_flxd_zy": true,
    "kline_sell_flxd_zs": false,
    "kline_sell_flzz_zs": true,
    "kline_sell_flzz_zy": true,
    "last_open_price_hc_pct": 0.009988626131144195,
    "open_price_max_hc": -0.0001941560089505654,
    "loss_per_step_tick_gap": 8,
    "loss_cold_start_steps": 4,
    "loss_max_abserve_tick_steps": 82,
    "loss_max_abserce_avg_price_down_steps": 8,
    "loss_dynamic_hc_stop_profit_thres": 3.8362287324119997,
    "loss_last_close_price_hc_pct": -0.048475801950177824,
    "loss_last_open_price_hc_pct": -0.07358453311136254,
    "loss_open_price_max_hc": -0.07425999023082083,
    "loss_down_open_sell_wait_time": true,
    "down_open_sell_wait_time": false,
    "day_zy_line": 0.004279053417190592,
    "day_zs_line": -0.17291895038134558,
    "sell_afternoon": true,
    "sell_half_afternoon": false,
    "sell_max_days": 1,
    "stop_profit_pct": 0.0,
    "static_hc_stop_profit_pct": 1.0,
    "loss_static_hc_stop_profit_pct": 1.0
  },
  "timestamp": "2025-09-06T06:35:37.355097",
  "individual": [
    7.014354242825273,
    2.6066329310049756,
    387.8938018676138,
    1.0055698439842136,
    -0.10570063163063613,
    2.6603333774009954,
    -0.035452056589774794,
    0.061507726633686415,
    0.018037150106980107,
    132113198.85467458,
    0.41534492309706295,
    1.1986724720223219,
    23.267197099028753,
    31.865100565170316,
    26.291890540546728,
    0.017878019242373113,
    30.0,
    67.81400283236223,
    372.9199625155638,
    47.474270750139645,
    4.8556461911666755,
    1223.6891804036784,
    441.1170258278545,
    1384.6743221870333,
    1,
    1,
    1,
    0.055705301688412576,
    1,
    0,
    1,
    1,
    0.009988626131144195,
    -0.0001941560089505654,
    7.951227384110641,
    3.6559765776523494,
    82.396787267988,
    8.464589428435644,
    3.8362287324119997,
    -0.048475801950177824,
    -0.07358453311136254,
    -0.07425999023082083,
    1,
    0,
    0.004279053417190592,
    -0.17291895038134558,
    1,
    0,
    1.0802513187694165
  ],
  "max_drawdown_threshold": 0.15,
  "strategy_name": "\u63a5\u529b\u5012\u63a5\u529b4"
}