{
  "generation": 110,
  "fitness": 2.6312255698547893,
  "total_return": 27.162650000000006,
  "max_drawdown": 0.25052168762119464,
  "sharpe_ratio": 4.2630952770075,
  "params": {
    "per_step_tick_gap": 7,
    "cold_start_steps": 2,
    "max_abserve_tick_steps": 392,
    "max_abserce_avg_price_down_steps": 1,
    "stop_profit_open_hc_pct": -0.08759641399379711,
    "dynamic_hc_stop_profit_thres": 0.47683143633809677,
    "last_close_price_hc_pct": -0.03762087678673542,
    "last_day_sell_thres": 0.2955680101002582,
    "last_day_sell_huiche": 0.019081115369270513,
    "fd_mount": 150000000,
    "fd_vol_pct": 0.49159722817684115,
    "fd_ju_ticks": 1,
    "max_zb_times": 23,
    "stagnation_kline_ticks": 32,
    "decline_kline_ticks": 29,
    "yang_yin_threshold": 0.0061015457238663435,
    "stagnation_n": 28,
    "stagnation_volume_ratio_threshold": 90.4818241134138,
    "stagnation_ratio_threshold": 430,
    "decline_volume_ratio_threshold": 2.7226164251097704,
    "max_rebounds": 0,
    "decline_ratio_threshold": 15,
    "flxd_ticks": 458,
    "flzz_ticks": 1516,
    "use_simiple_kline_strategy_flxd": true,
    "use_simiple_kline_strategy_flzz": true,
    "flzz_use_smooth_price": false,
    "flzz_zf_thresh": 0.05116544574430358,
    "kline_sell_flxd_zy": true,
    "kline_sell_flxd_zs": false,
    "kline_sell_flzz_zs": false,
    "kline_sell_flzz_zy": true,
    "last_open_price_hc_pct": 0.009994860653540051,
    "open_price_max_hc": -0.00013783621043769728,
    "loss_per_step_tick_gap": 7,
    "loss_cold_start_steps": 4,
    "loss_max_abserve_tick_steps": 306,
    "loss_max_abserce_avg_price_down_steps": 9,
    "loss_dynamic_hc_stop_profit_thres": 6.918186962226622,
    "loss_last_close_price_hc_pct": -0.08,
    "loss_last_open_price_hc_pct": -0.03740551332263546,
    "loss_open_price_max_hc": -0.07700813435855713,
    "loss_down_open_sell_wait_time": true,
    "down_open_sell_wait_time": false,
    "day_zy_line": 0.004227378475200069,
    "day_zs_line": -0.18075008362697245,
    "sell_afternoon": true,
    "sell_half_afternoon": false,
    "sell_max_days": 1,
    "stop_profit_pct": 0.0,
    "static_hc_stop_profit_pct": 1.0,
    "loss_static_hc_stop_profit_pct": 1.0
  },
  "timestamp": "2025-09-06T06:52:24.123208",
  "individual": [
    6.774074260820022,
    2.1246951277973816,
    392.18147054851465,
    1.01529060629787,
    -0.08759641399379711,
    0.47683143633809677,
    -0.03762087678673542,
    0.2955680101002582,
    0.019081115369270513,
    150000000.0,
    0.49159722817684115,
    1.1742846336653747,
    23.293250123448498,
    31.84024392015141,
    29.44820651563664,
    0.0061015457238663435,
    28.31423381482231,
    90.4818241134138,
    429.52734723984844,
    2.7226164251097704,
    0.14195655129643914,
    15.007010346479126,
    457.9338683412107,
    1516.4639032177051,
    1,
    1,
    0,
    0.05116544574430358,
    1,
    0,
    0,
    1,
    0.009994860653540051,
    -0.00013783621043769728,
    6.637003942400732,
    3.5769472768579784,
    306.0393718341483,
    9.065159628602201,
    6.918186962226622,
    -0.08,
    -0.03740551332263546,
    -0.07700813435855713,
    1,
    0,
    0.004227378475200069,
    -0.18075008362697245,
    1,
    0,
    1.0347330914992048
  ],
  "max_drawdown_threshold": 0.15,
  "strategy_name": "\u63a5\u529b\u5012\u63a5\u529b4"
}