{
    "strategy": "一进二弱转强",
    "generation": 250,
    "best_score": 0.0217166417989761,
    "best_params": {
        "ema_alpha": 0.11731169217801875,
        "kalman_q": 0.05,
        "kalman_r": 0.032779386595630504,
        "sg_window": 13,
        "macd_fast": 2,
        "macd_slow_ratio": 1.923502368920664,
        "macd_signal": 2,
        "ema_fast": 4,
        "ema_slow_ratio": 2.0120113875614254,
        "volume_window": 10,
        "price_confirm_ticks": 6,
        "strength_confirm_ticks": 7,
        "strength_threshold": 0.3,
        "volume_weight": 0.9841988854678615,
        "use_price_confirm": false,
        "use_strength_confirm": false,
        "dead_cross_threshold": 0.05,
        "price_drop_threshold": 0.008308440100195527,
        "max_confirm_ticks": 20,
        "debug": false
    },
    "timestamp": "20250810_183732"
}