{
  "generation": 50,
  "fitness": 4.6537708956254304,
  "total_return": 11.82247,
  "max_drawdown": 0.11729305819782529,
  "sharpe_ratio": 10.157075323996931,
  "params": {
    "per_step_tick_gap": 14,
    "cold_start_steps": 32,
    "max_abserve_tick_steps": 281,
    "max_abserce_avg_price_down_steps": 13,
    "stop_profit_open_hc_pct": -0.12673555589891516,
    "dynamic_hc_stop_profit_thres": 5.061439185367406,
    "last_close_price_hc_pct": -0.0350501209049945,
    "last_day_sell_thres": 0.6119054408000784,
    "last_day_sell_huiche": 0.01985214432283843,
    "fd_mount": 68150125,
    "fd_vol_pct": 0.34313390552415207,
    "fd_ju_ticks": 17,
    "max_zb_times": 15,
    "stagnation_kline_ticks": 12,
    "decline_kline_ticks": 9,
    "yang_yin_threshold": 0.023988336668262868,
    "stagnation_n": 24,
    "stagnation_volume_ratio_threshold": 67.66626127191431,
    "stagnation_ratio_threshold": 1192,
    "decline_volume_ratio_threshold": 1.4484459603460156,
    "max_rebounds": 5,
    "decline_ratio_threshold": 1042,
    "flxd_ticks": 257,
    "flzz_ticks": 790,
    "use_simiple_kline_strategy_flxd": true,
    "use_simiple_kline_strategy_flzz": true,
    "flzz_use_smooth_price": false,
    "flzz_zf_thresh": 0.04839460830650619,
    "kline_sell_flxd_zy": false,
    "kline_sell_flxd_zs": true,
    "kline_sell_flzz_zs": true,
    "kline_sell_flzz_zy": true,
    "last_open_price_hc_pct": -0.008047587537618738,
    "open_price_max_hc": -0.0750534639204392,
    "loss_per_step_tick_gap": 10,
    "loss_cold_start_steps": 3,
    "loss_max_abserve_tick_steps": 384,
    "loss_max_abserce_avg_price_down_steps": 15,
    "loss_dynamic_hc_stop_profit_thres": 4.830588739055045,
    "loss_last_close_price_hc_pct": -0.040813433099813126,
    "loss_last_open_price_hc_pct": -0.07135034646704982,
    "loss_open_price_max_hc": -0.03868827300437102,
    "loss_down_open_sell_wait_time": false,
    "down_open_sell_wait_time": false,
    "day_zy_line": 1.0,
    "day_zs_line": -0.010498282611789509,
    "sell_afternoon": false,
    "sell_half_afternoon": true,
    "sell_max_days": 4,
    "stop_profit_pct": 0.0,
    "static_hc_stop_profit_pct": 1.0,
    "loss_static_hc_stop_profit_pct": 1.0
  },
  "timestamp": "2025-09-06T17:59:33.354851",
  "individual": [
    14.181037339943597,
    31.512915786664273,
    280.8124833814336,
    12.70498657894033,
    -0.12673555589891516,
    5.061439185367406,
    -0.0350501209049945,
    0.6119054408000784,
    0.01985214432283843,
    68150124.94878529,
    0.34313390552415207,
    17.29388293830604,
    15.379600292491494,
    12.32409579496059,
    8.652579395537238,
    0.023988336668262868,
    24.044540554114974,
    67.66626127191431,
    1192.0127586007611,
    1.4484459603460156,
    5.419159183984197,
    1041.6014449992222,
    256.9769892121281,
    789.5560575588228,
    1,
    1,
    0,
    0.04839460830650619,
    0,
    1,
    1,
    1,
    -0.008047587537618738,
    -0.0750534639204392,
    10.22956020274377,
    3.128767811192997,
    384.20142323394504,
    15.0,
    4.830588739055045,
    -0.040813433099813126,
    -0.07135034646704982,
    -0.03868827300437102,
    0,
    0,
    1.0,
    -0.010498282611789509,
    0,
    1,
    3.7214445347412135
  ],
  "max_drawdown_threshold": 0.15,
  "strategy_name": "\u4e2d\u4f4d\u4e2d\u5f3a\u5c0f\u4f4e\u5f00\u4f4e\u5438"
}