{
  "generation": 70,
  "fitness": 4.756534753769933,
  "total_return": 12.27519,
  "max_drawdown": 0.10717693415751971,
  "sharpe_ratio": 10.329857144916657,
  "params": {
    "per_step_tick_gap": 14,
    "cold_start_steps": 32,
    "max_abserve_tick_steps": 314,
    "max_abserce_avg_price_down_steps": 11,
    "stop_profit_open_hc_pct": -0.1356471608556951,
    "dynamic_hc_stop_profit_thres": 3.0226991266727405,
    "last_close_price_hc_pct": 0.0009088025400001349,
    "last_day_sell_thres": 0.726047550777438,
    "last_day_sell_huiche": 0.016952947788238668,
    "fd_mount": 68592976,
    "fd_vol_pct": 0.5530624955029013,
    "fd_ju_ticks": 17,
    "max_zb_times": 14,
    "stagnation_kline_ticks": 48,
    "decline_kline_ticks": 20,
    "yang_yin_threshold": 0.021231949428780036,
    "stagnation_n": 24,
    "stagnation_volume_ratio_threshold": 74.89589434479346,
    "stagnation_ratio_threshold": 966,
    "decline_volume_ratio_threshold": 1.1,
    "max_rebounds": 5,
    "decline_ratio_threshold": 739,
    "flxd_ticks": 263,
    "flzz_ticks": 1666,
    "use_simiple_kline_strategy_flxd": true,
    "use_simiple_kline_strategy_flzz": true,
    "flzz_use_smooth_price": true,
    "flzz_zf_thresh": 0.038761639486203696,
    "kline_sell_flxd_zy": false,
    "kline_sell_flxd_zs": true,
    "kline_sell_flzz_zs": true,
    "kline_sell_flzz_zy": false,
    "last_open_price_hc_pct": 0.002870975584804133,
    "open_price_max_hc": -0.04671264458626059,
    "loss_per_step_tick_gap": 10,
    "loss_cold_start_steps": 3,
    "loss_max_abserve_tick_steps": 410,
    "loss_max_abserce_avg_price_down_steps": 15,
    "loss_dynamic_hc_stop_profit_thres": 4.804207966123694,
    "loss_last_close_price_hc_pct": -0.034725139421422954,
    "loss_last_open_price_hc_pct": -0.06438272740512449,
    "loss_open_price_max_hc": -0.038265771673173535,
    "loss_down_open_sell_wait_time": false,
    "down_open_sell_wait_time": false,
    "day_zy_line": 0.9999749613816733,
    "day_zs_line": -0.010796552515268835,
    "sell_afternoon": false,
    "sell_half_afternoon": false,
    "sell_max_days": 4,
    "stop_profit_pct": 0.0,
    "static_hc_stop_profit_pct": 1.0,
    "loss_static_hc_stop_profit_pct": 1.0
  },
  "timestamp": "2025-09-06T18:01:13.942775",
  "individual": [
    14.151899005745303,
    31.98535385730233,
    314.27847046851105,
    10.580853301317646,
    -0.1356471608556951,
    3.0226991266727405,
    0.0009088025400001349,
    0.726047550777438,
    0.016952947788238668,
    68592975.72013603,
    0.5530624955029013,
    16.883429583409548,
    13.840340578157438,
    48.44209966518574,
    20.0334546676577,
    0.021231949428780036,
    24.081508575318495,
    74.89589434479346,
    965.9340967772973,
    1.1,
    5.111288833873663,
    739.4325962250402,
    262.66134014102863,
    1665.7198223297637,
    1,
    1,
    1,
    0.038761639486203696,
    0,
    1,
    1,
    0,
    0.002870975584804133,
    -0.04671264458626059,
    9.53555441191789,
    3.4944864433406075,
    410.42183883233736,
    14.954310449849519,
    4.804207966123694,
    -0.034725139421422954,
    -0.06438272740512449,
    -0.038265771673173535,
    0,
    0,
    0.9999749613816733,
    -0.010796552515268835,
    0,
    0,
    3.7000950572106652
  ],
  "max_drawdown_threshold": 0.15,
  "strategy_name": "\u4e2d\u4f4d\u4e2d\u5f3a\u5c0f\u4f4e\u5f00\u4f4e\u5438"
}