{
  "generation": 20,
  "fitness": 4.477238218441976,
  "total_return": 11.164895,
  "max_drawdown": 0.1470922849438983,
  "sharpe_ratio": 9.910495766018826,
  "params": {
    "per_step_tick_gap": 13,
    "cold_start_steps": 31,
    "max_abserve_tick_steps": 810,
    "max_abserce_avg_price_down_steps": 10,
    "stop_profit_open_hc_pct": -0.1288615513198428,
    "dynamic_hc_stop_profit_thres": 5.141405186626322,
    "last_close_price_hc_pct": -0.010103538003086651,
    "last_day_sell_thres": 0.6226873845885597,
    "last_day_sell_huiche": 0.012229231212539778,
    "fd_mount": 67889371,
    "fd_vol_pct": 0.75,
    "fd_ju_ticks": 17,
    "max_zb_times": 21,
    "stagnation_kline_ticks": 8,
    "decline_kline_ticks": 8,
    "yang_yin_threshold": 0.022964232468171634,
    "stagnation_n": 24,
    "stagnation_volume_ratio_threshold": 66.8369510048432,
    "stagnation_ratio_threshold": 654,
    "decline_volume_ratio_threshold": 5.963749731237734,
    "max_rebounds": 13,
    "decline_ratio_threshold": 981,
    "flxd_ticks": 308,
    "flzz_ticks": 817,
    "use_simiple_kline_strategy_flxd": true,
    "use_simiple_kline_strategy_flzz": true,
    "flzz_use_smooth_price": false,
    "flzz_zf_thresh": -0.030508898151761686,
    "kline_sell_flxd_zy": false,
    "kline_sell_flxd_zs": true,
    "kline_sell_flzz_zs": true,
    "kline_sell_flzz_zy": true,
    "last_open_price_hc_pct": -0.008620750848661436,
    "open_price_max_hc": -0.037139090876762336,
    "loss_per_step_tick_gap": 11,
    "loss_cold_start_steps": 7,
    "loss_max_abserve_tick_steps": 309,
    "loss_max_abserce_avg_price_down_steps": 15,
    "loss_dynamic_hc_stop_profit_thres": 4.938622284732375,
    "loss_last_close_price_hc_pct": -0.03964343461136782,
    "loss_last_open_price_hc_pct": -0.021679711510854134,
    "loss_open_price_max_hc": -0.04111800466654876,
    "loss_down_open_sell_wait_time": true,
    "down_open_sell_wait_time": false,
    "day_zy_line": 1.0,
    "day_zs_line": -0.009609054759497124,
    "sell_afternoon": false,
    "sell_half_afternoon": false,
    "sell_max_days": 4,
    "stop_profit_pct": 0.0,
    "static_hc_stop_profit_pct": 1.0,
    "loss_static_hc_stop_profit_pct": 1.0
  },
  "timestamp": "2025-09-06T17:57:00.181837",
  "individual": [
    13.399792611528966,
    31.177727438855896,
    810.4876786395399,
    10.47767523344191,
    -0.1288615513198428,
    5.141405186626322,
    -0.010103538003086651,
    0.6226873845885597,
    0.012229231212539778,
    67889370.76635106,
    0.75,
    17.395245274037435,
    20.670577504383854,
    8.21693416223603,
    8.105715168658204,
    0.022964232468171634,
    24.075076144058325,
    66.8369510048432,
    653.7593782128263,
    5.963749731237734,
    13.352732954076336,
    981.2871856023806,
    307.72415365680826,
    817.312072138574,
    1,
    1,
    0,
    -0.030508898151761686,
    0,
    1,
    1,
    1,
    -0.008620750848661436,
    -0.037139090876762336,
    10.98487670045872,
    7.317610316244908,
    309.1842766232673,
    15.0,
    4.938622284732375,
    -0.03964343461136782,
    -0.021679711510854134,
    -0.04111800466654876,
    1,
    0,
    1.0,
    -0.009609054759497124,
    0,
    0,
    3.707336530054434
  ],
  "max_drawdown_threshold": 0.15,
  "strategy_name": "\u4e2d\u4f4d\u4e2d\u5f3a\u5c0f\u4f4e\u5f00\u4f4e\u5438"
}