{
    "strategy": "中强中低开低吸",
    "generation": 60,
    "best_score": 0.019011578416106744,
    "best_params": {
        "ema_alpha": 0.27683687945051133,
        "kalman_q": 0.03958124334502295,
        "kalman_r": 0.02,
        "sg_window": 10,
        "macd_fast": 2,
        "macd_slow_ratio": 2.1533700676015233,
        "macd_signal": 5,
        "ema_fast": 2,
        "ema_slow_ratio": 2.632527862304326,
        "volume_window": 10,
        "price_confirm_ticks": 1,
        "strength_confirm_ticks": 1,
        "strength_threshold": 0.3,
        "volume_weight": 0.8730595610848111,
        "use_price_confirm": false,
        "use_strength_confirm": true,
        "dead_cross_threshold": 0.05,
        "price_drop_threshold": 0.011735284750078052,
        "max_confirm_ticks": 14,
        "debug": false
    },
    "timestamp": "20250809_095832"
}