{
    "strategy": "中强中低开低吸",
    "generation": 10,
    "best_score": 0.01938021919358712,
    "best_params": {
        "ema_alpha": 0.2950297572744224,
        "kalman_q": 0.044925896196673615,
        "kalman_r": 0.03891897978503739,
        "sg_window": 7,
        "macd_fast": 2,
        "macd_slow_ratio": 2.0573261038415493,
        "macd_signal": 5,
        "ema_fast": 2,
        "ema_slow_ratio": 2.459157067456897,
        "volume_window": 12,
        "price_confirm_ticks": 2,
        "strength_confirm_ticks": 1,
        "strength_threshold": 0.3,
        "volume_weight": 1.0,
        "use_price_confirm": false,
        "use_strength_confirm": false,
        "dead_cross_threshold": 0.024645416254874822,
        "price_drop_threshold": 0.01317861447708968,
        "max_confirm_ticks": 10,
        "debug": false
    },
    "timestamp": "20250809_005914"
}