{
  "generation": 10,
  "fitness": 1.1567918027738915,
  "total_return": 5.320795000000001,
  "max_drawdown": 0.32285328898637017,
  "sharpe_ratio": 5.991927172256068,
  "params": {
    "per_step_tick_gap": 12,
    "cold_start_steps": 26,
    "max_abserve_tick_steps": 988,
    "max_abserce_avg_price_down_steps": 8,
    "stop_profit_open_hc_pct": -0.0578886578314375,
    "dynamic_hc_stop_profit_thres": 6.542884154718542,
    "last_close_price_hc_pct": -0.04,
    "last_day_sell_thres": 1.0,
    "last_day_sell_huiche": 0.019770381737004634,
    "fd_mount": 65294313,
    "fd_vol_pct": 0.3739383495311363,
    "fd_ju_ticks": 42,
    "max_zb_times": 5,
    "stagnation_kline_ticks": 10,
    "decline_kline_ticks": 21,
    "yang_yin_threshold": 0.011510145934816376,
    "stagnation_n": 29,
    "stagnation_volume_ratio_threshold": 47.98653904528473,
    "stagnation_ratio_threshold": 1346,
    "decline_volume_ratio_threshold": 29.77817621532511,
    "max_rebounds": 10,
    "decline_ratio_threshold": 955,
    "flxd_ticks": 260,
    "flzz_ticks": 547,
    "use_simiple_kline_strategy_flxd": true,
    "use_simiple_kline_strategy_flzz": true,
    "flzz_use_smooth_price": false,
    "flzz_zf_thresh": -0.07,
    "kline_sell_flxd_zy": false,
    "kline_sell_flxd_zs": false,
    "kline_sell_flzz_zs": true,
    "kline_sell_flzz_zy": true,
    "last_open_price_hc_pct": -0.0008607952894603326,
    "open_price_max_hc": -0.0852085170527581,
    "loss_per_step_tick_gap": 12,
    "loss_cold_start_steps": 18,
    "loss_max_abserve_tick_steps": 434,
    "loss_max_abserce_avg_price_down_steps": 3,
    "loss_dynamic_hc_stop_profit_thres": 3.7854617950102813,
    "loss_last_close_price_hc_pct": -0.0363931477870867,
    "loss_last_open_price_hc_pct": 0.01,
    "loss_open_price_max_hc": -0.00975952730518265,
    "loss_down_open_sell_wait_time": true,
    "down_open_sell_wait_time": true,
    "day_zy_line": 0.06701719935452832,
    "day_zs_line": -0.44854796662023655,
    "sell_afternoon": true,
    "sell_half_afternoon": false,
    "sell_max_days": 1,
    "stop_profit_pct": 0.0,
    "static_hc_stop_profit_pct": 1.0,
    "loss_static_hc_stop_profit_pct": 1.0
  },
  "timestamp": "2025-09-06T13:20:43.023844",
  "individual": [
    12.219031540449603,
    25.86208701291677,
    987.7627097653599,
    8.174392537794803,
    -0.0578886578314375,
    6.542884154718542,
    -0.04,
    1.0,
    0.019770381737004634,
    65294312.58128943,
    0.3739383495311363,
    41.88086494714735,
    4.7216858721292425,
    9.811066583364648,
    21.188975665824934,
    0.011510145934816376,
    29.463140003496974,
    47.98653904528473,
    1345.943855092308,
    29.77817621532511,
    9.835281377135662,
    954.5921669084197,
    259.8286427091312,
    546.8509322138636,
    1,
    1,
    0,
    -0.07,
    0,
    0,
    1,
    1,
    -0.0008607952894603326,
    -0.0852085170527581,
    11.765920925255905,
    17.62028204473645,
    433.9186595051497,
    2.7441966735414156,
    3.7854617950102813,
    -0.0363931477870867,
    0.01,
    -0.00975952730518265,
    1,
    1,
    0.06701719935452832,
    -0.44854796662023655,
    1,
    0,
    1.0
  ],
  "max_drawdown_threshold": 0.15,
  "strategy_name": "\u9ad8\u4f4d\u9ad8\u5f3a\u8ffd\u6da8"
}