{
  "generation": 40,
  "fitness": 1.232754173754214,
  "total_return": 6.136855000000002,
  "max_drawdown": 0.3229195440990739,
  "sharpe_ratio": 6.306345974918254,
  "params": {
    "per_step_tick_gap": 25,
    "cold_start_steps": 39,
    "max_abserve_tick_steps": 1000,
    "max_abserce_avg_price_down_steps": 9,
    "stop_profit_open_hc_pct": 0.0,
    "dynamic_hc_stop_profit_thres": 5.906723127177955,
    "last_close_price_hc_pct": -0.03649724700867912,
    "last_day_sell_thres": 0.8543155207432325,
    "last_day_sell_huiche": 0.01922221502734067,
    "fd_mount": 98436359,
    "fd_vol_pct": 0.38750967861557983,
    "fd_ju_ticks": 49,
    "max_zb_times": 12,
    "stagnation_kline_ticks": 30,
    "decline_kline_ticks": 12,
    "yang_yin_threshold": 0.017026870310383167,
    "stagnation_n": 1,
    "stagnation_volume_ratio_threshold": 35.22055738556742,
    "stagnation_ratio_threshold": 911,
    "decline_volume_ratio_threshold": 70.53117121159063,
    "max_rebounds": 7,
    "decline_ratio_threshold": 1390,
    "flxd_ticks": 343,
    "flzz_ticks": 640,
    "use_simiple_kline_strategy_flxd": true,
    "use_simiple_kline_strategy_flzz": true,
    "flzz_use_smooth_price": false,
    "flzz_zf_thresh": -0.03946531425941534,
    "kline_sell_flxd_zy": false,
    "kline_sell_flxd_zs": false,
    "kline_sell_flzz_zs": true,
    "kline_sell_flzz_zy": true,
    "last_open_price_hc_pct": -0.001985174708721881,
    "open_price_max_hc": -0.09201854263774482,
    "loss_per_step_tick_gap": 11,
    "loss_cold_start_steps": 21,
    "loss_max_abserve_tick_steps": 386,
    "loss_max_abserce_avg_price_down_steps": 3,
    "loss_dynamic_hc_stop_profit_thres": 2.7014846116219684,
    "loss_last_close_price_hc_pct": 0.0006902626921374581,
    "loss_last_open_price_hc_pct": -0.029246928666822526,
    "loss_open_price_max_hc": 0.0,
    "loss_down_open_sell_wait_time": true,
    "down_open_sell_wait_time": true,
    "day_zy_line": 0.06582348720724673,
    "day_zs_line": -0.4787807169687725,
    "sell_afternoon": true,
    "sell_half_afternoon": false,
    "sell_max_days": 1,
    "stop_profit_pct": 0.0,
    "static_hc_stop_profit_pct": 1.0,
    "loss_static_hc_stop_profit_pct": 1.0
  },
  "timestamp": "2025-09-06T13:22:12.893732",
  "individual": [
    25.0,
    38.99943048590734,
    1000,
    8.703014677393494,
    0.0,
    5.906723127177955,
    -0.03649724700867912,
    0.8543155207432325,
    0.01922221502734067,
    98436358.8083793,
    0.38750967861557983,
    49.38437788953682,
    12.145185855697195,
    29.745678722858116,
    12.246157853876959,
    0.017026870310383167,
    1.0,
    35.22055738556742,
    910.7216684051529,
    70.53117121159063,
    7.4811547528593945,
    1390.366974483547,
    343.40707196923563,
    639.7353912218409,
    1,
    1,
    0,
    -0.03946531425941534,
    0,
    0,
    1,
    1,
    -0.001985174708721881,
    -0.09201854263774482,
    10.583675769250979,
    20.782335520584265,
    385.9123043198613,
    3.1666015766847853,
    2.7014846116219684,
    0.0006902626921374581,
    -0.029246928666822526,
    0,
    1,
    1,
    0.06582348720724673,
    -0.4787807169687725,
    1,
    0,
    1
  ],
  "max_drawdown_threshold": 0.15,
  "strategy_name": "\u9ad8\u4f4d\u9ad8\u5f3a\u8ffd\u6da8"
}