{
  "generation": 20,
  "fitness": 1.204160831797936,
  "total_return": 5.830085000000002,
  "max_drawdown": 0.3230673731007286,
  "sharpe_ratio": 6.197755188986115,
  "params": {
    "per_step_tick_gap": 25,
    "cold_start_steps": 24,
    "max_abserve_tick_steps": 479,
    "max_abserce_avg_price_down_steps": 9,
    "stop_profit_open_hc_pct": -0.0024186550000739396,
    "dynamic_hc_stop_profit_thres": 4.296024206413955,
    "last_close_price_hc_pct": -0.029578464382819556,
    "last_day_sell_thres": 0.5769822470052137,
    "last_day_sell_huiche": 0.0018445863444582014,
    "fd_mount": 94703182,
    "fd_vol_pct": 0.41539608765498137,
    "fd_ju_ticks": 23,
    "max_zb_times": 20,
    "stagnation_kline_ticks": 32,
    "decline_kline_ticks": 33,
    "yang_yin_threshold": 0.0022532630813354585,
    "stagnation_n": 11,
    "stagnation_volume_ratio_threshold": 29.066588555885236,
    "stagnation_ratio_threshold": 620,
    "decline_volume_ratio_threshold": 32.51308381685771,
    "max_rebounds": 0,
    "decline_ratio_threshold": 1115,
    "flxd_ticks": 316,
    "flzz_ticks": 1144,
    "use_simiple_kline_strategy_flxd": false,
    "use_simiple_kline_strategy_flzz": true,
    "flzz_use_smooth_price": true,
    "flzz_zf_thresh": -0.048940774867708293,
    "kline_sell_flxd_zy": true,
    "kline_sell_flxd_zs": true,
    "kline_sell_flzz_zs": true,
    "kline_sell_flzz_zy": true,
    "last_open_price_hc_pct": -0.036639577214775905,
    "open_price_max_hc": -0.093407263511726,
    "loss_per_step_tick_gap": 11,
    "loss_cold_start_steps": 5,
    "loss_max_abserve_tick_steps": 82,
    "loss_max_abserce_avg_price_down_steps": 2,
    "loss_dynamic_hc_stop_profit_thres": 4.842171088241665,
    "loss_last_close_price_hc_pct": -0.05050463938662552,
    "loss_last_open_price_hc_pct": -0.046986915966976586,
    "loss_open_price_max_hc": -0.009833653223989281,
    "loss_down_open_sell_wait_time": true,
    "down_open_sell_wait_time": true,
    "day_zy_line": 0.0773336486330613,
    "day_zs_line": -0.5121832672260096,
    "sell_afternoon": true,
    "sell_half_afternoon": false,
    "sell_max_days": 1,
    "stop_profit_pct": 0.0,
    "static_hc_stop_profit_pct": 1.0,
    "loss_static_hc_stop_profit_pct": 1.0
  },
  "timestamp": "2025-09-06T13:21:08.012087",
  "individual": [
    24.917965676560478,
    23.95374796782245,
    479.48302373565167,
    9.277608215693016,
    -0.0024186550000739396,
    4.296024206413955,
    -0.029578464382819556,
    0.5769822470052137,
    0.0018445863444582014,
    94703181.57613784,
    0.41539608765498137,
    23.45838166592965,
    19.52813260543772,
    31.794396899075366,
    33.44601286312596,
    0.0022532630813354585,
    11.123781860786751,
    29.066588555885236,
    620.4819577367784,
    32.51308381685771,
    0.0,
    1115.484077249054,
    315.6277774501518,
    1144.1851564904246,
    0,
    1,
    1,
    -0.048940774867708293,
    1,
    1,
    1,
    1,
    -0.036639577214775905,
    -0.093407263511726,
    11.423891688167084,
    5.119388385704154,
    81.77104314494028,
    1.6269111727729966,
    4.842171088241665,
    -0.05050463938662552,
    -0.046986915966976586,
    -0.009833653223989281,
    1,
    1,
    0.0773336486330613,
    -0.5121832672260096,
    1,
    0,
    1.4335134444152258
  ],
  "max_drawdown_threshold": 0.15,
  "strategy_name": "\u9ad8\u4f4d\u9ad8\u5f3a\u8ffd\u6da8"
}