{
  "generation": 40,
  "fitness": 3.253629128509838,
  "total_return": 23.61811,
  "max_drawdown": 0.29233384243976973,
  "sharpe_ratio": 4.098958345470756,
  "params": {
    "per_step_tick_gap": 8,
    "cold_start_steps": 50,
    "max_abserve_tick_steps": 484,
    "max_abserce_avg_price_down_steps": 6,
    "stop_profit_open_hc_pct": -0.02638005703320813,
    "dynamic_hc_stop_profit_thres": 7.826686988138199,
    "last_close_price_hc_pct": 0.009572887766974127,
    "last_day_sell_thres": 0.46615803230631975,
    "last_day_sell_huiche": 0.01983482812908782,
    "fd_mount": 43694480,
    "fd_vol_pct": 0.42644191093528616,
    "fd_ju_ticks": 1,
    "max_zb_times": 1,
    "stagnation_kline_ticks": 30,
    "decline_kline_ticks": 50,
    "yang_yin_threshold": 0.005211727202451833,
    "stagnation_n": 21,
    "stagnation_volume_ratio_threshold": 99.99337643322409,
    "stagnation_ratio_threshold": 146,
    "decline_volume_ratio_threshold": 66.18987892339743,
    "max_rebounds": 11,
    "decline_ratio_threshold": 1457,
    "flxd_ticks": 170,
    "flzz_ticks": 1485,
    "use_simiple_kline_strategy_flxd": false,
    "use_simiple_kline_strategy_flzz": true,
    "flzz_use_smooth_price": true,
    "flzz_zf_thresh": 0.03257683120194576,
    "kline_sell_flxd_zy": false,
    "kline_sell_flxd_zs": true,
    "kline_sell_flzz_zs": true,
    "kline_sell_flzz_zy": true,
    "last_open_price_hc_pct": -0.031372704575394046,
    "open_price_max_hc": -0.018877115011361606,
    "loss_per_step_tick_gap": 19,
    "loss_cold_start_steps": 5,
    "loss_max_abserve_tick_steps": 240,
    "loss_max_abserce_avg_price_down_steps": 1,
    "loss_dynamic_hc_stop_profit_thres": 2.4045434025983816,
    "loss_last_close_price_hc_pct": -0.03686417619147117,
    "loss_last_open_price_hc_pct": -0.02982513692580386,
    "loss_open_price_max_hc": -0.03972168938129128,
    "loss_down_open_sell_wait_time": true,
    "down_open_sell_wait_time": false,
    "day_zy_line": 0.0012876885556224757,
    "day_zs_line": -0.14402517026479766,
    "sell_afternoon": true,
    "sell_half_afternoon": false,
    "sell_max_days": 1,
    "stop_profit_pct": 0.0,
    "static_hc_stop_profit_pct": 1.0,
    "loss_static_hc_stop_profit_pct": 1.0
  },
  "timestamp": "2025-09-09T00:36:19.203722",
  "individual": [
    7.872373041683026,
    49.983746597068524,
    484.16764971545564,
    5.715570223649866,
    -0.02638005703320813,
    7.826686988138199,
    0.009572887766974127,
    0.46615803230631975,
    0.01983482812908782,
    43694480.2151429,
    0.42644191093528616,
    1.0,
    1.0024926999005226,
    29.774955179371897,
    50.0,
    0.005211727202451833,
    20.704115932627502,
    99.99337643322409,
    146.32238611310243,
    66.18987892339743,
    10.856696486429186,
    1457.2566125483454,
    170.17711046901744,
    1484.6825355485366,
    0,
    1,
    1,
    0.03257683120194576,
    0,
    1,
    1,
    1,
    -0.031372704575394046,
    -0.018877115011361606,
    19.47061478471182,
    5.334115120509525,
    239.7309180434432,
    1.0,
    2.4045434025983816,
    -0.03686417619147117,
    -0.02982513692580386,
    -0.03972168938129128,
    1,
    0,
    0.0012876885556224757,
    -0.14402517026479766,
    1,
    0,
    1.0527832224858575
  ],
  "max_drawdown_threshold": 0.25,
  "strategy_name": "X\u63a5\u529b\u5012\u63a5\u529b5"
}