{
  "generation": 10,
  "fitness": 2.626496755260169,
  "total_return": 15.545335000000007,
  "max_drawdown": 0.3004982779400069,
  "sharpe_ratio": 3.727719639103296,
  "params": {
    "per_step_tick_gap": 7,
    "cold_start_steps": 50,
    "max_abserve_tick_steps": 457,
    "max_abserce_avg_price_down_steps": 1,
    "stop_profit_open_hc_pct": -0.030035755920827727,
    "dynamic_hc_stop_profit_thres": 6.7779469232151826,
    "last_close_price_hc_pct": 0.008375105935906913,
    "last_day_sell_thres": 0.5502507955520154,
    "last_day_sell_huiche": 0.009343696001271563,
    "fd_mount": 34350701,
    "fd_vol_pct": 0.39681888449987385,
    "fd_ju_ticks": 1,
    "max_zb_times": 4,
    "stagnation_kline_ticks": 33,
    "decline_kline_ticks": 47,
    "yang_yin_threshold": 0.006508768957248433,
    "stagnation_n": 8,
    "stagnation_volume_ratio_threshold": 63.46474312647344,
    "stagnation_ratio_threshold": 843,
    "decline_volume_ratio_threshold": 58.67628644995433,
    "max_rebounds": 15,
    "decline_ratio_threshold": 1500,
    "flxd_ticks": 133,
    "flzz_ticks": 1395,
    "use_simiple_kline_strategy_flxd": true,
    "use_simiple_kline_strategy_flzz": true,
    "flzz_use_smooth_price": true,
    "flzz_zf_thresh": 0.0316292635469054,
    "kline_sell_flxd_zy": false,
    "kline_sell_flxd_zs": true,
    "kline_sell_flzz_zs": true,
    "kline_sell_flzz_zy": true,
    "last_open_price_hc_pct": -0.018553884367060302,
    "open_price_max_hc": -0.05892183061431102,
    "loss_per_step_tick_gap": 19,
    "loss_cold_start_steps": 15,
    "loss_max_abserve_tick_steps": 206,
    "loss_max_abserce_avg_price_down_steps": 4,
    "loss_dynamic_hc_stop_profit_thres": 2.7405690670758682,
    "loss_last_close_price_hc_pct": -0.04280584254041276,
    "loss_last_open_price_hc_pct": -0.025530354817750022,
    "loss_open_price_max_hc": -0.044409280548189954,
    "loss_down_open_sell_wait_time": true,
    "down_open_sell_wait_time": false,
    "day_zy_line": 6.792514617302599e-05,
    "day_zs_line": -0.1269871219466694,
    "sell_afternoon": true,
    "sell_half_afternoon": false,
    "sell_max_days": 1,
    "stop_profit_pct": 0.0,
    "static_hc_stop_profit_pct": 1.0,
    "loss_static_hc_stop_profit_pct": 1.0
  },
  "timestamp": "2025-09-09T00:28:26.695210",
  "individual": [
    6.509397487497305,
    49.77652754917559,
    456.78309163993333,
    1.0,
    -0.030035755920827727,
    6.7779469232151826,
    0.008375105935906913,
    0.5502507955520154,
    0.009343696001271563,
    34350701.43590527,
    0.39681888449987385,
    1.0,
    3.791542312646063,
    32.79019296113136,
    46.780710275883145,
    0.006508768957248433,
    8.082679675770667,
    63.46474312647344,
    843.253691566121,
    58.67628644995433,
    14.931514433507557,
    1500.0,
    132.93616632094913,
    1395.077036845094,
    1,
    1,
    1,
    0.0316292635469054,
    0,
    1,
    1,
    1,
    -0.018553884367060302,
    -0.05892183061431102,
    18.982232918155898,
    14.549078050786282,
    206.33154140846875,
    3.7862522478791507,
    2.7405690670758682,
    -0.04280584254041276,
    -0.025530354817750022,
    -0.044409280548189954,
    1,
    0,
    6.792514617302599e-05,
    -0.1269871219466694,
    1,
    0,
    1.0
  ],
  "max_drawdown_threshold": 0.25,
  "strategy_name": "X\u63a5\u529b\u5012\u63a5\u529b5"
}