{
  "generation": 80,
  "fitness": 3.4063633594857508,
  "total_return": 26.719690000000014,
  "max_drawdown": 0.2928380506023216,
  "sharpe_ratio": 4.198522203685541,
  "params": {
    "per_step_tick_gap": 17,
    "cold_start_steps": 50,
    "max_abserve_tick_steps": 481,
    "max_abserce_avg_price_down_steps": 10,
    "stop_profit_open_hc_pct": 0.0,
    "dynamic_hc_stop_profit_thres": 7.646523665873057,
    "last_close_price_hc_pct": 0.009550120010943353,
    "last_day_sell_thres": 1.0,
    "last_day_sell_huiche": 0.00897068306833014,
    "fd_mount": 42455303,
    "fd_vol_pct": 0.5234998580217416,
    "fd_ju_ticks": 1,
    "max_zb_times": 1,
    "stagnation_kline_ticks": 30,
    "decline_kline_ticks": 49,
    "yang_yin_threshold": 0.004518540061391798,
    "stagnation_n": 23,
    "stagnation_volume_ratio_threshold": 95.32565430294162,
    "stagnation_ratio_threshold": 85,
    "decline_volume_ratio_threshold": 70.18209988435436,
    "max_rebounds": 11,
    "decline_ratio_threshold": 1389,
    "flxd_ticks": 171,
    "flzz_ticks": 1310,
    "use_simiple_kline_strategy_flxd": true,
    "use_simiple_kline_strategy_flzz": true,
    "flzz_use_smooth_price": true,
    "flzz_zf_thresh": 0.03836881535420253,
    "kline_sell_flxd_zy": true,
    "kline_sell_flxd_zs": true,
    "kline_sell_flzz_zs": true,
    "kline_sell_flzz_zy": true,
    "last_open_price_hc_pct": -0.029279966674884108,
    "open_price_max_hc": -0.08188972604800378,
    "loss_per_step_tick_gap": 14,
    "loss_cold_start_steps": 4,
    "loss_max_abserve_tick_steps": 223,
    "loss_max_abserce_avg_price_down_steps": 1,
    "loss_dynamic_hc_stop_profit_thres": 2.504025302196061,
    "loss_last_close_price_hc_pct": -0.0344439005306251,
    "loss_last_open_price_hc_pct": -0.04807262137028721,
    "loss_open_price_max_hc": -0.040899649408456334,
    "loss_down_open_sell_wait_time": true,
    "down_open_sell_wait_time": false,
    "day_zy_line": 0.0004991107506600432,
    "day_zs_line": -0.16884781775329222,
    "sell_afternoon": false,
    "sell_half_afternoon": false,
    "sell_max_days": 1,
    "stop_profit_pct": 0.0,
    "static_hc_stop_profit_pct": 1.0,
    "loss_static_hc_stop_profit_pct": 1.0
  },
  "timestamp": "2025-09-09T00:46:55.832081",
  "individual": [
    16.81959127327064,
    49.925585756696556,
    480.89834044926937,
    9.767797675182685,
    0.0,
    7.646523665873057,
    0.009550120010943353,
    1.0,
    0.00897068306833014,
    42455302.937261015,
    0.5234998580217416,
    1.0000218774025105,
    1.0,
    30.112321561927917,
    48.5301244522053,
    0.004518540061391798,
    22.605867021020103,
    95.32565430294162,
    84.52839370983273,
    70.18209988435436,
    11.219708129712531,
    1388.604338861348,
    170.8992825984897,
    1309.75224622363,
    1,
    1,
    1,
    0.03836881535420253,
    1,
    1,
    1,
    1,
    -0.029279966674884108,
    -0.08188972604800378,
    13.816326367828449,
    4.124292442231498,
    222.8987893362885,
    1.2975905755084867,
    2.504025302196061,
    -0.0344439005306251,
    -0.04807262137028721,
    -0.040899649408456334,
    1,
    0,
    0.0004991107506600432,
    -0.16884781775329222,
    0,
    0,
    1.002493332421979
  ],
  "max_drawdown_threshold": 0.25,
  "strategy_name": "X\u63a5\u529b\u5012\u63a5\u529b5"
}