{
  "generation": 30,
  "fitness": 3.1942986969419147,
  "total_return": 22.821375,
  "max_drawdown": 0.293069102969502,
  "sharpe_ratio": 4.061256238124461,
  "params": {
    "per_step_tick_gap": 11,
    "cold_start_steps": 50,
    "max_abserve_tick_steps": 482,
    "max_abserce_avg_price_down_steps": 7,
    "stop_profit_open_hc_pct": -0.021997605204615384,
    "dynamic_hc_stop_profit_thres": 6.114646331539204,
    "last_close_price_hc_pct": 0.009999301694333171,
    "last_day_sell_thres": 0.6687118301790029,
    "last_day_sell_huiche": 0.02,
    "fd_mount": 45516599,
    "fd_vol_pct": 0.39073769491195876,
    "fd_ju_ticks": 1,
    "max_zb_times": 1,
    "stagnation_kline_ticks": 30,
    "decline_kline_ticks": 50,
    "yang_yin_threshold": 0.005149188745057149,
    "stagnation_n": 23,
    "stagnation_volume_ratio_threshold": 100.0,
    "stagnation_ratio_threshold": 151,
    "decline_volume_ratio_threshold": 100.0,
    "max_rebounds": 11,
    "decline_ratio_threshold": 1459,
    "flxd_ticks": 154,
    "flzz_ticks": 1693,
    "use_simiple_kline_strategy_flxd": false,
    "use_simiple_kline_strategy_flzz": true,
    "flzz_use_smooth_price": false,
    "flzz_zf_thresh": 0.03272369429242663,
    "kline_sell_flxd_zy": false,
    "kline_sell_flxd_zs": true,
    "kline_sell_flzz_zs": true,
    "kline_sell_flzz_zy": true,
    "last_open_price_hc_pct": -0.025434441872318733,
    "open_price_max_hc": -0.051462800514206604,
    "loss_per_step_tick_gap": 20,
    "loss_cold_start_steps": 7,
    "loss_max_abserve_tick_steps": 249,
    "loss_max_abserce_avg_price_down_steps": 1,
    "loss_dynamic_hc_stop_profit_thres": 2.485850672506164,
    "loss_last_close_price_hc_pct": -0.018169147074224526,
    "loss_last_open_price_hc_pct": -0.02756180027462149,
    "loss_open_price_max_hc": -0.04310143298546701,
    "loss_down_open_sell_wait_time": true,
    "down_open_sell_wait_time": false,
    "day_zy_line": 0.0013584332616908888,
    "day_zs_line": -0.15240402633567668,
    "sell_afternoon": true,
    "sell_half_afternoon": false,
    "sell_max_days": 1,
    "stop_profit_pct": 0.0,
    "static_hc_stop_profit_pct": 1.0,
    "loss_static_hc_stop_profit_pct": 1.0
  },
  "timestamp": "2025-09-09T00:33:51.802343",
  "individual": [
    10.758231780395061,
    49.97722113988273,
    482.44364646375993,
    6.6736933294826475,
    -0.021997605204615384,
    6.114646331539204,
    0.009999301694333171,
    0.6687118301790029,
    0.02,
    45516598.60449981,
    0.39073769491195876,
    1.0037318667216681,
    1.0,
    30.10957956041145,
    49.945764071504,
    0.005149188745057149,
    23.449592959595392,
    100.0,
    150.6127202791782,
    100.0,
    10.895962297676753,
    1459.3791498968603,
    153.92442021419643,
    1693.4933126096132,
    0,
    1,
    0,
    0.03272369429242663,
    0,
    1,
    1,
    1,
    -0.025434441872318733,
    -0.051462800514206604,
    19.59433348620439,
    6.94567049871925,
    248.72124111470606,
    1.0015960304058016,
    2.485850672506164,
    -0.018169147074224526,
    -0.02756180027462149,
    -0.04310143298546701,
    1,
    0,
    0.0013584332616908888,
    -0.15240402633567668,
    1,
    0,
    1.030113519747046
  ],
  "max_drawdown_threshold": 0.25,
  "strategy_name": "X\u63a5\u529b\u5012\u63a5\u529b5"
}