{
  "generation": 60,
  "fitness": 3.338827896346502,
  "total_return": 25.56292000000001,
  "max_drawdown": 0.29322865003462434,
  "sharpe_ratio": 4.15700451679102,
  "params": {
    "per_step_tick_gap": 17,
    "cold_start_steps": 50,
    "max_abserve_tick_steps": 481,
    "max_abserce_avg_price_down_steps": 8,
    "stop_profit_open_hc_pct": 0.0,
    "dynamic_hc_stop_profit_thres": 6.892570540372644,
    "last_close_price_hc_pct": 0.009113362969693686,
    "last_day_sell_thres": 0.8299502260923717,
    "last_day_sell_huiche": 0.018452197820197205,
    "fd_mount": 43309718,
    "fd_vol_pct": 0.3612874266563587,
    "fd_ju_ticks": 1,
    "max_zb_times": 1,
    "stagnation_kline_ticks": 30,
    "decline_kline_ticks": 49,
    "yang_yin_threshold": 0.004707201181482512,
    "stagnation_n": 23,
    "stagnation_volume_ratio_threshold": 93.1274611885866,
    "stagnation_ratio_threshold": 110,
    "decline_volume_ratio_threshold": 74.95858057885411,
    "max_rebounds": 12,
    "decline_ratio_threshold": 1438,
    "flxd_ticks": 172,
    "flzz_ticks": 1278,
    "use_simiple_kline_strategy_flxd": true,
    "use_simiple_kline_strategy_flzz": true,
    "flzz_use_smooth_price": true,
    "flzz_zf_thresh": 0.03793807541665528,
    "kline_sell_flxd_zy": true,
    "kline_sell_flxd_zs": true,
    "kline_sell_flzz_zs": false,
    "kline_sell_flzz_zy": true,
    "last_open_price_hc_pct": -0.03215630906930056,
    "open_price_max_hc": -0.1,
    "loss_per_step_tick_gap": 17,
    "loss_cold_start_steps": 5,
    "loss_max_abserve_tick_steps": 265,
    "loss_max_abserce_avg_price_down_steps": 1,
    "loss_dynamic_hc_stop_profit_thres": 2.457202679621043,
    "loss_last_close_price_hc_pct": -0.015690030370857387,
    "loss_last_open_price_hc_pct": -0.04459114797897556,
    "loss_open_price_max_hc": -0.03818740604124697,
    "loss_down_open_sell_wait_time": false,
    "down_open_sell_wait_time": true,
    "day_zy_line": 0.0009486925076905069,
    "day_zs_line": -0.1646543617484419,
    "sell_afternoon": false,
    "sell_half_afternoon": false,
    "sell_max_days": 1,
    "stop_profit_pct": 0.0,
    "static_hc_stop_profit_pct": 1.0,
    "loss_static_hc_stop_profit_pct": 1.0
  },
  "timestamp": "2025-09-09T00:41:26.224895",
  "individual": [
    16.900204520862083,
    49.85328371353366,
    481.26471602899295,
    7.570142353215708,
    0.0,
    6.892570540372644,
    0.009113362969693686,
    0.8299502260923717,
    0.018452197820197205,
    43309718.1433451,
    0.3612874266563587,
    1.0000117178286358,
    1.0,
    30.438980174323028,
    48.99541573477875,
    0.004707201181482512,
    22.538397133031076,
    93.1274611885866,
    110.49343284502851,
    74.95858057885411,
    11.702738197786596,
    1438.373535047247,
    172.41784907936682,
    1277.6050846651333,
    1,
    1,
    1,
    0.03793807541665528,
    1,
    1,
    0,
    1,
    -0.03215630906930056,
    -0.1,
    17.124389931949516,
    4.846438186741789,
    264.8927893888383,
    1.2426143881885028,
    2.457202679621043,
    -0.015690030370857387,
    -0.04459114797897556,
    -0.03818740604124697,
    0,
    1,
    0.0009486925076905069,
    -0.1646543617484419,
    0,
    0,
    1.019369959310456
  ],
  "max_drawdown_threshold": 0.25,
  "strategy_name": "X\u63a5\u529b\u5012\u63a5\u529b5"
}