{
  "generation": 70,
  "fitness": 3.3829010362124317,
  "total_return": 26.328900000000008,
  "max_drawdown": 0.29300752860189166,
  "sharpe_ratio": 4.184288374815403,
  "params": {
    "per_step_tick_gap": 17,
    "cold_start_steps": 50,
    "max_abserve_tick_steps": 486,
    "max_abserce_avg_price_down_steps": 11,
    "stop_profit_open_hc_pct": 0.0,
    "dynamic_hc_stop_profit_thres": 6.44629896895381,
    "last_close_price_hc_pct": 0.008920593005933102,
    "last_day_sell_thres": 1.0,
    "last_day_sell_huiche": 0.01857438179775231,
    "fd_mount": 42858449,
    "fd_vol_pct": 0.3866575174506697,
    "fd_ju_ticks": 1,
    "max_zb_times": 1,
    "stagnation_kline_ticks": 30,
    "decline_kline_ticks": 49,
    "yang_yin_threshold": 0.0048408289739251,
    "stagnation_n": 23,
    "stagnation_volume_ratio_threshold": 95.44889616313219,
    "stagnation_ratio_threshold": 111,
    "decline_volume_ratio_threshold": 62.01714983888202,
    "max_rebounds": 12,
    "decline_ratio_threshold": 1449,
    "flxd_ticks": 160,
    "flzz_ticks": 1432,
    "use_simiple_kline_strategy_flxd": true,
    "use_simiple_kline_strategy_flzz": true,
    "flzz_use_smooth_price": true,
    "flzz_zf_thresh": 0.037817488791037364,
    "kline_sell_flxd_zy": true,
    "kline_sell_flxd_zs": true,
    "kline_sell_flzz_zs": false,
    "kline_sell_flzz_zy": true,
    "last_open_price_hc_pct": -0.03109133207914537,
    "open_price_max_hc": -0.09871482094432385,
    "loss_per_step_tick_gap": 22,
    "loss_cold_start_steps": 5,
    "loss_max_abserve_tick_steps": 258,
    "loss_max_abserce_avg_price_down_steps": 1,
    "loss_dynamic_hc_stop_profit_thres": 2.3203959694757614,
    "loss_last_close_price_hc_pct": -0.023868348103635154,
    "loss_last_open_price_hc_pct": -0.04440063415556269,
    "loss_open_price_max_hc": -0.038212247993303736,
    "loss_down_open_sell_wait_time": false,
    "down_open_sell_wait_time": false,
    "day_zy_line": 0.0011180081985927531,
    "day_zs_line": -0.16388903571582325,
    "sell_afternoon": false,
    "sell_half_afternoon": false,
    "sell_max_days": 1,
    "stop_profit_pct": 0.0,
    "static_hc_stop_profit_pct": 1.0,
    "loss_static_hc_stop_profit_pct": 1.0
  },
  "timestamp": "2025-09-09T00:44:09.039424",
  "individual": [
    16.65219162481433,
    49.87138089916345,
    486.46423750649853,
    11.032083073319429,
    0.0,
    6.44629896895381,
    0.008920593005933102,
    1.0,
    0.01857438179775231,
    42858448.84357734,
    0.3866575174506697,
    1.0000003059599565,
    1.0,
    30.39984848251974,
    48.71011501693748,
    0.0048408289739251,
    22.822660008721826,
    95.44889616313219,
    111.20984284296526,
    62.01714983888202,
    11.674246603969424,
    1448.6777755502749,
    159.86118943048982,
    1431.7869744593636,
    1,
    1,
    1,
    0.037817488791037364,
    1,
    1,
    0,
    1,
    -0.03109133207914537,
    -0.09871482094432385,
    21.933591873552142,
    4.817888785862765,
    257.66805442828024,
    1.431583567382269,
    2.3203959694757614,
    -0.023868348103635154,
    -0.04440063415556269,
    -0.038212247993303736,
    0,
    0,
    0.0011180081985927531,
    -0.16388903571582325,
    0,
    0,
    1.0050157039440664
  ],
  "max_drawdown_threshold": 0.25,
  "strategy_name": "X\u63a5\u529b\u5012\u63a5\u529b5"
}