{
  "generation": 100,
  "fitness": 3.4108157387704785,
  "total_return": 26.804805000000012,
  "max_drawdown": 0.2928380506023216,
  "sharpe_ratio": 4.201789242041786,
  "params": {
    "per_step_tick_gap": 17,
    "cold_start_steps": 50,
    "max_abserve_tick_steps": 480,
    "max_abserce_avg_price_down_steps": 11,
    "stop_profit_open_hc_pct": 0.0,
    "dynamic_hc_stop_profit_thres": 8.0,
    "last_close_price_hc_pct": 0.009552698405082287,
    "last_day_sell_thres": 0.8399327250460418,
    "last_day_sell_huiche": 0.01250211444427261,
    "fd_mount": 44330269,
    "fd_vol_pct": 0.5061341253624555,
    "fd_ju_ticks": 1,
    "max_zb_times": 1,
    "stagnation_kline_ticks": 30,
    "decline_kline_ticks": 49,
    "yang_yin_threshold": 0.003919916997188639,
    "stagnation_n": 23,
    "stagnation_volume_ratio_threshold": 95.7972208497834,
    "stagnation_ratio_threshold": 126,
    "decline_volume_ratio_threshold": 66.85001958590189,
    "max_rebounds": 12,
    "decline_ratio_threshold": 1470,
    "flxd_ticks": 163,
    "flzz_ticks": 1476,
    "use_simiple_kline_strategy_flxd": true,
    "use_simiple_kline_strategy_flzz": true,
    "flzz_use_smooth_price": true,
    "flzz_zf_thresh": 0.03851099834691467,
    "kline_sell_flxd_zy": true,
    "kline_sell_flxd_zs": true,
    "kline_sell_flzz_zs": true,
    "kline_sell_flzz_zy": true,
    "last_open_price_hc_pct": -0.06765318930101517,
    "open_price_max_hc": -0.0934529742030607,
    "loss_per_step_tick_gap": 10,
    "loss_cold_start_steps": 4,
    "loss_max_abserve_tick_steps": 188,
    "loss_max_abserce_avg_price_down_steps": 1,
    "loss_dynamic_hc_stop_profit_thres": 2.7012446839989614,
    "loss_last_close_price_hc_pct": -0.06548286182010146,
    "loss_last_open_price_hc_pct": -0.05331407441432127,
    "loss_open_price_max_hc": -0.045229741586141306,
    "loss_down_open_sell_wait_time": true,
    "down_open_sell_wait_time": false,
    "day_zy_line": 0.0007543349191162481,
    "day_zs_line": -0.16080024435241508,
    "sell_afternoon": false,
    "sell_half_afternoon": false,
    "sell_max_days": 1,
    "stop_profit_pct": 0.0,
    "static_hc_stop_profit_pct": 1.0,
    "loss_static_hc_stop_profit_pct": 1.0
  },
  "timestamp": "2025-09-09T00:52:28.522976",
  "individual": [
    16.81861646658254,
    49.71412328237972,
    480.2690422577891,
    10.835922756425514,
    0.0,
    8.0,
    0.009552698405082287,
    0.8399327250460418,
    0.01250211444427261,
    44330268.54344796,
    0.5061341253624555,
    1.000021229950243,
    1.0,
    30.3818807139688,
    48.96749958873087,
    0.003919916997188639,
    23.099250660750094,
    95.7972208497834,
    125.72905664958867,
    66.85001958590189,
    11.990516523690292,
    1470.2548669168018,
    162.94695813385698,
    1476.0887977927719,
    1,
    1,
    1,
    0.03851099834691467,
    1,
    1,
    1,
    1,
    -0.06765318930101517,
    -0.0934529742030607,
    9.849796411556648,
    4.352366732115973,
    187.55288700059012,
    1.3276849092211698,
    2.7012446839989614,
    -0.06548286182010146,
    -0.05331407441432127,
    -0.045229741586141306,
    1,
    0,
    0.0007543349191162481,
    -0.16080024435241508,
    0,
    0,
    1.1110539486348134
  ],
  "max_drawdown_threshold": 0.25,
  "strategy_name": "X\u63a5\u529b\u5012\u63a5\u529b5"
}