{
  "generation": 20,
  "fitness": 3.085994148606201,
  "total_return": 20.851325000000006,
  "max_drawdown": 0.29264722489149536,
  "sharpe_ratio": 3.9758529253305017,
  "params": {
    "per_step_tick_gap": 4,
    "cold_start_steps": 50,
    "max_abserve_tick_steps": 485,
    "max_abserce_avg_price_down_steps": 12,
    "stop_profit_open_hc_pct": -0.02811292972654465,
    "dynamic_hc_stop_profit_thres": 6.47346218363829,
    "last_close_price_hc_pct": 0.008577475471466603,
    "last_day_sell_thres": 0.8012096226758836,
    "last_day_sell_huiche": 0.02,
    "fd_mount": 58149814,
    "fd_vol_pct": 0.3142505215384049,
    "fd_ju_ticks": 1,
    "max_zb_times": 15,
    "stagnation_kline_ticks": 30,
    "decline_kline_ticks": 50,
    "yang_yin_threshold": 0.0056395829133637585,
    "stagnation_n": 16,
    "stagnation_volume_ratio_threshold": 100.0,
    "stagnation_ratio_threshold": 172,
    "decline_volume_ratio_threshold": 81.5796853974978,
    "max_rebounds": 11,
    "decline_ratio_threshold": 1495,
    "flxd_ticks": 163,
    "flzz_ticks": 1480,
    "use_simiple_kline_strategy_flxd": false,
    "use_simiple_kline_strategy_flzz": true,
    "flzz_use_smooth_price": true,
    "flzz_zf_thresh": 0.03785141656359743,
    "kline_sell_flxd_zy": false,
    "kline_sell_flxd_zs": true,
    "kline_sell_flzz_zs": false,
    "kline_sell_flzz_zy": true,
    "last_open_price_hc_pct": -0.018228665803687167,
    "open_price_max_hc": -0.07366479839577833,
    "loss_per_step_tick_gap": 25,
    "loss_cold_start_steps": 15,
    "loss_max_abserve_tick_steps": 246,
    "loss_max_abserce_avg_price_down_steps": 1,
    "loss_dynamic_hc_stop_profit_thres": 2.6244435878727086,
    "loss_last_close_price_hc_pct": -0.0322398550626983,
    "loss_last_open_price_hc_pct": -0.029184185447653405,
    "loss_open_price_max_hc": -0.033911872655464644,
    "loss_down_open_sell_wait_time": true,
    "down_open_sell_wait_time": false,
    "day_zy_line": 0.0020395204231005992,
    "day_zs_line": -0.11020940693428727,
    "sell_afternoon": true,
    "sell_half_afternoon": false,
    "sell_max_days": 1,
    "stop_profit_pct": 0.0,
    "static_hc_stop_profit_pct": 1.0,
    "loss_static_hc_stop_profit_pct": 1.0
  },
  "timestamp": "2025-09-09T00:31:26.077454",
  "individual": [
    3.847759494735421,
    49.86521523838394,
    484.9535827042563,
    11.693002549618052,
    -0.02811292972654465,
    6.47346218363829,
    0.008577475471466603,
    0.8012096226758836,
    0.02,
    58149813.80331816,
    0.3142505215384049,
    1.0,
    14.564857566527337,
    29.626685771204144,
    49.55036384219776,
    0.0056395829133637585,
    16.47077015400075,
    100.0,
    172.43010649308724,
    81.5796853974978,
    10.917715272149966,
    1494.5050860529068,
    163.49711695853927,
    1479.9685485462749,
    0,
    1,
    1,
    0.03785141656359743,
    0,
    1,
    0,
    1,
    -0.018228665803687167,
    -0.07366479839577833,
    24.664812032143224,
    14.581692237432495,
    245.76486653443789,
    1.150129449962448,
    2.6244435878727086,
    -0.0322398550626983,
    -0.029184185447653405,
    -0.033911872655464644,
    1,
    0,
    0.0020395204231005992,
    -0.11020940693428727,
    1,
    0,
    1.0418946351737142
  ],
  "max_drawdown_threshold": 0.25,
  "strategy_name": "X\u63a5\u529b\u5012\u63a5\u529b5"
}