{
  "generation": 10,
  "fitness": 42.92558884189878,
  "params": {
    "remaining_buy_down_min_pct": 0,
    "max_strategy_down_pct": 16.79014777512054,
    "base_buy_gap_ticks": 14,
    "base_buy_down_min_pct": -0.02971626502450693,
    "base_buy_times": 11,
    "base_max_buy_ticks": 225,
    "max_buy_ticks": 1599,
    "base_budget_pct": 0.4561614237246209
  },
  "stats": {
    "total_return_rate": 5.80231,
    "trade_days": 143,
    "total_days": 143,
    "trade_day_ratio": 1.0,
    "win_rate": 0.6223776223776224,
    "max_drawdown": 0.1498436322684664,
    "drawdown_start": 31,
    "drawdown_end": 35,
    "avg_daily_ratio": 0.49821115012100775,
    "avg_daily_real_return": 0.014470548069322882,
    "avg_daily_budget_return": 0.03460593856285165,
    "final_budget": 1360462.0,
    "base_budget_total_return_rate": 4.4686,
    "remaining_budget_total_return_rate": 1.3337100000000004,
    "base_budget_total_return": 893720.0,
    "remaining_budget_total_return": 266742.00000000006,
    "total_trade_count": 1851,
    "avg_trade_count": 12.944055944055943,
    "avg_trade_ratio": 0.49821115012100775,
    "fitness": 42.92558884189878
  },
  "timestamp": "2025-09-15T01:12:31.857067",
  "individual": [
    0,
    16.79014777512054,
    14,
    -0.02971626502450693,
    10.999999999999998,
    225.0,
    1599.0,
    0.4561614237246209
  ]
}