{
  "generation": 90,
  "fitness": 4.303034925021218,
  "total_return": 253.41668999999996,
  "max_drawdown": 0.3082734239418168,
  "sharpe_ratio": 5.28548160456167,
  "params": {
    "per_step_tick_gap": 1,
    "cold_start_steps": 45,
    "max_abserve_tick_steps": 384,
    "max_abserce_avg_price_down_steps": 3,
    "stop_profit_open_hc_pct": -0.1340517281202755,
    "dynamic_hc_stop_profit_thres": 4.481409512210156,
    "last_close_price_hc_pct": -0.006007930271231532,
    "last_day_sell_thres": 0.13286191589878413,
    "last_day_sell_huiche": 0.014641482495817083,
    "fd_mount": 21957194,
    "fd_vol_pct": 0.7409020051103609,
    "fd_ju_ticks": 50,
    "max_zb_times": 18,
    "stagnation_kline_ticks": 19,
    "decline_kline_ticks": 15,
    "yang_yin_threshold": 0.029525186011683927,
    "stagnation_n": 20,
    "stagnation_volume_ratio_threshold": 65.07474999244495,
    "stagnation_ratio_threshold": 180,
    "decline_volume_ratio_threshold": 63.43400007018967,
    "max_rebounds": 8,
    "decline_ratio_threshold": 630,
    "flxd_ticks": 30,
    "flzz_ticks": 220,
    "use_simiple_kline_strategy_flxd": true,
    "use_simiple_kline_strategy_flzz": true,
    "flzz_use_smooth_price": true,
    "flzz_zf_thresh": 0.05968610017392095,
    "kline_sell_flxd_zy": true,
    "kline_sell_flxd_zs": false,
    "kline_sell_flzz_zs": true,
    "kline_sell_flzz_zy": true,
    "last_open_price_hc_pct": 0.009938663730491109,
    "open_price_max_hc": -0.09965236611234408,
    "loss_per_step_tick_gap": 1,
    "loss_cold_start_steps": 2,
    "loss_max_abserve_tick_steps": 84,
    "loss_max_abserce_avg_price_down_steps": 10,
    "loss_dynamic_hc_stop_profit_thres": 0.8113350074705314,
    "loss_last_close_price_hc_pct": -0.03321748056028121,
    "loss_last_open_price_hc_pct": -0.007698074924954838,
    "loss_open_price_max_hc": -0.09392085623736388,
    "loss_down_open_sell_wait_time": false,
    "down_open_sell_wait_time": true,
    "day_zy_line": 0.005390129989700411,
    "day_zs_line": -0.011697463803763004,
    "sell_afternoon": false,
    "sell_half_afternoon": false,
    "sell_max_days": 4,
    "stop_profit_pct": 0.0,
    "static_hc_stop_profit_pct": 1.0,
    "loss_static_hc_stop_profit_pct": 1.0
  },
  "timestamp": "2025-09-06T22:09:10.254686",
  "individual": [
    1.0211525165759547,
    45.212714955370274,
    384.4018149969825,
    3.322074008003975,
    -0.1340517281202755,
    4.481409512210156,
    -0.006007930271231532,
    0.13286191589878413,
    0.014641482495817083,
    21957194.195790477,
    0.7409020051103609,
    49.96279465053422,
    18.22727630508664,
    19.008921253841834,
    14.956781064916038,
    0.029525186011683927,
    20.409567358685038,
    65.07474999244495,
    180.39592392243026,
    63.43400007018967,
    8.069064729611968,
    629.6177103637125,
    29.927044707355037,
    219.9720074646865,
    1,
    1,
    1,
    0.05968610017392095,
    1,
    0,
    1,
    1,
    0.009938663730491109,
    -0.09965236611234408,
    1.00054825083533,
    2.307324022071333,
    84.22317584505831,
    10.450978469973542,
    0.8113350074705314,
    -0.03321748056028121,
    -0.007698074924954838,
    -0.09392085623736388,
    0,
    1,
    0.005390129989700411,
    -0.011697463803763004,
    0,
    0,
    3.5634399565941517
  ],
  "max_drawdown_threshold": 0.15,
  "strategy_name": "\u5012\u63a5\u529b3"
}