{
  "generation": 30,
  "fitness": 3.511854873747733,
  "total_return": 145.716075,
  "max_drawdown": 0.3110756399316805,
  "sharpe_ratio": 5.20330200492724,
  "params": {
    "per_step_tick_gap": 1,
    "cold_start_steps": 50,
    "max_abserve_tick_steps": 347,
    "max_abserce_avg_price_down_steps": 8,
    "stop_profit_open_hc_pct": -0.1452427199340452,
    "dynamic_hc_stop_profit_thres": 5.842169074894784,
    "last_close_price_hc_pct": -0.014549521687151703,
    "last_day_sell_thres": 0.2071739780316199,
    "last_day_sell_huiche": 0.015543966571435645,
    "fd_mount": 10000000,
    "fd_vol_pct": 0.6269064444884447,
    "fd_ju_ticks": 50,
    "max_zb_times": 13,
    "stagnation_kline_ticks": 19,
    "decline_kline_ticks": 21,
    "yang_yin_threshold": 0.029216542970885773,
    "stagnation_n": 20,
    "stagnation_volume_ratio_threshold": 63.5479110104115,
    "stagnation_ratio_threshold": 154,
    "decline_volume_ratio_threshold": 62.90590111271001,
    "max_rebounds": 8,
    "decline_ratio_threshold": 1179,
    "flxd_ticks": 313,
    "flzz_ticks": 242,
    "use_simiple_kline_strategy_flxd": true,
    "use_simiple_kline_strategy_flzz": true,
    "flzz_use_smooth_price": true,
    "flzz_zf_thresh": 0.060771754540248295,
    "kline_sell_flxd_zy": false,
    "kline_sell_flxd_zs": false,
    "kline_sell_flzz_zs": false,
    "kline_sell_flzz_zy": true,
    "last_open_price_hc_pct": 0.009211441538460204,
    "open_price_max_hc": -0.09730677859203382,
    "loss_per_step_tick_gap": 1,
    "loss_cold_start_steps": 3,
    "loss_max_abserve_tick_steps": 65,
    "loss_max_abserce_avg_price_down_steps": 10,
    "loss_dynamic_hc_stop_profit_thres": 7.626124081119195,
    "loss_last_close_price_hc_pct": -0.03430048220087628,
    "loss_last_open_price_hc_pct": -0.015411989064085389,
    "loss_open_price_max_hc": -0.0689171536974098,
    "loss_down_open_sell_wait_time": true,
    "down_open_sell_wait_time": true,
    "day_zy_line": 0.005429815720458461,
    "day_zs_line": -0.01230274874539195,
    "sell_afternoon": false,
    "sell_half_afternoon": false,
    "sell_max_days": 2,
    "stop_profit_pct": 0.0,
    "static_hc_stop_profit_pct": 1.0,
    "loss_static_hc_stop_profit_pct": 1.0
  },
  "timestamp": "2025-09-06T21:39:10.542999",
  "individual": [
    1.0,
    50.0,
    346.78651301630435,
    8.168483825622705,
    -0.1452427199340452,
    5.842169074894784,
    -0.014549521687151703,
    0.2071739780316199,
    0.015543966571435645,
    10000000.0,
    0.6269064444884447,
    49.876327429344144,
    12.553012866438378,
    19.399815836875515,
    20.869106197826746,
    0.029216542970885773,
    19.935636537381217,
    63.5479110104115,
    154.25660911309708,
    62.90590111271001,
    7.839677646757654,
    1178.6987973865691,
    312.61708054099336,
    242.14031089272788,
    1,
    1,
    1,
    0.060771754540248295,
    0,
    0,
    0,
    1,
    0.009211441538460204,
    -0.09730677859203382,
    1.347882550957529,
    3.1838771395045615,
    64.64352057684667,
    9.823438310441965,
    7.626124081119195,
    -0.03430048220087628,
    -0.015411989064085389,
    -0.0689171536974098,
    1,
    1,
    0.005429815720458461,
    -0.01230274874539195,
    0,
    0,
    1.7137164823733662
  ],
  "max_drawdown_threshold": 0.15,
  "strategy_name": "\u5012\u63a5\u529b3"
}