{
  "generation": 80,
  "fitness": 4.266422122262627,
  "total_return": 247.81214999999997,
  "max_drawdown": 0.30826510936948204,
  "sharpe_ratio": 5.266128992055985,
  "params": {
    "per_step_tick_gap": 1,
    "cold_start_steps": 45,
    "max_abserve_tick_steps": 385,
    "max_abserce_avg_price_down_steps": 3,
    "stop_profit_open_hc_pct": -0.12239978796452904,
    "dynamic_hc_stop_profit_thres": 4.050931338395994,
    "last_close_price_hc_pct": -0.006111985435567652,
    "last_day_sell_thres": 0.14122169042077776,
    "last_day_sell_huiche": 0.01438110535267396,
    "fd_mount": 24403362,
    "fd_vol_pct": 0.6446935272761471,
    "fd_ju_ticks": 50,
    "max_zb_times": 24,
    "stagnation_kline_ticks": 19,
    "decline_kline_ticks": 16,
    "yang_yin_threshold": 0.02915059634503855,
    "stagnation_n": 21,
    "stagnation_volume_ratio_threshold": 64.9040882489286,
    "stagnation_ratio_threshold": 172,
    "decline_volume_ratio_threshold": 62.44886645189943,
    "max_rebounds": 9,
    "decline_ratio_threshold": 1261,
    "flxd_ticks": 102,
    "flzz_ticks": 214,
    "use_simiple_kline_strategy_flxd": true,
    "use_simiple_kline_strategy_flzz": true,
    "flzz_use_smooth_price": true,
    "flzz_zf_thresh": 0.05946450213492904,
    "kline_sell_flxd_zy": true,
    "kline_sell_flxd_zs": false,
    "kline_sell_flzz_zs": true,
    "kline_sell_flzz_zy": true,
    "last_open_price_hc_pct": 0.009876830323454287,
    "open_price_max_hc": -0.0996773198062698,
    "loss_per_step_tick_gap": 1,
    "loss_cold_start_steps": 2,
    "loss_max_abserve_tick_steps": 83,
    "loss_max_abserce_avg_price_down_steps": 10,
    "loss_dynamic_hc_stop_profit_thres": 3.772376048747758,
    "loss_last_close_price_hc_pct": -0.03569444406034083,
    "loss_last_open_price_hc_pct": -0.007851280445995843,
    "loss_open_price_max_hc": -0.09342035267285999,
    "loss_down_open_sell_wait_time": false,
    "down_open_sell_wait_time": true,
    "day_zy_line": 0.005416942434998809,
    "day_zs_line": -0.011705433516906056,
    "sell_afternoon": false,
    "sell_half_afternoon": false,
    "sell_max_days": 4,
    "stop_profit_pct": 0.0,
    "static_hc_stop_profit_pct": 1.0,
    "loss_static_hc_stop_profit_pct": 1.0
  },
  "timestamp": "2025-09-06T22:04:02.438211",
  "individual": [
    1.0251065388695406,
    44.91069955542042,
    385.16488306877744,
    3.2618064469016117,
    -0.12239978796452904,
    4.050931338395994,
    -0.006111985435567652,
    0.14122169042077776,
    0.01438110535267396,
    24403361.689775992,
    0.6446935272761471,
    49.971407861664076,
    23.880843853125917,
    18.91632345678728,
    15.665272436504088,
    0.02915059634503855,
    20.833979786644612,
    64.9040882489286,
    171.78667742825914,
    62.44886645189943,
    8.589386549460281,
    1260.6939692478436,
    101.63277784984875,
    214.04483738408067,
    1,
    1,
    1,
    0.05946450213492904,
    1,
    0,
    1,
    1,
    0.009876830323454287,
    -0.0996773198062698,
    1.0,
    2.3479800819093257,
    83.49523422097926,
    10.281493837668016,
    3.772376048747758,
    -0.03569444406034083,
    -0.007851280445995843,
    -0.09342035267285999,
    0,
    1,
    0.005416942434998809,
    -0.011705433516906056,
    0,
    0,
    3.5882270230384283
  ],
  "max_drawdown_threshold": 0.15,
  "strategy_name": "\u5012\u63a5\u529b3"
}