{
  "generation": 110,
  "fitness": 4.309231540844183,
  "total_return": 254.07192999999995,
  "max_drawdown": 0.3081949856372964,
  "sharpe_ratio": 5.287982760555909,
  "params": {
    "per_step_tick_gap": 1,
    "cold_start_steps": 45,
    "max_abserve_tick_steps": 385,
    "max_abserce_avg_price_down_steps": 3,
    "stop_profit_open_hc_pct": -0.13615309678470672,
    "dynamic_hc_stop_profit_thres": 4.043163172236562,
    "last_close_price_hc_pct": -0.005965932680446158,
    "last_day_sell_thres": 0.1311974104495398,
    "last_day_sell_huiche": 0.014237431607868577,
    "fd_mount": 20192858,
    "fd_vol_pct": 0.6888893564952334,
    "fd_ju_ticks": 50,
    "max_zb_times": 20,
    "stagnation_kline_ticks": 19,
    "decline_kline_ticks": 17,
    "yang_yin_threshold": 0.02944726584363552,
    "stagnation_n": 21,
    "stagnation_volume_ratio_threshold": 65.17825666664703,
    "stagnation_ratio_threshold": 172,
    "decline_volume_ratio_threshold": 62.11620869057822,
    "max_rebounds": 7,
    "decline_ratio_threshold": 663,
    "flxd_ticks": 111,
    "flzz_ticks": 224,
    "use_simiple_kline_strategy_flxd": true,
    "use_simiple_kline_strategy_flzz": true,
    "flzz_use_smooth_price": true,
    "flzz_zf_thresh": 0.06022472460958257,
    "kline_sell_flxd_zy": true,
    "kline_sell_flxd_zs": false,
    "kline_sell_flzz_zs": true,
    "kline_sell_flzz_zy": true,
    "last_open_price_hc_pct": 0.009927200217467848,
    "open_price_max_hc": -0.09956760551146909,
    "loss_per_step_tick_gap": 1,
    "loss_cold_start_steps": 2,
    "loss_max_abserve_tick_steps": 79,
    "loss_max_abserce_avg_price_down_steps": 10,
    "loss_dynamic_hc_stop_profit_thres": 0.812141265825588,
    "loss_last_close_price_hc_pct": -0.042775079490827976,
    "loss_last_open_price_hc_pct": -0.007738604220134396,
    "loss_open_price_max_hc": -0.08981981966595437,
    "loss_down_open_sell_wait_time": false,
    "down_open_sell_wait_time": true,
    "day_zy_line": 0.005415923150372701,
    "day_zs_line": -0.01169359128424749,
    "sell_afternoon": false,
    "sell_half_afternoon": false,
    "sell_max_days": 4,
    "stop_profit_pct": 0.0,
    "static_hc_stop_profit_pct": 1.0,
    "loss_static_hc_stop_profit_pct": 1.0
  },
  "timestamp": "2025-09-06T22:19:55.273756",
  "individual": [
    1.0204166650491124,
    45.30839127065831,
    384.5637116745504,
    3.311673019334805,
    -0.13615309678470672,
    4.043163172236562,
    -0.005965932680446158,
    0.1311974104495398,
    0.014237431607868577,
    20192858.116874672,
    0.6888893564952334,
    49.954345773185956,
    20.442594951095884,
    19.084887671151847,
    17.00784625938836,
    0.02944726584363552,
    21.141473066462744,
    65.17825666664703,
    171.96470112663772,
    62.11620869057822,
    6.678583150472186,
    662.7966246431977,
    111.2201687565806,
    223.87406405348284,
    1,
    1,
    1,
    0.06022472460958257,
    1,
    0,
    1,
    1,
    0.009927200217467848,
    -0.09956760551146909,
    1.0003946264336863,
    2.2856379462524195,
    78.89957262309869,
    10.163505074076323,
    0.812141265825588,
    -0.042775079490827976,
    -0.007738604220134396,
    -0.08981981966595437,
    0,
    1,
    0.005415923150372701,
    -0.01169359128424749,
    0,
    0,
    3.5800244676590935
  ],
  "max_drawdown_threshold": 0.15,
  "strategy_name": "\u5012\u63a5\u529b3"
}