{
    "strategy": "高强中低开低吸",
    "generation": 20,
    "best_score": 0.026336566050680604,
    "best_params": {
        "ema_alpha": 0.3,
        "kalman_q": 0.04542579013919032,
        "kalman_r": 0.04724558536616494,
        "sg_window": 21,
        "macd_fast": 3,
        "macd_slow_ratio": 1.8039827176889522,
        "macd_signal": 11,
        "ema_fast": 3,
        "ema_slow_ratio": 1.496277500394904,
        "volume_window": 11,
        "price_confirm_ticks": 3,
        "strength_confirm_ticks": 5,
        "strength_threshold": 0.3,
        "volume_weight": 0.8944052758564912,
        "use_price_confirm": false,
        "use_strength_confirm": false,
        "dead_cross_threshold": 0.006344575928030836,
        "price_drop_threshold": 0.0034855329815967825,
        "max_confirm_ticks": 5,
        "debug": false
    },
    "timestamp": "20250721_224540"
}