{
    "strategy": "高强中低开低吸",
    "generation": 0,
    "best_score": 0.029413237353044294,
    "best_params": {
        "ema_alpha": 0.2642499948613983,
        "kalman_q": 0.04783530049706194,
        "kalman_r": 0.06377401124028466,
        "sg_window": 12,
        "macd_fast": 7,
        "macd_slow_ratio": 1.696596959189511,
        "macd_signal": 4,
        "ema_fast": 3,
        "ema_slow_ratio": 1.4575725709509895,
        "volume_window": 8,
        "price_confirm_ticks": 9,
        "strength_confirm_ticks": 10,
        "strength_threshold": 0.7331482769512656,
        "volume_weight": 0.814354645482043,
        "use_price_confirm": false,
        "use_strength_confirm": false,
        "dead_cross_threshold": 0.007611046417774226,
        "price_drop_threshold": 0.003049648725371621,
        "max_confirm_ticks": 5,
        "debug": false
    },
    "timestamp": "20250721_173412"
}