{
    "strategy": "高强中低开低吸",
    "generation": 20,
    "best_score": 0.02374010694800318,
    "best_params": {
        "ema_alpha": 0.21624737287256907,
        "kalman_q": 0.03703535990984087,
        "kalman_r": 0.06293682993226424,
        "sg_window": 13,
        "macd_fast": 3,
        "macd_slow_ratio": 1.3866455009695533,
        "macd_signal": 3,
        "ema_fast": 3,
        "ema_slow_ratio": 2.464793421222616,
        "volume_window": 7,
        "price_confirm_ticks": 6,
        "strength_confirm_ticks": 10,
        "strength_threshold": 0.3,
        "volume_weight": 0.9424346920647823,
        "use_price_confirm": false,
        "use_strength_confirm": false,
        "dead_cross_threshold": 0.004716239810585918,
        "price_drop_threshold": 0.0060160441446920655,
        "max_confirm_ticks": 3,
        "debug": false
    },
    "timestamp": "20250722_211032"
}