{
    "strategy": "高强中低开低吸",
    "generation": 0,
    "best_score": 0.033032515578892994,
    "best_params": {
        "ema_alpha": 0.19684346252566998,
        "kalman_q": 0.010498090711910981,
        "kalman_r": 0.06293682993226424,
        "sg_window": 10,
        "macd_fast": 5,
        "macd_slow_ratio": 1.3572935529395875,
        "macd_signal": 6,
        "ema_fast": 4,
        "ema_slow_ratio": 2.251882216956785,
        "volume_window": 10,
        "price_confirm_ticks": 2,
        "strength_confirm_ticks": 3,
        "strength_threshold": 0.8958024092547852,
        "volume_weight": 0.8265340371869981,
        "use_price_confirm": false,
        "use_strength_confirm": true,
        "dead_cross_threshold": 0.0070754133744414475,
        "price_drop_threshold": 0.0032144251642929216,
        "max_confirm_ticks": 3,
        "debug": false
    },
    "timestamp": "20250722_171149"
}