{
    "strategy": "高强中低开低吸",
    "generation": 30,
    "best_score": 0.025949903401903274,
    "best_params": {
        "ema_alpha": 0.3,
        "kalman_q": 0.04542579013919032,
        "kalman_r": 0.032346120411028884,
        "sg_window": 17,
        "macd_fast": 3,
        "macd_slow_ratio": 1.8039827176889522,
        "macd_signal": 10,
        "ema_fast": 3,
        "ema_slow_ratio": 1.496277500394904,
        "volume_window": 14,
        "price_confirm_ticks": 3,
        "strength_confirm_ticks": 6,
        "strength_threshold": 0.3,
        "volume_weight": 1.0,
        "use_price_confirm": false,
        "use_strength_confirm": false,
        "dead_cross_threshold": 0.00566138856714804,
        "price_drop_threshold": 0.0034855329815967825,
        "max_confirm_ticks": 5,
        "debug": false
    },
    "timestamp": "20250722_005032"
}