{
    "strategy": "高强中低开低吸",
    "generation": 0,
    "best_score": 0.03506263563434559,
    "best_params": {
        "ema_alpha": 0.11332228865311285,
        "kalman_q": 0.011197792993067585,
        "kalman_r": 0.09355666424520273,
        "sg_window": 17,
        "macd_fast": 5,
        "macd_slow_ratio": 2.8436158339006012,
        "macd_signal": 7,
        "ema_fast": 3,
        "ema_slow_ratio": 1.7036720526349407,
        "volume_window": 6,
        "price_confirm_ticks": 4,
        "strength_confirm_ticks": 4,
        "strength_threshold": 0.47930431317351035,
        "volume_weight": 0.7219257054067649,
        "use_price_confirm": false,
        "use_strength_confirm": true,
        "dead_cross_threshold": 0.007398558687971781,
        "price_drop_threshold": 0.003585967872576715,
        "max_confirm_ticks": 6,
        "debug": false
    },
    "timestamp": "20250721_182624"
}