{
    "strategy": "高强中低开低吸",
    "generation": 30,
    "best_score": 0.023424909675975346,
    "best_params": {
        "ema_alpha": 0.240161275612177,
        "kalman_q": 0.03627307967596792,
        "kalman_r": 0.053293307326588345,
        "sg_window": 13,
        "macd_fast": 3,
        "macd_slow_ratio": 1.5576303470949657,
        "macd_signal": 3,
        "ema_fast": 3,
        "ema_slow_ratio": 2.224493669940667,
        "volume_window": 10,
        "price_confirm_ticks": 1,
        "strength_confirm_ticks": 1,
        "strength_threshold": 0.3,
        "volume_weight": 1.0,
        "use_price_confirm": false,
        "use_strength_confirm": false,
        "dead_cross_threshold": 0.008351442771347271,
        "price_drop_threshold": 0.003245498244990091,
        "max_confirm_ticks": 7,
        "debug": false
    },
    "timestamp": "20250722_230516"
}