{
    "strategy": "高强中低开低吸",
    "generation": 30,
    "best_score": 0.009073347695447981,
    "best_params": {
        "ema_alpha": 0.0970978503657058,
        "kalman_q": 0.01911535138965234,
        "kalman_r": 0.05440811698473994,
        "sg_window": 16,
        "macd_fast": 11,
        "macd_slow_ratio": 2.148938267562692,
        "macd_signal": 7,
        "ema_fast": 7,
        "ema_slow_ratio": 1.3873151442463056,
        "volume_window": 9,
        "price_confirm_ticks": 1,
        "strength_confirm_ticks": 2,
        "strength_threshold": 3.1948855993045697,
        "volume_weight": 0.26282030539227497,
        "use_price_confirm": false,
        "use_strength_confirm": true,
        "dead_cross_threshold": 0.006334810337033497,
        "price_drop_threshold": 0.005149012848317113,
        "max_confirm_ticks": 20,
        "debug": false
    },
    "timestamp": "20250721_021758"
}