{
    "strategy": "高强中低开低吸",
    "generation": 0,
    "best_score": 0.010933140359185219,
    "best_params": {
        "ema_alpha": 0.18428355311042072,
        "kalman_q": 0.046088184468982434,
        "kalman_r": 0.06714386245501569,
        "sg_window": 16,
        "macd_fast": 10,
        "macd_slow_ratio": 2.5305711934959785,
        "macd_signal": 3,
        "ema_fast": 4,
        "ema_slow_ratio": 1.6875377927248079,
        "volume_window": 10,
        "price_confirm_ticks": 10,
        "strength_confirm_ticks": 6,
        "strength_threshold": 0.8620716365594447,
        "volume_weight": 0.21002360465713643,
        "use_price_confirm": false,
        "use_strength_confirm": true,
        "dead_cross_threshold": 0.0028418412437695695,
        "price_drop_threshold": 0.0035817427243517368,
        "max_confirm_ticks": 15,
        "debug": false
    },
    "timestamp": "20250720_214727"
}