{
    "strategy": "高强中低开低吸",
    "generation": 10,
    "best_score": 0.024623446140920678,
    "best_params": {
        "ema_alpha": 0.19684346252566998,
        "kalman_q": 0.03627307967596792,
        "kalman_r": 0.07870690611463386,
        "sg_window": 20,
        "macd_fast": 3,
        "macd_slow_ratio": 1.3866455009695533,
        "macd_signal": 3,
        "ema_fast": 3,
        "ema_slow_ratio": 2.464793421222616,
        "volume_window": 8,
        "price_confirm_ticks": 2,
        "strength_confirm_ticks": 10,
        "strength_threshold": 0.3,
        "volume_weight": 0.9235677695967921,
        "use_price_confirm": false,
        "use_strength_confirm": false,
        "dead_cross_threshold": 0.01,
        "price_drop_threshold": 0.0060160441446920655,
        "max_confirm_ticks": 7,
        "debug": false
    },
    "timestamp": "20250722_191218"
}