{
    "strategy": "高强中低开低吸",
    "generation": 10,
    "best_score": 0.02651424785410809,
    "best_params": {
        "ema_alpha": 0.3,
        "kalman_q": 0.05,
        "kalman_r": 0.04724558536616494,
        "sg_window": 11,
        "macd_fast": 3,
        "macd_slow_ratio": 1.3914197606233578,
        "macd_signal": 11,
        "ema_fast": 3,
        "ema_slow_ratio": 1.9433858939103603,
        "volume_window": 11,
        "price_confirm_ticks": 4,
        "strength_confirm_ticks": 8,
        "strength_threshold": 0.3,
        "volume_weight": 0.7372546210244699,
        "use_price_confirm": false,
        "use_strength_confirm": false,
        "dead_cross_threshold": 0.003849016451383454,
        "price_drop_threshold": 0.0031204939602148744,
        "max_confirm_ticks": 5,
        "debug": false
    },
    "timestamp": "20250721_203540"
}