{
  "generation": 30,
  "fitness": 3.0714743374847497,
  "total_return": 14.3695,
  "max_drawdown": 0.3081444988362022,
  "sharpe_ratio": 3.714906324160602,
  "params": {
    "per_step_tick_gap": 23,
    "cold_start_steps": 30,
    "max_abserve_tick_steps": 161,
    "max_abserce_avg_price_down_steps": 1,
    "stop_profit_open_hc_pct": -0.09822520287811919,
    "dynamic_hc_stop_profit_thres": 4.643774363247688,
    "last_close_price_hc_pct": 0.0003166745303406,
    "last_day_sell_thres": 0.14202603342346584,
    "last_day_sell_huiche": 0.0014284395843944993,
    "fd_mount": 120047079,
    "fd_vol_pct": 0.6899367207456191,
    "fd_ju_ticks": 1,
    "max_zb_times": 1,
    "stagnation_kline_ticks": 50,
    "decline_kline_ticks": 41,
    "yang_yin_threshold": 0.0038102574660896114,
    "stagnation_n": 30,
    "stagnation_volume_ratio_threshold": 52.36425206488893,
    "stagnation_ratio_threshold": 603,
    "decline_volume_ratio_threshold": 81.6620199331561,
    "max_rebounds": 1,
    "decline_ratio_threshold": 415,
    "flxd_ticks": 191,
    "flzz_ticks": 1667,
    "use_simiple_kline_strategy_flxd": false,
    "use_simiple_kline_strategy_flzz": true,
    "flzz_use_smooth_price": true,
    "flzz_zf_thresh": 0.03380763518683286,
    "kline_sell_flxd_zy": true,
    "kline_sell_flxd_zs": true,
    "kline_sell_flzz_zs": true,
    "kline_sell_flzz_zy": true,
    "last_open_price_hc_pct": 0.01,
    "open_price_max_hc": -0.1,
    "loss_per_step_tick_gap": 1,
    "loss_cold_start_steps": 2,
    "loss_max_abserve_tick_steps": 385,
    "loss_max_abserce_avg_price_down_steps": 15,
    "loss_dynamic_hc_stop_profit_thres": 3.18879649137252,
    "loss_last_close_price_hc_pct": -0.014178682738361557,
    "loss_last_open_price_hc_pct": -0.08,
    "loss_open_price_max_hc": -0.003499566610590964,
    "loss_down_open_sell_wait_time": true,
    "down_open_sell_wait_time": true,
    "stop_profit_pct": 0.0,
    "static_hc_stop_profit_pct": 1.0,
    "loss_static_hc_stop_profit_pct": 1.0
  },
  "timestamp": "2025-08-31T21:22:30.196596",
  "individual": [
    23.382770510763333,
    29.512957366943297,
    160.7323837095867,
    1.0,
    -0.09822520287811919,
    4.643774363247688,
    0.0003166745303406,
    0.14202603342346584,
    0.0014284395843944993,
    120047078.61768404,
    0.6899367207456191,
    1.2930178213405965,
    1.0,
    50.0,
    40.61330099093445,
    0.0038102574660896114,
    29.66525741469052,
    52.36425206488893,
    603.315467635246,
    81.6620199331561,
    0.9590121450398015,
    415.1928312137509,
    191.13588242877103,
    1667.1910291550796,
    0,
    1,
    1,
    0.03380763518683286,
    1,
    1,
    1,
    1,
    0.01,
    -0.1,
    1.0,
    2.225442435717836,
    385.3670423276806,
    14.677884120399968,
    3.18879649137252,
    -0.014178682738361557,
    -0.08,
    -0.003499566610590964,
    1,
    1
  ]
}