{
  "generation": 30,
  "fitness": 3.838208065944863,
  "total_return": 49.788065,
  "max_drawdown": 0.31116312630128545,
  "sharpe_ratio": 4.387499966410831,
  "params": {
    "per_step_tick_gap": 1,
    "cold_start_steps": 50,
    "max_abserve_tick_steps": 520,
    "max_abserce_avg_price_down_steps": 3,
    "stop_profit_open_hc_pct": 0.0,
    "dynamic_hc_stop_profit_thres": 7.535251420228693,
    "last_close_price_hc_pct": -0.01647171961744783,
    "last_day_sell_thres": 0.6690175430868935,
    "last_day_sell_huiche": 0.0061904924770257485,
    "fd_mount": 140331750,
    "fd_vol_pct": 0.5436763269595596,
    "fd_ju_ticks": 1,
    "max_zb_times": 13,
    "stagnation_kline_ticks": 7,
    "decline_kline_ticks": 12,
    "yang_yin_threshold": 0.01982715875266419,
    "stagnation_n": 5,
    "stagnation_volume_ratio_threshold": 4.594953164019124,
    "stagnation_ratio_threshold": 383,
    "decline_volume_ratio_threshold": 15.040663840097906,
    "max_rebounds": 7,
    "decline_ratio_threshold": 1110,
    "flxd_ticks": 327,
    "flzz_ticks": 429,
    "use_simiple_kline_strategy_flxd": true,
    "use_simiple_kline_strategy_flzz": false,
    "flzz_use_smooth_price": true,
    "flzz_zf_thresh": -0.051895931601749684,
    "kline_sell_flxd_zy": false,
    "kline_sell_flxd_zs": true,
    "kline_sell_flzz_zs": true,
    "kline_sell_flzz_zy": true,
    "last_open_price_hc_pct": -0.07718164675614025,
    "open_price_max_hc": -8.73647617364826e-06,
    "loss_per_step_tick_gap": 25,
    "loss_cold_start_steps": 4,
    "loss_max_abserve_tick_steps": 439,
    "loss_max_abserce_avg_price_down_steps": 15,
    "loss_dynamic_hc_stop_profit_thres": 4.190465539126961,
    "loss_last_close_price_hc_pct": -0.04734479098512713,
    "loss_last_open_price_hc_pct": 0.00411509069179841,
    "loss_open_price_max_hc": -0.018743696962992985,
    "loss_down_open_sell_wait_time": true,
    "down_open_sell_wait_time": true,
    "day_zy_line": 0.004459728752418829,
    "day_zs_line": -0.00921283386517437,
    "sell_afternoon": true,
    "sell_half_afternoon": false,
    "sell_max_days": 2,
    "stop_profit_pct": 0.0,
    "static_hc_stop_profit_pct": 1.0,
    "loss_static_hc_stop_profit_pct": 1.0
  },
  "timestamp": "2025-09-06T02:39:47.909764",
  "individual": [
    1.0,
    50.0,
    519.5238810392055,
    2.914435053283157,
    0.0,
    7.535251420228693,
    -0.01647171961744783,
    0.6690175430868935,
    0.0061904924770257485,
    140331749.8533963,
    0.5436763269595596,
    1.0,
    13.47276357178939,
    7.0464874591607005,
    12.402163439232291,
    0.01982715875266419,
    4.735927371384157,
    4.594953164019124,
    383.40411812145,
    15.040663840097906,
    7.460720039677602,
    1110.0169836794146,
    327.0957798827227,
    428.90338424841434,
    1,
    0,
    1,
    -0.051895931601749684,
    0,
    1,
    1,
    1,
    -0.07718164675614025,
    -8.73647617364826e-06,
    25.0,
    4.068313833844796,
    438.8340920120545,
    15.0,
    4.190465539126961,
    -0.04734479098512713,
    0.00411509069179841,
    -0.018743696962992985,
    1,
    1,
    0.004459728752418829,
    -0.00921283386517437,
    1,
    0,
    1.601772494337298
  ],
  "max_drawdown_threshold": 0.25,
  "strategy_name": "\u63a5\u529b\u5012\u63a5\u529b3"
}