{
  "generation": 40,
  "fitness": 4.084028996854374,
  "total_return": 57.34363000000001,
  "max_drawdown": 0.31034453240196813,
  "sharpe_ratio": 4.535624856351918,
  "params": {
    "per_step_tick_gap": 1,
    "cold_start_steps": 50,
    "max_abserve_tick_steps": 384,
    "max_abserce_avg_price_down_steps": 1,
    "stop_profit_open_hc_pct": -0.08057460348526985,
    "dynamic_hc_stop_profit_thres": 7.908952460509867,
    "last_close_price_hc_pct": -0.014820275577761602,
    "last_day_sell_thres": 0.5802576184001024,
    "last_day_sell_huiche": 0.002195369111718193,
    "fd_mount": 142975026,
    "fd_vol_pct": 0.5512587945521346,
    "fd_ju_ticks": 1,
    "max_zb_times": 17,
    "stagnation_kline_ticks": 3,
    "decline_kline_ticks": 13,
    "yang_yin_threshold": 0.011285769323119395,
    "stagnation_n": 6,
    "stagnation_volume_ratio_threshold": 4.943038391562947,
    "stagnation_ratio_threshold": 483,
    "decline_volume_ratio_threshold": 17.74032568285149,
    "max_rebounds": 6,
    "decline_ratio_threshold": 1039,
    "flxd_ticks": 336,
    "flzz_ticks": 2000,
    "use_simiple_kline_strategy_flxd": true,
    "use_simiple_kline_strategy_flzz": false,
    "flzz_use_smooth_price": false,
    "flzz_zf_thresh": -0.022890032009801185,
    "kline_sell_flxd_zy": false,
    "kline_sell_flxd_zs": true,
    "kline_sell_flzz_zs": true,
    "kline_sell_flzz_zy": true,
    "last_open_price_hc_pct": -0.0707635189561577,
    "open_price_max_hc": 0.0,
    "loss_per_step_tick_gap": 25,
    "loss_cold_start_steps": 4,
    "loss_max_abserve_tick_steps": 458,
    "loss_max_abserce_avg_price_down_steps": 15,
    "loss_dynamic_hc_stop_profit_thres": 0.9636864489348964,
    "loss_last_close_price_hc_pct": -0.0399933659775268,
    "loss_last_open_price_hc_pct": 0.005070167762004726,
    "loss_open_price_max_hc": -0.06873707262624938,
    "loss_down_open_sell_wait_time": true,
    "down_open_sell_wait_time": false,
    "day_zy_line": 0.0036689794473021946,
    "day_zs_line": -0.0052331517464885525,
    "sell_afternoon": true,
    "sell_half_afternoon": false,
    "sell_max_days": 2,
    "stop_profit_pct": 0.0,
    "static_hc_stop_profit_pct": 1.0,
    "loss_static_hc_stop_profit_pct": 1.0
  },
  "timestamp": "2025-09-06T02:45:18.938720",
  "individual": [
    1.0,
    50.0,
    383.8207948754314,
    1.128031345808075,
    -0.08057460348526985,
    7.908952460509867,
    -0.014820275577761602,
    0.5802576184001024,
    0.002195369111718193,
    142975026.41175032,
    0.5512587945521346,
    1.0,
    17.12733194177644,
    3.0,
    12.729732720616857,
    0.011285769323119395,
    5.790654665730814,
    4.943038391562947,
    482.5017226534554,
    17.74032568285149,
    6.448931675307987,
    1039.0704898886536,
    336.32149777160174,
    2000.0,
    1,
    0,
    0,
    -0.022890032009801185,
    0,
    1,
    1,
    1,
    -0.0707635189561577,
    0.0,
    25.0,
    3.5995979969661542,
    457.77490741589975,
    15.0,
    0.9636864489348964,
    -0.0399933659775268,
    0.005070167762004726,
    -0.06873707262624938,
    1,
    0,
    0.0036689794473021946,
    -0.0052331517464885525,
    1,
    0,
    1.7243504522489346
  ],
  "max_drawdown_threshold": 0.25,
  "strategy_name": "\u63a5\u529b\u5012\u63a5\u529b3"
}