{
  "generation": 10,
  "fitness": 2.789670161308654,
  "total_return": 23.67701,
  "max_drawdown": 0.3193139330154902,
  "sharpe_ratio": 4.018366635772579,
  "params": {
    "per_step_tick_gap": 25,
    "cold_start_steps": 22,
    "max_abserve_tick_steps": 567,
    "max_abserce_avg_price_down_steps": 2,
    "stop_profit_open_hc_pct": -0.026346227345392888,
    "dynamic_hc_stop_profit_thres": 3.8228529707036216,
    "last_close_price_hc_pct": -0.019268775111869814,
    "last_day_sell_thres": 0.9042067556562557,
    "last_day_sell_huiche": 0.001,
    "fd_mount": 150000000,
    "fd_vol_pct": 0.6073217709130739,
    "fd_ju_ticks": 1,
    "max_zb_times": 24,
    "stagnation_kline_ticks": 3,
    "decline_kline_ticks": 22,
    "yang_yin_threshold": 0.005520974142529481,
    "stagnation_n": 1,
    "stagnation_volume_ratio_threshold": 2.871505755537329,
    "stagnation_ratio_threshold": 656,
    "decline_volume_ratio_threshold": 100.0,
    "max_rebounds": 14,
    "decline_ratio_threshold": 1001,
    "flxd_ticks": 317,
    "flzz_ticks": 1717,
    "use_simiple_kline_strategy_flxd": true,
    "use_simiple_kline_strategy_flzz": false,
    "flzz_use_smooth_price": false,
    "flzz_zf_thresh": -0.03214157054692333,
    "kline_sell_flxd_zy": false,
    "kline_sell_flxd_zs": false,
    "kline_sell_flzz_zs": true,
    "kline_sell_flzz_zy": true,
    "last_open_price_hc_pct": -0.07757225017565027,
    "open_price_max_hc": 0.0,
    "loss_per_step_tick_gap": 25,
    "loss_cold_start_steps": 4,
    "loss_max_abserve_tick_steps": 500,
    "loss_max_abserce_avg_price_down_steps": 15,
    "loss_dynamic_hc_stop_profit_thres": 4.301473028170166,
    "loss_last_close_price_hc_pct": -0.044144259002027036,
    "loss_last_open_price_hc_pct": -0.009325537126066355,
    "loss_open_price_max_hc": -0.028042761654487776,
    "loss_down_open_sell_wait_time": true,
    "down_open_sell_wait_time": true,
    "day_zy_line": 0.0037657465252344128,
    "day_zs_line": -0.04363996638922373,
    "sell_afternoon": true,
    "sell_half_afternoon": true,
    "sell_max_days": 1,
    "stop_profit_pct": 0.0,
    "static_hc_stop_profit_pct": 1.0,
    "loss_static_hc_stop_profit_pct": 1.0
  },
  "timestamp": "2025-09-06T02:31:18.659046",
  "individual": [
    25.0,
    22.27299636415868,
    566.8633627703807,
    2.4013121963015154,
    -0.026346227345392888,
    3.8228529707036216,
    -0.019268775111869814,
    0.9042067556562557,
    0.001,
    150000000.0,
    0.6073217709130739,
    1.0,
    24.144102073937123,
    3.435706065212149,
    21.500975712531456,
    0.005520974142529481,
    1.4977029363431624,
    2.871505755537329,
    655.8738951147582,
    100.0,
    13.529465462936784,
    1000.7041332743445,
    317.2374840318982,
    1716.5253682175255,
    1,
    0,
    0,
    -0.03214157054692333,
    0,
    0,
    1,
    1,
    -0.07757225017565027,
    0.0,
    25.0,
    3.5581017970429647,
    500.0,
    15.0,
    4.301473028170166,
    -0.044144259002027036,
    -0.009325537126066355,
    -0.028042761654487776,
    1,
    1,
    0.0037657465252344128,
    -0.04363996638922373,
    1,
    1,
    1.0
  ],
  "max_drawdown_threshold": 0.25,
  "strategy_name": "\u63a5\u529b\u5012\u63a5\u529b3"
}