{
  "generation": 100,
  "fitness": 4.2711387127934834,
  "total_return": 63.589615000000016,
  "max_drawdown": 0.3096596547981536,
  "sharpe_ratio": 4.631689654710792,
  "params": {
    "per_step_tick_gap": 1,
    "cold_start_steps": 50,
    "max_abserve_tick_steps": 396,
    "max_abserce_avg_price_down_steps": 2,
    "stop_profit_open_hc_pct": 0.0,
    "dynamic_hc_stop_profit_thres": 6.706174310634433,
    "last_close_price_hc_pct": 0.009999921537190816,
    "last_day_sell_thres": 0.05527613750657203,
    "last_day_sell_huiche": 0.0029553571297498576,
    "fd_mount": 143249080,
    "fd_vol_pct": 0.554141364462342,
    "fd_ju_ticks": 1,
    "max_zb_times": 5,
    "stagnation_kline_ticks": 10,
    "decline_kline_ticks": 20,
    "yang_yin_threshold": 0.012071366984302464,
    "stagnation_n": 6,
    "stagnation_volume_ratio_threshold": 7.398836420410861,
    "stagnation_ratio_threshold": 52,
    "decline_volume_ratio_threshold": 1.100379395335105,
    "max_rebounds": 11,
    "decline_ratio_threshold": 1157,
    "flxd_ticks": 330,
    "flzz_ticks": 575,
    "use_simiple_kline_strategy_flxd": false,
    "use_simiple_kline_strategy_flzz": false,
    "flzz_use_smooth_price": true,
    "flzz_zf_thresh": 0.013437325201886924,
    "kline_sell_flxd_zy": false,
    "kline_sell_flxd_zs": true,
    "kline_sell_flzz_zs": true,
    "kline_sell_flzz_zy": true,
    "last_open_price_hc_pct": -0.06717328292382116,
    "open_price_max_hc": 0.0,
    "loss_per_step_tick_gap": 25,
    "loss_cold_start_steps": 4,
    "loss_max_abserve_tick_steps": 433,
    "loss_max_abserce_avg_price_down_steps": 15,
    "loss_dynamic_hc_stop_profit_thres": 0.8499028280411057,
    "loss_last_close_price_hc_pct": -0.04025095090753871,
    "loss_last_open_price_hc_pct": 0.0054220509595689055,
    "loss_open_price_max_hc": -0.06048954046412748,
    "loss_down_open_sell_wait_time": true,
    "down_open_sell_wait_time": true,
    "day_zy_line": 0.004107359619594891,
    "day_zs_line": -0.006933585639309276,
    "sell_afternoon": true,
    "sell_half_afternoon": false,
    "sell_max_days": 2,
    "stop_profit_pct": 0.0,
    "static_hc_stop_profit_pct": 1.0,
    "loss_static_hc_stop_profit_pct": 1.0
  },
  "timestamp": "2025-09-06T03:14:30.688298",
  "individual": [
    1.0034806150358426,
    49.9207315756034,
    396.3133795932233,
    1.8341580441239473,
    0.0,
    6.706174310634433,
    0.009999921537190816,
    0.05527613750657203,
    0.0029553571297498576,
    143249079.7889344,
    0.554141364462342,
    1.0205977499745804,
    4.983226533633666,
    9.926497261522428,
    19.65669541796732,
    0.012071366984302464,
    6.269145668649884,
    7.398836420410861,
    51.89045250576649,
    1.100379395335105,
    10.842488092145025,
    1156.5422883806727,
    329.7038353468017,
    575.0526210090129,
    0,
    0,
    1,
    0.013437325201886924,
    0,
    1,
    1,
    1,
    -0.06717328292382116,
    0.0,
    24.914023165571255,
    3.960868341112824,
    433.40582790659107,
    14.973126578772458,
    0.8499028280411057,
    -0.04025095090753871,
    0.0054220509595689055,
    -0.06048954046412748,
    1,
    1,
    0.004107359619594891,
    -0.006933585639309276,
    1,
    0,
    1.8713486504301544
  ],
  "max_drawdown_threshold": 0.25,
  "strategy_name": "\u63a5\u529b\u5012\u63a5\u529b3"
}