{
  "generation": 50,
  "fitness": 4.201389773726512,
  "total_return": 61.14947000000003,
  "max_drawdown": 0.309865539875218,
  "sharpe_ratio": 4.597824524812364,
  "params": {
    "per_step_tick_gap": 1,
    "cold_start_steps": 50,
    "max_abserve_tick_steps": 414,
    "max_abserce_avg_price_down_steps": 1,
    "stop_profit_open_hc_pct": -0.09115329533345518,
    "dynamic_hc_stop_profit_thres": 6.96924504172136,
    "last_close_price_hc_pct": 0.01,
    "last_day_sell_thres": 0.7852174029131499,
    "last_day_sell_huiche": 0.004174742849756019,
    "fd_mount": 138347899,
    "fd_vol_pct": 0.5600014170499774,
    "fd_ju_ticks": 1,
    "max_zb_times": 15,
    "stagnation_kline_ticks": 32,
    "decline_kline_ticks": 13,
    "yang_yin_threshold": 0.012433163376292678,
    "stagnation_n": 6,
    "stagnation_volume_ratio_threshold": 7.541725030560052,
    "stagnation_ratio_threshold": 372,
    "decline_volume_ratio_threshold": 20.789728218772407,
    "max_rebounds": 5,
    "decline_ratio_threshold": 1113,
    "flxd_ticks": 328,
    "flzz_ticks": 680,
    "use_simiple_kline_strategy_flxd": false,
    "use_simiple_kline_strategy_flzz": false,
    "flzz_use_smooth_price": true,
    "flzz_zf_thresh": 0.023035841447853957,
    "kline_sell_flxd_zy": false,
    "kline_sell_flxd_zs": true,
    "kline_sell_flzz_zs": true,
    "kline_sell_flzz_zy": true,
    "last_open_price_hc_pct": -0.06923451221092602,
    "open_price_max_hc": -2.6119139536772336e-05,
    "loss_per_step_tick_gap": 25,
    "loss_cold_start_steps": 4,
    "loss_max_abserve_tick_steps": 480,
    "loss_max_abserce_avg_price_down_steps": 15,
    "loss_dynamic_hc_stop_profit_thres": 0.8878146742618571,
    "loss_last_close_price_hc_pct": -0.03629896100576571,
    "loss_last_open_price_hc_pct": 0.004687110801054482,
    "loss_open_price_max_hc": -0.03917654516482643,
    "loss_down_open_sell_wait_time": true,
    "down_open_sell_wait_time": false,
    "day_zy_line": 0.0036176743296406876,
    "day_zs_line": -0.005310275222322545,
    "sell_afternoon": true,
    "sell_half_afternoon": false,
    "sell_max_days": 2,
    "stop_profit_pct": 0.0,
    "static_hc_stop_profit_pct": 1.0,
    "loss_static_hc_stop_profit_pct": 1.0
  },
  "timestamp": "2025-09-06T02:50:21.929426",
  "individual": [
    1.0018806215267704,
    50.0,
    414.31482355748,
    1.40106544907134,
    -0.09115329533345518,
    6.96924504172136,
    0.01,
    0.7852174029131499,
    0.004174742849756019,
    138347899.09693205,
    0.5600014170499774,
    1.0201145484407463,
    14.578395684470177,
    31.919004487828566,
    13.208438011964807,
    0.012433163376292678,
    5.92751532467713,
    7.541725030560052,
    372.33585781997147,
    20.789728218772407,
    4.747643841631338,
    1113.084682474812,
    327.9843754486176,
    680.1398031994304,
    0,
    0,
    1,
    0.023035841447853957,
    0,
    1,
    1,
    1,
    -0.06923451221092602,
    -2.6119139536772336e-05,
    24.969105593894803,
    3.8067750378286567,
    480.2673753827602,
    14.982216153467471,
    0.8878146742618571,
    -0.03629896100576571,
    0.004687110801054482,
    -0.03917654516482643,
    1,
    0,
    0.0036176743296406876,
    -0.005310275222322545,
    1,
    0,
    1.9835807908994598
  ],
  "max_drawdown_threshold": 0.25,
  "strategy_name": "\u63a5\u529b\u5012\u63a5\u529b3"
}