{
  "generation": 110,
  "fitness": 4.275491761134489,
  "total_return": 63.76339500000002,
  "max_drawdown": 0.3096596547981536,
  "sharpe_ratio": 4.6333468688610955,
  "params": {
    "per_step_tick_gap": 1,
    "cold_start_steps": 50,
    "max_abserve_tick_steps": 396,
    "max_abserce_avg_price_down_steps": 2,
    "stop_profit_open_hc_pct": -1.722410236513113e-05,
    "dynamic_hc_stop_profit_thres": 5.5649906224084695,
    "last_close_price_hc_pct": 0.009999926607025318,
    "last_day_sell_thres": 0.13110551040747598,
    "last_day_sell_huiche": 0.003097479061391681,
    "fd_mount": 150000000,
    "fd_vol_pct": 0.5250564345673244,
    "fd_ju_ticks": 1,
    "max_zb_times": 6,
    "stagnation_kline_ticks": 7,
    "decline_kline_ticks": 20,
    "yang_yin_threshold": 0.011952823871788474,
    "stagnation_n": 8,
    "stagnation_volume_ratio_threshold": 4.803501300343937,
    "stagnation_ratio_threshold": 63,
    "decline_volume_ratio_threshold": 4.742154140274444,
    "max_rebounds": 10,
    "decline_ratio_threshold": 1087,
    "flxd_ticks": 330,
    "flzz_ticks": 210,
    "use_simiple_kline_strategy_flxd": false,
    "use_simiple_kline_strategy_flzz": false,
    "flzz_use_smooth_price": true,
    "flzz_zf_thresh": -0.014218228650623159,
    "kline_sell_flxd_zy": false,
    "kline_sell_flxd_zs": true,
    "kline_sell_flzz_zs": true,
    "kline_sell_flzz_zy": true,
    "last_open_price_hc_pct": -0.06132976343892776,
    "open_price_max_hc": 0.0,
    "loss_per_step_tick_gap": 25,
    "loss_cold_start_steps": 4,
    "loss_max_abserve_tick_steps": 433,
    "loss_max_abserce_avg_price_down_steps": 15,
    "loss_dynamic_hc_stop_profit_thres": 0.8497232637819294,
    "loss_last_close_price_hc_pct": -0.04455766208497074,
    "loss_last_open_price_hc_pct": 0.005296065845238422,
    "loss_open_price_max_hc": -0.0775162833506119,
    "loss_down_open_sell_wait_time": true,
    "down_open_sell_wait_time": true,
    "day_zy_line": 0.0041195768972113736,
    "day_zs_line": -0.006957016902438018,
    "sell_afternoon": true,
    "sell_half_afternoon": false,
    "sell_max_days": 2,
    "stop_profit_pct": 0.0,
    "static_hc_stop_profit_pct": 1.0,
    "loss_static_hc_stop_profit_pct": 1.0
  },
  "timestamp": "2025-09-06T03:19:13.906730",
  "individual": [
    1.0016315364352995,
    49.94915323653007,
    395.5730658350036,
    1.7508426716206704,
    -1.722410236513113e-05,
    5.5649906224084695,
    0.009999926607025318,
    0.13110551040747598,
    0.003097479061391681,
    150000000.0,
    0.5250564345673244,
    1.0209072725514812,
    6.212044902740286,
    6.80689898044872,
    19.75642449619031,
    0.011952823871788474,
    8.063432151555872,
    4.803501300343937,
    63.464385757261255,
    4.742154140274444,
    9.542090514589823,
    1086.550696437536,
    329.93521638009133,
    210.1866547206834,
    0,
    0,
    1,
    -0.014218228650623159,
    0,
    1,
    1,
    1,
    -0.06132976343892776,
    0.0,
    24.93263744442119,
    3.8676653327207604,
    433.2110859451593,
    14.974429640856012,
    0.8497232637819294,
    -0.04455766208497074,
    0.005296065845238422,
    -0.0775162833506119,
    1,
    1,
    0.0041195768972113736,
    -0.006957016902438018,
    1,
    0,
    1.8735564759417518
  ],
  "max_drawdown_threshold": 0.25,
  "strategy_name": "\u63a5\u529b\u5012\u63a5\u529b3"
}