{
    "strategy": "中位小低开低吸",
    "generation": 30,
    "best_score": 0.02028667629803474,
    "best_params": {
        "ema_alpha": 0.3,
        "kalman_q": 0.025998984812607585,
        "kalman_r": 0.02000450761130973,
        "sg_window": 11,
        "macd_fast": 2,
        "macd_slow_ratio": 1.9222114632012188,
        "macd_signal": 5,
        "ema_fast": 9,
        "ema_slow_ratio": 1.4522395314250072,
        "volume_window": 12,
        "price_confirm_ticks": 5,
        "strength_confirm_ticks": 4,
        "strength_threshold": 0.3,
        "volume_weight": 1.0,
        "use_price_confirm": false,
        "use_strength_confirm": false,
        "dead_cross_threshold": 0.022696356071999914,
        "price_drop_threshold": 0.015501342675108217,
        "max_confirm_ticks": 5,
        "debug": false
    },
    "timestamp": "20250821_215857"
}