{
    "strategy": "中位小低开低吸",
    "generation": 0,
    "best_score": 0.03118221926966304,
    "best_params": {
        "ema_alpha": 0.22209792168270798,
        "kalman_q": 0.01727493542888915,
        "kalman_r": 0.029799934518356518,
        "sg_window": 18,
        "macd_fast": 4,
        "macd_slow_ratio": 1.358488736383885,
        "macd_signal": 4,
        "ema_fast": 10,
        "ema_slow_ratio": 1.3427303111295927,
        "volume_window": 10,
        "price_confirm_ticks": 5,
        "strength_confirm_ticks": 9,
        "strength_threshold": 0.5645723847427975,
        "volume_weight": 0.28899356788312036,
        "use_price_confirm": true,
        "use_strength_confirm": false,
        "dead_cross_threshold": 0.03768990300333173,
        "price_drop_threshold": 0.0019299828179306085,
        "max_confirm_ticks": 6,
        "debug": false
    },
    "timestamp": "20250821_165752"
}