{
  "generation": 50,
  "fitness": 1.5348496466854393,
  "total_return": 5.193429999999997,
  "max_drawdown": 0.30797491498778207,
  "sharpe_ratio": 2.4808026046590848,
  "params": {
    "per_step_tick_gap": 23,
    "cold_start_steps": 10,
    "max_abserve_tick_steps": 525,
    "max_abserce_avg_price_down_steps": 14,
    "stop_profit_open_hc_pct": -0.06995354586460138,
    "dynamic_hc_stop_profit_thres": 0.01,
    "last_close_price_hc_pct": -0.021788159941885443,
    "last_day_sell_thres": 1.0,
    "last_day_sell_huiche": 0.009252135131702208,
    "fd_mount": 50576605,
    "fd_vol_pct": 0.5379387080859022,
    "fd_ju_ticks": 9,
    "max_zb_times": 25,
    "stagnation_kline_ticks": 36,
    "decline_kline_ticks": 5,
    "yang_yin_threshold": 0.0021765583194310874,
    "stagnation_n": 11,
    "stagnation_volume_ratio_threshold": 74.09247915138305,
    "stagnation_ratio_threshold": 506,
    "decline_volume_ratio_threshold": 42.72315056618735,
    "max_rebounds": 9,
    "decline_ratio_threshold": 41,
    "flxd_ticks": 44,
    "flzz_ticks": 978,
    "use_simiple_kline_strategy_flxd": false,
    "use_simiple_kline_strategy_flzz": true,
    "flzz_use_smooth_price": false,
    "flzz_zf_thresh": 0.006437742075487739,
    "kline_sell_flxd_zy": true,
    "kline_sell_flxd_zs": false,
    "kline_sell_flzz_zs": false,
    "kline_sell_flzz_zy": true,
    "last_open_price_hc_pct": 0.009962645050193775,
    "open_price_max_hc": -0.0360869441224171,
    "loss_per_step_tick_gap": 11,
    "loss_cold_start_steps": 30,
    "loss_max_abserve_tick_steps": 66,
    "loss_max_abserce_avg_price_down_steps": 5,
    "loss_dynamic_hc_stop_profit_thres": 6.804466523348866,
    "loss_last_close_price_hc_pct": 0.00011129891256587716,
    "loss_last_open_price_hc_pct": 0.009934036682975367,
    "loss_open_price_max_hc": -0.08818568916800007,
    "loss_down_open_sell_wait_time": false,
    "down_open_sell_wait_time": true,
    "day_zy_line": 0.0011514076720568391,
    "day_zs_line": -0.018720276689901567,
    "sell_afternoon": true,
    "sell_half_afternoon": false,
    "sell_max_days": 3,
    "stop_profit_pct": 0.0,
    "static_hc_stop_profit_pct": 1.0,
    "loss_static_hc_stop_profit_pct": 1.0
  },
  "timestamp": "2025-09-08T20:15:55.011777",
  "individual": [
    23.070159640685816,
    9.635623968643092,
    525.3083462579374,
    14.13564049815555,
    -0.06995354586460138,
    0.01,
    -0.021788159941885443,
    1.0,
    0.009252135131702208,
    50576604.56400137,
    0.5379387080859022,
    9.319656262224953,
    24.88604238085696,
    35.793208267795656,
    5.161726122359364,
    0.0021765583194310874,
    11.138024537625759,
    74.09247915138305,
    506.30012429008934,
    42.72315056618735,
    9.241065630761433,
    40.717946776896,
    43.536233383060306,
    977.5375540140218,
    0,
    1,
    0,
    0.006437742075487739,
    1,
    0,
    0,
    1,
    0.009962645050193775,
    -0.0360869441224171,
    11.234375762227863,
    29.62839355731475,
    65.52439779297832,
    5.196009527329335,
    6.804466523348866,
    0.00011129891256587716,
    0.009934036682975367,
    -0.08818568916800007,
    0,
    1,
    0.0011514076720568391,
    -0.018720276689901567,
    1,
    0,
    2.7826658405813287
  ],
  "max_drawdown_threshold": 0.25,
  "strategy_name": "X\u63a5\u529b\u5012\u63a5\u529b2"
}