{
  "generation": 60,
  "fitness": 1.5618272464304577,
  "total_return": 5.200134999999999,
  "max_drawdown": 0.30511496690843,
  "sharpe_ratio": 2.490566644258654,
  "params": {
    "per_step_tick_gap": 23,
    "cold_start_steps": 10,
    "max_abserve_tick_steps": 356,
    "max_abserce_avg_price_down_steps": 14,
    "stop_profit_open_hc_pct": -0.06157701424145729,
    "dynamic_hc_stop_profit_thres": 0.01,
    "last_close_price_hc_pct": -0.02194612199547881,
    "last_day_sell_thres": 0.9472432792247263,
    "last_day_sell_huiche": 0.008944971909790734,
    "fd_mount": 54356194,
    "fd_vol_pct": 0.509254432636464,
    "fd_ju_ticks": 9,
    "max_zb_times": 17,
    "stagnation_kline_ticks": 36,
    "decline_kline_ticks": 8,
    "yang_yin_threshold": 0.0021982578698707947,
    "stagnation_n": 10,
    "stagnation_volume_ratio_threshold": 73.56904281362982,
    "stagnation_ratio_threshold": 519,
    "decline_volume_ratio_threshold": 32.8681744740065,
    "max_rebounds": 8,
    "decline_ratio_threshold": 37,
    "flxd_ticks": 66,
    "flzz_ticks": 695,
    "use_simiple_kline_strategy_flxd": false,
    "use_simiple_kline_strategy_flzz": true,
    "flzz_use_smooth_price": false,
    "flzz_zf_thresh": 0.008076952044462071,
    "kline_sell_flxd_zy": true,
    "kline_sell_flxd_zs": false,
    "kline_sell_flzz_zs": false,
    "kline_sell_flzz_zy": true,
    "last_open_price_hc_pct": 0.009876841096807346,
    "open_price_max_hc": -0.01905184607123401,
    "loss_per_step_tick_gap": 11,
    "loss_cold_start_steps": 30,
    "loss_max_abserve_tick_steps": 61,
    "loss_max_abserce_avg_price_down_steps": 5,
    "loss_dynamic_hc_stop_profit_thres": 6.926734661286724,
    "loss_last_close_price_hc_pct": -0.004215612977161935,
    "loss_last_open_price_hc_pct": 0.009908479199519747,
    "loss_open_price_max_hc": -0.07148602094078882,
    "loss_down_open_sell_wait_time": false,
    "down_open_sell_wait_time": true,
    "day_zy_line": 0.0006486469868591488,
    "day_zs_line": -0.017604004019041233,
    "sell_afternoon": true,
    "sell_half_afternoon": false,
    "sell_max_days": 3,
    "stop_profit_pct": 0.0,
    "static_hc_stop_profit_pct": 1.0,
    "loss_static_hc_stop_profit_pct": 1.0
  },
  "timestamp": "2025-09-08T20:20:17.948484",
  "individual": [
    23.19222111670357,
    10.1418181253677,
    356.10031189625437,
    14.03812995422587,
    -0.06157701424145729,
    0.01,
    -0.02194612199547881,
    0.9472432792247263,
    0.008944971909790734,
    54356193.85709696,
    0.509254432636464,
    9.2343514006187,
    16.625794089222172,
    35.84798566953089,
    7.727384126810945,
    0.0021982578698707947,
    10.031673552398265,
    73.56904281362982,
    519.2094122832073,
    32.8681744740065,
    8.208852118070327,
    36.88519289708119,
    65.86110344376247,
    695.1948799093291,
    0,
    1,
    0,
    0.008076952044462071,
    1,
    0,
    0,
    1,
    0.009876841096807346,
    -0.01905184607123401,
    10.980160692114431,
    29.54920449269654,
    61.32219273500412,
    5.036462169012131,
    6.926734661286724,
    -0.004215612977161935,
    0.009908479199519747,
    -0.07148602094078882,
    0,
    1,
    0.0006486469868591488,
    -0.017604004019041233,
    1,
    0,
    2.9184857436032168
  ],
  "max_drawdown_threshold": 0.25,
  "strategy_name": "X\u63a5\u529b\u5012\u63a5\u529b2"
}