{
  "generation": 40,
  "fitness": 1.2873484005651044,
  "total_return": 5.044324999999996,
  "max_drawdown": 0.3358146317174665,
  "sharpe_ratio": 2.384428656074759,
  "params": {
    "per_step_tick_gap": 23,
    "cold_start_steps": 10,
    "max_abserve_tick_steps": 531,
    "max_abserce_avg_price_down_steps": 15,
    "stop_profit_open_hc_pct": -0.10226083378601188,
    "dynamic_hc_stop_profit_thres": 0.01,
    "last_close_price_hc_pct": -0.021081696496035106,
    "last_day_sell_thres": 0.9656883455541402,
    "last_day_sell_huiche": 0.008451840018829163,
    "fd_mount": 78307100,
    "fd_vol_pct": 0.5311011582906385,
    "fd_ju_ticks": 15,
    "max_zb_times": 17,
    "stagnation_kline_ticks": 35,
    "decline_kline_ticks": 3,
    "yang_yin_threshold": 0.0022272532299983834,
    "stagnation_n": 10,
    "stagnation_volume_ratio_threshold": 73.85434546067685,
    "stagnation_ratio_threshold": 567,
    "decline_volume_ratio_threshold": 51.24909784978894,
    "max_rebounds": 8,
    "decline_ratio_threshold": 15,
    "flxd_ticks": 69,
    "flzz_ticks": 733,
    "use_simiple_kline_strategy_flxd": true,
    "use_simiple_kline_strategy_flzz": true,
    "flzz_use_smooth_price": false,
    "flzz_zf_thresh": 0.0013533510687997966,
    "kline_sell_flxd_zy": true,
    "kline_sell_flxd_zs": false,
    "kline_sell_flzz_zs": false,
    "kline_sell_flzz_zy": true,
    "last_open_price_hc_pct": 0.009994374943052976,
    "open_price_max_hc": -0.060116086552602074,
    "loss_per_step_tick_gap": 11,
    "loss_cold_start_steps": 30,
    "loss_max_abserve_tick_steps": 48,
    "loss_max_abserce_avg_price_down_steps": 5,
    "loss_dynamic_hc_stop_profit_thres": 7.379147884420579,
    "loss_last_close_price_hc_pct": -0.004835990077354171,
    "loss_last_open_price_hc_pct": 0.009974840899844354,
    "loss_open_price_max_hc": -0.08817790875774406,
    "loss_down_open_sell_wait_time": false,
    "down_open_sell_wait_time": true,
    "day_zy_line": 0.00030529576097474505,
    "day_zs_line": -0.019409206538887752,
    "sell_afternoon": true,
    "sell_half_afternoon": false,
    "sell_max_days": 4,
    "stop_profit_pct": 0.0,
    "static_hc_stop_profit_pct": 1.0,
    "loss_static_hc_stop_profit_pct": 1.0
  },
  "timestamp": "2025-09-08T20:11:27.189959",
  "individual": [
    22.99489209199701,
    9.997708611579286,
    531.3981932215128,
    15.0,
    -0.10226083378601188,
    0.01,
    -0.021081696496035106,
    0.9656883455541402,
    0.008451840018829163,
    78307099.88843918,
    0.5311011582906385,
    15.205058328128136,
    17.475534038659195,
    34.83846575536798,
    3.0,
    0.0022272532299983834,
    9.949623652716314,
    73.85434546067685,
    566.7756535396727,
    51.24909784978894,
    7.929599162576317,
    15.0,
    69.16657697284353,
    733.2613964608752,
    1,
    1,
    0,
    0.0013533510687997966,
    1,
    0,
    0,
    1,
    0.009994374943052976,
    -0.060116086552602074,
    11.346079347266189,
    29.62633284769077,
    47.588497564290805,
    5.038631386212771,
    7.379147884420579,
    -0.004835990077354171,
    0.009974840899844354,
    -0.08817790875774406,
    0,
    1,
    0.00030529576097474505,
    -0.019409206538887752,
    1,
    0,
    3.771910208505867
  ],
  "max_drawdown_threshold": 0.25,
  "strategy_name": "X\u63a5\u529b\u5012\u63a5\u529b2"
}