{
  "generation": 70,
  "fitness": 1.5944918385195668,
  "total_return": 5.449369999999997,
  "max_drawdown": 0.30511496690843,
  "sharpe_ratio": 2.5305027266124194,
  "params": {
    "per_step_tick_gap": 23,
    "cold_start_steps": 10,
    "max_abserve_tick_steps": 364,
    "max_abserce_avg_price_down_steps": 14,
    "stop_profit_open_hc_pct": -0.05624724462540122,
    "dynamic_hc_stop_profit_thres": 0.010000000000000004,
    "last_close_price_hc_pct": -0.018232421370396018,
    "last_day_sell_thres": 0.820614766008551,
    "last_day_sell_huiche": 0.008878154110884556,
    "fd_mount": 54091912,
    "fd_vol_pct": 0.5072767602758755,
    "fd_ju_ticks": 9,
    "max_zb_times": 9,
    "stagnation_kline_ticks": 36,
    "decline_kline_ticks": 5,
    "yang_yin_threshold": 0.0021769550011625834,
    "stagnation_n": 10,
    "stagnation_volume_ratio_threshold": 74.10629227898411,
    "stagnation_ratio_threshold": 534,
    "decline_volume_ratio_threshold": 11.68045093846851,
    "max_rebounds": 14,
    "decline_ratio_threshold": 60,
    "flxd_ticks": 72,
    "flzz_ticks": 804,
    "use_simiple_kline_strategy_flxd": false,
    "use_simiple_kline_strategy_flzz": true,
    "flzz_use_smooth_price": false,
    "flzz_zf_thresh": -0.0057912608008512,
    "kline_sell_flxd_zy": true,
    "kline_sell_flxd_zs": false,
    "kline_sell_flzz_zs": false,
    "kline_sell_flzz_zy": true,
    "last_open_price_hc_pct": 0.00994385285988032,
    "open_price_max_hc": -0.019558350811136188,
    "loss_per_step_tick_gap": 11,
    "loss_cold_start_steps": 30,
    "loss_max_abserve_tick_steps": 54,
    "loss_max_abserce_avg_price_down_steps": 5,
    "loss_dynamic_hc_stop_profit_thres": 7.430106227596908,
    "loss_last_close_price_hc_pct": 0.001042749825273073,
    "loss_last_open_price_hc_pct": 0.009840156945758221,
    "loss_open_price_max_hc": -0.06822343378256515,
    "loss_down_open_sell_wait_time": false,
    "down_open_sell_wait_time": true,
    "day_zy_line": 0.0006345088576223551,
    "day_zs_line": -0.016512459233950214,
    "sell_afternoon": true,
    "sell_half_afternoon": false,
    "sell_max_days": 3,
    "stop_profit_pct": 0.0,
    "static_hc_stop_profit_pct": 1.0,
    "loss_static_hc_stop_profit_pct": 1.0
  },
  "timestamp": "2025-09-08T20:23:48.651502",
  "individual": [
    22.97528368358416,
    10.095612126564122,
    364.09960718302295,
    14.137153860161822,
    -0.05624724462540122,
    0.010000000000000004,
    -0.018232421370396018,
    0.820614766008551,
    0.008878154110884556,
    54091911.86296538,
    0.5072767602758755,
    9.279675943115556,
    8.971589286916192,
    35.9194566265892,
    5.146366158372076,
    0.0021769550011625834,
    10.450211059562278,
    74.10629227898411,
    534.3458650537505,
    11.68045093846851,
    13.823332138804307,
    59.75137933949294,
    72.12553962264884,
    804.4343686053254,
    0,
    1,
    0,
    -0.0057912608008512,
    1,
    0,
    0,
    1,
    0.00994385285988032,
    -0.019558350811136188,
    11.098180317273437,
    29.573122965447627,
    53.51542474247898,
    5.189538015464379,
    7.430106227596908,
    0.001042749825273073,
    0.009840156945758221,
    -0.06822343378256515,
    0,
    1,
    0.0006345088576223551,
    -0.016512459233950214,
    1,
    0,
    2.974539210248734
  ],
  "max_drawdown_threshold": 0.25,
  "strategy_name": "X\u63a5\u529b\u5012\u63a5\u529b2"
}