{
  "generation": 70,
  "fitness": 5.156080983887982,
  "total_return": 43.52582499999998,
  "max_drawdown": 0.2597183631492647,
  "sharpe_ratio": 5.227659320450063,
  "params": {
    "per_step_tick_gap": 16,
    "cold_start_steps": 21,
    "max_abserve_tick_steps": 996,
    "max_abserce_avg_price_down_steps": 8,
    "stop_profit_open_hc_pct": -0.004910436005122975,
    "dynamic_hc_stop_profit_thres": 0.5839794194782536,
    "last_close_price_hc_pct": -0.0380704278209415,
    "last_day_sell_thres": 0.8858954997803534,
    "last_day_sell_huiche": 0.01877115083564608,
    "fd_mount": 44113417,
    "fd_vol_pct": 0.5359104116066423,
    "fd_ju_ticks": 13,
    "max_zb_times": 25,
    "stagnation_kline_ticks": 50,
    "decline_kline_ticks": 10,
    "yang_yin_threshold": 0.023818596839840174,
    "stagnation_n": 30,
    "stagnation_volume_ratio_threshold": 94.91130042109269,
    "stagnation_ratio_threshold": 1491,
    "decline_volume_ratio_threshold": 91.95362573783135,
    "max_rebounds": 1,
    "decline_ratio_threshold": 886,
    "flxd_ticks": 474,
    "flzz_ticks": 2000,
    "use_simiple_kline_strategy_flxd": false,
    "use_simiple_kline_strategy_flzz": false,
    "flzz_use_smooth_price": false,
    "flzz_zf_thresh": 0.09955989183355854,
    "kline_sell_flxd_zy": true,
    "kline_sell_flxd_zs": true,
    "kline_sell_flzz_zs": false,
    "kline_sell_flzz_zy": false,
    "last_open_price_hc_pct": -0.003549277516414577,
    "open_price_max_hc": -0.07338072548213287,
    "loss_per_step_tick_gap": 1,
    "loss_cold_start_steps": 0,
    "loss_max_abserve_tick_steps": 390,
    "loss_max_abserce_avg_price_down_steps": 12,
    "loss_dynamic_hc_stop_profit_thres": 0.550068211037852,
    "loss_last_close_price_hc_pct": -0.06460691347654204,
    "loss_last_open_price_hc_pct": -0.0402730751103714,
    "loss_open_price_max_hc": -0.021833087652072064,
    "loss_down_open_sell_wait_time": false,
    "down_open_sell_wait_time": true,
    "day_zy_line": 0.005304977553519762,
    "day_zs_line": -0.1113041931887402,
    "sell_afternoon": true,
    "sell_half_afternoon": false,
    "sell_max_days": 2,
    "stop_profit_pct": 0.0,
    "static_hc_stop_profit_pct": 1.0,
    "loss_static_hc_stop_profit_pct": 1.0
  },
  "timestamp": "2025-09-07T05:13:49.814388",
  "individual": [
    15.828953102328509,
    21.301287965991342,
    995.5499097690655,
    7.665885264002243,
    -0.004910436005122975,
    0.5839794194782536,
    -0.0380704278209415,
    0.8858954997803534,
    0.01877115083564608,
    44113416.60985557,
    0.5359104116066423,
    12.916144036906335,
    25.286875596082673,
    50.0,
    10.17509237684352,
    0.023818596839840174,
    29.885221005534447,
    94.91130042109269,
    1491.0888104739254,
    91.95362573783135,
    0.9090046633599653,
    886.4018548008012,
    473.54341468961445,
    2000.0,
    0,
    0,
    0,
    0.09955989183355854,
    1,
    1,
    0,
    0,
    -0.003549277516414577,
    -0.07338072548213287,
    1.0559842731381186,
    0.10207765988288028,
    390.119633334231,
    11.542757564705969,
    0.550068211037852,
    -0.06460691347654204,
    -0.0402730751103714,
    -0.021833087652072064,
    0,
    1,
    0.005304977553519762,
    -0.1113041931887402,
    1,
    0,
    1.7271809426133138
  ],
  "max_drawdown_threshold": 0.25,
  "strategy_name": "\u9996\u7ea2\u65ad"
}