{
  "generation": 10,
  "fitness": 3.714005843029377,
  "total_return": 26.233320000000006,
  "max_drawdown": 0.28270435113180103,
  "sharpe_ratio": 4.696981397562248,
  "params": {
    "per_step_tick_gap": 25,
    "cold_start_steps": 29,
    "max_abserve_tick_steps": 1000,
    "max_abserce_avg_price_down_steps": 5,
    "stop_profit_open_hc_pct": -0.022295942182240965,
    "dynamic_hc_stop_profit_thres": 1.0564391744659662,
    "last_close_price_hc_pct": -0.03979014013390999,
    "last_day_sell_thres": 0.9832084907939158,
    "last_day_sell_huiche": 0.01964904739197562,
    "fd_mount": 57013063,
    "fd_vol_pct": 0.40001564762091624,
    "fd_ju_ticks": 12,
    "max_zb_times": 13,
    "stagnation_kline_ticks": 37,
    "decline_kline_ticks": 8,
    "yang_yin_threshold": 0.028393910231911457,
    "stagnation_n": 30,
    "stagnation_volume_ratio_threshold": 99.71094836801933,
    "stagnation_ratio_threshold": 1232,
    "decline_volume_ratio_threshold": 1.1,
    "max_rebounds": 0,
    "decline_ratio_threshold": 791,
    "flxd_ticks": 129,
    "flzz_ticks": 1536,
    "use_simiple_kline_strategy_flxd": false,
    "use_simiple_kline_strategy_flzz": true,
    "flzz_use_smooth_price": false,
    "flzz_zf_thresh": -0.03955204584537178,
    "kline_sell_flxd_zy": false,
    "kline_sell_flxd_zs": true,
    "kline_sell_flzz_zs": false,
    "kline_sell_flzz_zy": false,
    "last_open_price_hc_pct": -0.015136262174142368,
    "open_price_max_hc": -0.06758860660807749,
    "loss_per_step_tick_gap": 11,
    "loss_cold_start_steps": 3,
    "loss_max_abserve_tick_steps": 44,
    "loss_max_abserce_avg_price_down_steps": 7,
    "loss_dynamic_hc_stop_profit_thres": 5.097711739803454,
    "loss_last_close_price_hc_pct": -0.04771796371831294,
    "loss_last_open_price_hc_pct": -0.05172853940192211,
    "loss_open_price_max_hc": -0.0034983668836222775,
    "loss_down_open_sell_wait_time": false,
    "down_open_sell_wait_time": true,
    "day_zy_line": 0.012478567739444927,
    "day_zs_line": -0.11222516694101109,
    "sell_afternoon": true,
    "sell_half_afternoon": false,
    "sell_max_days": 2,
    "stop_profit_pct": 0.0,
    "static_hc_stop_profit_pct": 1.0,
    "loss_static_hc_stop_profit_pct": 1.0
  },
  "timestamp": "2025-09-07T04:41:01.707509",
  "individual": [
    24.972258153824587,
    28.629937233420108,
    1000.0,
    4.946523580726685,
    -0.022295942182240965,
    1.0564391744659662,
    -0.03979014013390999,
    0.9832084907939158,
    0.01964904739197562,
    57013063.41836861,
    0.40001564762091624,
    12.046327021741874,
    12.894528626753237,
    37.03626427383569,
    8.329398207539185,
    0.028393910231911457,
    30.0,
    99.71094836801933,
    1232.2320519236773,
    1.1,
    0.0,
    790.868928742307,
    129.02498203165027,
    1536.109523814412,
    0,
    1,
    0,
    -0.03955204584537178,
    0,
    1,
    0,
    0,
    -0.015136262174142368,
    -0.06758860660807749,
    11.001471490229669,
    2.6223177382871277,
    44.34822000377419,
    6.898676205130341,
    5.097711739803454,
    -0.04771796371831294,
    -0.05172853940192211,
    -0.0034983668836222775,
    0,
    1,
    0.012478567739444927,
    -0.11222516694101109,
    1,
    0,
    1.868199300807914
  ],
  "max_drawdown_threshold": 0.25,
  "strategy_name": "\u9996\u7ea2\u65ad"
}