{
  "generation": 30,
  "fitness": 1.996325658445927,
  "total_return": 4.527875,
  "max_drawdown": 0.18720613524054297,
  "sharpe_ratio": 3.903638937684611,
  "params": {
    "per_step_tick_gap": 23,
    "cold_start_steps": 42,
    "max_abserve_tick_steps": 951,
    "max_abserce_avg_price_down_steps": 11,
    "stop_profit_open_hc_pct": -0.037055644169541505,
    "dynamic_hc_stop_profit_thres": 1.0988286780275276,
    "last_close_price_hc_pct": -0.013474820478163235,
    "last_day_sell_thres": 0.9738530913932983,
    "last_day_sell_huiche": 0.008410047672398564,
    "fd_mount": 134689388,
    "fd_vol_pct": 0.6613797985168124,
    "fd_ju_ticks": 50,
    "max_zb_times": 29,
    "stagnation_kline_ticks": 32,
    "decline_kline_ticks": 50,
    "yang_yin_threshold": 0.028347713704350984,
    "stagnation_n": 3,
    "stagnation_volume_ratio_threshold": 43.49938640629841,
    "stagnation_ratio_threshold": 318,
    "decline_volume_ratio_threshold": 26.792472086298197,
    "max_rebounds": 3,
    "decline_ratio_threshold": 15,
    "flxd_ticks": 205,
    "flzz_ticks": 100,
    "use_simiple_kline_strategy_flxd": true,
    "use_simiple_kline_strategy_flzz": true,
    "flzz_use_smooth_price": true,
    "flzz_zf_thresh": 0.0318665576901417,
    "kline_sell_flxd_zy": true,
    "kline_sell_flxd_zs": true,
    "kline_sell_flzz_zs": false,
    "kline_sell_flzz_zy": true,
    "last_open_price_hc_pct": -0.01904775473130017,
    "open_price_max_hc": -0.07374957713424092,
    "loss_per_step_tick_gap": 22,
    "loss_cold_start_steps": 0,
    "loss_max_abserve_tick_steps": 371,
    "loss_max_abserce_avg_price_down_steps": 7,
    "loss_dynamic_hc_stop_profit_thres": 0.025744479189001458,
    "loss_last_close_price_hc_pct": -0.04008042141814386,
    "loss_last_open_price_hc_pct": -0.05203171656989081,
    "loss_open_price_max_hc": -0.04322016840643121,
    "loss_down_open_sell_wait_time": false,
    "down_open_sell_wait_time": false,
    "day_zy_line": 0.0,
    "day_zs_line": -0.08017697086623791,
    "sell_afternoon": false,
    "sell_half_afternoon": true,
    "sell_max_days": 1,
    "stop_profit_pct": 0.0,
    "static_hc_stop_profit_pct": 1.0,
    "loss_static_hc_stop_profit_pct": 1.0
  },
  "timestamp": "2025-09-07T20:35:43.869493",
  "individual": [
    23.023456738222254,
    42.21670489665098,
    951.3996507194342,
    10.557644127502556,
    -0.037055644169541505,
    1.0988286780275276,
    -0.013474820478163235,
    0.9738530913932983,
    0.008410047672398564,
    134689388.08240825,
    0.6613797985168124,
    50.0,
    28.79547854048712,
    32.23530914668362,
    50.0,
    0.028347713704350984,
    3.493134724741039,
    43.49938640629841,
    317.9716368199088,
    26.792472086298197,
    2.5497499918712396,
    15.0,
    205.30571181581735,
    100.0,
    1,
    1,
    1,
    0.0318665576901417,
    1,
    1,
    0,
    1,
    -0.01904775473130017,
    -0.07374957713424092,
    22.225068363797245,
    0.0,
    371.24059497240296,
    6.791796102600021,
    0.025744479189001458,
    -0.04008042141814386,
    -0.05203171656989081,
    -0.04322016840643121,
    0,
    0,
    0.0,
    -0.08017697086623791,
    0,
    1,
    1.015236283617488
  ],
  "max_drawdown_threshold": 0.15,
  "strategy_name": "\u542f\u52a8\u4f4e\u54387\u5929"
}