{
  "generation": 40,
  "fitness": 2.074801708281626,
  "total_return": 4.818205,
  "max_drawdown": 0.18491133976508659,
  "sharpe_ratio": 3.970635810415977,
  "params": {
    "per_step_tick_gap": 22,
    "cold_start_steps": 38,
    "max_abserve_tick_steps": 956,
    "max_abserce_avg_price_down_steps": 12,
    "stop_profit_open_hc_pct": -0.10373683371457461,
    "dynamic_hc_stop_profit_thres": 1.5462832011362604,
    "last_close_price_hc_pct": -0.012321888364863155,
    "last_day_sell_thres": 0.8557233925036701,
    "last_day_sell_huiche": 0.007491696435229689,
    "fd_mount": 97409040,
    "fd_vol_pct": 0.5921247517350353,
    "fd_ju_ticks": 33,
    "max_zb_times": 19,
    "stagnation_kline_ticks": 15,
    "decline_kline_ticks": 50,
    "yang_yin_threshold": 0.026614218515887494,
    "stagnation_n": 12,
    "stagnation_volume_ratio_threshold": 29.745914972348647,
    "stagnation_ratio_threshold": 15,
    "decline_volume_ratio_threshold": 47.65538893524298,
    "max_rebounds": 6,
    "decline_ratio_threshold": 468,
    "flxd_ticks": 423,
    "flzz_ticks": 251,
    "use_simiple_kline_strategy_flxd": true,
    "use_simiple_kline_strategy_flzz": true,
    "flzz_use_smooth_price": true,
    "flzz_zf_thresh": 0.035801995494724084,
    "kline_sell_flxd_zy": false,
    "kline_sell_flxd_zs": true,
    "kline_sell_flzz_zs": false,
    "kline_sell_flzz_zy": true,
    "last_open_price_hc_pct": -0.06802218229089357,
    "open_price_max_hc": -0.04123204331903112,
    "loss_per_step_tick_gap": 23,
    "loss_cold_start_steps": 0,
    "loss_max_abserve_tick_steps": 397,
    "loss_max_abserce_avg_price_down_steps": 1,
    "loss_dynamic_hc_stop_profit_thres": 0.010518312018972527,
    "loss_last_close_price_hc_pct": -0.03345620540684731,
    "loss_last_open_price_hc_pct": -0.059304874822238195,
    "loss_open_price_max_hc": -0.05486944430195762,
    "loss_down_open_sell_wait_time": false,
    "down_open_sell_wait_time": true,
    "day_zy_line": 0.0,
    "day_zs_line": -0.07555328233973427,
    "sell_afternoon": false,
    "sell_half_afternoon": true,
    "sell_max_days": 1,
    "stop_profit_pct": 0.0,
    "static_hc_stop_profit_pct": 1.0,
    "loss_static_hc_stop_profit_pct": 1.0
  },
  "timestamp": "2025-09-07T20:40:49.179594",
  "individual": [
    21.650156288193457,
    37.65214353452134,
    955.9184879509774,
    11.647461497870555,
    -0.10373683371457461,
    1.5462832011362604,
    -0.012321888364863155,
    0.8557233925036701,
    0.007491696435229689,
    97409039.55474366,
    0.5921247517350353,
    33.25578704364279,
    19.16133247602435,
    14.802036692576893,
    49.95551788665511,
    0.026614218515887494,
    11.547142385982168,
    29.745914972348647,
    15.0,
    47.65538893524298,
    6.0765842539711965,
    467.50578097189,
    423.4772658788307,
    250.8808247027378,
    1,
    1,
    1,
    0.035801995494724084,
    0,
    1,
    0,
    1,
    -0.06802218229089357,
    -0.04123204331903112,
    23.452061620555504,
    0.2671554298223352,
    397.19859250248675,
    1.0,
    0.010518312018972527,
    -0.03345620540684731,
    -0.059304874822238195,
    -0.05486944430195762,
    0,
    1,
    0.0,
    -0.07555328233973427,
    0,
    1,
    1.0603526746655907
  ],
  "max_drawdown_threshold": 0.15,
  "strategy_name": "\u542f\u52a8\u4f4e\u54387\u5929"
}