{
  "generation": 20,
  "fitness": 2.290574469086986,
  "total_return": 157.88247,
  "max_drawdown": 0.39328384888054035,
  "sharpe_ratio": 5.210249112298973,
  "params": {
    "per_step_tick_gap": 2,
    "cold_start_steps": 5,
    "max_abserve_tick_steps": 333,
    "max_abserce_avg_price_down_steps": 15,
    "stop_profit_open_hc_pct": -0.07646978389700756,
    "dynamic_hc_stop_profit_thres": 2.595937274517346,
    "last_close_price_hc_pct": 0.005928234529982448,
    "last_day_sell_thres": 0.19786807353592673,
    "last_day_sell_huiche": 0.013409977036648613,
    "fd_mount": 85503275,
    "fd_vol_pct": 0.0,
    "fd_ju_ticks": 8,
    "max_zb_times": 12,
    "stagnation_kline_ticks": 37,
    "decline_kline_ticks": 5,
    "yang_yin_threshold": 0.03,
    "stagnation_n": 4,
    "stagnation_volume_ratio_threshold": 82.71301235876867,
    "stagnation_ratio_threshold": 1500,
    "decline_volume_ratio_threshold": 30.053801530054905,
    "max_rebounds": 15,
    "decline_ratio_threshold": 1235,
    "flxd_ticks": 485,
    "flzz_ticks": 1552,
    "use_simiple_kline_strategy_flxd": true,
    "use_simiple_kline_strategy_flzz": false,
    "flzz_use_smooth_price": true,
    "flzz_zf_thresh": 0.00943560830889225,
    "kline_sell_flxd_zy": false,
    "kline_sell_flxd_zs": true,
    "kline_sell_flzz_zs": true,
    "kline_sell_flzz_zy": false,
    "last_open_price_hc_pct": 0.007331399508619112,
    "open_price_max_hc": -0.007731426562558575,
    "loss_per_step_tick_gap": 22,
    "loss_cold_start_steps": 12,
    "loss_max_abserve_tick_steps": 380,
    "loss_max_abserce_avg_price_down_steps": 4,
    "loss_dynamic_hc_stop_profit_thres": 0.972711823136795,
    "loss_last_close_price_hc_pct": -0.03699981804710653,
    "loss_last_open_price_hc_pct": -0.045541732100429916,
    "loss_open_price_max_hc": -0.02187645180335157,
    "loss_down_open_sell_wait_time": false,
    "down_open_sell_wait_time": false,
    "day_zy_line": 0.003037202600475789,
    "day_zs_line": -0.1624420879460454,
    "sell_afternoon": true,
    "sell_half_afternoon": false,
    "sell_max_days": 2,
    "stop_profit_pct": 0.0,
    "static_hc_stop_profit_pct": 1.0,
    "loss_static_hc_stop_profit_pct": 1.0
  },
  "timestamp": "2025-09-07T03:40:51.421740",
  "individual": [
    1.8440073590029307,
    4.9727624923370914,
    333.2523936451842,
    14.991626644665157,
    -0.07646978389700756,
    2.595937274517346,
    0.005928234529982448,
    0.19786807353592673,
    0.013409977036648613,
    85503275.28625022,
    0.0,
    8.159139958240967,
    11.827936124359745,
    36.8375870073955,
    5.302033246365404,
    0.03,
    4.261292455989145,
    82.71301235876867,
    1500.0,
    30.053801530054905,
    15.0,
    1235.2540870687196,
    484.8787487387006,
    1551.51135698728,
    1,
    0,
    1,
    0.00943560830889225,
    0,
    1,
    1,
    0,
    0.007331399508619112,
    -0.007731426562558575,
    22.116189010254566,
    12.386017610202112,
    380.32316620619287,
    4.153223121364278,
    0.972711823136795,
    -0.03699981804710653,
    -0.045541732100429916,
    -0.02187645180335157,
    0,
    0,
    0.003037202600475789,
    -0.1624420879460454,
    1,
    0,
    1.9722885038495872
  ],
  "max_drawdown_threshold": 0.15,
  "strategy_name": "\u5012\u63a5\u529b5"
}