{
  "generation": 50,
  "fitness": 2.6507350246685704,
  "total_return": 188.32978,
  "max_drawdown": 0.3792718631628877,
  "sharpe_ratio": 5.370845782036849,
  "params": {
    "per_step_tick_gap": 2,
    "cold_start_steps": 5,
    "max_abserve_tick_steps": 367,
    "max_abserce_avg_price_down_steps": 12,
    "stop_profit_open_hc_pct": -0.1440420024432459,
    "dynamic_hc_stop_profit_thres": 1.893276393795089,
    "last_close_price_hc_pct": -0.0020139787952941084,
    "last_day_sell_thres": 0.12774152039168774,
    "last_day_sell_huiche": 0.008770677974263993,
    "fd_mount": 10000000,
    "fd_vol_pct": 1.6363553652918842e-07,
    "fd_ju_ticks": 45,
    "max_zb_times": 30,
    "stagnation_kline_ticks": 35,
    "decline_kline_ticks": 28,
    "yang_yin_threshold": 0.028937279330520815,
    "stagnation_n": 6,
    "stagnation_volume_ratio_threshold": 42.880840662552956,
    "stagnation_ratio_threshold": 1213,
    "decline_volume_ratio_threshold": 23.021603558254352,
    "max_rebounds": 7,
    "decline_ratio_threshold": 1066,
    "flxd_ticks": 407,
    "flzz_ticks": 541,
    "use_simiple_kline_strategy_flxd": true,
    "use_simiple_kline_strategy_flzz": false,
    "flzz_use_smooth_price": false,
    "flzz_zf_thresh": -0.06997191102197406,
    "kline_sell_flxd_zy": false,
    "kline_sell_flxd_zs": false,
    "kline_sell_flzz_zs": false,
    "kline_sell_flzz_zy": false,
    "last_open_price_hc_pct": 0.009118064877261257,
    "open_price_max_hc": -0.0071350591251196655,
    "loss_per_step_tick_gap": 1,
    "loss_cold_start_steps": 30,
    "loss_max_abserve_tick_steps": 317,
    "loss_max_abserce_avg_price_down_steps": 2,
    "loss_dynamic_hc_stop_profit_thres": 7.348562568428713,
    "loss_last_close_price_hc_pct": 0.01,
    "loss_last_open_price_hc_pct": -0.04318692188597213,
    "loss_open_price_max_hc": -0.02427567323441883,
    "loss_down_open_sell_wait_time": false,
    "down_open_sell_wait_time": false,
    "day_zy_line": 0.001965730124360433,
    "day_zs_line": -0.13309222565151158,
    "sell_afternoon": true,
    "sell_half_afternoon": false,
    "sell_max_days": 2,
    "stop_profit_pct": 0.0,
    "static_hc_stop_profit_pct": 1.0,
    "loss_static_hc_stop_profit_pct": 1.0
  },
  "timestamp": "2025-09-07T03:50:54.138870",
  "individual": [
    1.6474984762694704,
    4.810875820847165,
    366.95044895238254,
    11.879017744679413,
    -0.1440420024432459,
    1.893276393795089,
    -0.0020139787952941084,
    0.12774152039168774,
    0.008770677974263993,
    10000000.0,
    1.6363553652918842e-07,
    44.67371240200799,
    29.968559016171437,
    34.996822417828476,
    28.063648631378413,
    0.028937279330520815,
    6.244908668918066,
    42.880840662552956,
    1213.4173159694865,
    23.021603558254352,
    7.332920591233144,
    1065.5533831411271,
    407.3286541904087,
    541.1224064860817,
    1,
    0,
    0,
    -0.06997191102197406,
    0,
    0,
    0,
    0,
    0.009118064877261257,
    -0.0071350591251196655,
    1.0,
    29.96273604610213,
    317.19473964640747,
    2.221450784905608,
    7.348562568428713,
    0.01,
    -0.04318692188597213,
    -0.02427567323441883,
    0,
    0,
    0.001965730124360433,
    -0.13309222565151158,
    1,
    0,
    2.27338686576234
  ],
  "max_drawdown_threshold": 0.15,
  "strategy_name": "\u5012\u63a5\u529b5"
}