{
  "generation": 70,
  "fitness": 2.6637766393076783,
  "total_return": 190.62065500000003,
  "max_drawdown": 0.37922921649193353,
  "sharpe_ratio": 5.381947006580759,
  "params": {
    "per_step_tick_gap": 2,
    "cold_start_steps": 5,
    "max_abserve_tick_steps": 345,
    "max_abserce_avg_price_down_steps": 11,
    "stop_profit_open_hc_pct": -0.14324389308400903,
    "dynamic_hc_stop_profit_thres": 1.8808996080216467,
    "last_close_price_hc_pct": -0.003059320518185934,
    "last_day_sell_thres": 0.27436422458441106,
    "last_day_sell_huiche": 0.005328185995701726,
    "fd_mount": 56594552,
    "fd_vol_pct": 1.4762501359649402e-05,
    "fd_ju_ticks": 49,
    "max_zb_times": 24,
    "stagnation_kline_ticks": 38,
    "decline_kline_ticks": 13,
    "yang_yin_threshold": 0.019084972414502625,
    "stagnation_n": 2,
    "stagnation_volume_ratio_threshold": 3.4664970845304874,
    "stagnation_ratio_threshold": 1154,
    "decline_volume_ratio_threshold": 20.945392419966563,
    "max_rebounds": 11,
    "decline_ratio_threshold": 1017,
    "flxd_ticks": 406,
    "flzz_ticks": 1437,
    "use_simiple_kline_strategy_flxd": true,
    "use_simiple_kline_strategy_flzz": false,
    "flzz_use_smooth_price": true,
    "flzz_zf_thresh": -0.0590701763187572,
    "kline_sell_flxd_zy": false,
    "kline_sell_flxd_zs": true,
    "kline_sell_flzz_zs": false,
    "kline_sell_flzz_zy": false,
    "last_open_price_hc_pct": 0.009061765080092338,
    "open_price_max_hc": -0.007429404298923723,
    "loss_per_step_tick_gap": 3,
    "loss_cold_start_steps": 30,
    "loss_max_abserve_tick_steps": 383,
    "loss_max_abserce_avg_price_down_steps": 2,
    "loss_dynamic_hc_stop_profit_thres": 3.0426588319414707,
    "loss_last_close_price_hc_pct": -0.022649282227412748,
    "loss_last_open_price_hc_pct": -0.013396847257485084,
    "loss_open_price_max_hc": -0.03237327941644948,
    "loss_down_open_sell_wait_time": true,
    "down_open_sell_wait_time": false,
    "day_zy_line": 0.0019580275208650995,
    "day_zs_line": -0.13306653399372903,
    "sell_afternoon": true,
    "sell_half_afternoon": false,
    "sell_max_days": 2,
    "stop_profit_pct": 0.0,
    "static_hc_stop_profit_pct": 1.0,
    "loss_static_hc_stop_profit_pct": 1.0
  },
  "timestamp": "2025-09-07T03:57:16.186487",
  "individual": [
    1.6639559758954723,
    4.64530368174682,
    344.52433266327455,
    10.650494800654016,
    -0.14324389308400903,
    1.8808996080216467,
    -0.003059320518185934,
    0.27436422458441106,
    0.005328185995701726,
    56594552.46549908,
    1.4762501359649402e-05,
    48.95432180970276,
    23.71364218552058,
    38.0824551009435,
    12.600288790625257,
    0.019084972414502625,
    2.327007058533307,
    3.4664970845304874,
    1153.5917129152988,
    20.945392419966563,
    11.17715521448253,
    1016.5284251598168,
    405.77651494784993,
    1437.0102287538357,
    1,
    0,
    1,
    -0.0590701763187572,
    0,
    1,
    0,
    0,
    0.009061765080092338,
    -0.007429404298923723,
    3.2932211482196756,
    29.81622133208671,
    383.1096486890587,
    2.007408917501396,
    3.0426588319414707,
    -0.022649282227412748,
    -0.013396847257485084,
    -0.03237327941644948,
    1,
    0,
    0.0019580275208650995,
    -0.13306653399372903,
    1,
    0,
    2.394467173326067
  ],
  "max_drawdown_threshold": 0.15,
  "strategy_name": "\u5012\u63a5\u529b5"
}