{
  "generation": 30,
  "fitness": 2.501661935590072,
  "total_return": 170.072495,
  "max_drawdown": 0.38263859039050696,
  "sharpe_ratio": 5.28129094403375,
  "params": {
    "per_step_tick_gap": 2,
    "cold_start_steps": 5,
    "max_abserve_tick_steps": 365,
    "max_abserce_avg_price_down_steps": 15,
    "stop_profit_open_hc_pct": -0.12672725721260383,
    "dynamic_hc_stop_profit_thres": 2.4033096882629867,
    "last_close_price_hc_pct": -0.008509400464084636,
    "last_day_sell_thres": 0.11898851640191788,
    "last_day_sell_huiche": 0.008250919064008213,
    "fd_mount": 117680629,
    "fd_vol_pct": 0.0,
    "fd_ju_ticks": 43,
    "max_zb_times": 21,
    "stagnation_kline_ticks": 39,
    "decline_kline_ticks": 21,
    "yang_yin_threshold": 0.03,
    "stagnation_n": 5,
    "stagnation_volume_ratio_threshold": 41.2541654821305,
    "stagnation_ratio_threshold": 944,
    "decline_volume_ratio_threshold": 23.957447756129856,
    "max_rebounds": 12,
    "decline_ratio_threshold": 645,
    "flxd_ticks": 423,
    "flzz_ticks": 1752,
    "use_simiple_kline_strategy_flxd": true,
    "use_simiple_kline_strategy_flzz": false,
    "flzz_use_smooth_price": false,
    "flzz_zf_thresh": -0.06331078196493702,
    "kline_sell_flxd_zy": false,
    "kline_sell_flxd_zs": true,
    "kline_sell_flzz_zs": true,
    "kline_sell_flzz_zy": false,
    "last_open_price_hc_pct": 0.008582591883133362,
    "open_price_max_hc": -0.0072833759672347054,
    "loss_per_step_tick_gap": 10,
    "loss_cold_start_steps": 26,
    "loss_max_abserve_tick_steps": 293,
    "loss_max_abserce_avg_price_down_steps": 3,
    "loss_dynamic_hc_stop_profit_thres": 3.8806412981022147,
    "loss_last_close_price_hc_pct": -0.018319027666201596,
    "loss_last_open_price_hc_pct": -0.040703064558283195,
    "loss_open_price_max_hc": -0.01705213093351483,
    "loss_down_open_sell_wait_time": true,
    "down_open_sell_wait_time": false,
    "day_zy_line": 0.0031392827267211253,
    "day_zs_line": -0.1321187146271668,
    "sell_afternoon": true,
    "sell_half_afternoon": false,
    "sell_max_days": 2,
    "stop_profit_pct": 0.0,
    "static_hc_stop_profit_pct": 1.0,
    "loss_static_hc_stop_profit_pct": 1.0
  },
  "timestamp": "2025-09-07T03:44:16.679150",
  "individual": [
    1.6014573561838317,
    4.880543599657584,
    364.68423681316085,
    15.0,
    -0.12672725721260383,
    2.4033096882629867,
    -0.008509400464084636,
    0.11898851640191788,
    0.008250919064008213,
    117680628.70747998,
    0.0,
    42.92212713901138,
    20.86546861751225,
    39.00352739502871,
    21.465204115998347,
    0.03,
    4.654755720539187,
    41.2541654821305,
    943.9155673568183,
    23.957447756129856,
    11.87704901915486,
    644.8183211765445,
    423.3347400859976,
    1751.5651128346394,
    1,
    0,
    0,
    -0.06331078196493702,
    0,
    1,
    1,
    0,
    0.008582591883133362,
    -0.0072833759672347054,
    9.638573286681856,
    26.44366683027433,
    293.2592480658277,
    2.9930865270359948,
    3.8806412981022147,
    -0.018319027666201596,
    -0.040703064558283195,
    -0.01705213093351483,
    1,
    0,
    0.0031392827267211253,
    -0.1321187146271668,
    1,
    0,
    2.2676040275614255
  ],
  "max_drawdown_threshold": 0.15,
  "strategy_name": "\u5012\u63a5\u529b5"
}