{
  "gen": [
    0,
    1,
    2,
    3,
    4,
    5,
    6,
    7,
    8,
    9,
    10,
    11,
    12,
    13,
    14,
    15,
    16,
    17,
    18,
    19,
    20,
    21,
    22,
    23,
    24,
    25,
    26,
    27,
    28,
    29,
    30,
    31,
    32,
    33,
    34,
    35,
    36,
    37,
    38,
    39,
    40,
    41,
    42,
    43,
    44,
    45,
    46,
    47,
    48,
    49,
    50,
    51,
    52,
    53,
    54,
    55,
    56,
    57,
    58,
    59,
    60,
    61,
    62,
    63,
    64,
    65,
    66,
    67,
    68,
    69,
    70,
    71,
    72,
    73,
    74,
    75,
    76,
    77,
    78
  ],
  "best_fitness": [
    0.9703301805382416,
    1.3109721445106852,
    1.4383276125268996,
    1.472284858337837,
    1.8101417949112697,
    1.8367918975398922,
    1.9050679030697204,
    1.9050679030697204,
    1.988930320432095,
    2.042354935370593,
    2.042354935370593,
    2.0661460932368656,
    2.185266131976851,
    2.185266131976851,
    2.2046390877309894,
    2.2055549865335986,
    2.22487493702453,
    2.235661166453873,
    2.289963329439255,
    2.289963329439255,
    2.290574469086986,
    2.290574469086986,
    2.403220774716029,
    2.4066794665844347,
    2.4066794665844347,
    2.428078492610749,
    2.438109196632063,
    2.4595733454346527,
    2.501661935590072,
    2.501661935590072,
    2.501661935590072,
    2.501661935590072,
    2.532565604574821,
    2.542437592702577,
    2.546100397086873,
    2.564062882479747,
    2.5756913141914706,
    2.5910566619816464,
    2.5910566619816464,
    2.613570597207323,
    2.613570597207323,
    2.6195292315523484,
    2.620231112738144,
    2.640813704632115,
    2.640813704632115,
    2.6433183500387876,
    2.6441678196353005,
    2.6449052241170476,
    2.6504531677960754,
    2.650631320696935,
    2.6507350246685704,
    2.6508370124176053,
    2.6553142717573404,
    2.6553142717573404,
    2.655787154078039,
    2.6601776006147646,
    2.6601776006147646,
    2.6620514568834936,
    2.6637766393076783,
    2.6637766393076783,
    2.6637766393076783,
    2.6637766393076783,
    2.6637766393076783,
    2.6637766393076783,
    2.6637766393076783,
    2.6637766393076783,
    2.6637766393076783,
    2.6637766393076783,
    2.6637766393076783,
    2.6637766393076783,
    2.6637766393076783,
    2.6637766393076783,
    2.6637766393076783,
    2.6637766393076783,
    2.6637766393076783,
    2.6637766393076783,
    2.6637766393076783,
    2.6637766393076783,
    2.6637766393076783
  ],
  "best_return": [
    21.800835,
    29.72727,
    61.14523250000002,
    64.3585225,
    80.73875,
    75.75300500000002,
    95.21443500000002,
    95.21443500000002,
    106.72376500000001,
    114.348535,
    114.348535,
    120.73886499999998,
    120.75295,
    120.75295,
    142.855555,
    125.675905,
    144.102635,
    147.87511,
    129.35291,
    129.35291,
    157.88247,
    157.88247,
    146.89977,
    147.321075,
    147.321075,
    152.352555,
    148.60000499999995,
    159.25437999999997,
    170.072495,
    170.072495,
    170.072495,
    170.072495,
    167.10629,
    168.75989,
    169.673595,
    176.31109,
    174.59691,
    177.61107,
    177.61107,
    181.72653,
    181.72653,
    182.602985,
    182.859735,
    186.525565,
    186.525565,
    187.1046,
    187.30985,
    187.23685,
    188.5971,
    188.43101000000004,
    188.32978,
    188.495835,
    189.22567500000002,
    189.22567500000002,
    189.19375500000004,
    190.01784000000004,
    190.01784000000004,
    190.42357000000004,
    190.62065500000003,
    190.62065500000003,
    190.62065500000003,
    190.62065500000003,
    190.62065500000003,
    190.62065500000003,
    190.62065500000003,
    190.62065500000003,
    190.62065500000003,
    190.62065500000003,
    190.62065500000003,
    190.62065500000003,
    190.62065500000003,
    190.62065500000003,
    190.62065500000003,
    190.62065500000003,
    190.62065500000003,
    190.62065500000003,
    190.62065500000003,
    190.62065500000003,
    190.62065500000003
  ],
  "best_drawdown": [
    0.4131210723743615,
    0.3815693301807038,
    0.4121822341602562,
    0.41173223247479435,
    0.3932378300612908,
    0.3834513941840741,
    0.39332860962428395,
    0.39332860962428395,
    0.39328068998393334,
    0.39332554177836254,
    0.39332554177836254,
    0.3933338519099676,
    0.3832719999698667,
    0.3832719999698667,
    0.393391977747253,
    0.38452220466346326,
    0.39338804319068543,
    0.39331197123633,
    0.379878417476675,
    0.379878417476675,
    0.39328384888054035,
    0.39328384888054035,
    0.3799517508728403,
    0.3798626775763662,
    0.3798626775763662,
    0.3806156788324098,
    0.3792712274832893,
    0.38130387627364676,
    0.38263859039050696,
    0.38263859039050696,
    0.38263859039050696,
    0.38263859039050696,
    0.37926613704467727,
    0.37924885153574056,
    0.3792815241219711,
    0.38067427588094327,
    0.3792427510241722,
    0.37931711231406506,
    0.37931711231406506,
    0.37927531511039203,
    0.37927531511039203,
    0.37922947431209203,
    0.3792428334495523,
    0.379280453141997,
    0.379280453141997,
    0.379277529459883,
    0.37935289084304585,
    0.37926183284564907,
    0.37936024485050096,
    0.37929386765757944,
    0.3792718631628877,
    0.3793049906111774,
    0.3792655622627493,
    0.3792655622627493,
    0.3792667226037495,
    0.37926534072951135,
    0.37926534072951135,
    0.3792427358608362,
    0.37922921649193353,
    0.37922921649193353,
    0.37922921649193353,
    0.37922921649193353,
    0.37922921649193353,
    0.37922921649193353,
    0.37922921649193353,
    0.37922921649193353,
    0.37922921649193353,
    0.37922921649193353,
    0.37922921649193353,
    0.37922921649193353,
    0.37922921649193353,
    0.37922921649193353,
    0.37922921649193353,
    0.37922921649193353,
    0.37922921649193353,
    0.37922921649193353,
    0.37922921649193353,
    0.37922921649193353,
    0.37922921649193353
  ],
  "best_sharpe": [
    3.906147777551718,
    4.187928917633539,
    4.518153591897485,
    4.572178470460151,
    4.988617827525571,
    4.713467548082382,
    4.9464089021537125,
    4.9464089021537125,
    5.024296678615734,
    5.085314455384929,
    5.085314455384929,
    4.988890603542202,
    4.990583683372814,
    4.990583683372814,
    5.137626803985502,
    5.036095541439749,
    5.235805676567361,
    5.170927725241913,
    5.070787792150768,
    5.070787792150768,
    5.210249112298973,
    5.210249112298973,
    5.174837585651943,
    5.174819901978355,
    5.174819901978355,
    5.205456839296166,
    5.283215498282223,
    5.2384634100184435,
    5.28129094403375,
    5.28129094403375,
    5.28129094403375,
    5.28129094403375,
    5.271206989985396,
    5.279920980629038,
    5.277345836158549,
    5.310945878686344,
    5.307831343028712,
    5.319295557471009,
    5.319295557471009,
    5.333183011589774,
    5.333183011589774,
    5.340221523846834,
    5.338253221253583,
    5.362299031482984,
    5.362299031482984,
    5.360819386001558,
    5.366956921182406,
    5.365368324500124,
    5.36947731894496,
    5.369309937714446,
    5.370845782036849,
    5.369729684834108,
    5.3728803589869845,
    5.3728803589869845,
    5.376792294902728,
    5.380212488460915,
    5.380212488460915,
    5.37817304046918,
    5.381947006580759,
    5.381947006580759,
    5.381947006580759,
    5.381947006580759,
    5.381947006580759,
    5.381947006580759,
    5.381947006580759,
    5.381947006580759,
    5.381947006580759,
    5.381947006580759,
    5.381947006580759,
    5.381947006580759,
    5.381947006580759,
    5.381947006580759,
    5.381947006580759,
    5.381947006580759,
    5.381947006580759,
    5.381947006580759,
    5.381947006580759,
    5.381947006580759,
    5.381947006580759
  ],