{
  "generation": 130,
  "fitness": 2.9552788247829844,
  "total_return": 118.62939499999999,
  "max_drawdown": 0.3270612171200202,
  "sharpe_ratio": 4.945413309636038,
  "params": {
    "per_step_tick_gap": 12,
    "cold_start_steps": 49,
    "max_abserve_tick_steps": 387,
    "max_abserce_avg_price_down_steps": 13,
    "stop_profit_open_hc_pct": -0.13175324840647704,
    "dynamic_hc_stop_profit_thres": 1.8387414402974815,
    "last_close_price_hc_pct": -0.00921217731919544,
    "last_day_sell_thres": 0.17045881838281174,
    "last_day_sell_huiche": 0.007569934019977878,
    "fd_mount": 64566139,
    "fd_vol_pct": 0.36953873493224754,
    "fd_ju_ticks": 1,
    "max_zb_times": 1,
    "stagnation_kline_ticks": 12,
    "decline_kline_ticks": 32,
    "yang_yin_threshold": 0.0193549479347953,
    "stagnation_n": 26,
    "stagnation_volume_ratio_threshold": 77.92606762058038,
    "stagnation_ratio_threshold": 1219,
    "decline_volume_ratio_threshold": 58.67515450214264,
    "max_rebounds": 1,
    "decline_ratio_threshold": 270,
    "flxd_ticks": 299,
    "flzz_ticks": 1241,
    "use_simiple_kline_strategy_flxd": true,
    "use_simiple_kline_strategy_flzz": true,
    "flzz_use_smooth_price": true,
    "flzz_zf_thresh": 0.0241468168054687,
    "kline_sell_flxd_zy": false,
    "kline_sell_flxd_zs": true,
    "kline_sell_flzz_zs": false,
    "kline_sell_flzz_zy": true,
    "last_open_price_hc_pct": -0.008805727875232372,
    "open_price_max_hc": -0.09493738742743468,
    "loss_per_step_tick_gap": 1,
    "loss_cold_start_steps": 2,
    "loss_max_abserve_tick_steps": 41,
    "loss_max_abserce_avg_price_down_steps": 2,
    "loss_dynamic_hc_stop_profit_thres": 8.0,
    "loss_last_close_price_hc_pct": -0.07505272575315755,
    "loss_last_open_price_hc_pct": -0.007240163889891889,
    "loss_open_price_max_hc": -0.007155869641590272,
    "loss_down_open_sell_wait_time": true,
    "down_open_sell_wait_time": true,
    "day_zy_line": 0.0050381381366215216,
    "day_zs_line": -0.021536852819757982,
    "sell_afternoon": false,
    "sell_half_afternoon": false,
    "sell_max_days": 2,
    "stop_profit_pct": 0.0,
    "static_hc_stop_profit_pct": 1.0,
    "loss_static_hc_stop_profit_pct": 1.0
  },
  "timestamp": "2025-09-06T04:59:17.150551",
  "individual": [
    11.823572695087451,
    49.42428018761739,
    386.7410232864424,
    13.375754496549568,
    -0.13175324840647704,
    1.8387414402974815,
    -0.00921217731919544,
    0.17045881838281174,
    0.007569934019977878,
    64566139.47027488,
    0.36953873493224754,
    1.0000009160552774,
    1.1519611357988286,
    11.980085656316321,
    31.62500663886611,
    0.0193549479347953,
    26.104293770558936,
    77.92606762058038,
    1218.53770729723,
    58.67515450214264,
    0.7441082131048468,
    270.3398223409652,
    298.56167220198256,
    1240.5036794777209,
    1,
    1,
    1,
    0.0241468168054687,
    0,
    1,
    0,
    1,
    -0.008805727875232372,
    -0.09493738742743468,
    1.4638740701829835,
    2.1812943724861364,
    40.90331073482155,
    2.1832070101107095,
    8.0,
    -0.07505272575315755,
    -0.007240163889891889,
    -0.007155869641590272,
    1,
    1,
    0.0050381381366215216,
    -0.021536852819757982,
    0,
    0,
    2.3995657644256325
  ],
  "max_drawdown_threshold": 0.15,
  "strategy_name": "\u63a5\u529b\u5012\u63a5\u529b3"
}