{
  "generation": 30,
  "fitness": 2.4242676373577217,
  "total_return": 72.43157499999997,
  "max_drawdown": 0.3270733970814228,
  "sharpe_ratio": 4.445237081521029,
  "params": {
    "per_step_tick_gap": 23,
    "cold_start_steps": 43,
    "max_abserve_tick_steps": 486,
    "max_abserce_avg_price_down_steps": 14,
    "stop_profit_open_hc_pct": -0.09561858602431059,
    "dynamic_hc_stop_profit_thres": 8.0,
    "last_close_price_hc_pct": 0.004655675833085127,
    "last_day_sell_thres": 0.8429594438693452,
    "last_day_sell_huiche": 0.012158869520671781,
    "fd_mount": 65945718,
    "fd_vol_pct": 0.3827656605892311,
    "fd_ju_ticks": 25,
    "max_zb_times": 1,
    "stagnation_kline_ticks": 13,
    "decline_kline_ticks": 16,
    "yang_yin_threshold": 0.03,
    "stagnation_n": 16,
    "stagnation_volume_ratio_threshold": 96.97300422724541,
    "stagnation_ratio_threshold": 896,
    "decline_volume_ratio_threshold": 100.0,
    "max_rebounds": 0,
    "decline_ratio_threshold": 950,
    "flxd_ticks": 494,
    "flzz_ticks": 1186,
    "use_simiple_kline_strategy_flxd": true,
    "use_simiple_kline_strategy_flzz": true,
    "flzz_use_smooth_price": false,
    "flzz_zf_thresh": 0.019078039130356213,
    "kline_sell_flxd_zy": true,
    "kline_sell_flxd_zs": true,
    "kline_sell_flzz_zs": true,
    "kline_sell_flzz_zy": true,
    "last_open_price_hc_pct": -0.05183755363390768,
    "open_price_max_hc": -0.0983135330781813,
    "loss_per_step_tick_gap": 1,
    "loss_cold_start_steps": 2,
    "loss_max_abserve_tick_steps": 208,
    "loss_max_abserce_avg_price_down_steps": 5,
    "loss_dynamic_hc_stop_profit_thres": 8.0,
    "loss_last_close_price_hc_pct": -0.07178915548319764,
    "loss_last_open_price_hc_pct": -0.07987416559806193,
    "loss_open_price_max_hc": -0.00763271032395102,
    "loss_down_open_sell_wait_time": false,
    "down_open_sell_wait_time": false,
    "day_zy_line": 0.004773681584771764,
    "day_zs_line": -0.01733486386782121,
    "sell_afternoon": false,
    "sell_half_afternoon": false,
    "sell_max_days": 3,
    "stop_profit_pct": 0.0,
    "static_hc_stop_profit_pct": 1.0,
    "loss_static_hc_stop_profit_pct": 1.0
  },
  "timestamp": "2025-09-06T04:01:23.028201",
  "individual": [
    22.62966954542435,
    43.01238861983416,
    485.9891750284413,
    13.635860978594778,
    -0.09561858602431059,
    8.0,
    0.004655675833085127,
    0.8429594438693452,
    0.012158869520671781,
    65945717.57213493,
    0.3827656605892311,
    25.114658041592406,
    1.0,
    12.529979388442623,
    16.232976934182926,
    0.03,
    16.458059333463716,
    96.97300422724541,
    895.9005372606332,
    100.0,
    0.0,
    950.1718657139588,
    493.75873274978494,
    1185.685336064846,
    1,
    1,
    0,
    0.019078039130356213,
    1,
    1,
    1,
    1,
    -0.05183755363390768,
    -0.0983135330781813,
    1.3882240299915196,
    2.3855034386991854,
    208.28710978309735,
    4.9437088699301395,
    8.0,
    -0.07178915548319764,
    -0.07987416559806193,
    -0.00763271032395102,
    0,
    0,
    0.004773681584771764,
    -0.01733486386782121,
    0,
    0,
    3.3464533672272596
  ],
  "max_drawdown_threshold": 0.15,
  "strategy_name": "\u63a5\u529b\u5012\u63a5\u529b3"
}