{
  "generation": 110,
  "fitness": 2.9486837395195873,
  "total_return": 117.99843999999999,
  "max_drawdown": 0.3270937723360102,
  "sharpe_ratio": 4.940993784726155,
  "params": {
    "per_step_tick_gap": 12,
    "cold_start_steps": 50,
    "max_abserve_tick_steps": 392,
    "max_abserce_avg_price_down_steps": 13,
    "stop_profit_open_hc_pct": -0.1330495957451166,
    "dynamic_hc_stop_profit_thres": 6.498801925880172,
    "last_close_price_hc_pct": -0.00926119678467003,
    "last_day_sell_thres": 0.1462357012575513,
    "last_day_sell_huiche": 0.006499470587559098,
    "fd_mount": 65447744,
    "fd_vol_pct": 0.3688710490249908,
    "fd_ju_ticks": 1,
    "max_zb_times": 1,
    "stagnation_kline_ticks": 12,
    "decline_kline_ticks": 31,
    "yang_yin_threshold": 0.020332260447337304,
    "stagnation_n": 26,
    "stagnation_volume_ratio_threshold": 76.95195139262913,
    "stagnation_ratio_threshold": 1384,
    "decline_volume_ratio_threshold": 60.03528156622167,
    "max_rebounds": 1,
    "decline_ratio_threshold": 305,
    "flxd_ticks": 295,
    "flzz_ticks": 1254,
    "use_simiple_kline_strategy_flxd": false,
    "use_simiple_kline_strategy_flzz": true,
    "flzz_use_smooth_price": true,
    "flzz_zf_thresh": 0.02407400870036677,
    "kline_sell_flxd_zy": false,
    "kline_sell_flxd_zs": true,
    "kline_sell_flzz_zs": false,
    "kline_sell_flzz_zy": true,
    "last_open_price_hc_pct": -0.008730799083386266,
    "open_price_max_hc": -0.09161603054101326,
    "loss_per_step_tick_gap": 1,
    "loss_cold_start_steps": 2,
    "loss_max_abserve_tick_steps": 41,
    "loss_max_abserce_avg_price_down_steps": 2,
    "loss_dynamic_hc_stop_profit_thres": 7.9910403850506295,
    "loss_last_close_price_hc_pct": -0.07475757160162658,
    "loss_last_open_price_hc_pct": -0.008907637372835842,
    "loss_open_price_max_hc": -0.00782429432272244,
    "loss_down_open_sell_wait_time": true,
    "down_open_sell_wait_time": true,
    "day_zy_line": 0.005037031579896259,
    "day_zs_line": -0.02157167053390027,
    "sell_afternoon": false,
    "sell_half_afternoon": false,
    "sell_max_days": 2,
    "stop_profit_pct": 0.0,
    "static_hc_stop_profit_pct": 1.0,
    "loss_static_hc_stop_profit_pct": 1.0
  },
  "timestamp": "2025-09-06T04:47:47.102871",
  "individual": [
    11.816503851855073,
    49.545195097941814,
    392.0145183961136,
    13.451735200461965,
    -0.1330495957451166,
    6.498801925880172,
    -0.00926119678467003,
    0.1462357012575513,
    0.006499470587559098,
    65447744.09665473,
    0.3688710490249908,
    1.0000011309587031,
    1.1972676949516359,
    11.985719770192366,
    31.22366235387372,
    0.020332260447337304,
    25.963196121135176,
    76.95195139262913,
    1383.7499075213634,
    60.03528156622167,
    1.2287269626776398,
    305.1911502717006,
    295.36580336586144,
    1253.7674462872371,
    0,
    1,
    1,
    0.02407400870036677,
    0,
    1,
    0,
    1,
    -0.008730799083386266,
    -0.09161603054101326,
    1.464052762305403,
    2.1840085760868546,
    40.84143595809576,
    2.4116758471851263,
    7.9910403850506295,
    -0.07475757160162658,
    -0.008907637372835842,
    -0.00782429432272244,
    1,
    1,
    0.005037031579896259,
    -0.02157167053390027,
    0,
    0,
    2.30491089311259
  ],
  "max_drawdown_threshold": 0.15,
  "strategy_name": "\u63a5\u529b\u5012\u63a5\u529b3"
}