{
  "generation": 70,
  "fitness": 2.8255799170168716,
  "total_return": 105.51364999999998,
  "max_drawdown": 0.326990083842408,
  "sharpe_ratio": 4.8473866315043,
  "params": {
    "per_step_tick_gap": 12,
    "cold_start_steps": 49,
    "max_abserve_tick_steps": 381,
    "max_abserce_avg_price_down_steps": 13,
    "stop_profit_open_hc_pct": -0.13444499267538987,
    "dynamic_hc_stop_profit_thres": 3.5202154538145023,
    "last_close_price_hc_pct": -0.009712928885361531,
    "last_day_sell_thres": 0.1695957581813912,
    "last_day_sell_huiche": 0.006714866262641622,
    "fd_mount": 63950616,
    "fd_vol_pct": 0.2912490867187589,
    "fd_ju_ticks": 1,
    "max_zb_times": 1,
    "stagnation_kline_ticks": 12,
    "decline_kline_ticks": 31,
    "yang_yin_threshold": 0.02014041082256594,
    "stagnation_n": 27,
    "stagnation_volume_ratio_threshold": 98.65292857968036,
    "stagnation_ratio_threshold": 1142,
    "decline_volume_ratio_threshold": 59.74510645458157,
    "max_rebounds": 0,
    "decline_ratio_threshold": 328,
    "flxd_ticks": 306,
    "flzz_ticks": 1203,
    "use_simiple_kline_strategy_flxd": false,
    "use_simiple_kline_strategy_flzz": true,
    "flzz_use_smooth_price": true,
    "flzz_zf_thresh": 0.023890445367729704,
    "kline_sell_flxd_zy": false,
    "kline_sell_flxd_zs": true,
    "kline_sell_flzz_zs": false,
    "kline_sell_flzz_zy": true,
    "last_open_price_hc_pct": -0.009073386052068888,
    "open_price_max_hc": -0.1,
    "loss_per_step_tick_gap": 1,
    "loss_cold_start_steps": 2,
    "loss_max_abserve_tick_steps": 40,
    "loss_max_abserce_avg_price_down_steps": 2,
    "loss_dynamic_hc_stop_profit_thres": 7.899778730490512,
    "loss_last_close_price_hc_pct": -0.07477988168660885,
    "loss_last_open_price_hc_pct": -0.0292846384606988,
    "loss_open_price_max_hc": -0.011325466051072115,
    "loss_down_open_sell_wait_time": true,
    "down_open_sell_wait_time": true,
    "day_zy_line": 0.005425841500451986,
    "day_zs_line": -0.02157036743175565,
    "sell_afternoon": false,
    "sell_half_afternoon": true,
    "sell_max_days": 2,
    "stop_profit_pct": 0.0,
    "static_hc_stop_profit_pct": 1.0,
    "loss_static_hc_stop_profit_pct": 1.0
  },
  "timestamp": "2025-09-06T04:24:38.809093",
  "individual": [
    11.771594933405622,
    49.28727611423419,
    380.5758976260639,
    13.495326394030673,
    -0.13444499267538987,
    3.5202154538145023,
    -0.009712928885361531,
    0.1695957581813912,
    0.006714866262641622,
    63950616.38071631,
    0.2912490867187589,
    1.0000018889704894,
    1.1580672885508474,
    11.864183299073723,
    31.23779534429968,
    0.02014041082256594,
    27.466615689400363,
    98.65292857968036,
    1142.44902615965,
    59.74510645458157,
    0.0,
    327.7745832391164,
    305.95727784539804,
    1203.3494958371298,
    0,
    1,
    1,
    0.023890445367729704,
    0,
    1,
    0,
    1,
    -0.009073386052068888,
    -0.1,
    1.4688778530535573,
    2.25010407072818,
    39.69003872303206,
    2.442796052616565,
    7.899778730490512,
    -0.07477988168660885,
    -0.0292846384606988,
    -0.011325466051072115,
    1,
    1,
    0.005425841500451986,
    -0.02157036743175565,
    0,
    1,
    2.3156726550411557
  ],
  "max_drawdown_threshold": 0.15,
  "strategy_name": "\u63a5\u529b\u5012\u63a5\u529b3"
}