{
  "generation": 20,
  "fitness": 2.265038564630434,
  "total_return": 59.00744999999999,
  "max_drawdown": 0.3270316806075549,
  "sharpe_ratio": 4.438178746466156,
  "params": {
    "per_step_tick_gap": 9,
    "cold_start_steps": 46,
    "max_abserve_tick_steps": 42,
    "max_abserce_avg_price_down_steps": 13,
    "stop_profit_open_hc_pct": -0.11871398959268098,
    "dynamic_hc_stop_profit_thres": 6.309014029331001,
    "last_close_price_hc_pct": -0.0026557209627006556,
    "last_day_sell_thres": 0.01,
    "last_day_sell_huiche": 0.008273636765005499,
    "fd_mount": 25983218,
    "fd_vol_pct": 0.3600289782751001,
    "fd_ju_ticks": 1,
    "max_zb_times": 1,
    "stagnation_kline_ticks": 13,
    "decline_kline_ticks": 23,
    "yang_yin_threshold": 0.017020450038078182,
    "stagnation_n": 15,
    "stagnation_volume_ratio_threshold": 100.0,
    "stagnation_ratio_threshold": 837,
    "decline_volume_ratio_threshold": 60.80896951348731,
    "max_rebounds": 9,
    "decline_ratio_threshold": 823,
    "flxd_ticks": 356,
    "flzz_ticks": 1214,
    "use_simiple_kline_strategy_flxd": false,
    "use_simiple_kline_strategy_flzz": true,
    "flzz_use_smooth_price": true,
    "flzz_zf_thresh": -0.008411786513956365,
    "kline_sell_flxd_zy": true,
    "kline_sell_flxd_zs": false,
    "kline_sell_flzz_zs": false,
    "kline_sell_flzz_zy": true,
    "last_open_price_hc_pct": -0.028620055362166892,
    "open_price_max_hc": -0.019478990695364927,
    "loss_per_step_tick_gap": 1,
    "loss_cold_start_steps": 2,
    "loss_max_abserve_tick_steps": 431,
    "loss_max_abserce_avg_price_down_steps": 4,
    "loss_dynamic_hc_stop_profit_thres": 7.787986523909311,
    "loss_last_close_price_hc_pct": -0.07387750786204843,
    "loss_last_open_price_hc_pct": -0.03973379918100908,
    "loss_open_price_max_hc": -0.012318889870429808,
    "loss_down_open_sell_wait_time": true,
    "down_open_sell_wait_time": false,
    "day_zy_line": 0.004167319213157158,
    "day_zs_line": -0.010528926031569102,
    "sell_afternoon": false,
    "sell_half_afternoon": true,
    "sell_max_days": 2,
    "stop_profit_pct": 0.0,
    "static_hc_stop_profit_pct": 1.0,
    "loss_static_hc_stop_profit_pct": 1.0
  },
  "timestamp": "2025-09-06T03:55:30.109229",
  "individual": [
    9.27719342822629,
    46.179969190282605,
    41.71278530226994,
    13.22906341370362,
    -0.11871398959268098,
    6.309014029331001,
    -0.0026557209627006556,
    0.01,
    0.008273636765005499,
    25983217.763743304,
    0.3600289782751001,
    1.3347183221236734,
    1.078035106390221,
    12.777569641863789,
    22.80652127562906,
    0.017020450038078182,
    15.28334637492054,
    100.0,
    836.9052322442989,
    60.80896951348731,
    8.97885795001686,
    823.0807969264775,
    355.6634041451637,
    1214.2136599930552,
    0,
    1,
    1,
    -0.008411786513956365,
    1,
    0,
    0,
    1,
    -0.028620055362166892,
    -0.019478990695364927,
    1.0586739168793153,
    2.2436469677800357,
    430.85994066595276,
    4.21514908465283,
    7.787986523909311,
    -0.07387750786204843,
    -0.03973379918100908,
    -0.012318889870429808,
    1,
    0,
    0.004167319213157158,
    -0.010528926031569102,
    0,
    1,
    2.2915757460753254
  ],
  "max_drawdown_threshold": 0.15,
  "strategy_name": "\u63a5\u529b\u5012\u63a5\u529b3"
}