{
  "generation": 10,
  "fitness": 1.8507524234151864,
  "total_return": 43.277145,
  "max_drawdown": 0.34201625865589885,
  "sharpe_ratio": 4.213960164339784,
  "params": {
    "per_step_tick_gap": 7,
    "cold_start_steps": 0,
    "max_abserve_tick_steps": 651,
    "max_abserce_avg_price_down_steps": 1,
    "stop_profit_open_hc_pct": -0.09609626330123015,
    "dynamic_hc_stop_profit_thres": 3.1549263063420723,
    "last_close_price_hc_pct": -0.012883654748375746,
    "last_day_sell_thres": 0.18648024391566775,
    "last_day_sell_huiche": 0.017001749589192386,
    "fd_mount": 22895767,
    "fd_vol_pct": 0.6746204719243031,
    "fd_ju_ticks": 1,
    "max_zb_times": 1,
    "stagnation_kline_ticks": 50,
    "decline_kline_ticks": 40,
    "yang_yin_threshold": 0.015238666901177882,
    "stagnation_n": 1,
    "stagnation_volume_ratio_threshold": 100.0,
    "stagnation_ratio_threshold": 1500,
    "decline_volume_ratio_threshold": 56.897403923530646,
    "max_rebounds": 10,
    "decline_ratio_threshold": 422,
    "flxd_ticks": 416,
    "flzz_ticks": 1123,
    "use_simiple_kline_strategy_flxd": false,
    "use_simiple_kline_strategy_flzz": false,
    "flzz_use_smooth_price": true,
    "flzz_zf_thresh": -0.025654734759225178,
    "kline_sell_flxd_zy": false,
    "kline_sell_flxd_zs": false,
    "kline_sell_flzz_zs": true,
    "kline_sell_flzz_zy": true,
    "last_open_price_hc_pct": -0.034625213501717864,
    "open_price_max_hc": -0.0014643854447611358,
    "loss_per_step_tick_gap": 5,
    "loss_cold_start_steps": 0,
    "loss_max_abserve_tick_steps": 411,
    "loss_max_abserce_avg_price_down_steps": 6,
    "loss_dynamic_hc_stop_profit_thres": 7.642013516424935,
    "loss_last_close_price_hc_pct": -0.04508393363727667,
    "loss_last_open_price_hc_pct": -0.06173437004826304,
    "loss_open_price_max_hc": -0.025507883747194628,
    "loss_down_open_sell_wait_time": false,
    "down_open_sell_wait_time": true,
    "day_zy_line": 0.005965956246938211,
    "day_zs_line": 0.0,
    "sell_afternoon": false,
    "sell_half_afternoon": true,
    "sell_max_days": 2,
    "stop_profit_pct": 0.0,
    "static_hc_stop_profit_pct": 1.0,
    "loss_static_hc_stop_profit_pct": 1.0
  },
  "timestamp": "2025-09-06T03:50:20.751182",
  "individual": [
    7.418144721996276,
    0.0,
    651.2527222285225,
    1,
    -0.09609626330123015,
    3.1549263063420723,
    -0.012883654748375746,
    0.18648024391566775,
    0.017001749589192386,
    22895766.952724397,
    0.6746204719243031,
    1,
    1.0,
    49.53894503011007,
    40.11565962344405,
    0.015238666901177882,
    1.0,
    100,
    1500.0,
    56.897403923530646,
    9.650388518027606,
    422.14272848437497,
    416.19735378516094,
    1123.2507285544439,
    0,
    0,
    1,
    -0.025654734759225178,
    0,
    0,
    1,
    1,
    -0.034625213501717864,
    -0.0014643854447611358,
    4.758035734520401,
    0.0,
    411.2935074978775,
    5.637290860741939,
    7.642013516424935,
    -0.04508393363727667,
    -0.06173437004826304,
    -0.025507883747194628,
    0,
    1,
    0.005965956246938211,
    0,
    0,
    1,
    2.3766283032000923
  ],
  "max_drawdown_threshold": 0.15,
  "strategy_name": "\u63a5\u529b\u5012\u63a5\u529b3"
}