{
  "generation": 80,
  "fitness": 2.842765940265568,
  "total_return": 107.40369499999998,
  "max_drawdown": 0.32714360665567416,
  "sharpe_ratio": 4.862836962536773,
  "params": {
    "per_step_tick_gap": 12,
    "cold_start_steps": 50,
    "max_abserve_tick_steps": 386,
    "max_abserce_avg_price_down_steps": 13,
    "stop_profit_open_hc_pct": -0.13052068163202143,
    "dynamic_hc_stop_profit_thres": 3.727560855420871,
    "last_close_price_hc_pct": -0.009735842416277384,
    "last_day_sell_thres": 0.1742474434322586,
    "last_day_sell_huiche": 0.008333930686772378,
    "fd_mount": 65961023,
    "fd_vol_pct": 0.27871778346341614,
    "fd_ju_ticks": 1,
    "max_zb_times": 1,
    "stagnation_kline_ticks": 12,
    "decline_kline_ticks": 32,
    "yang_yin_threshold": 0.019435588657719948,
    "stagnation_n": 27,
    "stagnation_volume_ratio_threshold": 98.67609372595979,
    "stagnation_ratio_threshold": 1169,
    "decline_volume_ratio_threshold": 64.26083712143013,
    "max_rebounds": 3,
    "decline_ratio_threshold": 1500,
    "flxd_ticks": 299,
    "flzz_ticks": 1208,
    "use_simiple_kline_strategy_flxd": false,
    "use_simiple_kline_strategy_flzz": true,
    "flzz_use_smooth_price": true,
    "flzz_zf_thresh": 0.024189670951264945,
    "kline_sell_flxd_zy": false,
    "kline_sell_flxd_zs": true,
    "kline_sell_flzz_zs": false,
    "kline_sell_flzz_zy": true,
    "last_open_price_hc_pct": -0.008972764497119015,
    "open_price_max_hc": -0.1,
    "loss_per_step_tick_gap": 1,
    "loss_cold_start_steps": 2,
    "loss_max_abserve_tick_steps": 41,
    "loss_max_abserce_avg_price_down_steps": 3,
    "loss_dynamic_hc_stop_profit_thres": 7.943466487039368,
    "loss_last_close_price_hc_pct": -0.07451359107608213,
    "loss_last_open_price_hc_pct": -0.011185780289504276,
    "loss_open_price_max_hc": -0.011348845660054781,
    "loss_down_open_sell_wait_time": true,
    "down_open_sell_wait_time": true,
    "day_zy_line": 0.005060734912841606,
    "day_zs_line": -0.021574584321611547,
    "sell_afternoon": false,
    "sell_half_afternoon": true,
    "sell_max_days": 2,
    "stop_profit_pct": 0.0,
    "static_hc_stop_profit_pct": 1.0,
    "loss_static_hc_stop_profit_pct": 1.0
  },
  "timestamp": "2025-09-06T04:30:27.089077",
  "individual": [
    11.853958177294958,
    49.729651178251075,
    386.2759072825379,
    13.28775050287158,
    -0.13052068163202143,
    3.727560855420871,
    -0.009735842416277384,
    0.1742474434322586,
    0.008333930686772378,
    65961023.33850583,
    0.27871778346341614,
    1.0,
    1.1641170933851006,
    11.656435403767677,
    31.844176282102488,
    0.019435588657719948,
    27.231307593875545,
    98.67609372595979,
    1169.179750921445,
    64.26083712143013,
    2.5849409058642263,
    1500.0,
    299.0523521358049,
    1207.501364197712,
    0,
    1,
    1,
    0.024189670951264945,
    0,
    1,
    0,
    1,
    -0.008972764497119015,
    -0.1,
    1.4642201637466603,
    2.2307098744181406,
    40.500538261787895,
    3.0205148786988385,
    7.943466487039368,
    -0.07451359107608213,
    -0.011185780289504276,
    -0.011348845660054781,
    1,
    1,
    0.005060734912841606,
    -0.021574584321611547,
    0,
    1,
    2.3328715814934076
  ],
  "max_drawdown_threshold": 0.15,
  "strategy_name": "\u63a5\u529b\u5012\u63a5\u529b3"
}