{
    "strategy": "中位中强小低开低吸",
    "generation": 10,
    "best_score": 0.021075205135888373,
    "best_params": {
        "ema_alpha": 0.3,
        "kalman_q": 0.029901340881988463,
        "kalman_r": 0.02723728025661174,
        "sg_window": 13,
        "macd_fast": 3,
        "macd_slow_ratio": 1.5288948683798924,
        "macd_signal": 11,
        "ema_fast": 2,
        "ema_slow_ratio": 3,
        "volume_window": 3,
        "price_confirm_ticks": 9,
        "strength_confirm_ticks": 6,
        "strength_threshold": 0.3339371425018437,
        "volume_weight": 0.6618284432484389,
        "use_price_confirm": false,
        "use_strength_confirm": false,
        "dead_cross_threshold": 0.04940645090271455,
        "price_drop_threshold": 0.01572830715376289,
        "max_confirm_ticks": 20,
        "debug": false
    },
    "timestamp": "20250821_170800"
}