{
    "strategy": "中位中强小低开低吸",
    "generation": 0,
    "best_score": 0.02315432574595916,
    "best_params": {
        "ema_alpha": 0.2702054704784428,
        "kalman_q": 0.03387799867401065,
        "kalman_r": 0.03526162578176202,
        "sg_window": 9,
        "macd_fast": 9,
        "macd_slow_ratio": 1.5834741890648012,
        "macd_signal": 12,
        "ema_fast": 3,
        "ema_slow_ratio": 2.7153457853734224,
        "volume_window": 4,
        "price_confirm_ticks": 9,
        "strength_confirm_ticks": 6,
        "strength_threshold": 0.3339371425018437,
        "volume_weight": 0.7681224746276103,
        "use_price_confirm": false,
        "use_strength_confirm": false,
        "dead_cross_threshold": 0.018167963869177624,
        "price_drop_threshold": 0.007816485278626224,
        "max_confirm_ticks": 18,
        "debug": false
    },
    "timestamp": "20250821_164338"
}