{
    "strategy": "中位中强小低开低吸",
    "generation": 40,
    "best_score": 0.019341628887517368,
    "best_params": {
        "ema_alpha": 0.2973465879836867,
        "kalman_q": 0.026518886138583896,
        "kalman_r": 0.025240099788681792,
        "sg_window": 11,
        "macd_fast": 3,
        "macd_slow_ratio": 1.7151246082424167,
        "macd_signal": 6,
        "ema_fast": 2,
        "ema_slow_ratio": 2.900960662596962,
        "volume_window": 9,
        "price_confirm_ticks": 9,
        "strength_confirm_ticks": 3,
        "strength_threshold": 0.3339371425018437,
        "volume_weight": 0.921753596534736,
        "use_price_confirm": false,
        "use_strength_confirm": false,
        "dead_cross_threshold": 0.003533145728077773,
        "price_drop_threshold": 0.01572830715376289,
        "max_confirm_ticks": 13,
        "debug": false
    },
    "timestamp": "20250821_182033"
}