{
    "strategy": "高强中低开低吸",
    "generation": 60,
    "best_score": 0.021551492903378548,
    "best_params": {
        "ema_alpha": 0.29013975766455613,
        "kalman_q": 0.0320293136345791,
        "kalman_r": 0.026940298328073715,
        "sg_window": 20,
        "macd_fast": 2,
        "macd_slow_ratio": 2.2262678843109502,
        "macd_signal": 2,
        "ema_fast": 3,
        "ema_slow_ratio": 1.7742901371968436,
        "volume_window": 9,
        "price_confirm_ticks": 2,
        "strength_confirm_ticks": 5,
        "strength_threshold": 0.3,
        "volume_weight": 1.0,
        "use_price_confirm": false,
        "use_strength_confirm": false,
        "dead_cross_threshold": 0.00435873508393993,
        "price_drop_threshold": 0.008467593051026075,
        "max_confirm_ticks": 14,
        "debug": false
    },
    "timestamp": "20250809_095150"
}