{
    "strategy": "高强中低开低吸",
    "generation": 20,
    "best_score": 0.02220115912153791,
    "best_params": {
        "ema_alpha": 0.29013975766455613,
        "kalman_q": 0.03245150319687594,
        "kalman_r": 0.0412001185751341,
        "sg_window": 19,
        "macd_fast": 2,
        "macd_slow_ratio": 2.0058156263791576,
        "macd_signal": 2,
        "ema_fast": 2,
        "ema_slow_ratio": 2.93006899484311,
        "volume_window": 6,
        "price_confirm_ticks": 4,
        "strength_confirm_ticks": 5,
        "strength_threshold": 0.3,
        "volume_weight": 1.0,
        "use_price_confirm": false,
        "use_strength_confirm": false,
        "dead_cross_threshold": 0.04153030045120816,
        "price_drop_threshold": 0.001,
        "max_confirm_ticks": 20,
        "debug": false
    },
    "timestamp": "20250809_024520"
}