{
    "strategy": "高强中低开低吸",
    "generation": 0,
    "best_score": 0.02979940635165264,
    "best_params": {
        "ema_alpha": 0.2719584101965008,
        "kalman_q": 0.015953068048479416,
        "kalman_r": 0.02794056501824805,
        "sg_window": 17,
        "macd_fast": 7,
        "macd_slow_ratio": 1.3460939804013123,
        "macd_signal": 3,
        "ema_fast": 3,
        "ema_slow_ratio": 2.1944837080729886,
        "volume_window": 6,
        "price_confirm_ticks": 9,
        "strength_confirm_ticks": 6,
        "strength_threshold": 0.36585979499724836,
        "volume_weight": 0.9221862121704987,
        "use_price_confirm": true,
        "use_strength_confirm": true,
        "dead_cross_threshold": 0.03967174003035403,
        "price_drop_threshold": 0.0013519977444194824,
        "max_confirm_ticks": 19,
        "debug": false
    },
    "timestamp": "20250808_231203"
}