{
  "generation": 100,
  "fitness": 5.1219655583963455,
  "total_return": 119.14384000000003,
  "max_drawdown": 0.3189536861533941,
  "sharpe_ratio": 5.004324231223958,
  "params": {
    "per_step_tick_gap": 14,
    "cold_start_steps": 22,
    "max_abserve_tick_steps": 490,
    "max_abserce_avg_price_down_steps": 2,
    "stop_profit_open_hc_pct": -0.15,
    "dynamic_hc_stop_profit_thres": 6.987487434809157,
    "last_close_price_hc_pct": 0.00885498763262444,
    "last_day_sell_thres": 0.20479319260253423,
    "last_day_sell_huiche": 0.012883340189818349,
    "fd_mount": 150000000,
    "fd_vol_pct": 0.4419276125390677,
    "fd_ju_ticks": 1,
    "max_zb_times": 22,
    "stagnation_kline_ticks": 19,
    "decline_kline_ticks": 13,
    "yang_yin_threshold": 0.003544037649057778,
    "stagnation_n": 29,
    "stagnation_volume_ratio_threshold": 64.63864757376011,
    "stagnation_ratio_threshold": 582,
    "decline_volume_ratio_threshold": 14.783906449945034,
    "max_rebounds": 2,
    "decline_ratio_threshold": 482,
    "flxd_ticks": 4,
    "flzz_ticks": 1493,
    "use_simiple_kline_strategy_flxd": false,
    "use_simiple_kline_strategy_flzz": true,
    "flzz_use_smooth_price": true,
    "flzz_zf_thresh": 0.03204499221356602,
    "kline_sell_flxd_zy": true,
    "kline_sell_flxd_zs": true,
    "kline_sell_flzz_zs": true,
    "kline_sell_flzz_zy": true,
    "last_open_price_hc_pct": -0.05235823898865849,
    "open_price_max_hc": -0.007882023256291055,
    "loss_per_step_tick_gap": 5,
    "loss_cold_start_steps": 28,
    "loss_max_abserve_tick_steps": 145,
    "loss_max_abserce_avg_price_down_steps": 1,
    "loss_dynamic_hc_stop_profit_thres": 3.126448827365796,
    "loss_last_close_price_hc_pct": -0.018383599824321604,
    "loss_last_open_price_hc_pct": -0.01078783603464769,
    "loss_open_price_max_hc": -0.058688572919000606,
    "loss_down_open_sell_wait_time": false,
    "down_open_sell_wait_time": true,
    "day_zy_line": 2.3992906891261472e-05,
    "day_zs_line": -0.019633237377575045,
    "sell_afternoon": false,
    "sell_half_afternoon": false,
    "sell_max_days": 3,
    "stop_profit_pct": 0.0,
    "static_hc_stop_profit_pct": 1.0,
    "loss_static_hc_stop_profit_pct": 1.0
  },
  "timestamp": "2025-09-06T23:57:11.333717",
  "individual": [
    13.572818898917514,
    22.4703572940668,
    489.81133293716687,
    2.3713564972449968,
    -0.15,
    6.987487434809157,
    0.00885498763262444,
    0.20479319260253423,
    0.012883340189818349,
    150000000.0,
    0.4419276125390677,
    1.0000211784456714,
    22.0094004330449,
    18.657784326977136,
    13.39171379955479,
    0.003544037649057778,
    28.688498388208245,
    64.63864757376011,
    581.6279874729764,
    14.783906449945034,
    2.012937575992921,
    482.1684590806891,
    3.6320931827240712,
    1492.530115483738,
    0,
    1,
    1,
    0.03204499221356602,
    1,
    1,
    1,
    1,
    -0.05235823898865849,
    -0.007882023256291055,
    4.758597068121687,
    28.069129708538803,
    145.06885567916532,
    1.2474184489881641,
    3.126448827365796,
    -0.018383599824321604,
    -0.01078783603464769,
    -0.058688572919000606,
    0,
    1,
    2.3992906891261472e-05,
    -0.019633237377575045,
    0,
    0,
    2.7319548699467546
  ],
  "max_drawdown_threshold": 0.25,
  "strategy_name": "\u5012\u63a5\u529b4"
}