{
  "generation": 120,
  "fitness": 5.138067197284361,
  "total_return": 121.75107500000001,
  "max_drawdown": 0.3197944881551229,
  "sharpe_ratio": 5.013722958947304,
  "params": {
    "per_step_tick_gap": 14,
    "cold_start_steps": 22,
    "max_abserve_tick_steps": 485,
    "max_abserce_avg_price_down_steps": 2,
    "stop_profit_open_hc_pct": -0.1473618517177311,
    "dynamic_hc_stop_profit_thres": 7.056598818332813,
    "last_close_price_hc_pct": 0.009026809319267123,
    "last_day_sell_thres": 0.15778826303227445,
    "last_day_sell_huiche": 0.01331094730948221,
    "fd_mount": 149996496,
    "fd_vol_pct": 0.4415509968901341,
    "fd_ju_ticks": 1,
    "max_zb_times": 1,
    "stagnation_kline_ticks": 19,
    "decline_kline_ticks": 3,
    "yang_yin_threshold": 0.0035647643729532644,
    "stagnation_n": 28,
    "stagnation_volume_ratio_threshold": 64.64565357409214,
    "stagnation_ratio_threshold": 579,
    "decline_volume_ratio_threshold": 5.411580367552957,
    "max_rebounds": 2,
    "decline_ratio_threshold": 721,
    "flxd_ticks": 0,
    "flzz_ticks": 1093,
    "use_simiple_kline_strategy_flxd": false,
    "use_simiple_kline_strategy_flzz": true,
    "flzz_use_smooth_price": true,
    "flzz_zf_thresh": 0.03204978599060451,
    "kline_sell_flxd_zy": true,
    "kline_sell_flxd_zs": false,
    "kline_sell_flzz_zs": true,
    "kline_sell_flzz_zy": true,
    "last_open_price_hc_pct": -0.05129619682572766,
    "open_price_max_hc": -0.007873013784945947,
    "loss_per_step_tick_gap": 5,
    "loss_cold_start_steps": 28,
    "loss_max_abserve_tick_steps": 146,
    "loss_max_abserce_avg_price_down_steps": 1,
    "loss_dynamic_hc_stop_profit_thres": 3.028416178039274,
    "loss_last_close_price_hc_pct": -0.01897493872334484,
    "loss_last_open_price_hc_pct": -0.010905830889567586,
    "loss_open_price_max_hc": -0.05919801380602807,
    "loss_down_open_sell_wait_time": true,
    "down_open_sell_wait_time": true,
    "day_zy_line": 3.092322863999564e-05,
    "day_zs_line": -0.01962265856016817,
    "sell_afternoon": false,
    "sell_half_afternoon": false,
    "sell_max_days": 3,
    "stop_profit_pct": 0.0,
    "static_hc_stop_profit_pct": 1.0,
    "loss_static_hc_stop_profit_pct": 1.0
  },
  "timestamp": "2025-09-07T00:08:17.683052",
  "individual": [
    13.578673985578629,
    22.391188168718998,
    485.1835711374223,
    2.425510950445898,
    -0.1473618517177311,
    7.056598818332813,
    0.009026809319267123,
    0.15778826303227445,
    0.01331094730948221,
    149996495.63360232,
    0.4415509968901341,
    1.000020200534719,
    1.2249714441259023,
    18.639625677048556,
    3.330193998129883,
    0.0035647643729532644,
    27.519486128040967,
    64.64565357409214,
    579.475161140062,
    5.411580367552957,
    2.1209178181760855,
    720.6992274357079,
    0.2346484551599861,
    1092.8125432975714,
    0,
    1,
    1,
    0.03204978599060451,
    1,
    0,
    1,
    1,
    -0.05129619682572766,
    -0.007873013784945947,
    4.77518825952724,
    28.061321478426457,
    145.64049527930962,
    1.0918796576689829,
    3.028416178039274,
    -0.01897493872334484,
    -0.010905830889567586,
    -0.05919801380602807,
    1,
    1,
    3.092322863999564e-05,
    -0.01962265856016817,
    0,
    0,
    2.7963164858263276
  ],
  "max_drawdown_threshold": 0.25,
  "strategy_name": "\u5012\u63a5\u529b4"
}