{
  "generation": 110,
  "fitness": 5.12305195739582,
  "total_return": 119.91264500000001,
  "max_drawdown": 0.3193729724589415,
  "sharpe_ratio": 5.010322927354914,
  "params": {
    "per_step_tick_gap": 14,
    "cold_start_steps": 23,
    "max_abserve_tick_steps": 491,
    "max_abserce_avg_price_down_steps": 2,
    "stop_profit_open_hc_pct": -0.14684711992439525,
    "dynamic_hc_stop_profit_thres": 6.983163590332021,
    "last_close_price_hc_pct": 0.008869922581204764,
    "last_day_sell_thres": 0.3636072495780186,
    "last_day_sell_huiche": 0.012804942932851875,
    "fd_mount": 150000000,
    "fd_vol_pct": 0.44473870023298084,
    "fd_ju_ticks": 1,
    "max_zb_times": 22,
    "stagnation_kline_ticks": 19,
    "decline_kline_ticks": 13,
    "yang_yin_threshold": 0.003539202119157497,
    "stagnation_n": 29,
    "stagnation_volume_ratio_threshold": 64.63596165568275,
    "stagnation_ratio_threshold": 582,
    "decline_volume_ratio_threshold": 14.837534173485665,
    "max_rebounds": 2,
    "decline_ratio_threshold": 316,
    "flxd_ticks": 8,
    "flzz_ticks": 1535,
    "use_simiple_kline_strategy_flxd": false,
    "use_simiple_kline_strategy_flzz": true,
    "flzz_use_smooth_price": true,
    "flzz_zf_thresh": 0.03204980849094776,
    "kline_sell_flxd_zy": true,
    "kline_sell_flxd_zs": false,
    "kline_sell_flzz_zs": true,
    "kline_sell_flzz_zy": true,
    "last_open_price_hc_pct": -0.05246824221752239,
    "open_price_max_hc": -0.007880610929253882,
    "loss_per_step_tick_gap": 5,
    "loss_cold_start_steps": 28,
    "loss_max_abserve_tick_steps": 145,
    "loss_max_abserce_avg_price_down_steps": 1,
    "loss_dynamic_hc_stop_profit_thres": 3.3279728618002635,
    "loss_last_close_price_hc_pct": -0.01833511563363628,
    "loss_last_open_price_hc_pct": -0.0107794559600708,
    "loss_open_price_max_hc": -0.058581648010939014,
    "loss_down_open_sell_wait_time": true,
    "down_open_sell_wait_time": false,
    "day_zy_line": 2.5141707653034717e-05,
    "day_zs_line": -0.019628676622622118,
    "sell_afternoon": false,
    "sell_half_afternoon": true,
    "sell_max_days": 3,
    "stop_profit_pct": 0.0,
    "static_hc_stop_profit_pct": 1.0,
    "loss_static_hc_stop_profit_pct": 1.0
  },
  "timestamp": "2025-09-07T00:02:18.048485",
  "individual": [
    13.57119443819023,
    22.550167909928405,
    491.39945379784183,
    2.3679275886295637,
    -0.14684711992439525,
    6.983163590332021,
    0.008869922581204764,
    0.3636072495780186,
    0.012804942932851875,
    150000000.0,
    0.44473870023298084,
    1.0000208570213238,
    22.016768710599393,
    18.66116347347303,
    13.087583812448816,
    0.003539202119157497,
    28.648388064568444,
    64.63596165568275,
    581.5905930542579,
    14.837534173485665,
    2.050715035053793,
    315.9609926870592,
    7.922738067458994,
    1534.7256246712407,
    0,
    1,
    1,
    0.03204980849094776,
    1,
    0,
    1,
    1,
    -0.05246824221752239,
    -0.007880610929253882,
    4.752932195451529,
    28.06248471598384,
    145.2216012115119,
    1.2186433253308644,
    3.3279728618002635,
    -0.01833511563363628,
    -0.0107794559600708,
    -0.058581648010939014,
    1,
    0,
    2.5141707653034717e-05,
    -0.019628676622622118,
    0,
    1,
    2.8455922478361253
  ],
  "max_drawdown_threshold": 0.25,
  "strategy_name": "\u5012\u63a5\u529b4"
}