{
  "generation": 40,
  "fitness": 3.2988829804528232,
  "total_return": 60.31657,
  "max_drawdown": 0.35054080168103513,
  "sharpe_ratio": 4.416529062749837,
  "params": {
    "per_step_tick_gap": 14,
    "cold_start_steps": 22,
    "max_abserve_tick_steps": 511,
    "max_abserce_avg_price_down_steps": 14,
    "stop_profit_open_hc_pct": -0.1257727117677605,
    "dynamic_hc_stop_profit_thres": 7.17401686166209,
    "last_close_price_hc_pct": 0.00881460237823687,
    "last_day_sell_thres": 0.28007984392891067,
    "last_day_sell_huiche": 0.011483374732507594,
    "fd_mount": 53728810,
    "fd_vol_pct": 0.4778860599345907,
    "fd_ju_ticks": 1,
    "max_zb_times": 23,
    "stagnation_kline_ticks": 19,
    "decline_kline_ticks": 17,
    "yang_yin_threshold": 0.004651991242999129,
    "stagnation_n": 23,
    "stagnation_volume_ratio_threshold": 64.81903027494647,
    "stagnation_ratio_threshold": 472,
    "decline_volume_ratio_threshold": 92.88203299386835,
    "max_rebounds": 6,
    "decline_ratio_threshold": 538,
    "flxd_ticks": 104,
    "flzz_ticks": 1411,
    "use_simiple_kline_strategy_flxd": false,
    "use_simiple_kline_strategy_flzz": true,
    "flzz_use_smooth_price": true,
    "flzz_zf_thresh": 0.028357365309713303,
    "kline_sell_flxd_zy": true,
    "kline_sell_flxd_zs": true,
    "kline_sell_flzz_zs": true,
    "kline_sell_flzz_zy": true,
    "last_open_price_hc_pct": -0.053313570213329824,
    "open_price_max_hc": -0.007768732091950264,
    "loss_per_step_tick_gap": 6,
    "loss_cold_start_steps": 29,
    "loss_max_abserve_tick_steps": 146,
    "loss_max_abserce_avg_price_down_steps": 2,
    "loss_dynamic_hc_stop_profit_thres": 3.2971786710277575,
    "loss_last_close_price_hc_pct": -0.020240132294591113,
    "loss_last_open_price_hc_pct": -0.07857991263353042,
    "loss_open_price_max_hc": -0.060957962258753356,
    "loss_down_open_sell_wait_time": false,
    "down_open_sell_wait_time": true,
    "day_zy_line": 0.0,
    "day_zs_line": -0.025780370571690137,
    "sell_afternoon": false,
    "sell_half_afternoon": true,
    "sell_max_days": 2,
    "stop_profit_pct": 0.0,
    "static_hc_stop_profit_pct": 1.0,
    "loss_static_hc_stop_profit_pct": 1.0
  },
  "timestamp": "2025-09-06T23:28:01.222813",
  "individual": [
    13.588594612224938,
    22.058391558176,
    511.1631198902177,
    14,
    -0.1257727117677605,
    7.17401686166209,
    0.00881460237823687,
    0.28007984392891067,
    0.011483374732507594,
    53728810,
    0.4778860599345907,
    1.0,
    23.391463655664435,
    18.6767113771131,
    16.94499048025397,
    0.004651991242999129,
    23,
    64.81903027494647,
    471.61701054685983,
    92.88203299386835,
    6,
    537.8243078634113,
    103.74399322096545,
    1410.933755842316,
    0,
    1,
    1,
    0.028357365309713303,
    1,
    1,
    1,
    1,
    -0.053313570213329824,
    -0.007768732091950264,
    6.20643671446754,
    29.115703689036046,
    145.84439058150105,
    1.6956183234261997,
    3.2971786710277575,
    -0.020240132294591113,
    -0.07857991263353042,
    -0.060957962258753356,
    0,
    1,
    0.0,
    -0.025780370571690137,
    0,
    1,
    2
  ],
  "max_drawdown_threshold": 0.25,
  "strategy_name": "\u5012\u63a5\u529b4"
}