{
  "generation": 30,
  "fitness": 3.177288134299388,
  "total_return": 48.025695,
  "max_drawdown": 0.3452577305177674,
  "sharpe_ratio": 4.53137489815791,
  "params": {
    "per_step_tick_gap": 14,
    "cold_start_steps": 20,
    "max_abserve_tick_steps": 487,
    "max_abserce_avg_price_down_steps": 3,
    "stop_profit_open_hc_pct": 0.0,
    "dynamic_hc_stop_profit_thres": 8.0,
    "last_close_price_hc_pct": 0.01,
    "last_day_sell_thres": 0.5186901326220122,
    "last_day_sell_huiche": 0.012128734530143,
    "fd_mount": 78930710,
    "fd_vol_pct": 0.6366107156353511,
    "fd_ju_ticks": 1,
    "max_zb_times": 21,
    "stagnation_kline_ticks": 19,
    "decline_kline_ticks": 21,
    "yang_yin_threshold": 0.007813025293318291,
    "stagnation_n": 30,
    "stagnation_volume_ratio_threshold": 62.96657282542165,
    "stagnation_ratio_threshold": 366,
    "decline_volume_ratio_threshold": 39.189697726102025,
    "max_rebounds": 6,
    "decline_ratio_threshold": 15,
    "flxd_ticks": 175,
    "flzz_ticks": 1751,
    "use_simiple_kline_strategy_flxd": true,
    "use_simiple_kline_strategy_flzz": true,
    "flzz_use_smooth_price": true,
    "flzz_zf_thresh": 0.029001977824789207,
    "kline_sell_flxd_zy": true,
    "kline_sell_flxd_zs": true,
    "kline_sell_flzz_zs": true,
    "kline_sell_flzz_zy": true,
    "last_open_price_hc_pct": -0.05404809570121514,
    "open_price_max_hc": -0.00756844707172327,
    "loss_per_step_tick_gap": 6,
    "loss_cold_start_steps": 27,
    "loss_max_abserve_tick_steps": 121,
    "loss_max_abserce_avg_price_down_steps": 3,
    "loss_dynamic_hc_stop_profit_thres": 4.2333510868931254,
    "loss_last_close_price_hc_pct": -0.020035286340615736,
    "loss_last_open_price_hc_pct": -0.07884541886641422,
    "loss_open_price_max_hc": -0.029197097186972408,
    "loss_down_open_sell_wait_time": false,
    "down_open_sell_wait_time": false,
    "day_zy_line": 0.0,
    "day_zs_line": -0.12553413925289347,
    "sell_afternoon": false,
    "sell_half_afternoon": false,
    "sell_max_days": 1,
    "stop_profit_pct": 0.0,
    "static_hc_stop_profit_pct": 1.0,
    "loss_static_hc_stop_profit_pct": 1.0
  },
  "timestamp": "2025-09-06T23:25:10.384047",
  "individual": [
    13.663323001776407,
    19.694829910449076,
    486.885624673769,
    3.2951282094513714,
    0.0,
    8.0,
    0.01,
    0.5186901326220122,
    0.012128734530143,
    78930709.78311361,
    0.6366107156353511,
    1.0,
    20.71583801277142,
    18.865118011745842,
    20.794389843521024,
    0.007813025293318291,
    29.88215099444387,
    62.96657282542165,
    366.25730144390513,
    39.189697726102025,
    5.816314249849611,
    15.0,
    174.8361583917807,
    1751.0711727765324,
    1,
    1,
    1,
    0.029001977824789207,
    1,
    1,
    1,
    1,
    -0.05404809570121514,
    -0.00756844707172327,
    5.73391738018426,
    26.80807055675973,
    120.86613799981205,
    3.192908680758952,
    4.2333510868931254,
    -0.020035286340615736,
    -0.07884541886641422,
    -0.029197097186972408,
    0,
    0,
    0.0,
    -0.12553413925289347,
    0,
    0,
    1.0
  ],
  "max_drawdown_threshold": 0.25,
  "strategy_name": "\u5012\u63a5\u529b4"
}