{
  "generation": 80,
  "fitness": 4.92953560080124,
  "total_return": 109.633,
  "max_drawdown": 0.32014358960705885,
  "sharpe_ratio": 4.939603912450947,
  "params": {
    "per_step_tick_gap": 14,
    "cold_start_steps": 23,
    "max_abserve_tick_steps": 496,
    "max_abserce_avg_price_down_steps": 2,
    "stop_profit_open_hc_pct": -0.15,
    "dynamic_hc_stop_profit_thres": 7.023787016381712,
    "last_close_price_hc_pct": 0.008950313078820205,
    "last_day_sell_thres": 0.3425377492820437,
    "last_day_sell_huiche": 0.010726816841345896,
    "fd_mount": 145888678,
    "fd_vol_pct": 0.46531400908402365,
    "fd_ju_ticks": 1,
    "max_zb_times": 19,
    "stagnation_kline_ticks": 19,
    "decline_kline_ticks": 19,
    "yang_yin_threshold": 0.0035520056061593627,
    "stagnation_n": 24,
    "stagnation_volume_ratio_threshold": 64.64623900032726,
    "stagnation_ratio_threshold": 536,
    "decline_volume_ratio_threshold": 1.8008660169524315,
    "max_rebounds": 3,
    "decline_ratio_threshold": 568,
    "flxd_ticks": 58,
    "flzz_ticks": 1710,
    "use_simiple_kline_strategy_flxd": false,
    "use_simiple_kline_strategy_flzz": true,
    "flzz_use_smooth_price": true,
    "flzz_zf_thresh": 0.03204972778427637,
    "kline_sell_flxd_zy": true,
    "kline_sell_flxd_zs": true,
    "kline_sell_flzz_zs": true,
    "kline_sell_flzz_zy": true,
    "last_open_price_hc_pct": -0.05272490235408868,
    "open_price_max_hc": -0.007830459581022877,
    "loss_per_step_tick_gap": 5,
    "loss_cold_start_steps": 28,
    "loss_max_abserve_tick_steps": 143,
    "loss_max_abserce_avg_price_down_steps": 1,
    "loss_dynamic_hc_stop_profit_thres": 3.219163114429422,
    "loss_last_close_price_hc_pct": -0.019064877797187116,
    "loss_last_open_price_hc_pct": -0.010297648856023415,
    "loss_open_price_max_hc": -0.05882080048345335,
    "loss_down_open_sell_wait_time": false,
    "down_open_sell_wait_time": true,
    "day_zy_line": 1.542772054440201e-05,
    "day_zs_line": -0.019698945000551145,
    "sell_afternoon": false,
    "sell_half_afternoon": false,
    "sell_max_days": 3,
    "stop_profit_pct": 0.0,
    "static_hc_stop_profit_pct": 1.0,
    "loss_static_hc_stop_profit_pct": 1.0
  },
  "timestamp": "2025-09-06T23:46:50.515334",
  "individual": [
    13.559634615671227,
    23.260712851224906,
    496.2035911678932,
    2.3050200407719643,
    -0.15,
    7.023787016381712,
    0.008950313078820205,
    0.3425377492820437,
    0.010726816841345896,
    145888677.63557434,
    0.46531400908402365,
    1.000023027450118,
    19.447376921891895,
    18.64017179244031,
    19.31472820500955,
    0.0035520056061593627,
    23.687245077105118,
    64.64623900032726,
    536.3585092203684,
    1.8008660169524315,
    2.6400160848221828,
    568.0556244919565,
    57.957894025819584,
    1709.5739868476242,
    0,
    1,
    1,
    0.03204972778427637,
    1,
    1,
    1,
    1,
    -0.05272490235408868,
    -0.007830459581022877,
    4.769816218286368,
    28.213040619083852,
    142.56994729133766,
    1.2981722003576484,
    3.219163114429422,
    -0.019064877797187116,
    -0.010297648856023415,
    -0.05882080048345335,
    0,
    1,
    1.542772054440201e-05,
    -0.019698945000551145,
    0,
    0,
    2.9181300337380387
  ],
  "max_drawdown_threshold": 0.25,
  "strategy_name": "\u5012\u63a5\u529b4"
}