{
  "generation": 60,
  "fitness": 4.5596488291070445,
  "total_return": 92.40134,
  "max_drawdown": 0.32235188089347744,
  "sharpe_ratio": 4.800557043648034,
  "params": {
    "per_step_tick_gap": 14,
    "cold_start_steps": 22,
    "max_abserve_tick_steps": 508,
    "max_abserce_avg_price_down_steps": 2,
    "stop_profit_open_hc_pct": -0.08965048760786253,
    "dynamic_hc_stop_profit_thres": 7.354200606163065,
    "last_close_price_hc_pct": 0.009044425422784002,
    "last_day_sell_thres": 0.28664189800856743,
    "last_day_sell_huiche": 0.010933767272997797,
    "fd_mount": 73879431,
    "fd_vol_pct": 0.4608219143850203,
    "fd_ju_ticks": 1,
    "max_zb_times": 25,
    "stagnation_kline_ticks": 19,
    "decline_kline_ticks": 17,
    "yang_yin_threshold": 0.0032158261381996173,
    "stagnation_n": 24,
    "stagnation_volume_ratio_threshold": 64.51349972324013,
    "stagnation_ratio_threshold": 590,
    "decline_volume_ratio_threshold": 55.76238401896095,
    "max_rebounds": 4,
    "decline_ratio_threshold": 560,
    "flxd_ticks": 90,
    "flzz_ticks": 1410,
    "use_simiple_kline_strategy_flxd": false,
    "use_simiple_kline_strategy_flzz": true,
    "flzz_use_smooth_price": true,
    "flzz_zf_thresh": 0.027964325914643404,
    "kline_sell_flxd_zy": true,
    "kline_sell_flxd_zs": true,
    "kline_sell_flzz_zs": true,
    "kline_sell_flzz_zy": true,
    "last_open_price_hc_pct": -0.05184197510372708,
    "open_price_max_hc": -0.00775140573304226,
    "loss_per_step_tick_gap": 5,
    "loss_cold_start_steps": 29,
    "loss_max_abserve_tick_steps": 144,
    "loss_max_abserce_avg_price_down_steps": 2,
    "loss_dynamic_hc_stop_profit_thres": 3.2135214166937067,
    "loss_last_close_price_hc_pct": -0.021556764712891942,
    "loss_last_open_price_hc_pct": -0.008549117592678636,
    "loss_open_price_max_hc": -0.06055127257062549,
    "loss_down_open_sell_wait_time": false,
    "down_open_sell_wait_time": true,
    "day_zy_line": 2.138560017716412e-06,
    "day_zs_line": -0.01929169577592794,
    "sell_afternoon": false,
    "sell_half_afternoon": false,
    "sell_max_days": 4,
    "stop_profit_pct": 0.0,
    "static_hc_stop_profit_pct": 1.0,
    "loss_static_hc_stop_profit_pct": 1.0
  },
  "timestamp": "2025-09-06T23:36:23.544182",
  "individual": [
    13.600131269064224,
    22.411885927142418,
    508.4604406376883,
    2.179144468948648,
    -0.08965048760786253,
    7.354200606163065,
    0.009044425422784002,
    0.28664189800856743,
    0.010933767272997797,
    73879430.83903319,
    0.4608219143850203,
    1.000067412266178,
    24.962660439687184,
    18.7045215461196,
    17.240766833714574,
    0.0032158261381996173,
    23.56929717105281,
    64.51349972324013,
    589.8947021698194,
    55.76238401896095,
    3.6742232470930123,
    559.9102154999888,
    89.74334114953605,
    1410.4039089758776,
    0,
    1,
    1,
    0.027964325914643404,
    1,
    1,
    1,
    1,
    -0.05184197510372708,
    -0.00775140573304226,
    4.946481004573819,
    29.035147451883958,
    144.02090611144246,
    1.6622939048202958,
    3.2135214166937067,
    -0.021556764712891942,
    -0.008549117592678636,
    -0.06055127257062549,
    0,
    1,
    2.138560017716412e-06,
    -0.01929169577592794,
    0,
    0,
    4.0
  ],
  "max_drawdown_threshold": 0.25,
  "strategy_name": "\u5012\u63a5\u529b4"
}