{
  "generation": 50,
  "fitness": 3.708804868584512,
  "total_return": 79.962455,
  "max_drawdown": 0.3499725775742526,
  "sharpe_ratio": 4.7059131068848465,
  "params": {
    "per_step_tick_gap": 14,
    "cold_start_steps": 22,
    "max_abserve_tick_steps": 512,
    "max_abserce_avg_price_down_steps": 14,
    "stop_profit_open_hc_pct": -0.1242431793207715,
    "dynamic_hc_stop_profit_thres": 7.192677874102568,
    "last_close_price_hc_pct": 0.008949371892858224,
    "last_day_sell_thres": 0.42124640398302715,
    "last_day_sell_huiche": 0.011367118974286492,
    "fd_mount": 49640401,
    "fd_vol_pct": 0.47742771782907134,
    "fd_ju_ticks": 1,
    "max_zb_times": 25,
    "stagnation_kline_ticks": 19,
    "decline_kline_ticks": 16,
    "yang_yin_threshold": 0.006184005606286774,
    "stagnation_n": 24,
    "stagnation_volume_ratio_threshold": 65.34797781145066,
    "stagnation_ratio_threshold": 572,
    "decline_volume_ratio_threshold": 74.3675433457727,
    "max_rebounds": 5,
    "decline_ratio_threshold": 818,
    "flxd_ticks": 115,
    "flzz_ticks": 1431,
    "use_simiple_kline_strategy_flxd": false,
    "use_simiple_kline_strategy_flzz": true,
    "flzz_use_smooth_price": true,
    "flzz_zf_thresh": 0.027800633009569774,
    "kline_sell_flxd_zy": true,
    "kline_sell_flxd_zs": true,
    "kline_sell_flzz_zs": true,
    "kline_sell_flzz_zy": true,
    "last_open_price_hc_pct": -0.053300510499762574,
    "open_price_max_hc": -0.007775025597926621,
    "loss_per_step_tick_gap": 6,
    "loss_cold_start_steps": 29,
    "loss_max_abserve_tick_steps": 145,
    "loss_max_abserce_avg_price_down_steps": 2,
    "loss_dynamic_hc_stop_profit_thres": 3.286891588501736,
    "loss_last_close_price_hc_pct": -0.01891929296493939,
    "loss_last_open_price_hc_pct": -0.07910257371610241,
    "loss_open_price_max_hc": -0.05773232537681621,
    "loss_down_open_sell_wait_time": false,
    "down_open_sell_wait_time": true,
    "day_zy_line": 0.0,
    "day_zs_line": -0.020308167422306445,
    "sell_afternoon": false,
    "sell_half_afternoon": false,
    "sell_max_days": 2,
    "stop_profit_pct": 0.0,
    "static_hc_stop_profit_pct": 1.0,
    "loss_static_hc_stop_profit_pct": 1.0
  },
  "timestamp": "2025-09-06T23:31:18.637963",
  "individual": [
    13.544859128771659,
    22.086187427945777,
    512.3402933029541,
    13.642227165285018,
    -0.1242431793207715,
    7.192677874102568,
    0.008949371892858224,
    0.42124640398302715,
    0.011367118974286492,
    49640400.72104893,
    0.47742771782907134,
    1.0,
    25.335529714109434,
    18.67079069545396,
    15.509361922969372,
    0.006184005606286774,
    23.718399227011297,
    65.34797781145066,
    571.8803946033973,
    74.3675433457727,
    5.263236576017528,
    817.8690536783281,
    115.41730993666171,
    1430.5165671042735,
    0,
    1,
    1,
    0.027800633009569774,
    1,
    1,
    1,
    1,
    -0.053300510499762574,
    -0.007775025597926621,
    6.168856367945328,
    29.161908944714266,
    145.08350333591304,
    1.691865357991497,
    3.286891588501736,
    -0.01891929296493939,
    -0.07910257371610241,
    -0.05773232537681621,
    0,
    1,
    0.0,
    -0.020308167422306445,
    0,
    0,
    1.750504974514617
  ],
  "max_drawdown_threshold": 0.25,
  "strategy_name": "\u5012\u63a5\u529b4"
}