{
  "generation": 150,
  "fitness": 5.162354604458567,
  "total_return": 122.13930500000002,
  "max_drawdown": 0.31912822454166906,
  "sharpe_ratio": 5.013738570994618,
  "params": {
    "per_step_tick_gap": 14,
    "cold_start_steps": 22,
    "max_abserve_tick_steps": 489,
    "max_abserce_avg_price_down_steps": 2,
    "stop_profit_open_hc_pct": -0.13840842135779383,
    "dynamic_hc_stop_profit_thres": 7.085890162326151,
    "last_close_price_hc_pct": 0.008808260656284352,
    "last_day_sell_thres": 0.14264991522101603,
    "last_day_sell_huiche": 0.013825427341612306,
    "fd_mount": 149996402,
    "fd_vol_pct": 0.44031513948791257,
    "fd_ju_ticks": 1,
    "max_zb_times": 1,
    "stagnation_kline_ticks": 19,
    "decline_kline_ticks": 4,
    "yang_yin_threshold": 0.0035914468092501737,
    "stagnation_n": 29,
    "stagnation_volume_ratio_threshold": 64.6537319095937,
    "stagnation_ratio_threshold": 586,
    "decline_volume_ratio_threshold": 13.185288175551403,
    "max_rebounds": 2,
    "decline_ratio_threshold": 443,
    "flxd_ticks": 10,
    "flzz_ticks": 939,
    "use_simiple_kline_strategy_flxd": false,
    "use_simiple_kline_strategy_flzz": true,
    "flzz_use_smooth_price": true,
    "flzz_zf_thresh": 0.032053821982787806,
    "kline_sell_flxd_zy": true,
    "kline_sell_flxd_zs": true,
    "kline_sell_flzz_zs": true,
    "kline_sell_flzz_zy": true,
    "last_open_price_hc_pct": -0.05004784955381664,
    "open_price_max_hc": -0.007880860754971953,
    "loss_per_step_tick_gap": 5,
    "loss_cold_start_steps": 28,
    "loss_max_abserve_tick_steps": 146,
    "loss_max_abserce_avg_price_down_steps": 1,
    "loss_dynamic_hc_stop_profit_thres": 3.045355156369658,
    "loss_last_close_price_hc_pct": -0.018916184992226116,
    "loss_last_open_price_hc_pct": -0.011012366884924926,
    "loss_open_price_max_hc": -0.05953986254742443,
    "loss_down_open_sell_wait_time": true,
    "down_open_sell_wait_time": true,
    "day_zy_line": 2.269952195774649e-05,
    "day_zs_line": -0.019608793080284334,
    "sell_afternoon": false,
    "sell_half_afternoon": false,
    "sell_max_days": 4,
    "stop_profit_pct": 0.0,
    "static_hc_stop_profit_pct": 1.0,
    "loss_static_hc_stop_profit_pct": 1.0
  },
  "timestamp": "2025-09-07T00:28:09.647367",
  "individual": [
    13.582757048788563,
    22.3274039337639,
    489.0433532860703,
    2.4289204607119514,
    -0.13840842135779383,
    7.085890162326151,
    0.008808260656284352,
    0.14264991522101603,
    0.013825427341612306,
    149996402.36008713,
    0.44031513948791257,
    1.000015034708741,
    1.0,
    18.604143654195468,
    4.433736389072243,
    0.0035914468092501737,
    28.51765172629471,
    64.6537319095937,
    585.5324385533299,
    13.185288175551403,
    1.8040341160108986,
    442.8020997620371,
    10.292616679212653,
    939.4431029239289,
    0,
    1,
    1,
    0.032053821982787806,
    1,
    1,
    1,
    1,
    -0.05004784955381664,
    -0.007880860754971953,
    4.759343810984925,
    28.077114804842537,
    146.34334463587177,
    1.228088416107831,
    3.045355156369658,
    -0.018916184992226116,
    -0.011012366884924926,
    -0.05953986254742443,
    1,
    1,
    2.269952195774649e-05,
    -0.019608793080284334,
    0,
    0,
    3.704743620410767
  ],
  "max_drawdown_threshold": 0.25,
  "strategy_name": "\u5012\u63a5\u529b4"
}