{
  "generation": 60,
  "fitness": 4.652379165970774,
  "total_return": 58.147495,
  "max_drawdown": 0.3248502740028163,
  "sharpe_ratio": 4.967397139551625,
  "params": {
    "per_step_tick_gap": 1,
    "cold_start_steps": 1,
    "max_abserve_tick_steps": 513,
    "max_abserce_avg_price_down_steps": 10,
    "stop_profit_open_hc_pct": -0.09059213044734214,
    "dynamic_hc_stop_profit_thres": 1.7738778937639634,
    "last_close_price_hc_pct": 0.004382283689071092,
    "last_day_sell_thres": 0.444138272700493,
    "last_day_sell_huiche": 0.004325847574733994,
    "fd_mount": 122792710,
    "fd_vol_pct": 0.39740852619525247,
    "fd_ju_ticks": 1,
    "max_zb_times": 1,
    "stagnation_kline_ticks": 35,
    "decline_kline_ticks": 50,
    "yang_yin_threshold": 0.006934537038632338,
    "stagnation_n": 24,
    "stagnation_volume_ratio_threshold": 50.76995756971933,
    "stagnation_ratio_threshold": 390,
    "decline_volume_ratio_threshold": 69.39569016425517,
    "max_rebounds": 12,
    "decline_ratio_threshold": 15,
    "flxd_ticks": 38,
    "flzz_ticks": 1219,
    "use_simiple_kline_strategy_flxd": false,
    "use_simiple_kline_strategy_flzz": true,
    "flzz_use_smooth_price": false,
    "flzz_zf_thresh": 0.03338756606848808,
    "kline_sell_flxd_zy": false,
    "kline_sell_flxd_zs": false,
    "kline_sell_flzz_zs": true,
    "kline_sell_flzz_zy": true,
    "last_open_price_hc_pct": 0.00999390342387518,
    "open_price_max_hc": -0.01586489342364221,
    "loss_per_step_tick_gap": 1,
    "loss_cold_start_steps": 0,
    "loss_max_abserve_tick_steps": 432,
    "loss_max_abserce_avg_price_down_steps": 6,
    "loss_dynamic_hc_stop_profit_thres": 7.638672837036948,
    "loss_last_close_price_hc_pct": -0.04385432987948617,
    "loss_last_open_price_hc_pct": -0.05575657809309398,
    "loss_open_price_max_hc": -0.0072621284509051046,
    "loss_down_open_sell_wait_time": false,
    "down_open_sell_wait_time": true,
    "stop_profit_pct": 0.0,
    "static_hc_stop_profit_pct": 1.0,
    "loss_static_hc_stop_profit_pct": 1.0
  },
  "timestamp": "2025-08-31T19:47:44.307093",
  "individual": [
    1.0938542655707084,
    1.2648416169315428,
    513.4918323520594,
    10.125964648277549,
    -0.09059213044734214,
    1.7738778937639634,
    0.004382283689071092,
    0.444138272700493,
    0.004325847574733994,
    122792709.6294713,
    0.39740852619525247,
    1.0,
    1.0,
    35.06961390447977,
    49.75595141620225,
    0.006934537038632338,
    24.10605472742214,
    50.76995756971933,
    390.4833102162969,
    69.39569016425517,
    12.071632593054623,
    15.0,
    38.391182031803886,
    1219.3372606524908,
    0,
    1,
    0,
    0.03338756606848808,
    0,
    0,
    1,
    1,
    0.00999390342387518,
    -0.01586489342364221,
    1.0059900676248565,
    0.3893625157440786,
    432.42793433264427,
    6.15013872130937,
    7.638672837036948,
    -0.04385432987948617,
    -0.05575657809309398,
    -0.0072621284509051046,
    0,
    1
  ]
}