{
  "generation": 70,
  "fitness": 4.6648638463981404,
  "total_return": 58.54645,
  "max_drawdown": 0.3248502740028163,
  "sharpe_ratio": 4.973775812367247,
  "params": {
    "per_step_tick_gap": 1,
    "cold_start_steps": 1,
    "max_abserve_tick_steps": 508,
    "max_abserce_avg_price_down_steps": 11,
    "stop_profit_open_hc_pct": -0.11314906196195043,
    "dynamic_hc_stop_profit_thres": 1.7618019718141795,
    "last_close_price_hc_pct": 0.004515022046809344,
    "last_day_sell_thres": 0.727679305297961,
    "last_day_sell_huiche": 0.004369538238502897,
    "fd_mount": 102025300,
    "fd_vol_pct": 0.39801904645595754,
    "fd_ju_ticks": 1,
    "max_zb_times": 1,
    "stagnation_kline_ticks": 35,
    "decline_kline_ticks": 46,
    "yang_yin_threshold": 0.00856577118345566,
    "stagnation_n": 24,
    "stagnation_volume_ratio_threshold": 50.38910153111117,
    "stagnation_ratio_threshold": 390,
    "decline_volume_ratio_threshold": 74.7211485683744,
    "max_rebounds": 12,
    "decline_ratio_threshold": 15,
    "flxd_ticks": 54,
    "flzz_ticks": 1214,
    "use_simiple_kline_strategy_flxd": false,
    "use_simiple_kline_strategy_flzz": true,
    "flzz_use_smooth_price": false,
    "flzz_zf_thresh": 0.033416910736478865,
    "kline_sell_flxd_zy": false,
    "kline_sell_flxd_zs": false,
    "kline_sell_flzz_zs": true,
    "kline_sell_flzz_zy": true,
    "last_open_price_hc_pct": 0.009998798409452277,
    "open_price_max_hc": -0.015940992810726754,
    "loss_per_step_tick_gap": 1,
    "loss_cold_start_steps": 0,
    "loss_max_abserve_tick_steps": 423,
    "loss_max_abserce_avg_price_down_steps": 6,
    "loss_dynamic_hc_stop_profit_thres": 7.602639362782722,
    "loss_last_close_price_hc_pct": -0.04665387472000025,
    "loss_last_open_price_hc_pct": -0.05648851216936042,
    "loss_open_price_max_hc": -0.007263064528984717,
    "loss_down_open_sell_wait_time": false,
    "down_open_sell_wait_time": true,
    "stop_profit_pct": 0.0,
    "static_hc_stop_profit_pct": 1.0,
    "loss_static_hc_stop_profit_pct": 1.0
  },
  "timestamp": "2025-08-31T19:58:17.105705",
  "individual": [
    1.0575735406372473,
    1.3111667415390067,
    508.05459691747035,
    10.621896771410405,
    -0.11314906196195043,
    1.7618019718141795,
    0.004515022046809344,
    0.727679305297961,
    0.004369538238502897,
    102025300.19876859,
    0.39801904645595754,
    1.0000000207539355,
    1.1492455268803958,
    35.0795421143175,
    46.18330090580879,
    0.00856577118345566,
    24.103455263254503,
    50.38910153111117,
    390.2605929749611,
    74.7211485683744,
    12.097361523507493,
    15.000074551639038,
    53.50223175809426,
    1213.6378191225265,
    0,
    1,
    0,
    0.033416910736478865,
    0,
    0,
    1,
    1,
    0.009998798409452277,
    -0.015940992810726754,
    1.0298726976934443,
    0.1984458143762223,
    423.2052647826498,
    6.12860515957419,
    7.602639362782722,
    -0.04665387472000025,
    -0.05648851216936042,
    -0.007263064528984717,
    0,
    1
  ]
}