{
  "generation": 100,
  "fitness": 4.67522665952004,
  "total_return": 58.76431,
  "max_drawdown": 0.32477494253651895,
  "sharpe_ratio": 4.979094739779606,
  "params": {
    "per_step_tick_gap": 1,
    "cold_start_steps": 1,
    "max_abserve_tick_steps": 518,
    "max_abserce_avg_price_down_steps": 9,
    "stop_profit_open_hc_pct": -0.030455353882053695,
    "dynamic_hc_stop_profit_thres": 1.7647436420442868,
    "last_close_price_hc_pct": 0.004425809406460694,
    "last_day_sell_thres": 0.6431636735388522,
    "last_day_sell_huiche": 0.004395759696349707,
    "fd_mount": 133516457,
    "fd_vol_pct": 0.444472657710759,
    "fd_ju_ticks": 1,
    "max_zb_times": 1,
    "stagnation_kline_ticks": 35,
    "decline_kline_ticks": 50,
    "yang_yin_threshold": 0.008816610765882506,
    "stagnation_n": 24,
    "stagnation_volume_ratio_threshold": 50.694150888662065,
    "stagnation_ratio_threshold": 390,
    "decline_volume_ratio_threshold": 73.50320176182991,
    "max_rebounds": 12,
    "decline_ratio_threshold": 16,
    "flxd_ticks": 28,
    "flzz_ticks": 1164,
    "use_simiple_kline_strategy_flxd": false,
    "use_simiple_kline_strategy_flzz": true,
    "flzz_use_smooth_price": false,
    "flzz_zf_thresh": 0.03337804320948263,
    "kline_sell_flxd_zy": false,
    "kline_sell_flxd_zs": false,
    "kline_sell_flzz_zs": true,
    "kline_sell_flzz_zy": true,
    "last_open_price_hc_pct": 0.01,
    "open_price_max_hc": -0.015968564519676667,
    "loss_per_step_tick_gap": 1,
    "loss_cold_start_steps": 0,
    "loss_max_abserve_tick_steps": 416,
    "loss_max_abserce_avg_price_down_steps": 5,
    "loss_dynamic_hc_stop_profit_thres": 7.62553262834027,
    "loss_last_close_price_hc_pct": -0.048584407169245725,
    "loss_last_open_price_hc_pct": -0.05589456981308902,
    "loss_open_price_max_hc": -0.007248573113356099,
    "loss_down_open_sell_wait_time": false,
    "down_open_sell_wait_time": true,
    "stop_profit_pct": 0.0,
    "static_hc_stop_profit_pct": 1.0,
    "loss_static_hc_stop_profit_pct": 1.0
  },
  "timestamp": "2025-08-31T20:41:57.659959",
  "individual": [
    1.0839590161239347,
    1.4133851579319492,
    518.0919538454758,
    9.466538232152166,
    -0.030455353882053695,
    1.7647436420442868,
    0.004425809406460694,
    0.6431636735388522,
    0.004395759696349707,
    133516457.00063482,
    0.444472657710759,
    1.0000000265723556,
    1.0,
    34.99003196712725,
    49.984424139653285,
    0.008816610765882506,
    24.06679690252927,
    50.694150888662065,
    390.13392642116105,
    73.50320176182991,
    11.975522575360111,
    15.626268821266239,
    28.06577677190605,
    1163.9472556508708,
    0,
    1,
    0,
    0.03337804320948263,
    0,
    0,
    1,
    1,
    0.01,
    -0.015968564519676667,
    1.0190182945500643,
    0.3791808868853938,
    415.83404830451354,
    4.671586935197848,
    7.62553262834027,
    -0.048584407169245725,
    -0.05589456981308902,
    -0.007248573113356099,
    0,
    1
  ]
}