{
  "generation": 40,
  "fitness": 4.530891463454901,
  "total_return": 10.668795,
  "max_drawdown": 0.1489812501092142,
  "sharpe_ratio": 10.777149009759881,
  "params": {
    "per_step_tick_gap": 22,
    "cold_start_steps": 1,
    "max_abserve_tick_steps": 424,
    "max_abserce_avg_price_down_steps": 9,
    "stop_profit_open_hc_pct": -0.035297743337658755,
    "dynamic_hc_stop_profit_thres": 1.4068621992988368,
    "last_close_price_hc_pct": -0.0019974181015631263,
    "last_day_sell_thres": 0.8288307219727523,
    "last_day_sell_huiche": 0.012637163098063349,
    "fd_mount": 12245546,
    "fd_vol_pct": 0.5397197585974467,
    "fd_ju_ticks": 34,
    "max_zb_times": 1,
    "stagnation_kline_ticks": 50,
    "decline_kline_ticks": 21,
    "yang_yin_threshold": 0.012074762734834866,
    "stagnation_n": 29,
    "stagnation_volume_ratio_threshold": 16.732759020369432,
    "stagnation_ratio_threshold": 603,
    "decline_volume_ratio_threshold": 94.42156908983544,
    "max_rebounds": 15,
    "decline_ratio_threshold": 1460,
    "flxd_ticks": 276,
    "flzz_ticks": 1429,
    "use_simiple_kline_strategy_flxd": false,
    "use_simiple_kline_strategy_flzz": true,
    "flzz_use_smooth_price": true,
    "flzz_zf_thresh": 0.04840261934262603,
    "kline_sell_flxd_zy": true,
    "kline_sell_flxd_zs": false,
    "kline_sell_flzz_zs": true,
    "kline_sell_flzz_zy": false,
    "last_open_price_hc_pct": -0.04940429604578359,
    "open_price_max_hc": -0.08517501101333877,
    "loss_per_step_tick_gap": 16,
    "loss_cold_start_steps": 23,
    "loss_max_abserve_tick_steps": 374,
    "loss_max_abserce_avg_price_down_steps": 12,
    "loss_dynamic_hc_stop_profit_thres": 7.956615627923721,
    "loss_last_close_price_hc_pct": 0.0024538850013177734,
    "loss_last_open_price_hc_pct": -0.006438285468038802,
    "loss_open_price_max_hc": -0.054983260563347625,
    "loss_down_open_sell_wait_time": true,
    "down_open_sell_wait_time": false,
    "day_zy_line": 0.9233988126637347,
    "day_zs_line": -0.04726166796439959,
    "sell_afternoon": false,
    "sell_half_afternoon": true,
    "sell_max_days": 3,
    "stop_profit_pct": 0.0,
    "static_hc_stop_profit_pct": 1.0,
    "loss_static_hc_stop_profit_pct": 1.0
  },
  "timestamp": "2025-09-06T17:53:38.724651",
  "individual": [
    22.37866915736395,
    0.9534424081188162,
    424.3609967306577,
    9.054835928512816,
    -0.035297743337658755,
    1.4068621992988368,
    -0.0019974181015631263,
    0.8288307219727523,
    0.012637163098063349,
    12245545.950448165,
    0.5397197585974467,
    34.0322287360204,
    1.2249812850222523,
    49.6289227949659,
    21.408505775343066,
    0.012074762734834866,
    29.14557542803927,
    16.732759020369432,
    603.3011349165457,
    94.42156908983544,
    14.81305058821465,
    1459.8258007481043,
    275.7143864632317,
    1428.5852947682483,
    0,
    1,
    1,
    0.04840261934262603,
    1,
    0,
    1,
    0,
    -0.04940429604578359,
    -0.08517501101333877,
    16.08453590315234,
    22.930076869684967,
    373.7435311309568,
    12.08129418852207,
    7.956615627923721,
    0.0024538850013177734,
    -0.006438285468038802,
    -0.054983260563347625,
    1,
    0,
    0.9233988126637347,
    -0.04726166796439959,
    0,
    1,
    2.9809914357084026
  ],
  "max_drawdown_threshold": 0.25,
  "strategy_name": "\u4e2d\u4f4d\u4e2d\u5f3a\u5c0f\u4f4e\u5f00\u4f4e\u5438"
}