{
  "generation": 30,
  "fitness": 4.506735185779168,
  "total_return": 10.556755,
  "max_drawdown": 0.1485717564901098,
  "sharpe_ratio": 10.711205493480168,
  "params": {
    "per_step_tick_gap": 22,
    "cold_start_steps": 7,
    "max_abserve_tick_steps": 338,
    "max_abserce_avg_price_down_steps": 9,
    "stop_profit_open_hc_pct": -0.10504016657724513,
    "dynamic_hc_stop_profit_thres": 2.6981487231789636,
    "last_close_price_hc_pct": -0.0062978434147119705,
    "last_day_sell_thres": 0.7417916260850773,
    "last_day_sell_huiche": 0.012723384915954618,
    "fd_mount": 10000000,
    "fd_vol_pct": 0.6356687094580353,
    "fd_ju_ticks": 29,
    "max_zb_times": 1,
    "stagnation_kline_ticks": 50,
    "decline_kline_ticks": 20,
    "yang_yin_threshold": 0.010919430260101257,
    "stagnation_n": 29,
    "stagnation_volume_ratio_threshold": 5.992879328432499,
    "stagnation_ratio_threshold": 595,
    "decline_volume_ratio_threshold": 100.0,
    "max_rebounds": 15,
    "decline_ratio_threshold": 1276,
    "flxd_ticks": 394,
    "flzz_ticks": 1395,
    "use_simiple_kline_strategy_flxd": true,
    "use_simiple_kline_strategy_flzz": true,
    "flzz_use_smooth_price": true,
    "flzz_zf_thresh": 0.04715036102483381,
    "kline_sell_flxd_zy": true,
    "kline_sell_flxd_zs": true,
    "kline_sell_flzz_zs": true,
    "kline_sell_flzz_zy": true,
    "last_open_price_hc_pct": -0.04914263941594445,
    "open_price_max_hc": -0.1,
    "loss_per_step_tick_gap": 16,
    "loss_cold_start_steps": 23,
    "loss_max_abserve_tick_steps": 360,
    "loss_max_abserce_avg_price_down_steps": 12,
    "loss_dynamic_hc_stop_profit_thres": 8.0,
    "loss_last_close_price_hc_pct": 0.01,
    "loss_last_open_price_hc_pct": 0.0008486982675357936,
    "loss_open_price_max_hc": -0.058497395361716886,
    "loss_down_open_sell_wait_time": true,
    "down_open_sell_wait_time": false,
    "day_zy_line": 0.9470996244572287,
    "day_zs_line": -0.05152911075584557,
    "sell_afternoon": false,
    "sell_half_afternoon": true,
    "sell_max_days": 3,
    "stop_profit_pct": 0.0,
    "static_hc_stop_profit_pct": 1.0,
    "loss_static_hc_stop_profit_pct": 1.0
  },
  "timestamp": "2025-09-06T17:53:17.301533",
  "individual": [
    21.98037307966544,
    6.903765685752438,
    338.03695531627733,
    9.285178780216548,
    -0.10504016657724513,
    2.6981487231789636,
    -0.0062978434147119705,
    0.7417916260850773,
    0.012723384915954618,
    10000000.0,
    0.6356687094580353,
    29.488133813686144,
    1.0,
    50.0,
    20.245048145903535,
    0.010919430260101257,
    28.93419861250312,
    5.992879328432499,
    594.900477204726,
    100.0,
    14.861981589551718,
    1275.8251629470385,
    394.2399486300667,
    1394.745001726633,
    1,
    1,
    1,
    0.04715036102483381,
    1,
    1,
    1,
    1,
    -0.04914263941594445,
    -0.1,
    16.15596988854194,
    22.706453383303405,
    359.58367626035806,
    12.122982327360761,
    8.0,
    0.01,
    0.0008486982675357936,
    -0.058497395361716886,
    1,
    0,
    0.9470996244572287,
    -0.05152911075584557,
    0,
    1,
    2.975372152244999
  ],
  "max_drawdown_threshold": 0.25,
  "strategy_name": "\u4e2d\u4f4d\u4e2d\u5f3a\u5c0f\u4f4e\u5f00\u4f4e\u5438"
}