{
    "strategy": "低位高强中低开低吸",
    "generation": 60,
    "best_score": 0.01541790571008932,
    "best_params": {
        "ema_alpha": 0.17109994115243912,
        "kalman_q": 0.02669099860522518,
        "kalman_r": 0.02,
        "sg_window": 11,
        "macd_fast": 2,
        "macd_slow_ratio": 1.655116028215592,
        "macd_signal": 4,
        "ema_fast": 3,
        "ema_slow_ratio": 1.8242340113359334,
        "volume_window": 11,
        "price_confirm_ticks": 1,
        "strength_confirm_ticks": 1,
        "strength_threshold": 0.3,
        "volume_weight": 1.0,
        "use_price_confirm": false,
        "use_strength_confirm": false,
        "dead_cross_threshold": 0.01095411454641758,
        "price_drop_threshold": 0.0176510341382189,
        "max_confirm_ticks": 7,
        "debug": false
    },
    "timestamp": "20250809_071243"
}