{
  "params": {
    "per_step_tick_gap": 9,
    "cold_start_steps": 7,
    "max_abserve_tick_steps": 1000,
    "max_abserce_avg_price_down_steps": 3,
    "stop_profit_open_hc_pct": -0.14861912168923133,
    "dynamic_hc_stop_profit_thres": 8.0,
    "last_close_price_hc_pct": 0.0008137328180018772,
    "last_day_sell_thres": 0.6727206529128422,
    "last_day_sell_huiche": 0.002923882821700294,
    "fd_mount": 106152978,
    "fd_vol_pct": 0.2446221175697798,
    "fd_ju_ticks": 45,
    "max_zb_times": 30,
    "stagnation_kline_ticks": 3,
    "decline_kline_ticks": 30,
    "yang_yin_threshold": 0.02102277729477922,
    "stagnation_n": 13,
    "stagnation_volume_ratio_threshold": 1.100446858143946,
    "stagnation_ratio_threshold": 1347,
    "decline_volume_ratio_threshold": 100.0,
    "max_rebounds": 13,
    "decline_ratio_threshold": 594,
    "flxd_ticks": 312,
    "flzz_ticks": 1998,
    "use_simiple_kline_strategy_flxd": false,
    "use_simiple_kline_strategy_flzz": true,
    "flzz_use_smooth_price": false,
    "flzz_zf_thresh": 0.020644361202295364,
    "kline_sell_flxd_zy": true,
    "kline_sell_flxd_zs": false,
    "kline_sell_flzz_zs": false,
    "kline_sell_flzz_zy": true,
    "last_open_price_hc_pct": 0.006099169608689244,
    "open_price_max_hc": -0.03431822493114166,
    "loss_per_step_tick_gap": 18,
    "loss_cold_start_steps": 4,
    "loss_max_abserve_tick_steps": 255,
    "loss_max_abserce_avg_price_down_steps": 11,
    "loss_dynamic_hc_stop_profit_thres": 5.17648661010408,
    "loss_last_close_price_hc_pct": -0.06562582820893444,
    "loss_last_open_price_hc_pct": -0.054089444804270304,
    "loss_open_price_max_hc": -0.0022833210464824672,
    "loss_down_open_sell_wait_time": true,
    "down_open_sell_wait_time": false,
    "day_zy_line": 0.013351827994104528,
    "day_zs_line": -0.057633145789348965,
    "sell_afternoon": true,
    "sell_half_afternoon": false,
    "sell_max_days": 3,
    "stop_profit_pct": 0.0,
    "static_hc_stop_profit_pct": 1.0,
    "loss_static_hc_stop_profit_pct": 1.0
  },
  "fitness": 3.4713344785114804,
  "return": 5.927775,
  "drawdown": 0.11997546568137157,
  "sharpe": 8.35917758889274,
  "individual": [
    9.072895723106088,
    6.744194576974693,
    999.5638973045848,
    3.2065748849022375,
    -0.14861912168923133,
    8.0,
    0.0008137328180018772,
    0.6727206529128422,
    0.002923882821700294,
    106152977.52527693,
    0.2446221175697798,
    44.77815686202227,
    29.99999805825494,
    3.159236061660033,
    29.848782553334992,
    0.02102277729477922,
    13.236929099177164,
    1.100446858143946,
    1347.407519557138,
    100.0,
    12.521672257811648,
    593.6433451543878,
    312.4214593729383,
    1998.176178252567,
    0,
    1,
    0,
    0.020644361202295364,
    1,
    0,
    0,
    1,
    0.006099169608689244,
    -0.03431822493114166,
    18.042339275634923,
    3.839175482543258,
    255.22372890062914,
    11.0328521639718,
    5.17648661010408,
    -0.06562582820893444,
    -0.054089444804270304,
    -0.0022833210464824672,
    1,
    0,
    0.013351827994104528,
    -0.057633145789348965,
    1,
    0,
    2.641247016441157
  ],
  "max_drawdown_threshold": 0.15,
  "strategy_name": "\u4f4e\u4f4d\u9ad8\u5f3a\u4f4e\u5438"
}