{
  "generation": 50,
  "fitness": 3.465858286494861,
  "total_return": 5.90569,
  "max_drawdown": 0.11997546568137157,
  "sharpe_ratio": 8.350391864010223,
  "params": {
    "per_step_tick_gap": 9,
    "cold_start_steps": 8,
    "max_abserve_tick_steps": 999,
    "max_abserce_avg_price_down_steps": 4,
    "stop_profit_open_hc_pct": -0.15,
    "dynamic_hc_stop_profit_thres": 8.0,
    "last_close_price_hc_pct": 0.0007083152370572067,
    "last_day_sell_thres": 0.6551167027798743,
    "last_day_sell_huiche": 0.0028781333527451744,
    "fd_mount": 105476587,
    "fd_vol_pct": 0.21335379415400008,
    "fd_ju_ticks": 35,
    "max_zb_times": 30,
    "stagnation_kline_ticks": 3,
    "decline_kline_ticks": 30,
    "yang_yin_threshold": 0.018233700543085297,
    "stagnation_n": 14,
    "stagnation_volume_ratio_threshold": 1.1009031770222717,
    "stagnation_ratio_threshold": 900,
    "decline_volume_ratio_threshold": 99.50927894213471,
    "max_rebounds": 12,
    "decline_ratio_threshold": 419,
    "flxd_ticks": 327,
    "flzz_ticks": 2000,
    "use_simiple_kline_strategy_flxd": false,
    "use_simiple_kline_strategy_flzz": true,
    "flzz_use_smooth_price": false,
    "flzz_zf_thresh": 0.01932651605793259,
    "kline_sell_flxd_zy": true,
    "kline_sell_flxd_zs": false,
    "kline_sell_flzz_zs": false,
    "kline_sell_flzz_zy": true,
    "last_open_price_hc_pct": 0.00592073388189791,
    "open_price_max_hc": -0.0489289379940917,
    "loss_per_step_tick_gap": 18,
    "loss_cold_start_steps": 4,
    "loss_max_abserve_tick_steps": 266,
    "loss_max_abserce_avg_price_down_steps": 11,
    "loss_dynamic_hc_stop_profit_thres": 5.384833850899364,
    "loss_last_close_price_hc_pct": -0.06563080176032755,
    "loss_last_open_price_hc_pct": -0.05582567611880131,
    "loss_open_price_max_hc": -0.002311665382240236,
    "loss_down_open_sell_wait_time": true,
    "down_open_sell_wait_time": false,
    "day_zy_line": 0.01336359000236143,
    "day_zs_line": -0.061857994804508425,
    "sell_afternoon": true,
    "sell_half_afternoon": false,
    "sell_max_days": 3,
    "stop_profit_pct": 0.0,
    "static_hc_stop_profit_pct": 1.0,
    "loss_static_hc_stop_profit_pct": 1.0
  },
  "timestamp": "2025-09-06T09:16:12.225754",
  "individual": [
    9.3023893391334,
    7.819361200109751,
    999.1539335173304,
    4.299020027259115,
    -0.15,
    8.0,
    0.0007083152370572067,
    0.6551167027798743,
    0.0028781333527451744,
    105476587.46138012,
    0.21335379415400008,
    35.30344766653305,
    29.994014760127406,
    3.032254135434983,
    29.610763368818535,
    0.018233700543085297,
    14.050889467508103,
    1.1009031770222717,
    899.5555505803205,
    99.50927894213471,
    12.339424276430478,
    418.5967353573204,
    327.14276999588367,
    2000.0,
    0,
    1,
    0,
    0.01932651605793259,
    1,
    0,
    0,
    1,
    0.00592073388189791,
    -0.0489289379940917,
    18.201905448026473,
    4.1529139146048415,
    265.5311097885883,
    11.376465947283648,
    5.384833850899364,
    -0.06563080176032755,
    -0.05582567611880131,
    -0.002311665382240236,
    1,
    0,
    0.01336359000236143,
    -0.061857994804508425,
    1,
    0,
    2.621675616855313
  ],
  "max_drawdown_threshold": 0.15,
  "strategy_name": "\u4f4e\u4f4d\u9ad8\u5f3a\u4f4e\u5438"
}