{
  "generation": 10,
  "fitness": 3.1186699888575413,
  "total_return": 12.352079999999997,
  "max_drawdown": 0.2935505833565442,
  "sharpe_ratio": 3.63604431613456,
  "params": {
    "per_step_tick_gap": 1,
    "cold_start_steps": 0,
    "max_abserve_tick_steps": 385,
    "max_abserce_avg_price_down_steps": 15,
    "stop_profit_open_hc_pct": -0.0007229445069307054,
    "dynamic_hc_stop_profit_thres": 0.24600353543791176,
    "last_close_price_hc_pct": -0.0031684411343191913,
    "last_day_sell_thres": 0.31065370182405155,
    "last_day_sell_huiche": 0.02,
    "fd_mount": 62304238,
    "fd_vol_pct": 0.6023867223200045,
    "fd_ju_ticks": 8,
    "max_zb_times": 20,
    "stagnation_kline_ticks": 32,
    "decline_kline_ticks": 17,
    "yang_yin_threshold": 0.00933959152066269,
    "stagnation_n": 29,
    "stagnation_volume_ratio_threshold": 81.96885546916303,
    "stagnation_ratio_threshold": 211,
    "decline_volume_ratio_threshold": 19.37645678931004,
    "max_rebounds": 5,
    "decline_ratio_threshold": 1180,
    "flxd_ticks": 126,
    "flzz_ticks": 1767,
    "use_simiple_kline_strategy_flxd": false,
    "use_simiple_kline_strategy_flzz": true,
    "flzz_use_smooth_price": true,
    "flzz_zf_thresh": 0.05037247678805605,
    "kline_sell_flxd_zy": true,
    "kline_sell_flxd_zs": true,
    "kline_sell_flzz_zs": true,
    "kline_sell_flzz_zy": true,
    "last_open_price_hc_pct": -0.0566592048506495,
    "open_price_max_hc": -0.02712530051384047,
    "loss_per_step_tick_gap": 1,
    "loss_cold_start_steps": 2,
    "loss_max_abserve_tick_steps": 438,
    "loss_max_abserce_avg_price_down_steps": 10,
    "loss_dynamic_hc_stop_profit_thres": 4.881844658776462,
    "loss_last_close_price_hc_pct": -0.013387199892641624,
    "loss_last_open_price_hc_pct": -0.03800244515410154,
    "loss_open_price_max_hc": -0.06221234479841795,
    "loss_down_open_sell_wait_time": false,
    "down_open_sell_wait_time": false,
    "stop_profit_pct": 0.0,
    "static_hc_stop_profit_pct": 1.0,
    "loss_static_hc_stop_profit_pct": 1.0
  },
  "timestamp": "2025-08-28T19:23:44.624644",
  "individual": [
    1.0,
    0.0,
    385.07043461677057,
    15.0,
    -0.0007229445069307054,
    0.24600353543791176,
    -0.0031684411343191913,
    0.31065370182405155,
    0.02,
    62304237.748137176,
    0.6023867223200045,
    7.978459999311615,
    19.96654885589807,
    31.983158164415045,
    16.914399361226316,
    0.00933959152066269,
    28.731727635046468,
    81.96885546916303,
    211.25388121713638,
    19.37645678931004,
    5.052896438623364,
    1179.8071101633598,
    125.94437728760374,
    1767.2426463917625,
    0,
    1,
    1,
    0.05037247678805605,
    1,
    1,
    1,
    1,
    -0.0566592048506495,
    -0.02712530051384047,
    1.0,
    1.6468899482503265,
    438.0388623152609,
    10.470822031949737,
    4.881844658776462,
    -0.013387199892641624,
    -0.03800244515410154,
    -0.06221234479841795,
    0,
    0
  ]
}