{
  "generation": 50,
  "fitness": 4.077010150952604,
  "total_return": 23.28896,
  "max_drawdown": 0.2807026642723008,
  "sharpe_ratio": 4.2638129570504715,
  "params": {
    "per_step_tick_gap": 1,
    "cold_start_steps": 2,
    "max_abserve_tick_steps": 409,
    "max_abserce_avg_price_down_steps": 4,
    "stop_profit_open_hc_pct": -0.051331401582363934,
    "dynamic_hc_stop_profit_thres": 3.1301242951361457,
    "last_close_price_hc_pct": 0.01,
    "last_day_sell_thres": 0.021354545797566724,
    "last_day_sell_huiche": 0.0064601385657883465,
    "fd_mount": 101103567,
    "fd_vol_pct": 0.75,
    "fd_ju_ticks": 50,
    "max_zb_times": 19,
    "stagnation_kline_ticks": 38,
    "decline_kline_ticks": 44,
    "yang_yin_threshold": 0.01880212562542969,
    "stagnation_n": 19,
    "stagnation_volume_ratio_threshold": 97.83782953785743,
    "stagnation_ratio_threshold": 330,
    "decline_volume_ratio_threshold": 56.59329052489058,
    "max_rebounds": 6,
    "decline_ratio_threshold": 1500,
    "flxd_ticks": 69,
    "flzz_ticks": 1636,
    "use_simiple_kline_strategy_flxd": true,
    "use_simiple_kline_strategy_flzz": true,
    "flzz_use_smooth_price": true,
    "flzz_zf_thresh": 0.0251299609641006,
    "kline_sell_flxd_zy": false,
    "kline_sell_flxd_zs": false,
    "kline_sell_flzz_zs": true,
    "kline_sell_flzz_zy": true,
    "last_open_price_hc_pct": -0.003155975225030199,
    "open_price_max_hc": -0.017884929085547993,
    "loss_per_step_tick_gap": 1,
    "loss_cold_start_steps": 4,
    "loss_max_abserve_tick_steps": 482,
    "loss_max_abserce_avg_price_down_steps": 10,
    "loss_dynamic_hc_stop_profit_thres": 5.064827263486225,
    "loss_last_close_price_hc_pct": -0.010126362999827054,
    "loss_last_open_price_hc_pct": -0.06173774017321728,
    "loss_open_price_max_hc": -0.06911559956985378,
    "loss_down_open_sell_wait_time": false,
    "down_open_sell_wait_time": false,
    "stop_profit_pct": 0.0,
    "static_hc_stop_profit_pct": 1.0,
    "loss_static_hc_stop_profit_pct": 1.0
  },
  "timestamp": "2025-08-28T19:40:26.094686",
  "individual": [
    1.0052145574278764,
    2.3057174423925653,
    408.83019838345655,
    4.34964428092447,
    -0.051331401582363934,
    3.1301242951361457,
    0.01,
    0.021354545797566724,
    0.0064601385657883465,
    101103566.91939059,
    0.75,
    50.0,
    18.621590795667277,
    38.184629336293,
    43.56280498562687,
    0.01880212562542969,
    18.8529237620511,
    97.83782953785743,
    329.6478520218603,
    56.59329052489058,
    5.789611378049292,
    1500.0,
    69.05374337505202,
    1636.312910477303,
    1,
    1,
    1,
    0.0251299609641006,
    0,
    0,
    1,
    1,
    -0.003155975225030199,
    -0.017884929085547993,
    1.0675892816050296,
    3.625002025879085,
    481.9714316439137,
    10.063201519831784,
    5.064827263486225,
    -0.010126362999827054,
    -0.06173774017321728,
    -0.06911559956985378,
    0,
    0
  ]
}