{
  "generation": 30,
  "fitness": 3.7611347995443896,
  "total_return": 19.302370000000007,
  "max_drawdown": 0.2807612789307228,
  "sharpe_ratio": 4.029434368086029,
  "params": {
    "per_step_tick_gap": 1,
    "cold_start_steps": 1,
    "max_abserve_tick_steps": 410,
    "max_abserce_avg_price_down_steps": 1,
    "stop_profit_open_hc_pct": -0.016556492154940747,
    "dynamic_hc_stop_profit_thres": 2.0795007639352785,
    "last_close_price_hc_pct": 0.004130502958686836,
    "last_day_sell_thres": 0.8277825858236196,
    "last_day_sell_huiche": 0.01772806048961157,
    "fd_mount": 146577560,
    "fd_vol_pct": 0.742460087010914,
    "fd_ju_ticks": 36,
    "max_zb_times": 17,
    "stagnation_kline_ticks": 36,
    "decline_kline_ticks": 48,
    "yang_yin_threshold": 0.007427809641572929,
    "stagnation_n": 30,
    "stagnation_volume_ratio_threshold": 57.343733457497294,
    "stagnation_ratio_threshold": 276,
    "decline_volume_ratio_threshold": 22.860099626352394,
    "max_rebounds": 5,
    "decline_ratio_threshold": 788,
    "flxd_ticks": 4,
    "flzz_ticks": 1517,
    "use_simiple_kline_strategy_flxd": false,
    "use_simiple_kline_strategy_flzz": true,
    "flzz_use_smooth_price": true,
    "flzz_zf_thresh": 0.04642091976857977,
    "kline_sell_flxd_zy": false,
    "kline_sell_flxd_zs": true,
    "kline_sell_flzz_zs": false,
    "kline_sell_flzz_zy": true,
    "last_open_price_hc_pct": -0.023517819717669038,
    "open_price_max_hc": -0.017795076037116858,
    "loss_per_step_tick_gap": 1,
    "loss_cold_start_steps": 4,
    "loss_max_abserve_tick_steps": 426,
    "loss_max_abserce_avg_price_down_steps": 6,
    "loss_dynamic_hc_stop_profit_thres": 3.7326790312750697,
    "loss_last_close_price_hc_pct": -0.0070136767157369245,
    "loss_last_open_price_hc_pct": -0.0637703020566567,
    "loss_open_price_max_hc": -0.07160005393956739,
    "loss_down_open_sell_wait_time": true,
    "down_open_sell_wait_time": false,
    "stop_profit_pct": 0.0,
    "static_hc_stop_profit_pct": 1.0,
    "loss_static_hc_stop_profit_pct": 1.0
  },
  "timestamp": "2025-08-28T19:32:48.635262",
  "individual": [
    1.0527750835795484,
    0.9529772150772271,
    409.9162035576947,
    1.0457929255246456,
    -0.016556492154940747,
    2.0795007639352785,
    0.004130502958686836,
    0.8277825858236196,
    0.01772806048961157,
    146577559.7446397,
    0.742460087010914,
    35.539351311261434,
    16.702437637589014,
    36.06881286146698,
    48.40949036399218,
    0.007427809641572929,
    30.0,
    57.343733457497294,
    276.1311827423119,
    22.860099626352394,
    5.086001800334804,
    788.0025740048277,
    3.9026487238776952,
    1516.5762951963225,
    0,
    1,
    1,
    0.04642091976857977,
    0,
    1,
    0,
    1,
    -0.023517819717669038,
    -0.017795076037116858,
    1.0786521058770593,
    3.795686267102104,
    426.1988825978495,
    6.142302803163069,
    3.7326790312750697,
    -0.0070136767157369245,
    -0.0637703020566567,
    -0.07160005393956739,
    1,
    0
  ]
}