{
  "generation": 30,
  "fitness": 3.8217132907011035,
  "total_return": 37.752629999999996,
  "max_drawdown": 0.30524110174472907,
  "sharpe_ratio": 4.447607412493199,
  "params": {
    "per_step_tick_gap": 4,
    "cold_start_steps": 43,
    "max_abserve_tick_steps": 637,
    "max_abserce_avg_price_down_steps": 3,
    "stop_profit_open_hc_pct": -0.03966587748488588,
    "dynamic_hc_stop_profit_thres": 1.2496358481101304,
    "last_close_price_hc_pct": 0.009978043344501501,
    "last_day_sell_thres": 0.6179565594984247,
    "last_day_sell_huiche": 0.00849017021162968,
    "fd_mount": 68467393,
    "fd_vol_pct": 0.3276665821266802,
    "fd_ju_ticks": 1,
    "max_zb_times": 13,
    "stagnation_kline_ticks": 19,
    "decline_kline_ticks": 25,
    "yang_yin_threshold": 0.007947199654023941,
    "stagnation_n": 30,
    "stagnation_volume_ratio_threshold": 48.198268334255516,
    "stagnation_ratio_threshold": 1010,
    "decline_volume_ratio_threshold": 71.55764323001105,
    "max_rebounds": 9,
    "decline_ratio_threshold": 252,
    "flxd_ticks": 459,
    "flzz_ticks": 1160,
    "use_simiple_kline_strategy_flxd": false,
    "use_simiple_kline_strategy_flzz": true,
    "flzz_use_smooth_price": true,
    "flzz_zf_thresh": 0.02995211765411292,
    "kline_sell_flxd_zy": true,
    "kline_sell_flxd_zs": false,
    "kline_sell_flzz_zs": false,
    "kline_sell_flzz_zy": true,
    "last_open_price_hc_pct": -0.015722426890266834,
    "open_price_max_hc": -0.06017359885385765,
    "loss_per_step_tick_gap": 13,
    "loss_cold_start_steps": 6,
    "loss_max_abserve_tick_steps": 37,
    "loss_max_abserce_avg_price_down_steps": 6,
    "loss_dynamic_hc_stop_profit_thres": 0.9021541642098708,
    "loss_last_close_price_hc_pct": -0.004186894959793582,
    "loss_last_open_price_hc_pct": -0.07991792449677507,
    "loss_open_price_max_hc": -0.0801234748261453,
    "loss_down_open_sell_wait_time": true,
    "down_open_sell_wait_time": false,
    "day_zy_line": 4.190885144093796e-08,
    "day_zs_line": -0.042969348844442125,
    "sell_afternoon": false,
    "sell_half_afternoon": false,
    "sell_max_days": 1,
    "stop_profit_pct": 0.0,
    "static_hc_stop_profit_pct": 1.0,
    "loss_static_hc_stop_profit_pct": 1.0
  },
  "timestamp": "2025-09-05T16:19:47.079152",
  "individual": [
    3.991630494962875,
    43.101257978503384,
    637.0189816225554,
    2.782661014466774,
    -0.03966587748488588,
    1.2496358481101304,
    0.009978043344501501,
    0.6179565594984247,
    0.00849017021162968,
    68467393.09268233,
    0.3276665821266802,
    1.0005614806731065,
    12.632221250373128,
    19.342889583027667,
    24.968583476972977,
    0.007947199654023941,
    29.998485670771075,
    48.198268334255516,
    1010.4830565450593,
    71.55764323001105,
    8.943113367565374,
    251.52656702635107,
    458.61089871691496,
    1160.4400975784667,
    0,
    1,
    1,
    0.02995211765411292,
    1,
    0,
    0,
    1,
    -0.015722426890266834,
    -0.06017359885385765,
    12.595758627148285,
    6.054013367306373,
    37.273522535357415,
    5.78462318058973,
    0.9021541642098708,
    -0.004186894959793582,
    -0.07991792449677507,
    -0.0801234748261453,
    1,
    0,
    4.190885144093796e-08,
    -0.042969348844442125,
    0,
    0,
    1.1740968505518365
  ],
  "max_drawdown_threshold": 0.26
}