{
  "generation": 50,
  "fitness": 4.549720277015621,
  "total_return": 70.266945,
  "max_drawdown": 0.3156508028461075,
  "sharpe_ratio": 4.820035780392006,
  "params": {
    "per_step_tick_gap": 1,
    "cold_start_steps": 46,
    "max_abserve_tick_steps": 446,
    "max_abserce_avg_price_down_steps": 4,
    "stop_profit_open_hc_pct": -0.024828988692296224,
    "dynamic_hc_stop_profit_thres": 0.8398567765753129,
    "last_close_price_hc_pct": 0.00887650420747984,
    "last_day_sell_thres": 0.6294993037887453,
    "last_day_sell_huiche": 0.008055553764209106,
    "fd_mount": 68473697,
    "fd_vol_pct": 0.3470596127076572,
    "fd_ju_ticks": 1,
    "max_zb_times": 11,
    "stagnation_kline_ticks": 7,
    "decline_kline_ticks": 25,
    "yang_yin_threshold": 0.00612988460020015,
    "stagnation_n": 30,
    "stagnation_volume_ratio_threshold": 48.622029857209405,
    "stagnation_ratio_threshold": 1073,
    "decline_volume_ratio_threshold": 71.87277888018541,
    "max_rebounds": 6,
    "decline_ratio_threshold": 195,
    "flxd_ticks": 358,
    "flzz_ticks": 1123,
    "use_simiple_kline_strategy_flxd": false,
    "use_simiple_kline_strategy_flzz": true,
    "flzz_use_smooth_price": true,
    "flzz_zf_thresh": 0.019322393240211667,
    "kline_sell_flxd_zy": false,
    "kline_sell_flxd_zs": true,
    "kline_sell_flzz_zs": true,
    "kline_sell_flzz_zy": true,
    "last_open_price_hc_pct": -0.016590865554357268,
    "open_price_max_hc": -0.1,
    "loss_per_step_tick_gap": 13,
    "loss_cold_start_steps": 5,
    "loss_max_abserve_tick_steps": 198,
    "loss_max_abserce_avg_price_down_steps": 6,
    "loss_dynamic_hc_stop_profit_thres": 1.0336404739981129,
    "loss_last_close_price_hc_pct": -0.0037204327872700366,
    "loss_last_open_price_hc_pct": -0.07797973919469375,
    "loss_open_price_max_hc": -0.07709613218655374,
    "loss_down_open_sell_wait_time": true,
    "down_open_sell_wait_time": false,
    "day_zy_line": 5.244498970044867e-05,
    "day_zs_line": -0.01818130147523296,
    "sell_afternoon": true,
    "sell_half_afternoon": true,
    "sell_max_days": 2,
    "stop_profit_pct": 0.0,
    "static_hc_stop_profit_pct": 1.0,
    "loss_static_hc_stop_profit_pct": 1.0
  },
  "timestamp": "2025-09-05T16:28:32.204586",
  "individual": [
    1.020297861917242,
    46.497309877356926,
    445.6740659914233,
    4.314027499978346,
    -0.024828988692296224,
    0.8398567765753129,
    0.00887650420747984,
    0.6294993037887453,
    0.008055553764209106,
    68473697.22762801,
    0.3470596127076572,
    1,
    11.380270845711328,
    6.603156008346453,
    25.23407598176575,
    0.00612988460020015,
    30,
    48.622029857209405,
    1073.3525809656912,
    71.87277888018541,
    6.023762470421606,
    195.32197374756873,
    358.1346608739302,
    1123.1593922098266,
    0,
    1,
    1,
    0.019322393240211667,
    0,
    1,
    1,
    1,
    -0.016590865554357268,
    -0.1,
    12.717099082477588,
    5.277391947976734,
    198.11336143268588,
    6.076615569588048,
    1.0336404739981129,
    -0.0037204327872700366,
    -0.07797973919469375,
    -0.07709613218655374,
    1,
    0,
    5.244498970044867e-05,
    -0.01818130147523296,
    1,
    1,
    2.1833735020589984
  ],
  "max_drawdown_threshold": 0.26
}