{
  "generation": 120,
  "fitness": 5.262474584968999,
  "total_return": 97.15827500000002,
  "max_drawdown": 0.3115202030041961,
  "sharpe_ratio": 5.058012627113041,
  "params": {
    "per_step_tick_gap": 1,
    "cold_start_steps": 50,
    "max_abserve_tick_steps": 437,
    "max_abserce_avg_price_down_steps": 3,
    "stop_profit_open_hc_pct": -0.04858453730845129,
    "dynamic_hc_stop_profit_thres": 0.7863347706780904,
    "last_close_price_hc_pct": 0.009203080377880035,
    "last_day_sell_thres": 0.5844278582031188,
    "last_day_sell_huiche": 0.00796020335886255,
    "fd_mount": 67850791,
    "fd_vol_pct": 0.42007893301264365,
    "fd_ju_ticks": 1,
    "max_zb_times": 1,
    "stagnation_kline_ticks": 7,
    "decline_kline_ticks": 28,
    "yang_yin_threshold": 0.002920391489109336,
    "stagnation_n": 27,
    "stagnation_volume_ratio_threshold": 50.14213429346222,
    "stagnation_ratio_threshold": 1425,
    "decline_volume_ratio_threshold": 72.15295990189395,
    "max_rebounds": 15,
    "decline_ratio_threshold": 166,
    "flxd_ticks": 500,
    "flzz_ticks": 1089,
    "use_simiple_kline_strategy_flxd": false,
    "use_simiple_kline_strategy_flzz": true,
    "flzz_use_smooth_price": true,
    "flzz_zf_thresh": 0.018541594352876136,
    "kline_sell_flxd_zy": true,
    "kline_sell_flxd_zs": false,
    "kline_sell_flzz_zs": true,
    "kline_sell_flzz_zy": true,
    "last_open_price_hc_pct": -0.008688058617051598,
    "open_price_max_hc": -0.07996268850598798,
    "loss_per_step_tick_gap": 12,
    "loss_cold_start_steps": 5,
    "loss_max_abserve_tick_steps": 5,
    "loss_max_abserce_avg_price_down_steps": 5,
    "loss_dynamic_hc_stop_profit_thres": 5.712020007682666,
    "loss_last_close_price_hc_pct": -0.00320737780725181,
    "loss_last_open_price_hc_pct": -0.07749952504422304,
    "loss_open_price_max_hc": -0.0799782029513212,
    "loss_down_open_sell_wait_time": true,
    "down_open_sell_wait_time": false,
    "day_zy_line": 4.3847543271830505e-05,
    "day_zs_line": -0.017604818336178857,
    "sell_afternoon": true,
    "sell_half_afternoon": true,
    "sell_max_days": 2,
    "stop_profit_pct": 0.0,
    "static_hc_stop_profit_pct": 1.0,
    "loss_static_hc_stop_profit_pct": 1.0
  },
  "timestamp": "2025-09-05T17:06:26.232867",
  "individual": [
    1.0403627977348773,
    49.998683700676864,
    437.13112009482774,
    2.790756786507339,
    -0.04858453730845129,
    0.7863347706780904,
    0.009203080377880035,
    0.5844278582031188,
    0.00796020335886255,
    67850790.60763843,
    0.42007893301264365,
    1.3030570893259759,
    1.001998017527042,
    7.354197897201918,
    28.087272562094896,
    0.002920391489109336,
    27.31247080261381,
    50.14213429346222,
    1425.3174840887332,
    72.15295990189395,
    15.0,
    166.10207951874008,
    500.0,
    1089.4095823521056,
    0,
    1,
    1,
    0.018541594352876136,
    1,
    0,
    1,
    1,
    -0.008688058617051598,
    -0.07996268850598798,
    12.303305686983908,
    5.3109793630693325,
    5.0,
    5.377384866049803,
    5.712020007682666,
    -0.00320737780725181,
    -0.07749952504422304,
    -0.0799782029513212,
    1,
    0,
    4.3847543271830505e-05,
    -0.017604818336178857,
    1,
    1,
    1.8029298244976488
  ],
  "max_drawdown_threshold": 0.26
}