{
  "generation": 90,
  "fitness": 5.195985458401658,
  "total_return": 94.09096500000004,
  "max_drawdown": 0.31160390398184423,
  "sharpe_ratio": 5.032495156555156,
  "params": {
    "per_step_tick_gap": 1,
    "cold_start_steps": 50,
    "max_abserve_tick_steps": 437,
    "max_abserce_avg_price_down_steps": 3,
    "stop_profit_open_hc_pct": -0.05381871747018023,
    "dynamic_hc_stop_profit_thres": 0.8051094041452067,
    "last_close_price_hc_pct": 0.009256778077959755,
    "last_day_sell_thres": 0.6414439642731578,
    "last_day_sell_huiche": 0.007586726726738972,
    "fd_mount": 66506347,
    "fd_vol_pct": 0.4125778312214499,
    "fd_ju_ticks": 1,
    "max_zb_times": 1,
    "stagnation_kline_ticks": 7,
    "decline_kline_ticks": 30,
    "yang_yin_threshold": 0.007502997207551014,
    "stagnation_n": 27,
    "stagnation_volume_ratio_threshold": 50.09459059774418,
    "stagnation_ratio_threshold": 1154,
    "decline_volume_ratio_threshold": 72.74121772199052,
    "max_rebounds": 1,
    "decline_ratio_threshold": 171,
    "flxd_ticks": 469,
    "flzz_ticks": 1094,
    "use_simiple_kline_strategy_flxd": false,
    "use_simiple_kline_strategy_flzz": true,
    "flzz_use_smooth_price": true,
    "flzz_zf_thresh": 0.018539203486348035,
    "kline_sell_flxd_zy": true,
    "kline_sell_flxd_zs": false,
    "kline_sell_flzz_zs": true,
    "kline_sell_flzz_zy": true,
    "last_open_price_hc_pct": -0.016598620530575432,
    "open_price_max_hc": -0.08201053273790675,
    "loss_per_step_tick_gap": 12,
    "loss_cold_start_steps": 5,
    "loss_max_abserve_tick_steps": 7,
    "loss_max_abserce_avg_price_down_steps": 5,
    "loss_dynamic_hc_stop_profit_thres": 5.691783906257771,
    "loss_last_close_price_hc_pct": -0.003382880809334185,
    "loss_last_open_price_hc_pct": -0.07744013907743658,
    "loss_open_price_max_hc": -0.07837178570521154,
    "loss_down_open_sell_wait_time": true,
    "down_open_sell_wait_time": false,
    "day_zy_line": 4.5457622922815694e-05,
    "day_zs_line": -0.019784015866159403,
    "sell_afternoon": true,
    "sell_half_afternoon": true,
    "sell_max_days": 2,
    "stop_profit_pct": 0.0,
    "static_hc_stop_profit_pct": 1.0,
    "loss_static_hc_stop_profit_pct": 1.0
  },
  "timestamp": "2025-09-05T16:49:57.654461",
  "individual": [
    1.116884858809769,
    49.99732726437491,
    437.11697733042087,
    2.7361229851584383,
    -0.05381871747018023,
    0.8051094041452067,
    0.009256778077959755,
    0.6414439642731578,
    0.007586726726738972,
    66506346.882642165,
    0.4125778312214499,
    1.4861070334326585,
    1.0,
    7.06934478035165,
    29.99612954871268,
    0.007502997207551014,
    27.249801917469554,
    50.09459059774418,
    1154.1485404361588,
    72.74121772199052,
    1.3789709760206201,
    171.14903943854242,
    468.517272410073,
    1094.09622958427,
    0,
    1,
    1,
    0.018539203486348035,
    1,
    0,
    1,
    1,
    -0.016598620530575432,
    -0.08201053273790675,
    12.382759870206948,
    5.482438197365864,
    6.856768724946484,
    5.3392980039647,
    5.691783906257771,
    -0.003382880809334185,
    -0.07744013907743658,
    -0.07837178570521154,
    1,
    0,
    4.5457622922815694e-05,
    -0.019784015866159403,
    1,
    1,
    1.7595009574856235
  ],
  "max_drawdown_threshold": 0.26
}