{
  "generation": 70,
  "fitness": 5.1312038172960435,
  "total_return": 91.96209250000004,
  "max_drawdown": 0.31225714348358885,
  "sharpe_ratio": 5.011117808790869,
  "params": {
    "per_step_tick_gap": 1,
    "cold_start_steps": 50,
    "max_abserve_tick_steps": 437,
    "max_abserce_avg_price_down_steps": 3,
    "stop_profit_open_hc_pct": -0.03294502392630292,
    "dynamic_hc_stop_profit_thres": 0.8109646236928707,
    "last_close_price_hc_pct": 0.008752849075297641,
    "last_day_sell_thres": 0.6433058002543114,
    "last_day_sell_huiche": 0.007505146135606816,
    "fd_mount": 70931082,
    "fd_vol_pct": 0.36706388110278226,
    "fd_ju_ticks": 1,
    "max_zb_times": 10,
    "stagnation_kline_ticks": 7,
    "decline_kline_ticks": 25,
    "yang_yin_threshold": 0.0068722676102697805,
    "stagnation_n": 27,
    "stagnation_volume_ratio_threshold": 50.25690342023827,
    "stagnation_ratio_threshold": 994,
    "decline_volume_ratio_threshold": 72.04181265276979,
    "max_rebounds": 5,
    "decline_ratio_threshold": 212,
    "flxd_ticks": 479,
    "flzz_ticks": 1078,
    "use_simiple_kline_strategy_flxd": false,
    "use_simiple_kline_strategy_flzz": true,
    "flzz_use_smooth_price": true,
    "flzz_zf_thresh": 0.01759855705663456,
    "kline_sell_flxd_zy": true,
    "kline_sell_flxd_zs": false,
    "kline_sell_flzz_zs": true,
    "kline_sell_flzz_zy": true,
    "last_open_price_hc_pct": -0.01668211469850142,
    "open_price_max_hc": -0.08402412465878356,
    "loss_per_step_tick_gap": 12,
    "loss_cold_start_steps": 5,
    "loss_max_abserve_tick_steps": 139,
    "loss_max_abserce_avg_price_down_steps": 5,
    "loss_dynamic_hc_stop_profit_thres": 6.574187995492368,
    "loss_last_close_price_hc_pct": -0.0035593252514443327,
    "loss_last_open_price_hc_pct": -0.07724630101402614,
    "loss_open_price_max_hc": -0.07806604093327388,
    "loss_down_open_sell_wait_time": true,
    "down_open_sell_wait_time": false,
    "day_zy_line": 3.3897085068759475e-05,
    "day_zs_line": -0.01989600127552437,
    "sell_afternoon": true,
    "sell_half_afternoon": true,
    "sell_max_days": 2,
    "stop_profit_pct": 0.0,
    "static_hc_stop_profit_pct": 1.0,
    "loss_static_hc_stop_profit_pct": 1.0
  },
  "timestamp": "2025-09-05T16:39:00.899380",
  "individual": [
    1.1170304805084335,
    49.96454945061309,
    437.156344690485,
    2.5120855092908414,
    -0.03294502392630292,
    0.8109646236928707,
    0.008752849075297641,
    0.6433058002543114,
    0.007505146135606816,
    70931081.83284925,
    0.36706388110278226,
    1.4373713391355818,
    9.778351657665599,
    6.89377922053648,
    25.339889145562516,
    0.0068722676102697805,
    27.292321861496497,
    50.25690342023827,
    993.6477177853494,
    72.04181265276979,
    4.787841936239866,
    212.43295232109418,
    478.78974666312513,
    1078.0305367678204,
    0,
    1,
    1,
    0.01759855705663456,
    1,
    0,
    1,
    1,
    -0.01668211469850142,
    -0.08402412465878356,
    12.103936389855118,
    5.434440420907001,
    138.6475250474904,
    5.444177685825275,
    6.574187995492368,
    -0.0035593252514443327,
    -0.07724630101402614,
    -0.07806604093327388,
    1,
    0,
    3.3897085068759475e-05,
    -0.01989600127552437,
    1,
    1,
    1.5031765834543003
  ],
  "max_drawdown_threshold": 0.26
}