{
  "generation": 110,
  "fitness": 5.240737207913347,
  "total_return": 95.47519250000002,
  "max_drawdown": 0.3110419311265665,
  "sharpe_ratio": 5.04270938089282,
  "params": {
    "per_step_tick_gap": 1,
    "cold_start_steps": 50,
    "max_abserve_tick_steps": 437,
    "max_abserce_avg_price_down_steps": 3,
    "stop_profit_open_hc_pct": -0.0512724441886112,
    "dynamic_hc_stop_profit_thres": 0.8706685519231754,
    "last_close_price_hc_pct": 0.009171720536964514,
    "last_day_sell_thres": 0.5563317560816626,
    "last_day_sell_huiche": 0.007838492104912735,
    "fd_mount": 67566934,
    "fd_vol_pct": 0.4311074831415664,
    "fd_ju_ticks": 1,
    "max_zb_times": 1,
    "stagnation_kline_ticks": 7,
    "decline_kline_ticks": 33,
    "yang_yin_threshold": 0.0072888357357890655,
    "stagnation_n": 27,
    "stagnation_volume_ratio_threshold": 50.14799292398588,
    "stagnation_ratio_threshold": 1143,
    "decline_volume_ratio_threshold": 72.74354426456738,
    "max_rebounds": 15,
    "decline_ratio_threshold": 174,
    "flxd_ticks": 492,
    "flzz_ticks": 1099,
    "use_simiple_kline_strategy_flxd": false,
    "use_simiple_kline_strategy_flzz": true,
    "flzz_use_smooth_price": true,
    "flzz_zf_thresh": 0.01775440476246467,
    "kline_sell_flxd_zy": true,
    "kline_sell_flxd_zs": false,
    "kline_sell_flzz_zs": true,
    "kline_sell_flzz_zy": true,
    "last_open_price_hc_pct": -0.00808401728685487,
    "open_price_max_hc": -0.08332288615289471,
    "loss_per_step_tick_gap": 12,
    "loss_cold_start_steps": 5,
    "loss_max_abserve_tick_steps": 12,
    "loss_max_abserce_avg_price_down_steps": 5,
    "loss_dynamic_hc_stop_profit_thres": 5.717058372530849,
    "loss_last_close_price_hc_pct": -0.0031348339404603247,
    "loss_last_open_price_hc_pct": -0.07725978612649056,
    "loss_open_price_max_hc": -0.08030887307551934,
    "loss_down_open_sell_wait_time": true,
    "down_open_sell_wait_time": false,
    "day_zy_line": 1.556675477497368e-05,
    "day_zs_line": -0.017669181443435936,
    "sell_afternoon": true,
    "sell_half_afternoon": true,
    "sell_max_days": 2,
    "stop_profit_pct": 0.0,
    "static_hc_stop_profit_pct": 1.0,
    "loss_static_hc_stop_profit_pct": 1.0
  },
  "timestamp": "2025-09-05T17:00:52.436959",
  "individual": [
    1.0,
    49.99975717635987,
    436.97156175155413,
    3.0322064844582064,
    -0.0512724441886112,
    0.8706685519231754,
    0.009171720536964514,
    0.5563317560816626,
    0.007838492104912735,
    67566934.16465291,
    0.4311074831415664,
    1.3818886418566327,
    1.0006363698159084,
    7.179947574777872,
    33.141751852851456,
    0.0072888357357890655,
    27.237167658533934,
    50.14799292398588,
    1143.1256251364186,
    72.74354426456738,
    15.0,
    173.63639958250633,
    492.0619396672313,
    1099.3622412713235,
    0,
    1,
    1,
    0.01775440476246467,
    1,
    0,
    1,
    1,
    -0.00808401728685487,
    -0.08332288615289471,
    12.361650348368533,
    5.376110013488242,
    11.575143647432249,
    5.359555362966479,
    5.717058372530849,
    -0.0031348339404603247,
    -0.07725978612649056,
    -0.08030887307551934,
    1,
    0,
    1.556675477497368e-05,
    -0.017669181443435936,
    1,
    1,
    2.0815042672396933
  ],
  "max_drawdown_threshold": 0.26
}