{
  "generation": 80,
  "fitness": 5.169405938905928,
  "total_return": 93.40075750000004,
  "max_drawdown": 0.3120416864965667,
  "sharpe_ratio": 5.028018652145731,
  "params": {
    "per_step_tick_gap": 1,
    "cold_start_steps": 50,
    "max_abserve_tick_steps": 437,
    "max_abserce_avg_price_down_steps": 3,
    "stop_profit_open_hc_pct": -0.04050712968026136,
    "dynamic_hc_stop_profit_thres": 0.7933416254038572,
    "last_close_price_hc_pct": 0.008953159421812866,
    "last_day_sell_thres": 0.5505984712941765,
    "last_day_sell_huiche": 0.008185436356063773,
    "fd_mount": 68242046,
    "fd_vol_pct": 0.37690117119137506,
    "fd_ju_ticks": 1,
    "max_zb_times": 18,
    "stagnation_kline_ticks": 7,
    "decline_kline_ticks": 22,
    "yang_yin_threshold": 0.008238909843535527,
    "stagnation_n": 27,
    "stagnation_volume_ratio_threshold": 50.15983603437872,
    "stagnation_ratio_threshold": 1057,
    "decline_volume_ratio_threshold": 71.89932888055759,
    "max_rebounds": 7,
    "decline_ratio_threshold": 200,
    "flxd_ticks": 492,
    "flzz_ticks": 1102,
    "use_simiple_kline_strategy_flxd": false,
    "use_simiple_kline_strategy_flzz": true,
    "flzz_use_smooth_price": true,
    "flzz_zf_thresh": 0.017898285140407408,
    "kline_sell_flxd_zy": true,
    "kline_sell_flxd_zs": true,
    "kline_sell_flzz_zs": true,
    "kline_sell_flzz_zy": true,
    "last_open_price_hc_pct": -0.016606040758900344,
    "open_price_max_hc": -0.08150357553348289,
    "loss_per_step_tick_gap": 12,
    "loss_cold_start_steps": 5,
    "loss_max_abserve_tick_steps": 5,
    "loss_max_abserce_avg_price_down_steps": 5,
    "loss_dynamic_hc_stop_profit_thres": 6.945261457252202,
    "loss_last_close_price_hc_pct": -0.0033289433637582184,
    "loss_last_open_price_hc_pct": -0.07776499204261461,
    "loss_open_price_max_hc": -0.07745565384182163,
    "loss_down_open_sell_wait_time": true,
    "down_open_sell_wait_time": false,
    "day_zy_line": 3.4681255300003674e-05,
    "day_zs_line": -0.019141031829238143,
    "sell_afternoon": true,
    "sell_half_afternoon": true,
    "sell_max_days": 2,
    "stop_profit_pct": 0.0,
    "static_hc_stop_profit_pct": 1.0,
    "loss_static_hc_stop_profit_pct": 1.0
  },
  "timestamp": "2025-09-05T16:44:31.342188",
  "individual": [
    1.1211140677152336,
    49.99563883400461,
    437.259612102867,
    2.923527426183059,
    -0.04050712968026136,
    0.7933416254038572,
    0.008953159421812866,
    0.5505984712941765,
    0.008185436356063773,
    68242045.57745716,
    0.37690117119137506,
    1.3049012072592454,
    18.09054139428739,
    6.840617291469595,
    22.19148255610993,
    0.008238909843535527,
    26.9100803000273,
    50.15983603437872,
    1056.8030876465793,
    71.89932888055759,
    6.605888453284585,
    199.61504030283618,
    492.18197769202146,
    1101.5595316703832,
    0,
    1,
    1,
    0.017898285140407408,
    1,
    1,
    1,
    1,
    -0.016606040758900344,
    -0.08150357553348289,
    12.263697586049986,
    5.472989700771443,
    5.0,
    5.317108089541242,
    6.945261457252202,
    -0.0033289433637582184,
    -0.07776499204261461,
    -0.07745565384182163,
    1,
    0,
    3.4681255300003674e-05,
    -0.019141031829238143,
    1,
    1,
    2.072872303107366
  ],
  "max_drawdown_threshold": 0.26
}