{
  "generation": 10,
  "fitness": 3.0182284897761398,
  "total_return": 35.920125,
  "max_drawdown": 0.34372558647657736,
  "sharpe_ratio": 4.343567434348358,
  "params": {
    "per_step_tick_gap": 1,
    "cold_start_steps": 31,
    "max_abserve_tick_steps": 555,
    "max_abserce_avg_price_down_steps": 3,
    "stop_profit_open_hc_pct": -0.02049506560355962,
    "dynamic_hc_stop_profit_thres": 5.286856838203274,
    "last_close_price_hc_pct": -0.010937890641013324,
    "last_day_sell_thres": 1.0,
    "last_day_sell_huiche": 0.016111743444745558,
    "fd_mount": 100573616,
    "fd_vol_pct": 0.4878084459180953,
    "fd_ju_ticks": 4,
    "max_zb_times": 21,
    "stagnation_kline_ticks": 22,
    "decline_kline_ticks": 42,
    "yang_yin_threshold": 0.002,
    "stagnation_n": 20,
    "stagnation_volume_ratio_threshold": 40.25788840578613,
    "stagnation_ratio_threshold": 447,
    "decline_volume_ratio_threshold": 100.0,
    "max_rebounds": 4,
    "decline_ratio_threshold": 524,
    "flxd_ticks": 0,
    "flzz_ticks": 2000,
    "use_simiple_kline_strategy_flxd": false,
    "use_simiple_kline_strategy_flzz": true,
    "flzz_use_smooth_price": true,
    "flzz_zf_thresh": 0.039803090367359684,
    "kline_sell_flxd_zy": false,
    "kline_sell_flxd_zs": true,
    "kline_sell_flzz_zs": true,
    "kline_sell_flzz_zy": true,
    "last_open_price_hc_pct": 0.008764424573999003,
    "open_price_max_hc": -0.00747975960395752,
    "loss_per_step_tick_gap": 9,
    "loss_cold_start_steps": 6,
    "loss_max_abserve_tick_steps": 106,
    "loss_max_abserce_avg_price_down_steps": 7,
    "loss_dynamic_hc_stop_profit_thres": 6.073622520540459,
    "loss_last_close_price_hc_pct": -0.00800090602153328,
    "loss_last_open_price_hc_pct": -0.015178528491147085,
    "loss_open_price_max_hc": -0.08262312724416614,
    "loss_down_open_sell_wait_time": false,
    "down_open_sell_wait_time": true,
    "day_zy_line": 8.507626065764001e-06,
    "day_zs_line": -0.12509305318154465,
    "sell_afternoon": false,
    "sell_half_afternoon": false,
    "sell_max_days": 1,
    "stop_profit_pct": 0.0,
    "static_hc_stop_profit_pct": 1.0,
    "loss_static_hc_stop_profit_pct": 1.0
  },
  "timestamp": "2025-09-05T16:13:06.159573",
  "individual": [
    1.0,
    31.02675649344754,
    555.3057474599784,
    3.2676842614530393,
    -0.02049506560355962,
    5.286856838203274,
    -0.010937890641013324,
    1.0,
    0.016111743444745558,
    100573615.66290058,
    0.4878084459180953,
    3.778620603004587,
    20.585132476514136,
    22.334786300690332,
    41.78331420925935,
    0.002,
    19.521291996348353,
    40.25788840578613,
    446.8167423133883,
    100.0,
    3.585461778032065,
    524.1312734608692,
    0.0,
    2000.0,
    0,
    1,
    1,
    0.039803090367359684,
    0,
    1,
    1,
    1,
    0.008764424573999003,
    -0.00747975960395752,
    8.814141020098232,
    6.372650915225091,
    106.11606878578091,
    7.286027718634385,
    6.073622520540459,
    -0.00800090602153328,
    -0.015178528491147085,
    -0.08262312724416614,
    0,
    1,
    8.507626065764001e-06,
    -0.12509305318154465,
    0,
    0,
    1.0174129626934216
  ],
  "max_drawdown_threshold": 0.26
}