{
  "generation": 40,
  "fitness": 4.150319437212136,
  "total_return": 50.46491499999998,
  "max_drawdown": 0.31101157382787215,
  "sharpe_ratio": 4.702652209871502,
  "params": {
    "per_step_tick_gap": 2,
    "cold_start_steps": 46,
    "max_abserve_tick_steps": 495,
    "max_abserce_avg_price_down_steps": 2,
    "stop_profit_open_hc_pct": -0.024146510812498155,
    "dynamic_hc_stop_profit_thres": 0.7887986489711212,
    "last_close_price_hc_pct": 0.00858540845814537,
    "last_day_sell_thres": 0.6209929953194321,
    "last_day_sell_huiche": 0.0070468786937054086,
    "fd_mount": 68762236,
    "fd_vol_pct": 0.33755453512916367,
    "fd_ju_ticks": 1,
    "max_zb_times": 13,
    "stagnation_kline_ticks": 7,
    "decline_kline_ticks": 25,
    "yang_yin_threshold": 0.008233090734370733,
    "stagnation_n": 28,
    "stagnation_volume_ratio_threshold": 49.12548684720401,
    "stagnation_ratio_threshold": 1072,
    "decline_volume_ratio_threshold": 71.60123809317007,
    "max_rebounds": 8,
    "decline_ratio_threshold": 210,
    "flxd_ticks": 347,
    "flzz_ticks": 1125,
    "use_simiple_kline_strategy_flxd": false,
    "use_simiple_kline_strategy_flzz": true,
    "flzz_use_smooth_price": true,
    "flzz_zf_thresh": 0.030518971449133105,
    "kline_sell_flxd_zy": true,
    "kline_sell_flxd_zs": false,
    "kline_sell_flzz_zs": true,
    "kline_sell_flzz_zy": true,
    "last_open_price_hc_pct": -0.016642597921754133,
    "open_price_max_hc": -0.09830047370286021,
    "loss_per_step_tick_gap": 13,
    "loss_cold_start_steps": 5,
    "loss_max_abserve_tick_steps": 53,
    "loss_max_abserce_avg_price_down_steps": 6,
    "loss_dynamic_hc_stop_profit_thres": 1.668294962442773,
    "loss_last_close_price_hc_pct": -0.0035206750113201722,
    "loss_last_open_price_hc_pct": -0.07745588793968694,
    "loss_open_price_max_hc": -0.07822693063152279,
    "loss_down_open_sell_wait_time": true,
    "down_open_sell_wait_time": false,
    "day_zy_line": 2.8868461703480354e-05,
    "day_zs_line": -0.01807089691194097,
    "sell_afternoon": true,
    "sell_half_afternoon": true,
    "sell_max_days": 1,
    "stop_profit_pct": 0.0,
    "static_hc_stop_profit_pct": 1.0,
    "loss_static_hc_stop_profit_pct": 1.0
  },
  "timestamp": "2025-09-05T16:23:53.199908",
  "individual": [
    2.295156710914878,
    45.97136951464991,
    494.57569743003955,
    2.4850341361868873,
    -0.024146510812498155,
    0.7887986489711212,
    0.00858540845814537,
    0.6209929953194321,
    0.0070468786937054086,
    68762236.09458458,
    0.33755453512916367,
    1.0,
    13.467326184510235,
    7.290754036815532,
    25.39436625830764,
    0.008233090734370733,
    28.026414380390246,
    49.12548684720401,
    1072.143654517582,
    71.60123809317007,
    8.19750801959795,
    210.0414673958218,
    347.2180764651809,
    1124.932833703234,
    0,
    1,
    1,
    0.030518971449133105,
    1,
    0,
    1,
    1,
    -0.016642597921754133,
    -0.09830047370286021,
    12.827392192590835,
    5.384539912381685,
    52.814823327715445,
    5.926235787098371,
    1.668294962442773,
    -0.0035206750113201722,
    -0.07745588793968694,
    -0.07822693063152279,
    1,
    0,
    2.8868461703480354e-05,
    -0.01807089691194097,
    1,
    1,
    1.2301705905822133
  ],
  "max_drawdown_threshold": 0.26
}