{
  "generation": 40,
  "fitness": 5.785675226293703,
  "total_return": 75.38183499999998,
  "max_drawdown": 0.2099934821184869,
  "sharpe_ratio": 8.573117759367154,
  "params": {
    "per_step_tick_gap": 1,
    "cold_start_steps": 30,
    "max_abserve_tick_steps": 587,
    "max_abserce_avg_price_down_steps": 13,
    "stop_profit_open_hc_pct": 0.0,
    "dynamic_hc_stop_profit_thres": 6.332852521555696,
    "last_close_price_hc_pct": 0.008545458170991196,
    "last_day_sell_thres": 0.5829653305354474,
    "last_day_sell_huiche": 0.01610489029122753,
    "fd_mount": 68324066,
    "fd_vol_pct": 0.5082693795952606,
    "fd_ju_ticks": 45,
    "max_zb_times": 1,
    "stagnation_kline_ticks": 31,
    "decline_kline_ticks": 34,
    "yang_yin_threshold": 0.02557704195112838,
    "stagnation_n": 8,
    "stagnation_volume_ratio_threshold": 28.408085697691988,
    "stagnation_ratio_threshold": 1241,
    "decline_volume_ratio_threshold": 30.953811881604047,
    "max_rebounds": 11,
    "decline_ratio_threshold": 1451,
    "flxd_ticks": 21,
    "flzz_ticks": 1858,
    "use_simiple_kline_strategy_flxd": false,
    "use_simiple_kline_strategy_flzz": false,
    "flzz_use_smooth_price": false,
    "flzz_zf_thresh": 0.09973974774690794,
    "kline_sell_flxd_zy": true,
    "kline_sell_flxd_zs": true,
    "kline_sell_flzz_zs": true,
    "kline_sell_flzz_zy": true,
    "last_open_price_hc_pct": -0.04206632878447185,
    "open_price_max_hc": -0.00017436888229565374,
    "loss_per_step_tick_gap": 1,
    "loss_cold_start_steps": 4,
    "loss_max_abserve_tick_steps": 485,
    "loss_max_abserce_avg_price_down_steps": 14,
    "loss_dynamic_hc_stop_profit_thres": 0.01,
    "loss_last_close_price_hc_pct": 0.005415441448367756,
    "loss_last_open_price_hc_pct": -0.027689247303312875,
    "loss_open_price_max_hc": -0.05055301315601585,
    "loss_down_open_sell_wait_time": false,
    "down_open_sell_wait_time": true,
    "day_zy_line": 0.12111263098410863,
    "day_zs_line": -0.02593634792766457,
    "sell_afternoon": false,
    "sell_half_afternoon": false,
    "sell_max_days": 3,
    "stop_profit_pct": 0.0,
    "static_hc_stop_profit_pct": 1.0,
    "loss_static_hc_stop_profit_pct": 1.0
  },
  "timestamp": "2025-09-06T09:50:18.729149",
  "individual": [
    1.11932782194058,
    30.159031712336844,
    586.8128505836634,
    13.283339437497407,
    0.0,
    6.332852521555696,
    0.008545458170991196,
    0.5829653305354474,
    0.01610489029122753,
    68324065.56434298,
    0.5082693795952606,
    45.28195505393926,
    1.0,
    30.864274404754784,
    33.62583920529186,
    0.02557704195112838,
    7.933565696623605,
    28.408085697691988,
    1241.1084649494226,
    30.953811881604047,
    11.0476702578557,
    1450.8085445737706,
    21.165789104736966,
    1858.1971927628845,
    0,
    0,
    0,
    0.09973974774690794,
    1,
    1,
    1,
    1,
    -0.04206632878447185,
    -0.00017436888229565374,
    1.0635295985989315,
    4.483143856617804,
    485.0436962278719,
    14.294274350863137,
    0.01,
    0.005415441448367756,
    -0.027689247303312875,
    -0.05055301315601585,
    0,
    1,
    0.12111263098410863,
    -0.02593634792766457,
    0,
    0,
    3.098934730977616
  ],
  "max_drawdown_threshold": 0.15,
  "strategy_name": "\u9ad8\u5f3a\u4e2d\u4f4e\u5f00\u4f4e\u5438\u524d1"
}