{
  "generation": 20,
  "fitness": 5.57627583192865,
  "total_return": 68.12656,
  "max_drawdown": 0.209991521950511,
  "sharpe_ratio": 8.483214935248155,
  "params": {
    "per_step_tick_gap": 5,
    "cold_start_steps": 31,
    "max_abserve_tick_steps": 998,
    "max_abserce_avg_price_down_steps": 8,
    "stop_profit_open_hc_pct": 0.0,
    "dynamic_hc_stop_profit_thres": 8.0,
    "last_close_price_hc_pct": 0.01,
    "last_day_sell_thres": 0.3622773262098065,
    "last_day_sell_huiche": 0.012962733745928257,
    "fd_mount": 74971994,
    "fd_vol_pct": 0.5844137485071116,
    "fd_ju_ticks": 30,
    "max_zb_times": 18,
    "stagnation_kline_ticks": 17,
    "decline_kline_ticks": 43,
    "yang_yin_threshold": 0.0032871850386386172,
    "stagnation_n": 15,
    "stagnation_volume_ratio_threshold": 44.490341457557896,
    "stagnation_ratio_threshold": 1256,
    "decline_volume_ratio_threshold": 29.70026788082658,
    "max_rebounds": 6,
    "decline_ratio_threshold": 1118,
    "flxd_ticks": 203,
    "flzz_ticks": 537,
    "use_simiple_kline_strategy_flxd": false,
    "use_simiple_kline_strategy_flzz": false,
    "flzz_use_smooth_price": false,
    "flzz_zf_thresh": 0.08901429123700044,
    "kline_sell_flxd_zy": true,
    "kline_sell_flxd_zs": true,
    "kline_sell_flzz_zs": false,
    "kline_sell_flzz_zy": false,
    "last_open_price_hc_pct": -0.07822490948058039,
    "open_price_max_hc": -0.000619274130093372,
    "loss_per_step_tick_gap": 1,
    "loss_cold_start_steps": 4,
    "loss_max_abserve_tick_steps": 497,
    "loss_max_abserce_avg_price_down_steps": 2,
    "loss_dynamic_hc_stop_profit_thres": 0.01,
    "loss_last_close_price_hc_pct": -0.02751270008972173,
    "loss_last_open_price_hc_pct": -0.021294672543291263,
    "loss_open_price_max_hc": -0.08651389935016576,
    "loss_down_open_sell_wait_time": false,
    "down_open_sell_wait_time": false,
    "day_zy_line": 0.12729618206992166,
    "day_zs_line": -0.022514799629231103,
    "sell_afternoon": false,
    "sell_half_afternoon": true,
    "sell_max_days": 3,
    "stop_profit_pct": 0.0,
    "static_hc_stop_profit_pct": 1.0,
    "loss_static_hc_stop_profit_pct": 1.0
  },
  "timestamp": "2025-09-06T09:48:14.887195",
  "individual": [
    5.100900395846862,
    31.062627611405247,
    997.7080846729459,
    8.4971105667932,
    0.0,
    8.0,
    0.01,
    0.3622773262098065,
    0.012962733745928257,
    74971994.43679778,
    0.5844137485071116,
    29.925525867966293,
    17.530027902010747,
    17.34181429368313,
    42.74507049584978,
    0.0032871850386386172,
    14.511546897137015,
    44.490341457557896,
    1256.3939442031763,
    29.70026788082658,
    6.105600471945733,
    1117.724849993626,
    203.43097332680165,
    537.4458725059089,
    0,
    0,
    0,
    0.08901429123700044,
    1,
    1,
    0,
    0,
    -0.07822490948058039,
    -0.000619274130093372,
    1.0826068279920356,
    4.435460511890439,
    496.8244383456076,
    1.513187089918075,
    0.01,
    -0.02751270008972173,
    -0.021294672543291263,
    -0.08651389935016576,
    0,
    0,
    0.12729618206992166,
    -0.022514799629231103,
    0,
    1,
    3.1158982215114355
  ],
  "max_drawdown_threshold": 0.15,
  "strategy_name": "\u9ad8\u5f3a\u4e2d\u4f4e\u5f00\u4f4e\u5438\u524d1"
}