{
  "generation": 80,
  "fitness": 5.865807902711241,
  "total_return": 78.23943999999999,
  "max_drawdown": 0.20998514776695193,
  "sharpe_ratio": 8.6103851373106,
  "params": {
    "per_step_tick_gap": 1,
    "cold_start_steps": 35,
    "max_abserve_tick_steps": 578,
    "max_abserce_avg_price_down_steps": 12,
    "stop_profit_open_hc_pct": -0.00021986904120092302,
    "dynamic_hc_stop_profit_thres": 7.720336486174417,
    "last_close_price_hc_pct": 0.009969871607601585,
    "last_day_sell_thres": 0.01,
    "last_day_sell_huiche": 0.011733947816293678,
    "fd_mount": 74456506,
    "fd_vol_pct": 0.4958307932442073,
    "fd_ju_ticks": 1,
    "max_zb_times": 1,
    "stagnation_kline_ticks": 3,
    "decline_kline_ticks": 37,
    "yang_yin_threshold": 0.011282743422100047,
    "stagnation_n": 11,
    "stagnation_volume_ratio_threshold": 5.376317865302129,
    "stagnation_ratio_threshold": 1310,
    "decline_volume_ratio_threshold": 34.95279773777804,
    "max_rebounds": 13,
    "decline_ratio_threshold": 1211,
    "flxd_ticks": 171,
    "flzz_ticks": 1609,
    "use_simiple_kline_strategy_flxd": false,
    "use_simiple_kline_strategy_flzz": false,
    "flzz_use_smooth_price": true,
    "flzz_zf_thresh": 0.09269022793101303,
    "kline_sell_flxd_zy": true,
    "kline_sell_flxd_zs": true,
    "kline_sell_flzz_zs": false,
    "kline_sell_flzz_zy": true,
    "last_open_price_hc_pct": 0.01,
    "open_price_max_hc": -0.0001743476575550532,
    "loss_per_step_tick_gap": 1,
    "loss_cold_start_steps": 4,
    "loss_max_abserve_tick_steps": 485,
    "loss_max_abserce_avg_price_down_steps": 15,
    "loss_dynamic_hc_stop_profit_thres": 0.010000000000000002,
    "loss_last_close_price_hc_pct": 0.005364653283102305,
    "loss_last_open_price_hc_pct": -0.035787147173711925,
    "loss_open_price_max_hc": -0.03155697684621779,
    "loss_down_open_sell_wait_time": true,
    "down_open_sell_wait_time": false,
    "day_zy_line": 0.11941017138411761,
    "day_zs_line": -0.025430563451691778,
    "sell_afternoon": false,
    "sell_half_afternoon": false,
    "sell_max_days": 3,
    "stop_profit_pct": 0.0,
    "static_hc_stop_profit_pct": 1.0,
    "loss_static_hc_stop_profit_pct": 1.0
  },
  "timestamp": "2025-09-06T09:54:10.398577",
  "individual": [
    1.0055143007307048,
    35.242492559009776,
    577.5353727306803,
    11.506646897380785,
    -0.00021986904120092302,
    7.720336486174417,
    0.009969871607601585,
    0.01,
    0.011733947816293678,
    74456506.14965443,
    0.4958307932442073,
    1.4840444826699493,
    1.0267705123024693,
    3.0,
    37.19810099122451,
    0.011282743422100047,
    11.061920214772424,
    5.376317865302129,
    1310.4401713256455,
    34.95279773777804,
    13.388767664406277,
    1211.4303473466289,
    171.14969395712825,
    1609.195755412744,
    0,
    0,
    1,
    0.09269022793101303,
    1,
    1,
    0,
    1,
    0.01,
    -0.0001743476575550532,
    1.017111876359246,
    3.624791731360257,
    484.6986244705911,
    15.0,
    0.010000000000000002,
    0.005364653283102305,
    -0.035787147173711925,
    -0.03155697684621779,
    1,
    0,
    0.11941017138411761,
    -0.025430563451691778,
    0,
    0,
    2.7501395055976223
  ],
  "max_drawdown_threshold": 0.15,
  "strategy_name": "\u9ad8\u5f3a\u4e2d\u4f4e\u5f00\u4f4e\u5438\u524d1"
}