{
  "generation": 30,
  "fitness": 5.740590901406813,
  "total_return": 73.80172499999998,
  "max_drawdown": 0.20998353403459277,
  "sharpe_ratio": 8.550127173834946,
  "params": {
    "per_step_tick_gap": 9,
    "cold_start_steps": 32,
    "max_abserve_tick_steps": 838,
    "max_abserce_avg_price_down_steps": 11,
    "stop_profit_open_hc_pct": -0.04570733815100849,
    "dynamic_hc_stop_profit_thres": 7.342068690862405,
    "last_close_price_hc_pct": 0.01,
    "last_day_sell_thres": 0.01,
    "last_day_sell_huiche": 0.01330562347282137,
    "fd_mount": 86745246,
    "fd_vol_pct": 0.5319845558643685,
    "fd_ju_ticks": 48,
    "max_zb_times": 1,
    "stagnation_kline_ticks": 3,
    "decline_kline_ticks": 35,
    "yang_yin_threshold": 0.008723163109090916,
    "stagnation_n": 7,
    "stagnation_volume_ratio_threshold": 25.681431447942796,
    "stagnation_ratio_threshold": 1188,
    "decline_volume_ratio_threshold": 37.32940866660807,
    "max_rebounds": 0,
    "decline_ratio_threshold": 1394,
    "flxd_ticks": 52,
    "flzz_ticks": 2000,
    "use_simiple_kline_strategy_flxd": false,
    "use_simiple_kline_strategy_flzz": false,
    "flzz_use_smooth_price": true,
    "flzz_zf_thresh": 0.09941579252741788,
    "kline_sell_flxd_zy": true,
    "kline_sell_flxd_zs": true,
    "kline_sell_flzz_zs": true,
    "kline_sell_flzz_zy": true,
    "last_open_price_hc_pct": -0.03978413898611822,
    "open_price_max_hc": -0.00026455496378502907,
    "loss_per_step_tick_gap": 1,
    "loss_cold_start_steps": 4,
    "loss_max_abserve_tick_steps": 500,
    "loss_max_abserce_avg_price_down_steps": 13,
    "loss_dynamic_hc_stop_profit_thres": 0.01,
    "loss_last_close_price_hc_pct": 0.003379970920449743,
    "loss_last_open_price_hc_pct": -0.06257877382537924,
    "loss_open_price_max_hc": -0.02526593121625739,
    "loss_down_open_sell_wait_time": false,
    "down_open_sell_wait_time": false,
    "day_zy_line": 0.12610803719093774,
    "day_zs_line": -0.02421012591322069,
    "sell_afternoon": false,
    "sell_half_afternoon": false,
    "sell_max_days": 3,
    "stop_profit_pct": 0.0,
    "static_hc_stop_profit_pct": 1.0,
    "loss_static_hc_stop_profit_pct": 1.0
  },
  "timestamp": "2025-09-06T09:49:20.172288",
  "individual": [
    9.241997682085245,
    32.05188361271095,
    838.2515542690312,
    10.86827858845141,
    -0.04570733815100849,
    7.342068690862405,
    0.01,
    0.01,
    0.01330562347282137,
    86745245.5730876,
    0.5319845558643685,
    47.98323497331392,
    1.079058776638003,
    3.0,
    34.85540922925314,
    0.008723163109090916,
    7.256343856834057,
    25.681431447942796,
    1187.7814588082629,
    37.32940866660807,
    0.0,
    1393.8930546982087,
    51.67909008510081,
    2000.0,
    0,
    0,
    1,
    0.09941579252741788,
    1,
    1,
    1,
    1,
    -0.03978413898611822,
    -0.00026455496378502907,
    1.0446065736625876,
    3.9769925059730125,
    500.0,
    13.216421688453153,
    0.01,
    0.003379970920449743,
    -0.06257877382537924,
    -0.02526593121625739,
    0,
    0,
    0.12610803719093774,
    -0.02421012591322069,
    0,
    0,
    2.842628163330649
  ],
  "max_drawdown_threshold": 0.15,
  "strategy_name": "\u9ad8\u5f3a\u4e2d\u4f4e\u5f00\u4f4e\u5438\u524d1"
}