{
  "generation": 80,
  "fitness": 7.045521595120322,
  "total_return": 202.93682,
  "max_drawdown": 0.31094499790739427,
  "sharpe_ratio": 5.80697171387452,
  "params": {
    "per_step_tick_gap": 2,
    "cold_start_steps": 0,
    "max_abserve_tick_steps": 520,
    "max_abserce_avg_price_down_steps": 4,
    "stop_profit_open_hc_pct": 0.0,
    "dynamic_hc_stop_profit_thres": 3.2649555961111707,
    "last_close_price_hc_pct": 0.00474851323768534,
    "last_day_sell_thres": 0.7541914681483992,
    "last_day_sell_huiche": 0.0067216530713092755,
    "fd_mount": 83703079,
    "fd_vol_pct": 0.7486794626101125,
    "fd_ju_ticks": 6,
    "max_zb_times": 11,
    "stagnation_kline_ticks": 38,
    "decline_kline_ticks": 12,
    "yang_yin_threshold": 0.0033734748503268745,
    "stagnation_n": 21,
    "stagnation_volume_ratio_threshold": 59.813396707854736,
    "stagnation_ratio_threshold": 1075,
    "decline_volume_ratio_threshold": 51.07622978486788,
    "max_rebounds": 7,
    "decline_ratio_threshold": 1396,
    "flxd_ticks": 487,
    "flzz_ticks": 1846,
    "use_simiple_kline_strategy_flxd": true,
    "use_simiple_kline_strategy_flzz": true,
    "flzz_use_smooth_price": true,
    "flzz_zf_thresh": 0.03279152163089333,
    "kline_sell_flxd_zy": false,
    "kline_sell_flxd_zs": true,
    "kline_sell_flzz_zs": true,
    "kline_sell_flzz_zy": true,
    "last_open_price_hc_pct": -0.07995349768875522,
    "open_price_max_hc": -0.015465015168015461,
    "loss_per_step_tick_gap": 1,
    "loss_cold_start_steps": 3,
    "loss_max_abserve_tick_steps": 397,
    "loss_max_abserce_avg_price_down_steps": 1,
    "loss_dynamic_hc_stop_profit_thres": 7.740763229673028,
    "loss_last_close_price_hc_pct": -0.07805098534219707,
    "loss_last_open_price_hc_pct": -0.015065687098179507,
    "loss_open_price_max_hc": -0.012019503480949366,
    "loss_down_open_sell_wait_time": false,
    "down_open_sell_wait_time": false,
    "day_zy_line": 0.0,
    "day_zs_line": -0.011679308304970406,
    "sell_afternoon": false,
    "sell_half_afternoon": false,
    "sell_max_days": 3,
    "stop_profit_pct": 0.0,
    "static_hc_stop_profit_pct": 1.0,
    "loss_static_hc_stop_profit_pct": 1.0
  },
  "timestamp": "2025-09-05T13:25:58.824800",
  "individual": [
    2.2130829168435886,
    0.1393793217947888,
    520.2023812251634,
    4.317846470901456,
    0.0,
    3.2649555961111707,
    0.00474851323768534,
    0.7541914681483992,
    0.0067216530713092755,
    83703079.1517635,
    0.7486794626101125,
    6.059772086594977,
    11.300752103994313,
    38.400748938913765,
    12.266514349333189,
    0.0033734748503268745,
    21.08651038166088,
    59.813396707854736,
    1075.1657757002065,
    51.07622978486788,
    6.547953140334776,
    1395.6459757219927,
    486.663520857772,
    1846.3384746510915,
    1,
    1,
    1,
    0.03279152163089333,
    0,
    1,
    1,
    1,
    -0.07995349768875522,
    -0.015465015168015461,
    1.0113335141455488,
    2.6718944599837093,
    396.9558327570316,
    1.1261073885676103,
    7.740763229673028,
    -0.07805098534219707,
    -0.015065687098179507,
    -0.012019503480949366,
    0,
    0,
    0.0,
    -0.011679308304970406,
    0,
    0,
    2.5583694498659395
  ],
  "max_drawdown_threshold": 0.26
}