{
  "generation": 50,
  "fitness": 6.926845813189743,
  "total_return": 194.00227,
  "max_drawdown": 0.31096395665114446,
  "sharpe_ratio": 5.771442326346969,
  "params": {
    "per_step_tick_gap": 2,
    "cold_start_steps": 0,
    "max_abserve_tick_steps": 531,
    "max_abserce_avg_price_down_steps": 5,
    "stop_profit_open_hc_pct": -0.0045272246745199285,
    "dynamic_hc_stop_profit_thres": 5.227655367065228,
    "last_close_price_hc_pct": 0.004353690737896143,
    "last_day_sell_thres": 0.7496496131747641,
    "last_day_sell_huiche": 0.005969818747248477,
    "fd_mount": 81631884,
    "fd_vol_pct": 0.75,
    "fd_ju_ticks": 27,
    "max_zb_times": 13,
    "stagnation_kline_ticks": 38,
    "decline_kline_ticks": 12,
    "yang_yin_threshold": 0.005639708317988141,
    "stagnation_n": 21,
    "stagnation_volume_ratio_threshold": 64.05730577312725,
    "stagnation_ratio_threshold": 1067,
    "decline_volume_ratio_threshold": 62.289431022008785,
    "max_rebounds": 7,
    "decline_ratio_threshold": 864,
    "flxd_ticks": 107,
    "flzz_ticks": 1888,
    "use_simiple_kline_strategy_flxd": true,
    "use_simiple_kline_strategy_flzz": true,
    "flzz_use_smooth_price": true,
    "flzz_zf_thresh": 0.0329369973328549,
    "kline_sell_flxd_zy": false,
    "kline_sell_flxd_zs": false,
    "kline_sell_flzz_zs": true,
    "kline_sell_flzz_zy": true,
    "last_open_price_hc_pct": -0.08,
    "open_price_max_hc": -0.01643026124706919,
    "loss_per_step_tick_gap": 1,
    "loss_cold_start_steps": 3,
    "loss_max_abserve_tick_steps": 413,
    "loss_max_abserce_avg_price_down_steps": 1,
    "loss_dynamic_hc_stop_profit_thres": 6.971030025117356,
    "loss_last_close_price_hc_pct": -0.0780728403271289,
    "loss_last_open_price_hc_pct": -0.014404789758253581,
    "loss_open_price_max_hc": -0.011949755182151573,
    "loss_down_open_sell_wait_time": false,
    "down_open_sell_wait_time": false,
    "day_zy_line": 0.0,
    "day_zs_line": -0.011740549005423283,
    "sell_afternoon": false,
    "sell_half_afternoon": true,
    "sell_max_days": 3,
    "stop_profit_pct": 0.0,
    "static_hc_stop_profit_pct": 1.0,
    "loss_static_hc_stop_profit_pct": 1.0
  },
  "timestamp": "2025-09-05T13:13:33.476771",
  "individual": [
    2.288782988235351,
    0.14515598393020174,
    531.1750321207262,
    5.1797866539487085,
    -0.0045272246745199285,
    5.227655367065228,
    0.004353690737896143,
    0.7496496131747641,
    0.005969818747248477,
    81631884.24083889,
    0.75,
    26.56715200860033,
    13.16862803570898,
    38.058089503796836,
    12.435772705318733,
    0.005639708317988141,
    20.524575113694876,
    64.05730577312725,
    1066.8023602511607,
    62.289431022008785,
    6.8666735064644975,
    863.8728356597911,
    106.51735881792618,
    1887.8007855756023,
    1,
    1,
    1,
    0.0329369973328549,
    0,
    0,
    1,
    1,
    -0.08,
    -0.01643026124706919,
    1.0013402924762327,
    3.24154764262287,
    413.0112622484643,
    1.0,
    6.971030025117356,
    -0.0780728403271289,
    -0.014404789758253581,
    -0.011949755182151573,
    0,
    0,
    0.0,
    -0.011740549005423283,
    0,
    1,
    2.5379452105286595
  ],
  "max_drawdown_threshold": 0.26
}