{
  "generation": 20,
  "fitness": 5.145208091677092,
  "total_return": 88.289415,
  "max_drawdown": 0.31097337779195405,
  "sharpe_ratio": 5.151572370926372,
  "params": {
    "per_step_tick_gap": 3,
    "cold_start_steps": 0,
    "max_abserve_tick_steps": 463,
    "max_abserce_avg_price_down_steps": 10,
    "stop_profit_open_hc_pct": -0.015008804743637565,
    "dynamic_hc_stop_profit_thres": 5.526139372924966,
    "last_close_price_hc_pct": 0.006145434780834049,
    "last_day_sell_thres": 0.6947954566731567,
    "last_day_sell_huiche": 0.0029259666961953946,
    "fd_mount": 91999749,
    "fd_vol_pct": 0.75,
    "fd_ju_ticks": 34,
    "max_zb_times": 16,
    "stagnation_kline_ticks": 38,
    "decline_kline_ticks": 13,
    "yang_yin_threshold": 0.004818516761059054,
    "stagnation_n": 29,
    "stagnation_volume_ratio_threshold": 59.95883686469166,
    "stagnation_ratio_threshold": 1079,
    "decline_volume_ratio_threshold": 92.26427507831677,
    "max_rebounds": 7,
    "decline_ratio_threshold": 1035,
    "flxd_ticks": 322,
    "flzz_ticks": 1999,
    "use_simiple_kline_strategy_flxd": true,
    "use_simiple_kline_strategy_flzz": true,
    "flzz_use_smooth_price": false,
    "flzz_zf_thresh": 0.031312663675940273,
    "kline_sell_flxd_zy": false,
    "kline_sell_flxd_zs": true,
    "kline_sell_flzz_zs": true,
    "kline_sell_flzz_zy": true,
    "last_open_price_hc_pct": -0.030149966821918978,
    "open_price_max_hc": -0.040723013073393245,
    "loss_per_step_tick_gap": 1,
    "loss_cold_start_steps": 3,
    "loss_max_abserve_tick_steps": 468,
    "loss_max_abserce_avg_price_down_steps": 9,
    "loss_dynamic_hc_stop_profit_thres": 7.263313712907293,
    "loss_last_close_price_hc_pct": -0.08,
    "loss_last_open_price_hc_pct": -0.016769171070016645,
    "loss_open_price_max_hc": -0.006484967709898041,
    "loss_down_open_sell_wait_time": true,
    "down_open_sell_wait_time": false,
    "day_zy_line": 0.0,
    "day_zs_line": -0.006603438423525766,
    "sell_afternoon": false,
    "sell_half_afternoon": false,
    "sell_max_days": 2,
    "stop_profit_pct": 0.0,
    "static_hc_stop_profit_pct": 1.0,
    "loss_static_hc_stop_profit_pct": 1.0
  },
  "timestamp": "2025-09-05T13:02:01.860244",
  "individual": [
    3.3510972449777334,
    0.4899817166406224,
    463.44231333951984,
    9.794473452374183,
    -0.015008804743637565,
    5.526139372924966,
    0.006145434780834049,
    0.6947954566731567,
    0.0029259666961953946,
    91999749.22994944,
    0.75,
    34.23568035825826,
    16.343187881733844,
    38.00836331436791,
    13.322987918255784,
    0.004818516761059054,
    29.046599463132253,
    59.95883686469166,
    1079.3361026280386,
    92.26427507831677,
    6.714509101719644,
    1035.2709882242034,
    321.57918133439154,
    1999.2013621656763,
    1,
    1,
    0,
    0.031312663675940273,
    0,
    1,
    1,
    1,
    -0.030149966821918978,
    -0.040723013073393245,
    1.0,
    2.9719572682592643,
    468.2793580599905,
    9.360252392840097,
    7.263313712907293,
    -0.08,
    -0.016769171070016645,
    -0.006484967709898041,
    1,
    0,
    0.0,
    -0.006603438423525766,
    0,
    0,
    2.2101735571112755
  ],
  "max_drawdown_threshold": 0.26
}