{
  "generation": 30,
  "fitness": 6.060876629446759,
  "total_return": 135.52214999999998,
  "max_drawdown": 0.31104861423422814,
  "sharpe_ratio": 5.519949765493102,
  "params": {
    "per_step_tick_gap": 3,
    "cold_start_steps": 0,
    "max_abserve_tick_steps": 647,
    "max_abserce_avg_price_down_steps": 1,
    "stop_profit_open_hc_pct": -0.025179112858603865,
    "dynamic_hc_stop_profit_thres": 5.558893622187363,
    "last_close_price_hc_pct": 0.008723841783497208,
    "last_day_sell_thres": 0.5127084498367549,
    "last_day_sell_huiche": 0.0033825898941683354,
    "fd_mount": 84480201,
    "fd_vol_pct": 0.7143104964710684,
    "fd_ju_ticks": 22,
    "max_zb_times": 11,
    "stagnation_kline_ticks": 38,
    "decline_kline_ticks": 14,
    "yang_yin_threshold": 0.00697400309377323,
    "stagnation_n": 28,
    "stagnation_volume_ratio_threshold": 64.6932375233155,
    "stagnation_ratio_threshold": 1137,
    "decline_volume_ratio_threshold": 84.94563182934229,
    "max_rebounds": 7,
    "decline_ratio_threshold": 15,
    "flxd_ticks": 280,
    "flzz_ticks": 1772,
    "use_simiple_kline_strategy_flxd": true,
    "use_simiple_kline_strategy_flzz": true,
    "flzz_use_smooth_price": false,
    "flzz_zf_thresh": 0.032029073792392414,
    "kline_sell_flxd_zy": false,
    "kline_sell_flxd_zs": true,
    "kline_sell_flzz_zs": true,
    "kline_sell_flzz_zy": true,
    "last_open_price_hc_pct": -0.08,
    "open_price_max_hc": -0.015616309940544833,
    "loss_per_step_tick_gap": 1,
    "loss_cold_start_steps": 3,
    "loss_max_abserve_tick_steps": 495,
    "loss_max_abserce_avg_price_down_steps": 6,
    "loss_dynamic_hc_stop_profit_thres": 7.639402556768848,
    "loss_last_close_price_hc_pct": -0.07763573999286362,
    "loss_last_open_price_hc_pct": -0.026261405598467166,
    "loss_open_price_max_hc": -0.012226616383603752,
    "loss_down_open_sell_wait_time": true,
    "down_open_sell_wait_time": false,
    "day_zy_line": 0.0,
    "day_zs_line": -0.012328967725251353,
    "sell_afternoon": false,
    "sell_half_afternoon": false,
    "sell_max_days": 2,
    "stop_profit_pct": 0.0,
    "static_hc_stop_profit_pct": 1.0,
    "loss_static_hc_stop_profit_pct": 1.0
  },
  "timestamp": "2025-09-05T13:05:49.770653",
  "individual": [
    2.565830371082057,
    0.13827585082570015,
    646.7178068827568,
    1.0,
    -0.025179112858603865,
    5.558893622187363,
    0.008723841783497208,
    0.5127084498367549,
    0.0033825898941683354,
    84480200.69149183,
    0.7143104964710684,
    22.224508787486215,
    11.04055522460809,
    38.1199133896228,
    13.586662813879963,
    0.00697400309377323,
    27.97178913322019,
    64.6932375233155,
    1136.9870778511945,
    84.94563182934229,
    6.893647438497451,
    15.0,
    280.06880771690146,
    1771.964715995485,
    1,
    1,
    0,
    0.032029073792392414,
    0,
    1,
    1,
    1,
    -0.08,
    -0.015616309940544833,
    1.0434831769934574,
    3.096269274120571,
    494.9989881269838,
    6.09882603534585,
    7.639402556768848,
    -0.07763573999286362,
    -0.026261405598467166,
    -0.012226616383603752,
    1,
    0,
    0.0,
    -0.012328967725251353,
    0,
    0,
    1.8611085606570743
  ],
  "max_drawdown_threshold": 0.26
}