{
  "generation": 90,
  "fitness": 2.3164619387011633,
  "total_return": 8.076705000000004,
  "max_drawdown": 0.20042220394944213,
  "sharpe_ratio": 4.267452036317572,
  "params": {
    "per_step_tick_gap": 12,
    "cold_start_steps": 42,
    "max_abserve_tick_steps": 17,
    "max_abserce_avg_price_down_steps": 14,
    "stop_profit_open_hc_pct": -0.048772446241760095,
    "dynamic_hc_stop_profit_thres": 0.01,
    "last_close_price_hc_pct": 0.00598744584447837,
    "last_day_sell_thres": 0.011580926575776038,
    "last_day_sell_huiche": 0.006347306749847661,
    "fd_mount": 99609823,
    "fd_vol_pct": 0.7462907508554693,
    "fd_ju_ticks": 1,
    "max_zb_times": 14,
    "stagnation_kline_ticks": 26,
    "decline_kline_ticks": 19,
    "yang_yin_threshold": 0.010485645292490287,
    "stagnation_n": 23,
    "stagnation_volume_ratio_threshold": 10.365276289196931,
    "stagnation_ratio_threshold": 638,
    "decline_volume_ratio_threshold": 2.429617148491839,
    "max_rebounds": 7,
    "decline_ratio_threshold": 943,
    "flxd_ticks": 400,
    "flzz_ticks": 100,
    "use_simiple_kline_strategy_flxd": false,
    "use_simiple_kline_strategy_flzz": true,
    "flzz_use_smooth_price": true,
    "flzz_zf_thresh": -0.013050053378940028,
    "kline_sell_flxd_zy": false,
    "kline_sell_flxd_zs": true,
    "kline_sell_flzz_zs": true,
    "kline_sell_flzz_zy": true,
    "last_open_price_hc_pct": 0.00725885323568658,
    "open_price_max_hc": -0.05465383257564284,
    "loss_per_step_tick_gap": 2,
    "loss_cold_start_steps": 0,
    "loss_max_abserve_tick_steps": 6,
    "loss_max_abserce_avg_price_down_steps": 3,
    "loss_dynamic_hc_stop_profit_thres": 6.70144463320832,
    "loss_last_close_price_hc_pct": 0.008557484789376606,
    "loss_last_open_price_hc_pct": 0.00999836645973112,
    "loss_open_price_max_hc": 0.0,
    "loss_down_open_sell_wait_time": false,
    "down_open_sell_wait_time": false,
    "day_zy_line": 0.07702166688390377,
    "day_zs_line": -5.47238447483428e-05,
    "sell_afternoon": true,
    "sell_half_afternoon": true,
    "sell_max_days": 1,
    "stop_profit_pct": 0.0,
    "static_hc_stop_profit_pct": 1.0,
    "loss_static_hc_stop_profit_pct": 1.0
  },
  "timestamp": "2025-09-04T23:00:04.424240",
  "individual": [
    12.216680786567869,
    42.25894986118487,
    16.598596072303604,
    13.606200771232228,
    -0.048772446241760095,
    0.01,
    0.00598744584447837,
    0.011580926575776038,
    0.006347306749847661,
    99609823.36530364,
    0.7462907508554693,
    1.0219044297737456,
    13.629414039768815,
    25.750220614379888,
    18.5750479576975,
    0.010485645292490287,
    22.88488908623177,
    10.365276289196931,
    637.5371333728069,
    2.429617148491839,
    7.448347895342131,
    942.5924194698904,
    400.2270921388048,
    100.0000000000005,
    0,
    1,
    1,
    -0.013050053378940028,
    0,
    1,
    1,
    1,
    0.00725885323568658,
    -0.05465383257564284,
    2.2338652589045926,
    0.07061273235064884,
    5.537196722732784,
    2.818195161652767,
    6.70144463320832,
    0.008557484789376606,
    0.00999836645973112,
    0.0,
    0,
    0,
    0.07702166688390377,
    -5.47238447483428e-05,
    1,
    1,
    1.034667437137129
  ]
}