{
  "generation": 20,
  "fitness": 2.118266691418857,
  "total_return": 7.427585000000002,
  "max_drawdown": 0.21032556872360728,
  "sharpe_ratio": 4.164736403788782,
  "params": {
    "per_step_tick_gap": 10,
    "cold_start_steps": 46,
    "max_abserve_tick_steps": 88,
    "max_abserce_avg_price_down_steps": 12,
    "stop_profit_open_hc_pct": -0.11275481044730142,
    "dynamic_hc_stop_profit_thres": 6.784071773513954,
    "last_close_price_hc_pct": -0.0025334773023287112,
    "last_day_sell_thres": 0.14325890381017897,
    "last_day_sell_huiche": 0.0017137327560629969,
    "fd_mount": 141175539,
    "fd_vol_pct": 0.32243936792018313,
    "fd_ju_ticks": 4,
    "max_zb_times": 10,
    "stagnation_kline_ticks": 28,
    "decline_kline_ticks": 50,
    "yang_yin_threshold": 0.010390394453364095,
    "stagnation_n": 9,
    "stagnation_volume_ratio_threshold": 1.1,
    "stagnation_ratio_threshold": 1168,
    "decline_volume_ratio_threshold": 1.1,
    "max_rebounds": 3,
    "decline_ratio_threshold": 1426,
    "flxd_ticks": 411,
    "flzz_ticks": 754,
    "use_simiple_kline_strategy_flxd": false,
    "use_simiple_kline_strategy_flzz": true,
    "flzz_use_smooth_price": true,
    "flzz_zf_thresh": -0.002273687610006528,
    "kline_sell_flxd_zy": false,
    "kline_sell_flxd_zs": false,
    "kline_sell_flzz_zs": true,
    "kline_sell_flzz_zy": false,
    "last_open_price_hc_pct": -0.015306645204318845,
    "open_price_max_hc": 0.0,
    "loss_per_step_tick_gap": 2,
    "loss_cold_start_steps": 0,
    "loss_max_abserve_tick_steps": 197,
    "loss_max_abserce_avg_price_down_steps": 7,
    "loss_dynamic_hc_stop_profit_thres": 6.05290390416604,
    "loss_last_close_price_hc_pct": 0.008206338029448066,
    "loss_last_open_price_hc_pct": 0.01,
    "loss_open_price_max_hc": 0.0,
    "loss_down_open_sell_wait_time": false,
    "down_open_sell_wait_time": true,
    "day_zy_line": 0.09804107958625052,
    "day_zs_line": -4.3532175357554794e-05,
    "sell_afternoon": true,
    "sell_half_afternoon": false,
    "sell_max_days": 1,
    "stop_profit_pct": 0.0,
    "static_hc_stop_profit_pct": 1.0,
    "loss_static_hc_stop_profit_pct": 1.0
  },
  "timestamp": "2025-09-04T22:56:22.435848",
  "individual": [
    9.660004651786073,
    46.380646528413195,
    87.89520949180536,
    12.48069053723817,
    -0.11275481044730142,
    6.784071773513954,
    -0.0025334773023287112,
    0.14325890381017897,
    0.0017137327560629969,
    141175538.88287205,
    0.32243936792018313,
    4.402117556567241,
    9.819385040700656,
    28.38115027315724,
    50.0,
    0.010390394453364095,
    9.058417171876368,
    1.1,
    1167.9508739875137,
    1.1,
    2.7704543768553114,
    1426.4475712592873,
    411.0219026803012,
    753.9138615465929,
    0,
    1,
    1,
    -0.002273687610006528,
    0,
    0,
    1,
    0,
    -0.015306645204318845,
    0.0,
    2.018441732703858,
    0.142427995296681,
    197.21051542548162,
    6.5937689440511615,
    6.05290390416604,
    0.008206338029448066,
    0.01,
    0.0,
    0,
    1,
    0.09804107958625052,
    -4.3532175357554794e-05,
    1,
    0,
    1.0460837332655002
  ]
}