{
  "generation": 10,
  "fitness": 1.921066900347608,
  "total_return": 5.925635,
  "max_drawdown": 0.2097239011576602,
  "sharpe_ratio": 3.844146279701133,
  "params": {
    "per_step_tick_gap": 3,
    "cold_start_steps": 50,
    "max_abserve_tick_steps": 397,
    "max_abserce_avg_price_down_steps": 1,
    "stop_profit_open_hc_pct": -0.10074343953427606,
    "dynamic_hc_stop_profit_thres": 4.235003481162652,
    "last_close_price_hc_pct": 0.004648214534076,
    "last_day_sell_thres": 0.3253007612618164,
    "last_day_sell_huiche": 0.002857685975336557,
    "fd_mount": 76919623,
    "fd_vol_pct": 0.31261863825829106,
    "fd_ju_ticks": 6,
    "max_zb_times": 9,
    "stagnation_kline_ticks": 38,
    "decline_kline_ticks": 30,
    "yang_yin_threshold": 0.005192493161083269,
    "stagnation_n": 3,
    "stagnation_volume_ratio_threshold": 68.93962534264995,
    "stagnation_ratio_threshold": 1138,
    "decline_volume_ratio_threshold": 30.50033298093852,
    "max_rebounds": 10,
    "decline_ratio_threshold": 1486,
    "flxd_ticks": 293,
    "flzz_ticks": 577,
    "use_simiple_kline_strategy_flxd": false,
    "use_simiple_kline_strategy_flzz": true,
    "flzz_use_smooth_price": true,
    "flzz_zf_thresh": 0.09214572270728968,
    "kline_sell_flxd_zy": false,
    "kline_sell_flxd_zs": false,
    "kline_sell_flzz_zs": true,
    "kline_sell_flzz_zy": true,
    "last_open_price_hc_pct": -0.0032607208195954535,
    "open_price_max_hc": -0.03382797660575224,
    "loss_per_step_tick_gap": 3,
    "loss_cold_start_steps": 0,
    "loss_max_abserve_tick_steps": 348,
    "loss_max_abserce_avg_price_down_steps": 9,
    "loss_dynamic_hc_stop_profit_thres": 5.248797367121542,
    "loss_last_close_price_hc_pct": 0.01,
    "loss_last_open_price_hc_pct": -0.038716611840061164,
    "loss_open_price_max_hc": -0.014614001617049044,
    "loss_down_open_sell_wait_time": true,
    "down_open_sell_wait_time": false,
    "day_zy_line": 0.10128447743034136,
    "day_zs_line": 0.0,
    "sell_afternoon": false,
    "sell_half_afternoon": false,
    "sell_max_days": 1,
    "stop_profit_pct": 0.0,
    "static_hc_stop_profit_pct": 1.0,
    "loss_static_hc_stop_profit_pct": 1.0
  },
  "timestamp": "2025-09-04T22:55:31.941976",
  "individual": [
    3.370593919507118,
    50.0,
    396.515564413868,
    1.0,
    -0.10074343953427606,
    4.235003481162652,
    0.004648214534076,
    0.3253007612618164,
    0.002857685975336557,
    76919622.72483927,
    0.31261863825829106,
    6.2565042054488975,
    8.830916761369256,
    37.643011357924365,
    29.508203387249967,
    0.005192493161083269,
    2.905127336465412,
    68.93962534264995,
    1137.620971771537,
    30.50033298093852,
    10.44188589034153,
    1485.8210670360322,
    292.7116287188205,
    576.9339152073385,
    0,
    1,
    1,
    0.09214572270728968,
    0,
    0,
    1,
    1,
    -0.0032607208195954535,
    -0.03382797660575224,
    2.9353366682629973,
    0.0,
    348.0428437485963,
    9.489978642820585,
    5.248797367121542,
    0.01,
    -0.038716611840061164,
    -0.014614001617049044,
    1,
    0,
    0.10128447743034136,
    0.0,
    0,
    0,
    1.0242705908874974
  ]
}