{
  "generation": 40,
  "fitness": 2.288115173093919,
  "total_return": 7.844610000000004,
  "max_drawdown": 0.20031108444492482,
  "sharpe_ratio": 4.2250732169074885,
  "params": {
    "per_step_tick_gap": 12,
    "cold_start_steps": 45,
    "max_abserve_tick_steps": 23,
    "max_abserce_avg_price_down_steps": 8,
    "stop_profit_open_hc_pct": -0.11347008173824301,
    "dynamic_hc_stop_profit_thres": 0.689239638093504,
    "last_close_price_hc_pct": -0.006485861508734463,
    "last_day_sell_thres": 0.020403882714454667,
    "last_day_sell_huiche": 0.007857999141794619,
    "fd_mount": 118682357,
    "fd_vol_pct": 0.5869424581327898,
    "fd_ju_ticks": 2,
    "max_zb_times": 10,
    "stagnation_kline_ticks": 26,
    "decline_kline_ticks": 19,
    "yang_yin_threshold": 0.010039180333167638,
    "stagnation_n": 17,
    "stagnation_volume_ratio_threshold": 16.652291848187698,
    "stagnation_ratio_threshold": 1019,
    "decline_volume_ratio_threshold": 1.511147964352645,
    "max_rebounds": 6,
    "decline_ratio_threshold": 1433,
    "flxd_ticks": 384,
    "flzz_ticks": 100,
    "use_simiple_kline_strategy_flxd": false,
    "use_simiple_kline_strategy_flzz": true,
    "flzz_use_smooth_price": true,
    "flzz_zf_thresh": -0.015391887429190352,
    "kline_sell_flxd_zy": false,
    "kline_sell_flxd_zs": true,
    "kline_sell_flzz_zs": true,
    "kline_sell_flzz_zy": true,
    "last_open_price_hc_pct": 0.01,
    "open_price_max_hc": -0.03208342369113014,
    "loss_per_step_tick_gap": 2,
    "loss_cold_start_steps": 0,
    "loss_max_abserve_tick_steps": 131,
    "loss_max_abserce_avg_price_down_steps": 8,
    "loss_dynamic_hc_stop_profit_thres": 6.8054287083842855,
    "loss_last_close_price_hc_pct": 0.008310553917057177,
    "loss_last_open_price_hc_pct": 0.009859239879243479,
    "loss_open_price_max_hc": 0.0,
    "loss_down_open_sell_wait_time": false,
    "down_open_sell_wait_time": false,
    "day_zy_line": 0.10315732773965154,
    "day_zs_line": -4.941751491782758e-05,
    "sell_afternoon": true,
    "sell_half_afternoon": false,
    "sell_max_days": 1,
    "stop_profit_pct": 0.0,
    "static_hc_stop_profit_pct": 1.0,
    "loss_static_hc_stop_profit_pct": 1.0
  },
  "timestamp": "2025-09-04T22:57:32.521208",
  "individual": [
    11.565712424108147,
    45.06053971871581,
    22.67661394014234,
    8.055158475966264,
    -0.11347008173824301,
    0.689239638093504,
    -0.006485861508734463,
    0.020403882714454667,
    0.007857999141794619,
    118682357.3563277,
    0.5869424581327898,
    2.308611089983727,
    10.178307034408355,
    26.31285988435057,
    18.623331147125953,
    0.010039180333167638,
    16.730998944594496,
    16.652291848187698,
    1019.4490835619811,
    1.511147964352645,
    5.681707610917762,
    1432.718933127208,
    383.9825505810546,
    100.0,
    0,
    1,
    1,
    -0.015391887429190352,
    0,
    1,
    1,
    1,
    0.01,
    -0.03208342369113014,
    2.127889180909065,
    0.18036574737616395,
    130.94606532534547,
    7.943532184603743,
    6.8054287083842855,
    0.008310553917057177,
    0.009859239879243479,
    0.0,
    0,
    0,
    0.10315732773965154,
    -4.941751491782758e-05,
    1,
    0,
    1.0675191743736474
  ]
}