{
  "generation": 20,
  "fitness": 0.578349214477731,
  "total_return": 6.387555000000001,
  "max_drawdown": 0.49545128809318467,
  "sharpe_ratio": 2.4845778330893755,
  "params": {
    "per_step_tick_gap": 25,
    "cold_start_steps": 23,
    "max_abserve_tick_steps": 417,
    "max_abserce_avg_price_down_steps": 1,
    "stop_profit_open_hc_pct": -0.09889131301160409,
    "dynamic_hc_stop_profit_thres": 7.2912316403432715,
    "last_close_price_hc_pct": -0.017925393506234653,
    "last_day_sell_thres": 0.870679247410779,
    "last_day_sell_huiche": 0.011689275500574815,
    "fd_mount": 80657834,
    "fd_vol_pct": 0.5510979942171244,
    "fd_ju_ticks": 7,
    "max_zb_times": 14,
    "stagnation_kline_ticks": 35,
    "decline_kline_ticks": 4,
    "yang_yin_threshold": 0.03,
    "stagnation_n": 6,
    "stagnation_volume_ratio_threshold": 78.33216158053608,
    "stagnation_ratio_threshold": 877,
    "decline_volume_ratio_threshold": 1.1,
    "max_rebounds": 8,
    "decline_ratio_threshold": 607,
    "flxd_ticks": 59,
    "flzz_ticks": 671,
    "use_simiple_kline_strategy_flxd": true,
    "use_simiple_kline_strategy_flzz": true,
    "flzz_use_smooth_price": false,
    "flzz_zf_thresh": 0.052149766655890606,
    "kline_sell_flxd_zy": true,
    "kline_sell_flxd_zs": true,
    "kline_sell_flzz_zs": false,
    "kline_sell_flzz_zy": true,
    "last_open_price_hc_pct": 0.0075315612166753435,
    "open_price_max_hc": -0.055126928746868385,
    "loss_per_step_tick_gap": 4,
    "loss_cold_start_steps": 1,
    "loss_max_abserve_tick_steps": 247,
    "loss_max_abserce_avg_price_down_steps": 3,
    "loss_dynamic_hc_stop_profit_thres": 7.100731053671342,
    "loss_last_close_price_hc_pct": -0.06635854328742094,
    "loss_last_open_price_hc_pct": 0.0016583793525235323,
    "loss_open_price_max_hc": -0.06660274952026475,
    "loss_down_open_sell_wait_time": true,
    "down_open_sell_wait_time": false,
    "day_zy_line": 0.0011604506127169346,
    "day_zs_line": -0.13855505591832185,
    "sell_afternoon": true,
    "sell_half_afternoon": false,
    "sell_max_days": 4,
    "stop_profit_pct": 0.0,
    "static_hc_stop_profit_pct": 1.0,
    "loss_static_hc_stop_profit_pct": 1.0
  },
  "timestamp": "2025-09-08T20:03:08.809915",
  "individual": [
    25.0,
    22.607198186784423,
    417.48875175310684,
    1.0,
    -0.09889131301160409,
    7.2912316403432715,
    -0.017925393506234653,
    0.870679247410779,
    0.011689275500574815,
    80657833.74998336,
    0.5510979942171244,
    6.5328382461743075,
    13.820329139384851,
    34.56463597339876,
    3.6713531502966457,
    0.03,
    5.975653181486937,
    78.33216158053608,
    877.2917671255193,
    1.1,
    7.552656159436205,
    606.9696767335482,
    59.089065437511344,
    671.2411263056639,
    1,
    1,
    0,
    0.052149766655890606,
    1,
    1,
    0,
    1,
    0.0075315612166753435,
    -0.055126928746868385,
    3.9026643963039627,
    0.9763846013076906,
    246.97959507577804,
    2.7339211776847083,
    7.100731053671342,
    -0.06635854328742094,
    0.0016583793525235323,
    -0.06660274952026475,
    1,
    0,
    0.0011604506127169346,
    -0.13855505591832185,
    1,
    0,
    3.786489188424049
  ],
  "max_drawdown_threshold": 0.25,
  "strategy_name": "X\u63a5\u529b\u5012\u63a5\u529b2"
}