{
  "generation": 100,
  "fitness": 1.6297558700371626,
  "total_return": 5.733234999999999,
  "max_drawdown": 0.30511496690843,
  "sharpe_ratio": 2.5700525832966834,
  "params": {
    "per_step_tick_gap": 23,
    "cold_start_steps": 10,
    "max_abserve_tick_steps": 367,
    "max_abserce_avg_price_down_steps": 14,
    "stop_profit_open_hc_pct": -0.047729462830408666,
    "dynamic_hc_stop_profit_thres": 0.010000000000000002,
    "last_close_price_hc_pct": -0.015357022378358173,
    "last_day_sell_thres": 1.0,
    "last_day_sell_huiche": 0.008699715117346123,
    "fd_mount": 53753397,
    "fd_vol_pct": 0.49784580650761334,
    "fd_ju_ticks": 6,
    "max_zb_times": 2,
    "stagnation_kline_ticks": 36,
    "decline_kline_ticks": 9,
    "yang_yin_threshold": 0.0022854015337246125,
    "stagnation_n": 10,
    "stagnation_volume_ratio_threshold": 74.60680346203112,
    "stagnation_ratio_threshold": 536,
    "decline_volume_ratio_threshold": 16.16056642032887,
    "max_rebounds": 5,
    "decline_ratio_threshold": 54,
    "flxd_ticks": 81,
    "flzz_ticks": 1118,
    "use_simiple_kline_strategy_flxd": false,
    "use_simiple_kline_strategy_flzz": true,
    "flzz_use_smooth_price": false,
    "flzz_zf_thresh": -0.0038184268518876904,
    "kline_sell_flxd_zy": true,
    "kline_sell_flxd_zs": false,
    "kline_sell_flzz_zs": false,
    "kline_sell_flzz_zy": true,
    "last_open_price_hc_pct": 0.009940648410186301,
    "open_price_max_hc": -0.019143829344132557,
    "loss_per_step_tick_gap": 11,
    "loss_cold_start_steps": 30,
    "loss_max_abserve_tick_steps": 58,
    "loss_max_abserce_avg_price_down_steps": 5,
    "loss_dynamic_hc_stop_profit_thres": 7.760027449760098,
    "loss_last_close_price_hc_pct": -0.0006126411305394402,
    "loss_last_open_price_hc_pct": 0.009857111949155138,
    "loss_open_price_max_hc": -0.07110222721402767,
    "loss_down_open_sell_wait_time": false,
    "down_open_sell_wait_time": true,
    "day_zy_line": 0.0006305332466572752,
    "day_zs_line": -0.01638746319516291,
    "sell_afternoon": true,
    "sell_half_afternoon": false,
    "sell_max_days": 3,
    "stop_profit_pct": 0.0,
    "static_hc_stop_profit_pct": 1.0,
    "loss_static_hc_stop_profit_pct": 1.0
  },
  "timestamp": "2025-09-08T20:34:24.366800",
  "individual": [
    22.973632341443064,
    10.072530250954088,
    367.39538507771385,
    14.21987362331215,
    -0.047729462830408666,
    0.010000000000000002,
    -0.015357022378358173,
    1.0,
    0.008699715117346123,
    53753396.65532641,
    0.49784580650761334,
    6.343027375023712,
    2.122944191732806,
    35.63024883307282,
    9.023318732613369,
    0.0022854015337246125,
    10.492458391874312,
    74.60680346203112,
    536.3646670624537,
    16.16056642032887,
    4.600228600870427,
    54.07756182965297,
    81.47247589741447,
    1118.034710785471,
    0,
    1,
    0,
    -0.0038184268518876904,
    1,
    0,
    0,
    1,
    0.009940648410186301,
    -0.019143829344132557,
    11.174950082818803,
    29.710759260513683,
    58.04659259939386,
    5.027888231357881,
    7.760027449760098,
    -0.0006126411305394402,
    0.009857111949155138,
    -0.07110222721402767,
    0,
    1,
    0.0006305332466572752,
    -0.01638746319516291,
    1,
    0,
    2.8933757204369646
  ],
  "max_drawdown_threshold": 0.25,
  "strategy_name": "X\u63a5\u529b\u5012\u63a5\u529b2"
}