{
  "generation": 80,
  "fitness": 1.6199329095395065,
  "total_return": 5.650689999999999,
  "max_drawdown": 0.30511496690843,
  "sharpe_ratio": 2.560260359451556,
  "params": {
    "per_step_tick_gap": 23,
    "cold_start_steps": 10,
    "max_abserve_tick_steps": 370,
    "max_abserce_avg_price_down_steps": 14,
    "stop_profit_open_hc_pct": -0.05446929296952492,
    "dynamic_hc_stop_profit_thres": 0.010000000000000004,
    "last_close_price_hc_pct": -0.01684068326527875,
    "last_day_sell_thres": 0.8739813545063321,
    "last_day_sell_huiche": 0.008984459360879375,
    "fd_mount": 53862133,
    "fd_vol_pct": 0.4984282397439105,
    "fd_ju_ticks": 10,
    "max_zb_times": 2,
    "stagnation_kline_ticks": 36,
    "decline_kline_ticks": 10,
    "yang_yin_threshold": 0.002197174263259658,
    "stagnation_n": 10,
    "stagnation_volume_ratio_threshold": 74.21446825705647,
    "stagnation_ratio_threshold": 535,
    "decline_volume_ratio_threshold": 6.04678168033388,
    "max_rebounds": 9,
    "decline_ratio_threshold": 20,
    "flxd_ticks": 79,
    "flzz_ticks": 1075,
    "use_simiple_kline_strategy_flxd": false,
    "use_simiple_kline_strategy_flzz": true,
    "flzz_use_smooth_price": false,
    "flzz_zf_thresh": -0.004030522654658416,
    "kline_sell_flxd_zy": true,
    "kline_sell_flxd_zs": false,
    "kline_sell_flzz_zs": false,
    "kline_sell_flzz_zy": true,
    "last_open_price_hc_pct": 0.009916778576340088,
    "open_price_max_hc": -0.018993435948023975,
    "loss_per_step_tick_gap": 11,
    "loss_cold_start_steps": 30,
    "loss_max_abserve_tick_steps": 54,
    "loss_max_abserce_avg_price_down_steps": 5,
    "loss_dynamic_hc_stop_profit_thres": 7.5935560357542915,
    "loss_last_close_price_hc_pct": 0.0013644563078665179,
    "loss_last_open_price_hc_pct": 0.009867961001000897,
    "loss_open_price_max_hc": -0.07017867593633137,
    "loss_down_open_sell_wait_time": false,
    "down_open_sell_wait_time": true,
    "day_zy_line": 0.0006414689461999339,
    "day_zs_line": -0.016468805126355818,
    "sell_afternoon": true,
    "sell_half_afternoon": false,
    "sell_max_days": 3,
    "stop_profit_pct": 0.0,
    "static_hc_stop_profit_pct": 1.0,
    "loss_static_hc_stop_profit_pct": 1.0
  },
  "timestamp": "2025-09-08T20:27:32.632892",
  "individual": [
    22.9332437262553,
    10.25050083390761,
    370.3804873305202,
    13.81367918107577,
    -0.05446929296952492,
    0.010000000000000004,
    -0.01684068326527875,
    0.8739813545063321,
    0.008984459360879375,
    53862133.440432295,
    0.4984282397439105,
    9.526511448743497,
    1.9441081702006788,
    36.011836492638594,
    9.989172828142127,
    0.002197174263259658,
    10.40133427291839,
    74.21446825705647,
    535.4373025556432,
    6.04678168033388,
    8.804050522496652,
    20.13661850776569,
    79.1618560170418,
    1074.774467173081,
    0,
    1,
    0,
    -0.004030522654658416,
    1,
    0,
    0,
    1,
    0.009916778576340088,
    -0.018993435948023975,
    11.090207006930166,
    29.708636447742986,
    53.66507098804047,
    5.039311079052802,
    7.5935560357542915,
    0.0013644563078665179,
    0.009867961001000897,
    -0.07017867593633137,
    0,
    1,
    0.0006414689461999339,
    -0.016468805126355818,
    1,
    0,
    2.904642738679358
  ],
  "max_drawdown_threshold": 0.25,
  "strategy_name": "X\u63a5\u529b\u5012\u63a5\u529b2"
}