{
  "generation": 30,
  "fitness": 0.9842748818717398,
  "total_return": 2.8957500000000014,
  "max_drawdown": 0.3412161908127739,
  "sharpe_ratio": 2.015356221143435,
  "params": {
    "per_step_tick_gap": 23,
    "cold_start_steps": 4,
    "max_abserve_tick_steps": 454,
    "max_abserce_avg_price_down_steps": 15,
    "stop_profit_open_hc_pct": -0.04698033414208447,
    "dynamic_hc_stop_profit_thres": 0.01,
    "last_close_price_hc_pct": -0.022308092420967488,
    "last_day_sell_thres": 1.0,
    "last_day_sell_huiche": 0.010586797600608804,
    "fd_mount": 31189307,
    "fd_vol_pct": 0.540726610023044,
    "fd_ju_ticks": 9,
    "max_zb_times": 20,
    "stagnation_kline_ticks": 35,
    "decline_kline_ticks": 16,
    "yang_yin_threshold": 0.002215847007118019,
    "stagnation_n": 10,
    "stagnation_volume_ratio_threshold": 74.14394318108783,
    "stagnation_ratio_threshold": 405,
    "decline_volume_ratio_threshold": 7.222810487217948,
    "max_rebounds": 4,
    "decline_ratio_threshold": 15,
    "flxd_ticks": 66,
    "flzz_ticks": 517,
    "use_simiple_kline_strategy_flxd": true,
    "use_simiple_kline_strategy_flzz": true,
    "flzz_use_smooth_price": false,
    "flzz_zf_thresh": 0.03936384454830093,
    "kline_sell_flxd_zy": true,
    "kline_sell_flxd_zs": false,
    "kline_sell_flzz_zs": false,
    "kline_sell_flzz_zy": true,
    "last_open_price_hc_pct": 0.01,
    "open_price_max_hc": -0.056888044699764675,
    "loss_per_step_tick_gap": 11,
    "loss_cold_start_steps": 28,
    "loss_max_abserve_tick_steps": 73,
    "loss_max_abserce_avg_price_down_steps": 10,
    "loss_dynamic_hc_stop_profit_thres": 6.933642364214637,
    "loss_last_close_price_hc_pct": 0.0016289714254478205,
    "loss_last_open_price_hc_pct": 0.009864187560134439,
    "loss_open_price_max_hc": -0.08629883074267597,
    "loss_down_open_sell_wait_time": false,
    "down_open_sell_wait_time": true,
    "day_zy_line": 0.0018021006277445734,
    "day_zs_line": -0.014143085845465477,
    "sell_afternoon": true,
    "sell_half_afternoon": false,
    "sell_max_days": 3,
    "stop_profit_pct": 0.0,
    "static_hc_stop_profit_pct": 1.0,
    "loss_static_hc_stop_profit_pct": 1.0
  },
  "timestamp": "2025-09-08T20:07:10.251752",
  "individual": [
    23.01023549396848,
    4.497631018969848,
    453.9729679833918,
    14.797160221990573,
    -0.04698033414208447,
    0.01,
    -0.022308092420967488,
    1.0,
    0.010586797600608804,
    31189306.90496261,
    0.540726610023044,
    9.041246480950456,
    20.144936392277486,
    34.762542606973135,
    15.958949138950732,
    0.002215847007118019,
    9.966078488770753,
    74.14394318108783,
    404.7430540844472,
    7.222810487217948,
    3.9476831175979012,
    15.0,
    66.33527557506783,
    516.562005186657,
    1,
    1,
    0,
    0.03936384454830093,
    1,
    0,
    0,
    1,
    0.01,
    -0.056888044699764675,
    10.562596849031976,
    28.215759223142413,
    72.5493667529346,
    10.438568939993829,
    6.933642364214637,
    0.0016289714254478205,
    0.009864187560134439,
    -0.08629883074267597,
    0,
    1,
    0.0018021006277445734,
    -0.014143085845465477,
    1,
    0,
    3.4672127060462925
  ],
  "max_drawdown_threshold": 0.25,
  "strategy_name": "X\u63a5\u529b\u5012\u63a5\u529b2"
}