{
  "generation": 90,
  "fitness": 1.6234016341337614,
  "total_return": 5.678969999999999,
  "max_drawdown": 0.30511496690843,
  "sharpe_ratio": 2.5640768714371145,
  "params": {
    "per_step_tick_gap": 23,
    "cold_start_steps": 10,
    "max_abserve_tick_steps": 374,
    "max_abserce_avg_price_down_steps": 14,
    "stop_profit_open_hc_pct": -0.0697343203442849,
    "dynamic_hc_stop_profit_thres": 0.010000000000000002,
    "last_close_price_hc_pct": -0.010655934512444391,
    "last_day_sell_thres": 0.9455855136702628,
    "last_day_sell_huiche": 0.009126190001232479,
    "fd_mount": 53579478,
    "fd_vol_pct": 0.5149130525888029,
    "fd_ju_ticks": 8,
    "max_zb_times": 2,
    "stagnation_kline_ticks": 36,
    "decline_kline_ticks": 11,
    "yang_yin_threshold": 0.0021786365079842973,
    "stagnation_n": 10,
    "stagnation_volume_ratio_threshold": 74.3060398896154,
    "stagnation_ratio_threshold": 535,
    "decline_volume_ratio_threshold": 1.1,
    "max_rebounds": 9,
    "decline_ratio_threshold": 47,
    "flxd_ticks": 97,
    "flzz_ticks": 1061,
    "use_simiple_kline_strategy_flxd": false,
    "use_simiple_kline_strategy_flzz": true,
    "flzz_use_smooth_price": false,
    "flzz_zf_thresh": -0.0033718974706298983,
    "kline_sell_flxd_zy": true,
    "kline_sell_flxd_zs": false,
    "kline_sell_flzz_zs": false,
    "kline_sell_flzz_zy": true,
    "last_open_price_hc_pct": 0.009917885964043908,
    "open_price_max_hc": -0.019039342462978222,
    "loss_per_step_tick_gap": 11,
    "loss_cold_start_steps": 30,
    "loss_max_abserve_tick_steps": 63,
    "loss_max_abserce_avg_price_down_steps": 5,
    "loss_dynamic_hc_stop_profit_thres": 7.964216287626515,
    "loss_last_close_price_hc_pct": 0.00018156082429676343,
    "loss_last_open_price_hc_pct": 0.009854201693718152,
    "loss_open_price_max_hc": -0.07010450480201794,
    "loss_down_open_sell_wait_time": false,
    "down_open_sell_wait_time": true,
    "day_zy_line": 0.0006434403185181865,
    "day_zs_line": -0.016363576093256203,
    "sell_afternoon": true,
    "sell_half_afternoon": false,
    "sell_max_days": 3,
    "stop_profit_pct": 0.0,
    "static_hc_stop_profit_pct": 1.0,
    "loss_static_hc_stop_profit_pct": 1.0
  },
  "timestamp": "2025-09-08T20:31:05.281719",
  "individual": [
    22.987018910703533,
    9.865395275111581,
    374.03832194961575,
    13.9113262537311,
    -0.0697343203442849,
    0.010000000000000002,
    -0.010655934512444391,
    0.9455855136702628,
    0.009126190001232479,
    53579477.99075141,
    0.5149130525888029,
    8.377562524034195,
    2.0042250642894164,
    36.006694682083314,
    10.544402746969528,
    0.0021786365079842973,
    10.482678991943342,
    74.3060398896154,
    534.6777258035996,
    1.1,
    9.486682695665948,
    46.60103923257083,
    96.51320606969993,
    1061.4231178492746,
    0,
    1,
    0,
    -0.0033718974706298983,
    1,
    0,
    0,
    1,
    0.009917885964043908,
    -0.019039342462978222,
    11.123167524010917,
    29.83446943440639,
    62.71086976090549,
    5.061990917375661,
    7.964216287626515,
    0.00018156082429676343,
    0.009854201693718152,
    -0.07010450480201794,
    0,
    1,
    0.0006434403185181865,
    -0.016363576093256203,
    1,
    0,
    2.835125220044835
  ],
  "max_drawdown_threshold": 0.25,
  "strategy_name": "X\u63a5\u529b\u5012\u63a5\u529b2"
}