{
  "generation": 10,
  "fitness": 0.4486504988784569,
  "total_return": 2.5930800000000005,
  "max_drawdown": 0.47181278291240575,
  "sharpe_ratio": 1.890382006023551,
  "params": {
    "per_step_tick_gap": 13,
    "cold_start_steps": 10,
    "max_abserve_tick_steps": 529,
    "max_abserce_avg_price_down_steps": 7,
    "stop_profit_open_hc_pct": -0.035705385054450534,
    "dynamic_hc_stop_profit_thres": 1.6603507167471228,
    "last_close_price_hc_pct": -0.023544106378252463,
    "last_day_sell_thres": 0.4119255860968669,
    "last_day_sell_huiche": 0.009887053727491083,
    "fd_mount": 25895472,
    "fd_vol_pct": 0.5548766173832891,
    "fd_ju_ticks": 11,
    "max_zb_times": 10,
    "stagnation_kline_ticks": 33,
    "decline_kline_ticks": 19,
    "yang_yin_threshold": 0.004347207609663354,
    "stagnation_n": 12,
    "stagnation_volume_ratio_threshold": 69.57164646564992,
    "stagnation_ratio_threshold": 671,
    "decline_volume_ratio_threshold": 13.067536714071974,
    "max_rebounds": 5,
    "decline_ratio_threshold": 15,
    "flxd_ticks": 42,
    "flzz_ticks": 646,
    "use_simiple_kline_strategy_flxd": false,
    "use_simiple_kline_strategy_flzz": false,
    "flzz_use_smooth_price": false,
    "flzz_zf_thresh": 0.029136911777926815,
    "kline_sell_flxd_zy": true,
    "kline_sell_flxd_zs": false,
    "kline_sell_flzz_zs": false,
    "kline_sell_flzz_zy": true,
    "last_open_price_hc_pct": 0.009539211396665364,
    "open_price_max_hc": -0.022490124535751683,
    "loss_per_step_tick_gap": 16,
    "loss_cold_start_steps": 30,
    "loss_max_abserve_tick_steps": 5,
    "loss_max_abserce_avg_price_down_steps": 10,
    "loss_dynamic_hc_stop_profit_thres": 6.772147756435595,
    "loss_last_close_price_hc_pct": -0.013668931035573552,
    "loss_last_open_price_hc_pct": 0.01,
    "loss_open_price_max_hc": -0.04373549562529114,
    "loss_down_open_sell_wait_time": false,
    "down_open_sell_wait_time": true,
    "day_zy_line": 0.0036115804307538034,
    "day_zs_line": -0.024791665489669507,
    "sell_afternoon": true,
    "sell_half_afternoon": false,
    "sell_max_days": 3,
    "stop_profit_pct": 0.0,
    "static_hc_stop_profit_pct": 1.0,
    "loss_static_hc_stop_profit_pct": 1.0
  },
  "timestamp": "2025-09-08T19:59:09.517518",
  "individual": [
    12.83013259163717,
    9.838787184262491,
    529.2242201704503,
    6.8486318260766765,
    -0.035705385054450534,
    1.6603507167471228,
    -0.023544106378252463,
    0.4119255860968669,
    0.009887053727491083,
    25895472.34704353,
    0.5548766173832891,
    10.706296837109315,
    9.588537689496858,
    33.33431240815274,
    18.547672469901066,
    0.004347207609663354,
    11.605095635631216,
    69.57164646564992,
    671.467495773441,
    13.067536714071974,
    4.91184150977641,
    15.0,
    42.39453618285391,
    645.9221805063877,
    0,
    0,
    0,
    0.029136911777926815,
    1,
    0,
    0,
    1,
    0.009539211396665364,
    -0.022490124535751683,
    15.911359076269846,
    30.0,
    5.3502295590124875,
    10.337267849355706,
    6.772147756435595,
    -0.013668931035573552,
    0.01,
    -0.04373549562529114,
    0,
    1,
    0.0036115804307538034,
    -0.024791665489669507,
    1,
    0,
    3.2997898262440657
  ],
  "max_drawdown_threshold": 0.25,
  "strategy_name": "X\u63a5\u529b\u5012\u63a5\u529b2"
}