{
    "strategy": "低位中强中低开低吸",
    "generation": 0,
    "best_score": 0.023724186083781216,
    "best_params": {
        "ema_alpha": 0.08871791202594446,
        "kalman_q": 0.041609795653131366,
        "kalman_r": 0.06226337313312906,
        "sg_window": 15,
        "macd_fast": 6,
        "macd_slow_ratio": 1.8039042020844471,
        "macd_signal": 3,
        "ema_fast": 6,
        "ema_slow_ratio": 2.7452999347391325,
        "volume_window": 5,
        "price_confirm_ticks": 3,
        "strength_confirm_ticks": 6,
        "strength_threshold": 0.3206341696727523,
        "volume_weight": 0.8291463130425818,
        "use_price_confirm": false,
        "use_strength_confirm": true,
        "dead_cross_threshold": 0.00320141618482924,
        "price_drop_threshold": 0.006298449981651968,
        "max_confirm_ticks": 8,
        "debug": false
    },
    "timestamp": "20250721_182439"
}