{
    "strategy": "低位中强中低开低吸",
    "generation": 0,
    "best_score": 0.023888590926642986,
    "best_params": {
        "ema_alpha": 0.036775814938808486,
        "kalman_q": 0.024508340035556096,
        "kalman_r": 0.04073764472402549,
        "sg_window": 8,
        "macd_fast": 6,
        "macd_slow_ratio": 1.5275649514249559,
        "macd_signal": 12,
        "ema_fast": 10,
        "ema_slow_ratio": 2.8647763835207964,
        "volume_window": 9,
        "price_confirm_ticks": 2,
        "strength_confirm_ticks": 6,
        "strength_threshold": 0.4062428827819692,
        "volume_weight": 0.6617803121132461,
        "use_price_confirm": false,
        "use_strength_confirm": false,
        "dead_cross_threshold": 0.0338308898104356,
        "price_drop_threshold": 0.01659701054803706,
        "max_confirm_ticks": 11,
        "debug": false
    },
    "timestamp": "20250808_230658"
}