{
    "strategy": "低位中强中低开低吸",
    "generation": 30,
    "best_score": 0.006428545913890984,
    "best_params": {
        "ema_alpha": 0.10394923746533276,
        "kalman_q": 0.031144998500943967,
        "kalman_r": 0.06165735601932144,
        "sg_window": 15,
        "macd_fast": 6,
        "macd_slow_ratio": 2.033822231930013,
        "macd_signal": 3,
        "ema_fast": 5,
        "ema_slow_ratio": 1.6883670049590154,
        "volume_window": 9,
        "price_confirm_ticks": 7,
        "strength_confirm_ticks": 10,
        "strength_threshold": 3.578406660119796,
        "volume_weight": 0.6609905866984235,
        "use_price_confirm": false,
        "use_strength_confirm": true,
        "dead_cross_threshold": 0.003807387717179459,
        "price_drop_threshold": 0.007,
        "max_confirm_ticks": 1,
        "debug": false
    },
    "timestamp": "20250721_021349"
}