{
    "strategy": "低位中强中低开低吸",
    "generation": 30,
    "best_score": 0.020459513386232916,
    "best_params": {
        "ema_alpha": 0.17930972838971274,
        "kalman_q": 0.03439881120238695,
        "kalman_r": 0.02,
        "sg_window": 10,
        "macd_fast": 3,
        "macd_slow_ratio": 1.4964593981101493,
        "macd_signal": 3,
        "ema_fast": 6,
        "ema_slow_ratio": 1.2,
        "volume_window": 4,
        "price_confirm_ticks": 5,
        "strength_confirm_ticks": 7,
        "strength_threshold": 0.3,
        "volume_weight": 0.9803062028636209,
        "use_price_confirm": false,
        "use_strength_confirm": false,
        "dead_cross_threshold": 0.00624502687296918,
        "price_drop_threshold": 0.0024463430307403947,
        "max_confirm_ticks": 2,
        "debug": false
    },
    "timestamp": "20250722_003447"
}