{
    "strategy": "低位中强中低开低吸",
    "generation": 0,
    "best_score": 0.007163307877698027,
    "best_params": {
        "ema_alpha": 0.10686451896456951,
        "kalman_q": 0.03543833925356759,
        "kalman_r": 0.055460339192811556,
        "sg_window": 10,
        "macd_fast": 6,
        "macd_slow_ratio": 2.542723412955315,
        "macd_signal": 11,
        "ema_fast": 5,
        "ema_slow_ratio": 2.719947871667395,
        "volume_window": 13,
        "price_confirm_ticks": 8,
        "strength_confirm_ticks": 8,
        "strength_threshold": 0.7150080302855931,
        "volume_weight": 0.4005765385142501,
        "use_price_confirm": false,
        "use_strength_confirm": true,
        "dead_cross_threshold": 0.004882682671197869,
        "price_drop_threshold": 0.0013166950831611697,
        "max_confirm_ticks": 11,
        "debug": false
    },
    "timestamp": "20250720_214558"
}