{
    "strategy": "低位中强中低开低吸",
    "generation": 0,
    "best_score": 0.022622715395831616,
    "best_params": {
        "ema_alpha": 0.09176936159757827,
        "kalman_q": 0.046707352596388675,
        "kalman_r": 0.04460284883023992,
        "sg_window": 19,
        "macd_fast": 10,
        "macd_slow_ratio": 2.7344435639374485,
        "macd_signal": 6,
        "ema_fast": 8,
        "ema_slow_ratio": 2.7559699509725535,
        "volume_window": 13,
        "price_confirm_ticks": 2,
        "strength_confirm_ticks": 6,
        "strength_threshold": 0.7850764791246071,
        "volume_weight": 0.6211644963908076,
        "use_price_confirm": false,
        "use_strength_confirm": true,
        "dead_cross_threshold": 0.0021391114350085274,
        "price_drop_threshold": 0.0021551207460803723,
        "max_confirm_ticks": 19,
        "debug": false
    },
    "timestamp": "20250721_173241"
}