{
  "params": {
    "per_step_tick_gap": 2,
    "cold_start_steps": 0,
    "max_abserve_tick_steps": 520,
    "max_abserce_avg_price_down_steps": 4,
    "stop_profit_open_hc_pct": -1.8626045209212717e-05,
    "dynamic_hc_stop_profit_thres": 4.350808495341555,
    "last_close_price_hc_pct": 0.0045965013001909565,
    "last_day_sell_thres": 0.8099768603095842,
    "last_day_sell_huiche": 0.004438661858506246,
    "fd_mount": 91192323,
    "fd_vol_pct": 0.7481751967937549,
    "fd_ju_ticks": 2,
    "max_zb_times": 2,
    "stagnation_kline_ticks": 38,
    "decline_kline_ticks": 12,
    "yang_yin_threshold": 0.0031687076406532867,
    "stagnation_n": 21,
    "stagnation_volume_ratio_threshold": 60.28798644084695,
    "stagnation_ratio_threshold": 1077,
    "decline_volume_ratio_threshold": 77.24630523825664,
    "max_rebounds": 7,
    "decline_ratio_threshold": 1488,
    "flxd_ticks": 498,
    "flzz_ticks": 1916,
    "use_simiple_kline_strategy_flxd": true,
    "use_simiple_kline_strategy_flzz": true,
    "flzz_use_smooth_price": true,
    "flzz_zf_thresh": 0.03276969501869715,
    "kline_sell_flxd_zy": false,
    "kline_sell_flxd_zs": false,
    "kline_sell_flzz_zs": true,
    "kline_sell_flzz_zy": true,
    "last_open_price_hc_pct": -0.07991548868668896,
    "open_price_max_hc": -0.015474043180444631,
    "loss_per_step_tick_gap": 1,
    "loss_cold_start_steps": 3,
    "loss_max_abserve_tick_steps": 397,
    "loss_max_abserce_avg_price_down_steps": 1,
    "loss_dynamic_hc_stop_profit_thres": 7.881591298960272,
    "loss_last_close_price_hc_pct": -0.07810002243332723,
    "loss_last_open_price_hc_pct": -0.007740230747941709,
    "loss_open_price_max_hc": -0.01201824254738179,
    "loss_down_open_sell_wait_time": false,
    "down_open_sell_wait_time": false,
    "day_zy_line": 0.0,
    "day_zs_line": -0.01167192618774764,
    "sell_afternoon": false,
    "sell_half_afternoon": false,
    "sell_max_days": 3,
    "stop_profit_pct": 0.0,
    "static_hc_stop_profit_pct": 1.0,
    "loss_static_hc_stop_profit_pct": 1.0
  },
  "fitness": 7.09598364659522,
  "return": 206.76403,
  "drawdown": 0.3109339146177859,
  "sharpe": 5.823012667951803,
  "individual": [
    2.235022921417593,
    0.007038450581530378,
    520.0851373663223,
    4.311185746932632,
    -1.8626045209212717e-05,
    4.350808495341555,
    0.0045965013001909565,
    0.8099768603095842,
    0.004438661858506246,
    91192323.34951507,
    0.7481751967937549,
    1.7851811510833338,
    1.9689357044345237,
    38.06752362865197,
    12.272385640139522,
    0.0031687076406532867,
    21.112496882359157,
    60.28798644084695,
    1076.6556487033374,
    77.24630523825664,
    6.50934081577966,
    1487.9160576607212,
    498.1798464453018,
    1916.00169932201,
    1,
    1,
    1,
    0.03276969501869715,
    0,
    0,
    1,
    1,
    -0.07991548868668896,
    -0.015474043180444631,
    1.0315855685281377,
    2.8881342049105285,
    397.3264477511479,
    1.1237284797487226,
    7.881591298960272,
    -0.07810002243332723,
    -0.007740230747941709,
    -0.01201824254738179,
    0,
    0,
    0.0,
    -0.01167192618774764,
    0,
    0,
    2.5104825862128894
  ],
  "max_drawdown_threshold": 0.26
}