{
  "generation": 40,
  "fitness": 6.776618741080839,
  "total_return": 183.52419,
  "max_drawdown": 0.31098538261787545,
  "sharpe_ratio": 5.710797929344434,
  "params": {
    "per_step_tick_gap": 2,
    "cold_start_steps": 0,
    "max_abserve_tick_steps": 489,
    "max_abserce_avg_price_down_steps": 5,
    "stop_profit_open_hc_pct": -0.05356413800270694,
    "dynamic_hc_stop_profit_thres": 7.786940369349759,
    "last_close_price_hc_pct": 0.004684876009435603,
    "last_day_sell_thres": 0.6802712742220056,
    "last_day_sell_huiche": 0.0049064080157004255,
    "fd_mount": 86599365,
    "fd_vol_pct": 0.7478854795688931,
    "fd_ju_ticks": 23,
    "max_zb_times": 13,
    "stagnation_kline_ticks": 38,
    "decline_kline_ticks": 13,
    "yang_yin_threshold": 0.006700772568656465,
    "stagnation_n": 21,
    "stagnation_volume_ratio_threshold": 60.46776763490557,
    "stagnation_ratio_threshold": 1070,
    "decline_volume_ratio_threshold": 58.17131231686112,
    "max_rebounds": 7,
    "decline_ratio_threshold": 1500,
    "flxd_ticks": 318,
    "flzz_ticks": 1882,
    "use_simiple_kline_strategy_flxd": true,
    "use_simiple_kline_strategy_flzz": true,
    "flzz_use_smooth_price": true,
    "flzz_zf_thresh": 0.03269895972821548,
    "kline_sell_flxd_zy": false,
    "kline_sell_flxd_zs": true,
    "kline_sell_flzz_zs": true,
    "kline_sell_flzz_zy": true,
    "last_open_price_hc_pct": -0.08,
    "open_price_max_hc": -0.016919003414324736,
    "loss_per_step_tick_gap": 1,
    "loss_cold_start_steps": 3,
    "loss_max_abserve_tick_steps": 398,
    "loss_max_abserce_avg_price_down_steps": 7,
    "loss_dynamic_hc_stop_profit_thres": 5.974130855371538,
    "loss_last_close_price_hc_pct": -0.07803913917096393,
    "loss_last_open_price_hc_pct": -0.014013561929084047,
    "loss_open_price_max_hc": -0.012144056346371923,
    "loss_down_open_sell_wait_time": false,
    "down_open_sell_wait_time": false,
    "day_zy_line": 0.0,
    "day_zs_line": -0.011693443661926399,
    "sell_afternoon": false,
    "sell_half_afternoon": true,
    "sell_max_days": 3,
    "stop_profit_pct": 0.0,
    "static_hc_stop_profit_pct": 1.0,
    "loss_static_hc_stop_profit_pct": 1.0
  },
  "timestamp": "2025-09-05T13:09:36.055772",
  "individual": [
    2.2822120729844606,
    0.11628548320010647,
    489.01569341389626,
    5.015353361541136,
    -0.05356413800270694,
    7.786940369349759,
    0.004684876009435603,
    0.6802712742220056,
    0.0049064080157004255,
    86599364.5890949,
    0.7478854795688931,
    22.716455318717173,
    13.216089709314819,
    37.764213415330765,
    12.787340728136032,
    0.006700772568656465,
    20.666821978890837,
    60.46776763490557,
    1069.7038091553295,
    58.17131231686112,
    6.811636144349446,
    1500.0,
    318.4902810569741,
    1881.7507376850579,
    1,
    1,
    1,
    0.03269895972821548,
    0,
    1,
    1,
    1,
    -0.08,
    -0.016919003414324736,
    1.00525352910342,
    2.9244200193876875,
    398.3832489804608,
    7.376048798465219,
    5.974130855371538,
    -0.07803913917096393,
    -0.014013561929084047,
    -0.012144056346371923,
    0,
    0,
    0.0,
    -0.011693443661926399,
    0,
    1,
    2.638979572514067
  ],
  "max_drawdown_threshold": 0.26
}