{
  "generation": 90,
  "fitness": 7.065687576922659,
  "total_return": 204.557155,
  "max_drawdown": 0.3109339146177859,
  "sharpe_ratio": 5.810014459751274,
  "params": {
    "per_step_tick_gap": 2,
    "cold_start_steps": 0,
    "max_abserve_tick_steps": 520,
    "max_abserce_avg_price_down_steps": 4,
    "stop_profit_open_hc_pct": -3.832862161831461e-05,
    "dynamic_hc_stop_profit_thres": 3.5233692436667696,
    "last_close_price_hc_pct": 0.0048854252601897045,
    "last_day_sell_thres": 0.7681018265126245,
    "last_day_sell_huiche": 0.002879148307269077,
    "fd_mount": 83167965,
    "fd_vol_pct": 0.7483271338174163,
    "fd_ju_ticks": 2,
    "max_zb_times": 2,
    "stagnation_kline_ticks": 38,
    "decline_kline_ticks": 12,
    "yang_yin_threshold": 0.0031589136085195236,
    "stagnation_n": 21,
    "stagnation_volume_ratio_threshold": 59.60449703746127,
    "stagnation_ratio_threshold": 1076,
    "decline_volume_ratio_threshold": 49.123019223021686,
    "max_rebounds": 7,
    "decline_ratio_threshold": 1450,
    "flxd_ticks": 498,
    "flzz_ticks": 1867,
    "use_simiple_kline_strategy_flxd": true,
    "use_simiple_kline_strategy_flzz": true,
    "flzz_use_smooth_price": true,
    "flzz_zf_thresh": 0.032760651208564195,
    "kline_sell_flxd_zy": false,
    "kline_sell_flxd_zs": false,
    "kline_sell_flzz_zs": true,
    "kline_sell_flzz_zy": true,
    "last_open_price_hc_pct": -0.07996056341391006,
    "open_price_max_hc": -0.015466870222168421,
    "loss_per_step_tick_gap": 1,
    "loss_cold_start_steps": 3,
    "loss_max_abserve_tick_steps": 397,
    "loss_max_abserce_avg_price_down_steps": 1,
    "loss_dynamic_hc_stop_profit_thres": 8.0,
    "loss_last_close_price_hc_pct": -0.07804889726899795,
    "loss_last_open_price_hc_pct": -0.015352010669547838,
    "loss_open_price_max_hc": -0.01198747698933806,
    "loss_down_open_sell_wait_time": false,
    "down_open_sell_wait_time": false,
    "day_zy_line": 0.0,
    "day_zs_line": -0.011687406281764614,
    "sell_afternoon": false,
    "sell_half_afternoon": false,
    "sell_max_days": 3,
    "stop_profit_pct": 0.0,
    "static_hc_stop_profit_pct": 1.0,
    "loss_static_hc_stop_profit_pct": 1.0
  },
  "timestamp": "2025-09-05T13:30:02.100168",
  "individual": [
    2.308012285740623,
    0.12075816814032654,
    519.8435167201661,
    4.284529038705666,
    -3.832862161831461e-05,
    3.5233692436667696,
    0.0048854252601897045,
    0.7681018265126245,
    0.002879148307269077,
    83167964.5377402,
    0.7483271338174163,
    1.6201475041771194,
    2.31634334690698,
    38.28493964249313,
    12.372029385267346,
    0.0031589136085195236,
    21.292979675331246,
    59.60449703746127,
    1075.9537998885785,
    49.123019223021686,
    6.728791570859019,
    1449.723408065153,
    497.63380361898635,
    1866.9754269258412,
    1,
    1,
    1,
    0.032760651208564195,
    0,
    0,
    1,
    1,
    -0.07996056341391006,
    -0.015466870222168421,
    1.013783626572497,
    2.6508904733544014,
    396.9431856314501,
    1.1206840908859244,
    8.0,
    -0.07804889726899795,
    -0.015352010669547838,
    -0.01198747698933806,
    0,
    0,
    0.0,
    -0.011687406281764614,
    0,
    0,
    2.5540578518992083
  ],
  "max_drawdown_threshold": 0.26
}