{
  "generation": 10,
  "fitness": 3.474115786189017,
  "total_return": 29.949,
  "max_drawdown": 0.31167944259257047,
  "sharpe_ratio": 4.674407009250236,
  "params": {
    "per_step_tick_gap": 2,
    "cold_start_steps": 2,
    "max_abserve_tick_steps": 530,
    "max_abserce_avg_price_down_steps": 13,
    "stop_profit_open_hc_pct": -0.06470115081131093,
    "dynamic_hc_stop_profit_thres": 7.746167902247717,
    "last_close_price_hc_pct": -0.014607477392768043,
    "last_day_sell_thres": 0.6671492388233066,
    "last_day_sell_huiche": 0.016339055012841178,
    "fd_mount": 136887183,
    "fd_vol_pct": 0.6208133457865683,
    "fd_ju_ticks": 17,
    "max_zb_times": 18,
    "stagnation_kline_ticks": 6,
    "decline_kline_ticks": 20,
    "yang_yin_threshold": 0.008905313775584784,
    "stagnation_n": 10,
    "stagnation_volume_ratio_threshold": 26.43245567742522,
    "stagnation_ratio_threshold": 385,
    "decline_volume_ratio_threshold": 37.91014450489412,
    "max_rebounds": 8,
    "decline_ratio_threshold": 896,
    "flxd_ticks": 134,
    "flzz_ticks": 1121,
    "use_simiple_kline_strategy_flxd": true,
    "use_simiple_kline_strategy_flzz": true,
    "flzz_use_smooth_price": true,
    "flzz_zf_thresh": 0.010976780484699012,
    "kline_sell_flxd_zy": true,
    "kline_sell_flxd_zs": true,
    "kline_sell_flzz_zs": true,
    "kline_sell_flzz_zy": true,
    "last_open_price_hc_pct": -0.05269260794388002,
    "open_price_max_hc": 0.0,
    "loss_per_step_tick_gap": 2,
    "loss_cold_start_steps": 3,
    "loss_max_abserve_tick_steps": 262,
    "loss_max_abserce_avg_price_down_steps": 5,
    "loss_dynamic_hc_stop_profit_thres": 6.641704245602194,
    "loss_last_close_price_hc_pct": -0.0340019032210546,
    "loss_last_open_price_hc_pct": 0.009030989204503513,
    "loss_open_price_max_hc": -0.03395866558002072,
    "loss_down_open_sell_wait_time": true,
    "down_open_sell_wait_time": true,
    "day_zy_line": 0.0,
    "day_zs_line": 0.0,
    "sell_afternoon": false,
    "sell_half_afternoon": true,
    "sell_max_days": 1,
    "stop_profit_pct": 0.0,
    "static_hc_stop_profit_pct": 1.0,
    "loss_static_hc_stop_profit_pct": 1.0
  },
  "timestamp": "2025-09-05T12:56:46.431096",
  "individual": [
    1.9834634668205562,
    2.4954224279816906,
    530.3283996004395,
    13.413998515788649,
    -0.06470115081131093,
    7.746167902247717,
    -0.014607477392768043,
    0.6671492388233066,
    0.016339055012841178,
    136887182.98625556,
    0.6208133457865683,
    16.542196553733657,
    18.227268877371234,
    6.255004766271233,
    20.164681717063267,
    0.008905313775584784,
    9.667664693911686,
    26.43245567742522,
    384.683660081321,
    37.91014450489412,
    7.978813944952901,
    896.3303726984929,
    134.01777903834494,
    1120.8859869570956,
    1,
    1,
    1,
    0.010976780484699012,
    1,
    1,
    1,
    1,
    -0.05269260794388002,
    0.0,
    1.6144776486278336,
    3.474805294904421,
    261.918443940194,
    5.001083021576941,
    6.641704245602194,
    -0.0340019032210546,
    0.009030989204503513,
    -0.03395866558002072,
    1,
    1,
    0.0,
    0.0,
    0,
    1,
    1.0377378515076197
  ],
  "max_drawdown_threshold": 0.26
}