{
  "generation": 70,
  "fitness": 7.023669708971321,
  "total_return": 201.34321,
  "max_drawdown": 0.3109578968130109,
  "sharpe_ratio": 5.799342208118104,
  "params": {
    "per_step_tick_gap": 2,
    "cold_start_steps": 0,
    "max_abserve_tick_steps": 518,
    "max_abserce_avg_price_down_steps": 4,
    "stop_profit_open_hc_pct": 0.0,
    "dynamic_hc_stop_profit_thres": 4.598950149150072,
    "last_close_price_hc_pct": 0.004740300869448348,
    "last_day_sell_thres": 0.7167821495982359,
    "last_day_sell_huiche": 0.00556520465778016,
    "fd_mount": 83426190,
    "fd_vol_pct": 0.748488026113905,
    "fd_ju_ticks": 28,
    "max_zb_times": 10,
    "stagnation_kline_ticks": 38,
    "decline_kline_ticks": 12,
    "yang_yin_threshold": 0.004846193573520501,
    "stagnation_n": 21,
    "stagnation_volume_ratio_threshold": 60.1578990779997,
    "stagnation_ratio_threshold": 1074,
    "decline_volume_ratio_threshold": 67.52004252476127,
    "max_rebounds": 7,
    "decline_ratio_threshold": 1291,
    "flxd_ticks": 500,
    "flzz_ticks": 1901,
    "use_simiple_kline_strategy_flxd": true,
    "use_simiple_kline_strategy_flzz": true,
    "flzz_use_smooth_price": true,
    "flzz_zf_thresh": 0.03291065760482879,
    "kline_sell_flxd_zy": false,
    "kline_sell_flxd_zs": false,
    "kline_sell_flzz_zs": true,
    "kline_sell_flzz_zy": true,
    "last_open_price_hc_pct": -0.07989448353790457,
    "open_price_max_hc": -0.015468740379487561,
    "loss_per_step_tick_gap": 1,
    "loss_cold_start_steps": 3,
    "loss_max_abserve_tick_steps": 396,
    "loss_max_abserce_avg_price_down_steps": 1,
    "loss_dynamic_hc_stop_profit_thres": 7.379950429784808,
    "loss_last_close_price_hc_pct": -0.07826669590054881,
    "loss_last_open_price_hc_pct": -0.01471508204024011,
    "loss_open_price_max_hc": -0.011989657127669685,
    "loss_down_open_sell_wait_time": false,
    "down_open_sell_wait_time": false,
    "day_zy_line": 0.0,
    "day_zs_line": -0.011707931244168763,
    "sell_afternoon": false,
    "sell_half_afternoon": false,
    "sell_max_days": 3,
    "stop_profit_pct": 0.0,
    "static_hc_stop_profit_pct": 1.0,
    "loss_static_hc_stop_profit_pct": 1.0
  },
  "timestamp": "2025-09-05T13:21:53.722942",
  "individual": [
    2.3217403813992625,
    0.11047790249397092,
    517.8175415111239,
    4.462516506206651,
    0.0,
    4.598950149150072,
    0.004740300869448348,
    0.7167821495982359,
    0.00556520465778016,
    83426190.02279562,
    0.748488026113905,
    28.32768007563368,
    10.499717560578427,
    38.26850886256357,
    12.25702125742782,
    0.004846193573520501,
    20.766866585531808,
    60.1578990779997,
    1073.621748622496,
    67.52004252476127,
    6.551943488229065,
    1291.0512708225351,
    500.0,
    1901.3463720154666,
    1,
    1,
    1,
    0.03291065760482879,
    0,
    0,
    1,
    1,
    -0.07989448353790457,
    -0.015468740379487561,
    1.0092950676364771,
    3.009819606175486,
    396.39892762387655,
    1.1035594104056279,
    7.379950429784808,
    -0.07826669590054881,
    -0.01471508204024011,
    -0.011989657127669685,
    0,
    0,
    0.0,
    -0.011707931244168763,
    0,
    0,
    2.5454967580551164
  ],
  "max_drawdown_threshold": 0.26
}