{
  "generation": 100,
  "fitness": 7.0833947265837445,
  "total_return": 205.81957,
  "max_drawdown": 0.3109339146177859,
  "sharpe_ratio": 5.818341415804553,
  "params": {
    "per_step_tick_gap": 2,
    "cold_start_steps": 0,
    "max_abserve_tick_steps": 519,
    "max_abserce_avg_price_down_steps": 4,
    "stop_profit_open_hc_pct": -1.3452687535173124e-05,
    "dynamic_hc_stop_profit_thres": 2.5133967589721133,
    "last_close_price_hc_pct": 0.004624608313680254,
    "last_day_sell_thres": 0.6181983153354386,
    "last_day_sell_huiche": 0.008157135883136157,
    "fd_mount": 86580612,
    "fd_vol_pct": 0.7493234051924004,
    "fd_ju_ticks": 2,
    "max_zb_times": 8,
    "stagnation_kline_ticks": 38,
    "decline_kline_ticks": 12,
    "yang_yin_threshold": 0.0042246896581164374,
    "stagnation_n": 21,
    "stagnation_volume_ratio_threshold": 59.737180144933504,
    "stagnation_ratio_threshold": 1065,
    "decline_volume_ratio_threshold": 42.084862201318536,
    "max_rebounds": 6,
    "decline_ratio_threshold": 1358,
    "flxd_ticks": 460,
    "flzz_ticks": 1726,
    "use_simiple_kline_strategy_flxd": true,
    "use_simiple_kline_strategy_flzz": true,
    "flzz_use_smooth_price": true,
    "flzz_zf_thresh": 0.03317052620926995,
    "kline_sell_flxd_zy": false,
    "kline_sell_flxd_zs": false,
    "kline_sell_flzz_zs": true,
    "kline_sell_flzz_zy": true,
    "last_open_price_hc_pct": -0.07993978467194354,
    "open_price_max_hc": -0.015465145297895829,
    "loss_per_step_tick_gap": 1,
    "loss_cold_start_steps": 3,
    "loss_max_abserve_tick_steps": 397,
    "loss_max_abserce_avg_price_down_steps": 1,
    "loss_dynamic_hc_stop_profit_thres": 8.0,
    "loss_last_close_price_hc_pct": -0.07805248516828162,
    "loss_last_open_price_hc_pct": -0.008374574052480026,
    "loss_open_price_max_hc": -0.012077268689121002,
    "loss_down_open_sell_wait_time": false,
    "down_open_sell_wait_time": false,
    "day_zy_line": 0.0,
    "day_zs_line": -0.011737935410617645,
    "sell_afternoon": false,
    "sell_half_afternoon": false,
    "sell_max_days": 3,
    "stop_profit_pct": 0.0,
    "static_hc_stop_profit_pct": 1.0,
    "loss_static_hc_stop_profit_pct": 1.0
  },
  "timestamp": "2025-09-05T13:33:57.691821",
  "individual": [
    2.207483381558479,
    0.11393729652041826,
    519.4899811324098,
    4.3110905998238644,
    -1.3452687535173124e-05,
    2.5133967589721133,
    0.004624608313680254,
    0.6181983153354386,
    0.008157135883136157,
    86580612.12784062,
    0.7493234051924004,
    1.8425993520925124,
    8.288287352364984,
    37.96556705574997,
    12.491153939920437,
    0.0042246896581164374,
    21.31811543550198,
    59.737180144933504,
    1064.672821036925,
    42.084862201318536,
    6.351649751400711,
    1357.8158310215788,
    459.73362851114,
    1725.54573321197,
    1,
    1,
    1,
    0.03317052620926995,
    0,
    0,
    1,
    1,
    -0.07993978467194354,
    -0.015465145297895829,
    1.0358744772752058,
    2.7964632186104064,
    396.9022121245456,
    1.1751076439347667,
    8.0,
    -0.07805248516828162,
    -0.008374574052480026,
    -0.012077268689121002,
    0,
    0,
    0.0,
    -0.011737935410617645,
    0,
    0,
    2.5509291683038917
  ],
  "max_drawdown_threshold": 0.26
}