{
  "generation": 120,
  "fitness": 4.557116584447121,
  "total_return": 184.016965,
  "max_drawdown": 0.30839353256298474,
  "sharpe_ratio": 5.508383750817662,
  "params": {
    "per_step_tick_gap": 1,
    "cold_start_steps": 50,
    "max_abserve_tick_steps": 642,
    "max_abserce_avg_price_down_steps": 3,
    "stop_profit_open_hc_pct": 0.0,
    "dynamic_hc_stop_profit_thres": 7.99998952020408,
    "last_close_price_hc_pct": 0.009212130150506832,
    "last_day_sell_thres": 0.6396650985564561,
    "last_day_sell_huiche": 0.019835660809724,
    "fd_mount": 83906027,
    "fd_vol_pct": 0.3772181598503296,
    "fd_ju_ticks": 1,
    "max_zb_times": 29,
    "stagnation_kline_ticks": 42,
    "decline_kline_ticks": 27,
    "yang_yin_threshold": 0.02582193528288104,
    "stagnation_n": 14,
    "stagnation_volume_ratio_threshold": 95.93782268687744,
    "stagnation_ratio_threshold": 797,
    "decline_volume_ratio_threshold": 20.10437108270142,
    "max_rebounds": 10,
    "decline_ratio_threshold": 1074,
    "flxd_ticks": 19,
    "flzz_ticks": 634,
    "use_simiple_kline_strategy_flxd": false,
    "use_simiple_kline_strategy_flzz": true,
    "flzz_use_smooth_price": false,
    "flzz_zf_thresh": 0.06147885814100387,
    "kline_sell_flxd_zy": false,
    "kline_sell_flxd_zs": true,
    "kline_sell_flzz_zs": true,
    "kline_sell_flzz_zy": true,
    "last_open_price_hc_pct": -0.008642186017798894,
    "open_price_max_hc": -0.09999997848805967,
    "loss_per_step_tick_gap": 1,
    "loss_cold_start_steps": 3,
    "loss_max_abserve_tick_steps": 5,
    "loss_max_abserce_avg_price_down_steps": 1,
    "loss_dynamic_hc_stop_profit_thres": 0.8130646784282476,
    "loss_last_close_price_hc_pct": -0.0587319371845926,
    "loss_last_open_price_hc_pct": -0.05012756868598804,
    "loss_open_price_max_hc": -0.09118438807539608,
    "loss_down_open_sell_wait_time": false,
    "down_open_sell_wait_time": false,
    "day_zy_line": 0.006329607913975736,
    "day_zs_line": -0.011743927608288724,
    "sell_afternoon": false,
    "sell_half_afternoon": true,
    "sell_max_days": 2,
    "stop_profit_pct": 0.0,
    "static_hc_stop_profit_pct": 1.0,
    "loss_static_hc_stop_profit_pct": 1.0
  },
  "timestamp": "2025-09-05T14:47:51.567770",
  "individual": [
    1.0478064490254293,
    49.639830169006046,
    642.2066921356841,
    2.7374589162309753,
    0.0,
    7.99998952020408,
    0.009212130150506832,
    0.6396650985564561,
    0.019835660809724,
    83906027.35871202,
    0.3772181598503296,
    1.254853190270781,
    28.540763096144353,
    42.31963509707479,
    27.307179832449453,
    0.02582193528288104,
    13.964526240357724,
    95.93782268687744,
    797.1206579796415,
    20.10437108270142,
    10.185304229472106,
    1074.3204660498816,
    19.328414248170034,
    634.1258289573316,
    0,
    1,
    0,
    0.06147885814100387,
    0,
    1,
    1,
    1,
    -0.008642186017798894,
    -0.09999997848805967,
    1.1307417935215947,
    2.7174545384514044,
    5.263616655191979,
    1.011769271302231,
    0.8130646784282476,
    -0.0587319371845926,
    -0.05012756868598804,
    -0.09118438807539608,
    0,
    0,
    0.006329607913975736,
    -0.011743927608288724,
    0,
    1,
    2.161692370508189
  ],
  "max_drawdown_threshold": 0.18
}