{
  "generation": 110,
  "fitness": 4.557062503248892,
  "total_return": 184.240835,
  "max_drawdown": 0.30847578437168516,
  "sharpe_ratio": 5.509028181664478,
  "params": {
    "per_step_tick_gap": 1,
    "cold_start_steps": 50,
    "max_abserve_tick_steps": 642,
    "max_abserce_avg_price_down_steps": 3,
    "stop_profit_open_hc_pct": 0.0,
    "dynamic_hc_stop_profit_thres": 7.999991941074978,
    "last_close_price_hc_pct": 0.009204661872719436,
    "last_day_sell_thres": 0.659708698822272,
    "last_day_sell_huiche": 0.019833953779331864,
    "fd_mount": 83148970,
    "fd_vol_pct": 0.37931553221199504,
    "fd_ju_ticks": 1,
    "max_zb_times": 29,
    "stagnation_kline_ticks": 42,
    "decline_kline_ticks": 26,
    "yang_yin_threshold": 0.025823132910796496,
    "stagnation_n": 14,
    "stagnation_volume_ratio_threshold": 96.53736362830362,
    "stagnation_ratio_threshold": 810,
    "decline_volume_ratio_threshold": 20.248475271107928,
    "max_rebounds": 10,
    "decline_ratio_threshold": 1077,
    "flxd_ticks": 19,
    "flzz_ticks": 644,
    "use_simiple_kline_strategy_flxd": false,
    "use_simiple_kline_strategy_flzz": true,
    "flzz_use_smooth_price": false,
    "flzz_zf_thresh": 0.06172526592750492,
    "kline_sell_flxd_zy": false,
    "kline_sell_flxd_zs": true,
    "kline_sell_flzz_zs": true,
    "kline_sell_flzz_zy": true,
    "last_open_price_hc_pct": -0.008291692529627668,
    "open_price_max_hc": -0.09999997763882873,
    "loss_per_step_tick_gap": 1,
    "loss_cold_start_steps": 3,
    "loss_max_abserve_tick_steps": 5,
    "loss_max_abserce_avg_price_down_steps": 1,
    "loss_dynamic_hc_stop_profit_thres": 0.8124381395555642,
    "loss_last_close_price_hc_pct": -0.05513617450711632,
    "loss_last_open_price_hc_pct": -0.06008324586533453,
    "loss_open_price_max_hc": -0.09056272544941835,
    "loss_down_open_sell_wait_time": false,
    "down_open_sell_wait_time": false,
    "day_zy_line": 0.006368195580937274,
    "day_zs_line": -0.01174183575144181,
    "sell_afternoon": false,
    "sell_half_afternoon": true,
    "sell_max_days": 2,
    "stop_profit_pct": 0.0,
    "static_hc_stop_profit_pct": 1.0,
    "loss_static_hc_stop_profit_pct": 1.0
  },
  "timestamp": "2025-09-05T14:43:58.770388",
  "individual": [
    1.0460885288950614,
    49.7561215190593,
    642.3645397281057,
    2.722752962924242,
    0.0,
    7.999991941074978,
    0.009204661872719436,
    0.659708698822272,
    0.019833953779331864,
    83148969.54752888,
    0.37931553221199504,
    1.2196187241939136,
    28.5462218647516,
    42.31073264614377,
    25.64802634143571,
    0.025823132910796496,
    14.030656082438762,
    96.53736362830362,
    809.9601980952398,
    20.248475271107928,
    10.157034477138108,
    1076.5273533576926,
    19.387058041090174,
    644.4761455198825,
    0,
    1,
    0,
    0.06172526592750492,
    0,
    1,
    1,
    1,
    -0.008291692529627668,
    -0.09999997763882873,
    1.2002312203056344,
    2.7218082540989124,
    5.258583611285542,
    1.0302514268919962,
    0.8124381395555642,
    -0.05513617450711632,
    -0.06008324586533453,
    -0.09056272544941835,
    0,
    0,
    0.006368195580937274,
    -0.01174183575144181,
    0,
    1,
    2.1825775838702053
  ],
  "max_drawdown_threshold": 0.18
}