{
  "generation": 100,
  "fitness": 4.55252886895604,
  "total_return": 183.765855,
  "max_drawdown": 0.30847578437168516,
  "sharpe_ratio": 5.50663306263308,
  "params": {
    "per_step_tick_gap": 1,
    "cold_start_steps": 50,
    "max_abserve_tick_steps": 642,
    "max_abserce_avg_price_down_steps": 3,
    "stop_profit_open_hc_pct": -0.0026428080287951845,
    "dynamic_hc_stop_profit_thres": 7.999988223251481,
    "last_close_price_hc_pct": 0.009215058591313066,
    "last_day_sell_thres": 0.6911461858967226,
    "last_day_sell_huiche": 0.0198363447817698,
    "fd_mount": 83493261,
    "fd_vol_pct": 0.37361765573561045,
    "fd_ju_ticks": 1,
    "max_zb_times": 29,
    "stagnation_kline_ticks": 42,
    "decline_kline_ticks": 28,
    "yang_yin_threshold": 0.02582906952871381,
    "stagnation_n": 14,
    "stagnation_volume_ratio_threshold": 96.51325057075367,
    "stagnation_ratio_threshold": 840,
    "decline_volume_ratio_threshold": 21.1302431239937,
    "max_rebounds": 10,
    "decline_ratio_threshold": 1085,
    "flxd_ticks": 17,
    "flzz_ticks": 637,
    "use_simiple_kline_strategy_flxd": false,
    "use_simiple_kline_strategy_flzz": true,
    "flzz_use_smooth_price": false,
    "flzz_zf_thresh": 0.06146811930849181,
    "kline_sell_flxd_zy": false,
    "kline_sell_flxd_zs": true,
    "kline_sell_flzz_zs": true,
    "kline_sell_flzz_zy": true,
    "last_open_price_hc_pct": -0.008239795749134903,
    "open_price_max_hc": -0.09999997647074547,
    "loss_per_step_tick_gap": 1,
    "loss_cold_start_steps": 3,
    "loss_max_abserve_tick_steps": 5,
    "loss_max_abserce_avg_price_down_steps": 1,
    "loss_dynamic_hc_stop_profit_thres": 0.8612280856304635,
    "loss_last_close_price_hc_pct": -0.05677689019880193,
    "loss_last_open_price_hc_pct": -0.0605506416642095,
    "loss_open_price_max_hc": -0.09071408847254134,
    "loss_down_open_sell_wait_time": false,
    "down_open_sell_wait_time": false,
    "day_zy_line": 0.006367446840101917,
    "day_zs_line": -0.011758035015782202,
    "sell_afternoon": false,
    "sell_half_afternoon": true,
    "sell_max_days": 2,
    "stop_profit_pct": 0.0,
    "static_hc_stop_profit_pct": 1.0,
    "loss_static_hc_stop_profit_pct": 1.0
  },
  "timestamp": "2025-09-05T14:40:04.787287",
  "individual": [
    1.0456853921000993,
    49.78534220055107,
    642.1884163298471,
    2.607875833495479,
    -0.0026428080287951845,
    7.999988223251481,
    0.009215058591313066,
    0.6911461858967226,
    0.0198363447817698,
    83493260.83497748,
    0.37361765573561045,
    1.2143159347110468,
    28.501877672371485,
    42.28515886748082,
    27.56343518634987,
    0.02582906952871381,
    14.14755437384061,
    96.51325057075367,
    839.7445476228819,
    21.1302431239937,
    10.254644681226608,
    1085.1124112961052,
    16.9176285849524,
    637.2532081957528,
    0,
    1,
    0,
    0.06146811930849181,
    0,
    1,
    1,
    1,
    -0.008239795749134903,
    -0.09999997647074547,
    1.1858132582510732,
    2.725129511690379,
    5.306151300476293,
    1.0550688386203075,
    0.8612280856304635,
    -0.05677689019880193,
    -0.0605506416642095,
    -0.09071408847254134,
    0,
    0,
    0.006367446840101917,
    -0.011758035015782202,
    0,
    1,
    1.7953484985996466
  ],
  "max_drawdown_threshold": 0.18
}