{
  "generation": 130,
  "fitness": 4.630271150467738,
  "total_return": 191.618255,
  "max_drawdown": 0.3084250860703193,
  "sharpe_ratio": 5.554329685844938,
  "params": {
    "per_step_tick_gap": 1,
    "cold_start_steps": 50,
    "max_abserve_tick_steps": 642,
    "max_abserce_avg_price_down_steps": 3,
    "stop_profit_open_hc_pct": 0.0,
    "dynamic_hc_stop_profit_thres": 8.0,
    "last_close_price_hc_pct": 0.009219042767224335,
    "last_day_sell_thres": 0.37871450907305,
    "last_day_sell_huiche": 0.019905415624544356,
    "fd_mount": 83422865,
    "fd_vol_pct": 0.37435713561344014,
    "fd_ju_ticks": 1,
    "max_zb_times": 29,
    "stagnation_kline_ticks": 42,
    "decline_kline_ticks": 26,
    "yang_yin_threshold": 0.025818844223833626,
    "stagnation_n": 15,
    "stagnation_volume_ratio_threshold": 96.22080308193003,
    "stagnation_ratio_threshold": 843,
    "decline_volume_ratio_threshold": 18.78873409690291,
    "max_rebounds": 9,
    "decline_ratio_threshold": 1095,
    "flxd_ticks": 0,
    "flzz_ticks": 666,
    "use_simiple_kline_strategy_flxd": false,
    "use_simiple_kline_strategy_flzz": true,
    "flzz_use_smooth_price": false,
    "flzz_zf_thresh": 0.061674098051605696,
    "kline_sell_flxd_zy": false,
    "kline_sell_flxd_zs": true,
    "kline_sell_flzz_zs": true,
    "kline_sell_flzz_zy": true,
    "last_open_price_hc_pct": -0.007913026560409478,
    "open_price_max_hc": -0.09999997873985278,
    "loss_per_step_tick_gap": 1,
    "loss_cold_start_steps": 3,
    "loss_max_abserve_tick_steps": 5,
    "loss_max_abserce_avg_price_down_steps": 1,
    "loss_dynamic_hc_stop_profit_thres": 0.8123523796112877,
    "loss_last_close_price_hc_pct": -0.05710342401978957,
    "loss_last_open_price_hc_pct": -0.008116722031253572,
    "loss_open_price_max_hc": -0.08881025968632991,
    "loss_down_open_sell_wait_time": false,
    "down_open_sell_wait_time": false,
    "day_zy_line": 0.006348759590321932,
    "day_zs_line": -0.01175322338025546,
    "sell_afternoon": false,
    "sell_half_afternoon": true,
    "sell_max_days": 2,
    "stop_profit_pct": 0.0,
    "static_hc_stop_profit_pct": 1.0,
    "loss_static_hc_stop_profit_pct": 1.0
  },
  "timestamp": "2025-09-05T14:51:48.682712",
  "individual": [
    1.0598873907235602,
    50.0,
    641.964443751697,
    2.5571101169628716,
    0.0,
    8.0,
    0.009219042767224335,
    0.37871450907305,
    0.019905415624544356,
    83422864.6479007,
    0.37435713561344014,
    1.2373064798807405,
    28.53121654959347,
    42.30144230596097,
    26.206511410818944,
    0.025818844223833626,
    14.935960362799037,
    96.22080308193003,
    842.9703620429452,
    18.78873409690291,
    9.358014561074327,
    1095.439418535556,
    0.0,
    666.2042419887151,
    0,
    1,
    0,
    0.061674098051605696,
    0,
    1,
    1,
    1,
    -0.007913026560409478,
    -0.09999997873985278,
    1.1009532205018577,
    2.7353480439474254,
    5.3197074584036415,
    1.0503495441823243,
    0.8123523796112877,
    -0.05710342401978957,
    -0.008116722031253572,
    -0.08881025968632991,
    0,
    0,
    0.006348759590321932,
    -0.01175322338025546,
    0,
    1,
    1.861008060747626
  ],
  "max_drawdown_threshold": 0.18
}