{
  "generation": 60,
  "fitness": 4.409322463152851,
  "total_return": 169.931265,
  "max_drawdown": 0.30835019207102027,
  "sharpe_ratio": 5.393948676864599,
  "params": {
    "per_step_tick_gap": 1,
    "cold_start_steps": 50,
    "max_abserve_tick_steps": 622,
    "max_abserce_avg_price_down_steps": 3,
    "stop_profit_open_hc_pct": -0.05956542474007945,
    "dynamic_hc_stop_profit_thres": 7.999977738043029,
    "last_close_price_hc_pct": 0.005013260406842636,
    "last_day_sell_thres": 0.7357326901763593,
    "last_day_sell_huiche": 0.01982303532385845,
    "fd_mount": 83975028,
    "fd_vol_pct": 0.37038340724816937,
    "fd_ju_ticks": 1,
    "max_zb_times": 29,
    "stagnation_kline_ticks": 42,
    "decline_kline_ticks": 31,
    "yang_yin_threshold": 0.025970819976240237,
    "stagnation_n": 17,
    "stagnation_volume_ratio_threshold": 96.40078994005327,
    "stagnation_ratio_threshold": 956,
    "decline_volume_ratio_threshold": 21.374528310656096,
    "max_rebounds": 12,
    "decline_ratio_threshold": 1022,
    "flxd_ticks": 8,
    "flzz_ticks": 597,
    "use_simiple_kline_strategy_flxd": true,
    "use_simiple_kline_strategy_flzz": true,
    "flzz_use_smooth_price": false,
    "flzz_zf_thresh": 0.060629641906077815,
    "kline_sell_flxd_zy": false,
    "kline_sell_flxd_zs": true,
    "kline_sell_flzz_zs": true,
    "kline_sell_flzz_zy": true,
    "last_open_price_hc_pct": -0.011014748730455944,
    "open_price_max_hc": -0.0999998724548922,
    "loss_per_step_tick_gap": 1,
    "loss_cold_start_steps": 3,
    "loss_max_abserve_tick_steps": 5,
    "loss_max_abserce_avg_price_down_steps": 1,
    "loss_dynamic_hc_stop_profit_thres": 3.8247765432482543,
    "loss_last_close_price_hc_pct": -0.05423952380933408,
    "loss_last_open_price_hc_pct": -0.0607488814518182,
    "loss_open_price_max_hc": -0.09030375139629337,
    "loss_down_open_sell_wait_time": false,
    "down_open_sell_wait_time": false,
    "day_zy_line": 0.006329829185299726,
    "day_zs_line": -0.01166699056058952,
    "sell_afternoon": false,
    "sell_half_afternoon": true,
    "sell_max_days": 3,
    "stop_profit_pct": 0.0,
    "static_hc_stop_profit_pct": 1.0,
    "loss_static_hc_stop_profit_pct": 1.0
  },
  "timestamp": "2025-09-05T14:24:10.159228",
  "individual": [
    1.0352752924798259,
    49.851923048753974,
    621.6501950517542,
    2.7305380434655766,
    -0.05956542474007945,
    7.999977738043029,
    0.005013260406842636,
    0.7357326901763593,
    0.01982303532385845,
    83975028.07705113,
    0.37038340724816937,
    1.1895594506688485,
    28.656629381910264,
    42.182513683765166,
    31.193756245841886,
    0.025970819976240237,
    16.73960974159415,
    96.40078994005327,
    955.7623322443657,
    21.374528310656096,
    12.02694499856573,
    1021.9823101342212,
    8.221939745063032,
    596.901601562569,
    1,
    1,
    0,
    0.060629641906077815,
    0,
    1,
    1,
    1,
    -0.011014748730455944,
    -0.0999998724548922,
    1.0974600701072115,
    3.114278411890331,
    5.022439655587551,
    1.047986546150013,
    3.8247765432482543,
    -0.05423952380933408,
    -0.0607488814518182,
    -0.09030375139629337,
    0,
    0,
    0.006329829185299726,
    -0.01166699056058952,
    0,
    1,
    2.533044780242792
  ],
  "max_drawdown_threshold": 0.18
}