{
  "generation": 140,
  "fitness": 4.6680518305659815,
  "total_return": 195.90417,
  "max_drawdown": 0.3084482943347954,
  "sharpe_ratio": 5.570411376484339,
  "params": {
    "per_step_tick_gap": 1,
    "cold_start_steps": 50,
    "max_abserve_tick_steps": 642,
    "max_abserce_avg_price_down_steps": 3,
    "stop_profit_open_hc_pct": -7.234972302236608e-05,
    "dynamic_hc_stop_profit_thres": 7.999998495250829,
    "last_close_price_hc_pct": 0.009236462869321694,
    "last_day_sell_thres": 0.535867956722607,
    "last_day_sell_huiche": 0.019853731533053743,
    "fd_mount": 83091480,
    "fd_vol_pct": 0.3770159372860974,
    "fd_ju_ticks": 1,
    "max_zb_times": 29,
    "stagnation_kline_ticks": 42,
    "decline_kline_ticks": 24,
    "yang_yin_threshold": 0.02581834367293188,
    "stagnation_n": 16,
    "stagnation_volume_ratio_threshold": 99.74033090925931,
    "stagnation_ratio_threshold": 920,
    "decline_volume_ratio_threshold": 20.090040770048283,
    "max_rebounds": 9,
    "decline_ratio_threshold": 1086,
    "flxd_ticks": 1,
    "flzz_ticks": 628,
    "use_simiple_kline_strategy_flxd": false,
    "use_simiple_kline_strategy_flzz": true,
    "flzz_use_smooth_price": false,
    "flzz_zf_thresh": 0.06159705820320001,
    "kline_sell_flxd_zy": false,
    "kline_sell_flxd_zs": true,
    "kline_sell_flzz_zs": true,
    "kline_sell_flzz_zy": true,
    "last_open_price_hc_pct": -0.008421122405934362,
    "open_price_max_hc": -0.09999998356597257,
    "loss_per_step_tick_gap": 1,
    "loss_cold_start_steps": 3,
    "loss_max_abserve_tick_steps": 5,
    "loss_max_abserce_avg_price_down_steps": 1,
    "loss_dynamic_hc_stop_profit_thres": 0.8126503387922503,
    "loss_last_close_price_hc_pct": -0.05648055944403429,
    "loss_last_open_price_hc_pct": -0.007175363404462904,
    "loss_open_price_max_hc": -0.09079534136867108,
    "loss_down_open_sell_wait_time": false,
    "down_open_sell_wait_time": false,
    "day_zy_line": 0.006327943572393826,
    "day_zs_line": -0.011743949516465657,
    "sell_afternoon": false,
    "sell_half_afternoon": true,
    "sell_max_days": 2,
    "stop_profit_pct": 0.0,
    "static_hc_stop_profit_pct": 1.0,
    "loss_static_hc_stop_profit_pct": 1.0
  },
  "timestamp": "2025-09-05T14:55:38.146431",
  "individual": [
    1.0623225579955797,
    49.88958330328938,
    641.9168140571086,
    2.7634235755215415,
    -7.234972302236608e-05,
    7.999998495250829,
    0.009236462869321694,
    0.535867956722607,
    0.019853731533053743,
    83091479.99536762,
    0.3770159372860974,
    1.2401233568571952,
    28.604211571029175,
    42.30474604195931,
    23.613285391783688,
    0.02581834367293188,
    15.815857004074527,
    99.74033090925931,
    920.0014246746673,
    20.090040770048283,
    8.800050540868089,
    1086.4520961892986,
    0.7427621707882857,
    628.032619539536,
    0,
    1,
    0,
    0.06159705820320001,
    0,
    1,
    1,
    1,
    -0.008421122405934362,
    -0.09999998356597257,
    1.1209491353302234,
    2.751734945369482,
    5.4120000281931935,
    1.0261634009001908,
    0.8126503387922503,
    -0.05648055944403429,
    -0.007175363404462904,
    -0.09079534136867108,
    0,
    0,
    0.006327943572393826,
    -0.011743949516465657,
    0,
    1,
    2.217489969773957
  ],
  "max_drawdown_threshold": 0.18
}