{
  "generation": 60,
  "fitness": 5.402965599803945,
  "total_return": 49.18116000000002,
  "max_drawdown": 0.23978926846365312,
  "sharpe_ratio": 4.476853470028241,
  "params": {
    "per_step_tick_gap": 1,
    "cold_start_steps": 50,
    "max_abserve_tick_steps": 391,
    "max_abserce_avg_price_down_steps": 2,
    "stop_profit_open_hc_pct": -0.12546473973831468,
    "dynamic_hc_stop_profit_thres": 3.506794210667027,
    "last_close_price_hc_pct": 0.009999970931715188,
    "last_day_sell_thres": 0.6104145446205453,
    "last_day_sell_huiche": 0.014626299766559731,
    "fd_mount": 111650685,
    "fd_vol_pct": 0.7012202564506544,
    "fd_ju_ticks": 1,
    "max_zb_times": 18,
    "stagnation_kline_ticks": 40,
    "decline_kline_ticks": 3,
    "yang_yin_threshold": 0.012508812443796933,
    "stagnation_n": 21,
    "stagnation_volume_ratio_threshold": 99.99999999999991,
    "stagnation_ratio_threshold": 930,
    "decline_volume_ratio_threshold": 52.95393535198626,
    "max_rebounds": 9,
    "decline_ratio_threshold": 113,
    "flxd_ticks": 335,
    "flzz_ticks": 1791,
    "use_simiple_kline_strategy_flxd": false,
    "use_simiple_kline_strategy_flzz": true,
    "flzz_use_smooth_price": true,
    "flzz_zf_thresh": 0.03477332823570849,
    "kline_sell_flxd_zy": true,
    "kline_sell_flxd_zs": false,
    "kline_sell_flzz_zs": true,
    "kline_sell_flzz_zy": true,
    "last_open_price_hc_pct": -0.0686293916685259,
    "open_price_max_hc": 0.0,
    "loss_per_step_tick_gap": 1,
    "loss_cold_start_steps": 3,
    "loss_max_abserve_tick_steps": 5,
    "loss_max_abserce_avg_price_down_steps": 1,
    "loss_dynamic_hc_stop_profit_thres": 2.5856469891935467,
    "loss_last_close_price_hc_pct": -0.05722979636815768,
    "loss_last_open_price_hc_pct": -0.058230146188898366,
    "loss_open_price_max_hc": -0.09600338973128206,
    "loss_down_open_sell_wait_time": true,
    "down_open_sell_wait_time": false,
    "day_zy_line": 0.004416355811963713,
    "day_zs_line": -0.0031689841934224197,
    "sell_afternoon": false,
    "sell_half_afternoon": true,
    "sell_max_days": 3,
    "stop_profit_pct": 0.0,
    "static_hc_stop_profit_pct": 1.0,
    "loss_static_hc_stop_profit_pct": 1.0
  },
  "timestamp": "2025-09-08T21:46:16.771517",
  "individual": [
    1.0,
    49.715452082065255,
    391.4919645897383,
    1.7103861000052019,
    -0.12546473973831468,
    3.506794210667027,
    0.009999970931715188,
    0.6104145446205453,
    0.014626299766559731,
    111650684.9201434,
    0.7012202564506544,
    1.1622445724326258,
    18.309147993812452,
    40.07400945560838,
    3.0,
    0.012508812443796933,
    20.520535838324754,
    99.99999999999991,
    929.8364595102307,
    52.95393535198626,
    8.960084833342341,
    113.30551718762831,
    334.7189517309352,
    1791.15158456483,
    0,
    1,
    1,
    0.03477332823570849,
    1,
    0,
    1,
    1,
    -0.0686293916685259,
    0.0,
    1.1180474333672046,
    3.049881744934513,
    5.006503712117617,
    1.2241322520538689,
    2.5856469891935467,
    -0.05722979636815768,
    -0.058230146188898366,
    -0.09600338973128206,
    1,
    0,
    0.004416355811963713,
    -0.0031689841934224197,
    0,
    1,
    2.8866648187266017
  ],
  "max_drawdown_threshold": 0.25,
  "strategy_name": "X\u63a5\u529b\u5012\u63a5\u529b3"
}