{
  "generation": 40,
  "fitness": 4.938853067190536,
  "total_return": 39.334195000000015,
  "max_drawdown": 0.23989423541878852,
  "sharpe_ratio": 4.2644485197745405,
  "params": {
    "per_step_tick_gap": 1,
    "cold_start_steps": 50,
    "max_abserve_tick_steps": 405,
    "max_abserce_avg_price_down_steps": 1,
    "stop_profit_open_hc_pct": -0.11528445474163909,
    "dynamic_hc_stop_profit_thres": 2.786469230575191,
    "last_close_price_hc_pct": -0.027997285895945044,
    "last_day_sell_thres": 0.39622208524112956,
    "last_day_sell_huiche": 0.015390113237465445,
    "fd_mount": 125798793,
    "fd_vol_pct": 0.4876475177185171,
    "fd_ju_ticks": 1,
    "max_zb_times": 30,
    "stagnation_kline_ticks": 40,
    "decline_kline_ticks": 25,
    "yang_yin_threshold": 0.015424552596870608,
    "stagnation_n": 22,
    "stagnation_volume_ratio_threshold": 100.0,
    "stagnation_ratio_threshold": 905,
    "decline_volume_ratio_threshold": 31.386740995218418,
    "max_rebounds": 8,
    "decline_ratio_threshold": 602,
    "flxd_ticks": 421,
    "flzz_ticks": 1813,
    "use_simiple_kline_strategy_flxd": false,
    "use_simiple_kline_strategy_flzz": true,
    "flzz_use_smooth_price": true,
    "flzz_zf_thresh": 0.033840512662059695,
    "kline_sell_flxd_zy": true,
    "kline_sell_flxd_zs": false,
    "kline_sell_flzz_zs": true,
    "kline_sell_flzz_zy": true,
    "last_open_price_hc_pct": -0.07383324807374968,
    "open_price_max_hc": 0.0,
    "loss_per_step_tick_gap": 1,
    "loss_cold_start_steps": 3,
    "loss_max_abserve_tick_steps": 5,
    "loss_max_abserce_avg_price_down_steps": 1,
    "loss_dynamic_hc_stop_profit_thres": 2.0836015579901015,
    "loss_last_close_price_hc_pct": -0.07076536268871328,
    "loss_last_open_price_hc_pct": -0.029471065412092528,
    "loss_open_price_max_hc": -0.1,
    "loss_down_open_sell_wait_time": true,
    "down_open_sell_wait_time": true,
    "day_zy_line": 5.06388439253315e-10,
    "day_zs_line": -0.005409215921822874,
    "sell_afternoon": true,
    "sell_half_afternoon": false,
    "sell_max_days": 2,
    "stop_profit_pct": 0.0,
    "static_hc_stop_profit_pct": 1.0,
    "loss_static_hc_stop_profit_pct": 1.0
  },
  "timestamp": "2025-09-08T21:39:03.035620",
  "individual": [
    1.2556316677311805,
    50.0,
    404.7446269655147,
    1.0,
    -0.11528445474163909,
    2.786469230575191,
    -0.027997285895945044,
    0.39622208524112956,
    0.015390113237465445,
    125798793.2818049,
    0.4876475177185171,
    1.3346874143358565,
    30.0,
    39.899407116947856,
    25.476330936052868,
    0.015424552596870608,
    21.931545340711413,
    100.0,
    905.2959364061848,
    31.386740995218418,
    7.8524986951802225,
    601.8462941291998,
    420.8250685305526,
    1813.3588444960606,
    0,
    1,
    1,
    0.033840512662059695,
    1,
    0,
    1,
    1,
    -0.07383324807374968,
    0.0,
    1.0741577418100599,
    3.1536189136208526,
    5.0,
    1.3229147405056472,
    2.0836015579901015,
    -0.07076536268871328,
    -0.029471065412092528,
    -0.1,
    1,
    1,
    5.06388439253315e-10,
    -0.005409215921822874,
    1,
    0,
    2.185664601780183
  ],
  "max_drawdown_threshold": 0.25,
  "strategy_name": "X\u63a5\u529b\u5012\u63a5\u529b3"
}