{
  "generation": 100,
  "fitness": 6.010481226054507,
  "total_return": 64.41376000000002,
  "max_drawdown": 0.2399018647463219,
  "sharpe_ratio": 4.72163854504128,
  "params": {
    "per_step_tick_gap": 2,
    "cold_start_steps": 6,
    "max_abserve_tick_steps": 393,
    "max_abserce_avg_price_down_steps": 1,
    "stop_profit_open_hc_pct": -0.12214344230609828,
    "dynamic_hc_stop_profit_thres": 4.926721581748617,
    "last_close_price_hc_pct": 0.009992459898542071,
    "last_day_sell_thres": 0.5427175657307418,
    "last_day_sell_huiche": 0.01726341747326508,
    "fd_mount": 109582368,
    "fd_vol_pct": 0.7280901743452405,
    "fd_ju_ticks": 1,
    "max_zb_times": 29,
    "stagnation_kline_ticks": 40,
    "decline_kline_ticks": 4,
    "yang_yin_threshold": 0.01611147316646668,
    "stagnation_n": 22,
    "stagnation_volume_ratio_threshold": 99.99999999999991,
    "stagnation_ratio_threshold": 928,
    "decline_volume_ratio_threshold": 44.107137998464026,
    "max_rebounds": 9,
    "decline_ratio_threshold": 781,
    "flxd_ticks": 363,
    "flzz_ticks": 1739,
    "use_simiple_kline_strategy_flxd": false,
    "use_simiple_kline_strategy_flzz": true,
    "flzz_use_smooth_price": true,
    "flzz_zf_thresh": 0.03466387806440445,
    "kline_sell_flxd_zy": true,
    "kline_sell_flxd_zs": false,
    "kline_sell_flzz_zs": true,
    "kline_sell_flzz_zy": true,
    "last_open_price_hc_pct": -0.079755364532305,
    "open_price_max_hc": -3.1378919360924014e-07,
    "loss_per_step_tick_gap": 1,
    "loss_cold_start_steps": 3,
    "loss_max_abserve_tick_steps": 5,
    "loss_max_abserce_avg_price_down_steps": 1,
    "loss_dynamic_hc_stop_profit_thres": 0.8276917667968695,
    "loss_last_close_price_hc_pct": -0.0037851188361897707,
    "loss_last_open_price_hc_pct": -0.06735569876016641,
    "loss_open_price_max_hc": -0.09870936322631434,
    "loss_down_open_sell_wait_time": true,
    "down_open_sell_wait_time": false,
    "day_zy_line": 0.0044961466662864005,
    "day_zs_line": -0.003382716699391064,
    "sell_afternoon": false,
    "sell_half_afternoon": false,
    "sell_max_days": 4,
    "stop_profit_pct": 0.0,
    "static_hc_stop_profit_pct": 1.0,
    "loss_static_hc_stop_profit_pct": 1.0
  },
  "timestamp": "2025-09-08T22:01:32.872107",
  "individual": [
    1.7953736198691508,
    5.851188037021508,
    393.4953340243605,
    1.4857741730581626,
    -0.12214344230609828,
    4.926721581748617,
    0.009992459898542071,
    0.5427175657307418,
    0.01726341747326508,
    109582367.78346139,
    0.7280901743452405,
    1.4084702848710002,
    29.252209434867503,
    40.12959882781915,
    3.692609102641145,
    0.01611147316646668,
    22.146162976809883,
    99.99999999999991,
    928.3441382758031,
    44.107137998464026,
    8.808868703437902,
    780.529301709606,
    362.7573921619618,
    1739.1432765553295,
    0,
    1,
    1,
    0.03466387806440445,
    1,
    0,
    1,
    1,
    -0.079755364532305,
    -3.1378919360924014e-07,
    1.077568591135302,
    3.1622290712641914,
    5.008447725050286,
    1.032070907892174,
    0.8276917667968695,
    -0.0037851188361897707,
    -0.06735569876016641,
    -0.09870936322631434,
    1,
    0,
    0.0044961466662864005,
    -0.003382716699391064,
    0,
    0,
    3.967303436657473
  ],
  "max_drawdown_threshold": 0.25,
  "strategy_name": "X\u63a5\u529b\u5012\u63a5\u529b3"
}