{
  "generation": 50,
  "fitness": 5.0613438438663,
  "total_return": 41.74993500000002,
  "max_drawdown": 0.24005846285469826,
  "sharpe_ratio": 4.328283020392484,
  "params": {
    "per_step_tick_gap": 1,
    "cold_start_steps": 44,
    "max_abserve_tick_steps": 394,
    "max_abserce_avg_price_down_steps": 2,
    "stop_profit_open_hc_pct": -0.11075830010098062,
    "dynamic_hc_stop_profit_thres": 3.396015583517418,
    "last_close_price_hc_pct": 0.01,
    "last_day_sell_thres": 0.6296309817381247,
    "last_day_sell_huiche": 0.014697298562988018,
    "fd_mount": 147563917,
    "fd_vol_pct": 0.4760200712635232,
    "fd_ju_ticks": 1,
    "max_zb_times": 16,
    "stagnation_kline_ticks": 40,
    "decline_kline_ticks": 12,
    "yang_yin_threshold": 0.0118322638076025,
    "stagnation_n": 21,
    "stagnation_volume_ratio_threshold": 100.0,
    "stagnation_ratio_threshold": 954,
    "decline_volume_ratio_threshold": 43.905841003134626,
    "max_rebounds": 1,
    "decline_ratio_threshold": 226,
    "flxd_ticks": 478,
    "flzz_ticks": 1801,
    "use_simiple_kline_strategy_flxd": true,
    "use_simiple_kline_strategy_flzz": true,
    "flzz_use_smooth_price": true,
    "flzz_zf_thresh": 0.034158678369845714,
    "kline_sell_flxd_zy": true,
    "kline_sell_flxd_zs": false,
    "kline_sell_flzz_zs": true,
    "kline_sell_flzz_zy": true,
    "last_open_price_hc_pct": -0.07369229937949262,
    "open_price_max_hc": 0.0,
    "loss_per_step_tick_gap": 1,
    "loss_cold_start_steps": 3,
    "loss_max_abserve_tick_steps": 5,
    "loss_max_abserce_avg_price_down_steps": 1,
    "loss_dynamic_hc_stop_profit_thres": 2.540396483087003,
    "loss_last_close_price_hc_pct": -0.07802005247587972,
    "loss_last_open_price_hc_pct": -0.05505001551243764,
    "loss_open_price_max_hc": -0.09941049225295623,
    "loss_down_open_sell_wait_time": true,
    "down_open_sell_wait_time": true,
    "day_zy_line": 1.5997791747346832e-05,
    "day_zs_line": -0.004416663905326366,
    "sell_afternoon": true,
    "sell_half_afternoon": false,
    "sell_max_days": 3,
    "stop_profit_pct": 0.0,
    "static_hc_stop_profit_pct": 1.0,
    "loss_static_hc_stop_profit_pct": 1.0
  },
  "timestamp": "2025-09-08T21:42:30.789284",
  "individual": [
    1.0,
    44.3176213955133,
    394.36310288235006,
    1.519748946823102,
    -0.11075830010098062,
    3.396015583517418,
    0.01,
    0.6296309817381247,
    0.014697298562988018,
    147563917.41903678,
    0.4760200712635232,
    1.3300189197136454,
    15.748267388471636,
    39.99762838622957,
    11.853045097896103,
    0.0118322638076025,
    20.829107428868635,
    100.0,
    954.183186642533,
    43.905841003134626,
    0.7751976386102525,
    225.61227162938346,
    478.39292392467917,
    1801.2374187992204,
    1,
    1,
    1,
    0.034158678369845714,
    1,
    0,
    1,
    1,
    -0.07369229937949262,
    0.0,
    1.036011952193118,
    2.67105610249407,
    5.0092623030299634,
    1.0,
    2.540396483087003,
    -0.07802005247587972,
    -0.05505001551243764,
    -0.09941049225295623,
    1,
    1,
    1.5997791747346832e-05,
    -0.004416663905326366,
    1,
    0,
    3.434619204156639
  ],
  "max_drawdown_threshold": 0.25,
  "strategy_name": "X\u63a5\u529b\u5012\u63a5\u529b3"
}