{
  "generation": 20,
  "fitness": 3.7666313691942106,
  "total_return": 41.92719750000002,
  "max_drawdown": 0.3019193944108672,
  "sharpe_ratio": 4.21970622736746,
  "params": {
    "per_step_tick_gap": 2,
    "cold_start_steps": 7,
    "max_abserve_tick_steps": 424,
    "max_abserce_avg_price_down_steps": 1,
    "stop_profit_open_hc_pct": -0.09272531182185309,
    "dynamic_hc_stop_profit_thres": 2.878087088634475,
    "last_close_price_hc_pct": -0.01285496829950044,
    "last_day_sell_thres": 0.15435903851697505,
    "last_day_sell_huiche": 0.017673059013120284,
    "fd_mount": 149226624,
    "fd_vol_pct": 0.5351714089693285,
    "fd_ju_ticks": 1,
    "max_zb_times": 29,
    "stagnation_kline_ticks": 37,
    "decline_kline_ticks": 28,
    "yang_yin_threshold": 0.029346249445289713,
    "stagnation_n": 16,
    "stagnation_volume_ratio_threshold": 67.32697526398654,
    "stagnation_ratio_threshold": 157,
    "decline_volume_ratio_threshold": 1.1,
    "max_rebounds": 10,
    "decline_ratio_threshold": 1115,
    "flxd_ticks": 500,
    "flzz_ticks": 1445,
    "use_simiple_kline_strategy_flxd": true,
    "use_simiple_kline_strategy_flzz": false,
    "flzz_use_smooth_price": false,
    "flzz_zf_thresh": 0.015679088367160192,
    "kline_sell_flxd_zy": false,
    "kline_sell_flxd_zs": false,
    "kline_sell_flzz_zs": true,
    "kline_sell_flzz_zy": false,
    "last_open_price_hc_pct": -0.025342699129514867,
    "open_price_max_hc": -0.001144131240602556,
    "loss_per_step_tick_gap": 1,
    "loss_cold_start_steps": 4,
    "loss_max_abserve_tick_steps": 452,
    "loss_max_abserce_avg_price_down_steps": 1,
    "loss_dynamic_hc_stop_profit_thres": 1.8734145943407037,
    "loss_last_close_price_hc_pct": -0.05088796240605767,
    "loss_last_open_price_hc_pct": 0.01,
    "loss_open_price_max_hc": -0.08677543363434559,
    "loss_down_open_sell_wait_time": true,
    "down_open_sell_wait_time": true,
    "day_zy_line": 0.005539101147500463,
    "day_zs_line": -0.010892614188057011,
    "sell_afternoon": true,
    "sell_half_afternoon": true,
    "sell_max_days": 3,
    "stop_profit_pct": 0.0,
    "static_hc_stop_profit_pct": 1.0,
    "loss_static_hc_stop_profit_pct": 1.0
  },
  "timestamp": "2025-09-08T21:32:39.475011",
  "individual": [
    1.8197708448203986,
    6.5849962963548245,
    424.1030245042094,
    1.0,
    -0.09272531182185309,
    2.878087088634475,
    -0.01285496829950044,
    0.15435903851697505,
    0.017673059013120284,
    149226623.5552725,
    0.5351714089693285,
    1.0,
    29.02809447630333,
    36.744168130417606,
    28.466255411729772,
    0.029346249445289713,
    15.68535911054374,
    67.32697526398654,
    156.94823780696754,
    1.1,
    9.665267803585568,
    1114.7474062455124,
    500.0,
    1444.9400954020662,
    1,
    0,
    0,
    0.015679088367160192,
    0,
    0,
    1,
    0,
    -0.025342699129514867,
    -0.001144131240602556,
    1.0,
    4.114413142831337,
    451.9987689952185,
    1.4636758646925079,
    1.8734145943407037,
    -0.05088796240605767,
    0.01,
    -0.08677543363434559,
    1,
    1,
    0.005539101147500463,
    -0.010892614188057011,
    1,
    1,
    2.7546648200165897
  ],
  "max_drawdown_threshold": 0.25,
  "strategy_name": "X\u63a5\u529b\u5012\u63a5\u529b3"
}