{
  "generation": 90,
  "fitness": 5.982869783150167,
  "total_return": 63.69671500000002,
  "max_drawdown": 0.23989207108473837,
  "sharpe_ratio": 4.708568661089373,
  "params": {
    "per_step_tick_gap": 2,
    "cold_start_steps": 6,
    "max_abserve_tick_steps": 393,
    "max_abserce_avg_price_down_steps": 1,
    "stop_profit_open_hc_pct": -0.11636132464192195,
    "dynamic_hc_stop_profit_thres": 5.272952507843365,
    "last_close_price_hc_pct": 0.009998528594758124,
    "last_day_sell_thres": 0.5099679726457048,
    "last_day_sell_huiche": 0.02,
    "fd_mount": 111882785,
    "fd_vol_pct": 0.7381348820742216,
    "fd_ju_ticks": 1,
    "max_zb_times": 30,
    "stagnation_kline_ticks": 40,
    "decline_kline_ticks": 3,
    "yang_yin_threshold": 0.01421151431523357,
    "stagnation_n": 22,
    "stagnation_volume_ratio_threshold": 99.99999999999986,
    "stagnation_ratio_threshold": 911,
    "decline_volume_ratio_threshold": 25.035499803905054,
    "max_rebounds": 8,
    "decline_ratio_threshold": 178,
    "flxd_ticks": 367,
    "flzz_ticks": 1730,
    "use_simiple_kline_strategy_flxd": false,
    "use_simiple_kline_strategy_flzz": true,
    "flzz_use_smooth_price": true,
    "flzz_zf_thresh": 0.0346349554581201,
    "kline_sell_flxd_zy": true,
    "kline_sell_flxd_zs": false,
    "kline_sell_flzz_zs": true,
    "kline_sell_flzz_zy": true,
    "last_open_price_hc_pct": -0.07121541623422957,
    "open_price_max_hc": -2.2819238179505367e-07,
    "loss_per_step_tick_gap": 1,
    "loss_cold_start_steps": 3,
    "loss_max_abserve_tick_steps": 5,
    "loss_max_abserce_avg_price_down_steps": 1,
    "loss_dynamic_hc_stop_profit_thres": 0.9369022238315468,
    "loss_last_close_price_hc_pct": -0.03247707492243567,
    "loss_last_open_price_hc_pct": -0.06860895849171661,
    "loss_open_price_max_hc": -0.0951365934622944,
    "loss_down_open_sell_wait_time": true,
    "down_open_sell_wait_time": true,
    "day_zy_line": 0.004504937761614167,
    "day_zs_line": -0.0033421753644702623,
    "sell_afternoon": false,
    "sell_half_afternoon": true,
    "sell_max_days": 4,
    "stop_profit_pct": 0.0,
    "static_hc_stop_profit_pct": 1.0,
    "loss_static_hc_stop_profit_pct": 1.0
  },
  "timestamp": "2025-09-08T21:57:46.932008",
  "individual": [
    1.670160361826164,
    5.939781304438285,
    392.64137322562516,
    1.487130463868029,
    -0.11636132464192195,
    5.272952507843365,
    0.009998528594758124,
    0.5099679726457048,
    0.02,
    111882784.9099397,
    0.7381348820742216,
    1.1031873737335154,
    30.0,
    40.15738331285606,
    3.419392216358682,
    0.01421151431523357,
    22.19879053875315,
    99.99999999999986,
    911.0863423603738,
    25.035499803905054,
    7.937877459906423,
    177.61098049470908,
    366.73723157638966,
    1729.5893861325226,
    0,
    1,
    1,
    0.0346349554581201,
    1,
    0,
    1,
    1,
    -0.07121541623422957,
    -2.2819238179505367e-07,
    1.0737443152623358,
    3.1443238857556715,
    5.004886590242319,
    1.4070719784915333,
    0.9369022238315468,
    -0.03247707492243567,
    -0.06860895849171661,
    -0.0951365934622944,
    1,
    1,
    0.004504937761614167,
    -0.0033421753644702623,
    0,
    1,
    3.621115812708986
  ],
  "max_drawdown_threshold": 0.25,
  "strategy_name": "X\u63a5\u529b\u5012\u63a5\u529b3"
}