{
  "generation": 20,
  "fitness": 2.678081477388165,
  "total_return": 31.103125000000013,
  "max_drawdown": 0.26477741869377003,
  "sharpe_ratio": 4.97188832387821,
  "params": {
    "per_step_tick_gap": 22,
    "cold_start_steps": 34,
    "max_abserve_tick_steps": 796,
    "max_abserce_avg_price_down_steps": 12,
    "stop_profit_open_hc_pct": -0.04453737021853978,
    "dynamic_hc_stop_profit_thres": 0.638793091592809,
    "last_close_price_hc_pct": -0.031838707657760916,
    "last_day_sell_thres": 0.4054443152657258,
    "last_day_sell_huiche": 0.013317390673383509,
    "fd_mount": 94702804,
    "fd_vol_pct": 0.7346660756407213,
    "fd_ju_ticks": 38,
    "max_zb_times": 1,
    "stagnation_kline_ticks": 29,
    "decline_kline_ticks": 39,
    "yang_yin_threshold": 0.01801899256038229,
    "stagnation_n": 27,
    "stagnation_volume_ratio_threshold": 79.2994111378598,
    "stagnation_ratio_threshold": 206,
    "decline_volume_ratio_threshold": 36.90614373308388,
    "max_rebounds": 0,
    "decline_ratio_threshold": 964,
    "flxd_ticks": 232,
    "flzz_ticks": 1816,
    "use_simiple_kline_strategy_flxd": true,
    "use_simiple_kline_strategy_flzz": false,
    "flzz_use_smooth_price": false,
    "flzz_zf_thresh": -0.014159241187222702,
    "kline_sell_flxd_zy": false,
    "kline_sell_flxd_zs": true,
    "kline_sell_flzz_zs": true,
    "kline_sell_flzz_zy": true,
    "last_open_price_hc_pct": -0.015605312891704987,
    "open_price_max_hc": -0.0836409626053397,
    "loss_per_step_tick_gap": 1,
    "loss_cold_start_steps": 28,
    "loss_max_abserve_tick_steps": 149,
    "loss_max_abserce_avg_price_down_steps": 7,
    "loss_dynamic_hc_stop_profit_thres": 2.3461726921116983,
    "loss_last_close_price_hc_pct": -0.04414649763398988,
    "loss_last_open_price_hc_pct": -0.05975469010736872,
    "loss_open_price_max_hc": -0.049636330926008845,
    "loss_down_open_sell_wait_time": false,
    "down_open_sell_wait_time": true,
    "day_zy_line": 0.0034766428638708393,
    "day_zs_line": -0.11156418835094628,
    "sell_afternoon": true,
    "sell_half_afternoon": false,
    "sell_max_days": 2,
    "stop_profit_pct": 0.0,
    "static_hc_stop_profit_pct": 1.0,
    "loss_static_hc_stop_profit_pct": 1.0
  },
  "timestamp": "2025-09-07T05:52:05.131885",
  "individual": [
    21.502227897398008,
    33.87728475861367,
    796.1443625857886,
    12.070908922359463,
    -0.04453737021853978,
    0.638793091592809,
    -0.031838707657760916,
    0.4054443152657258,
    0.013317390673383509,
    94702804.38583927,
    0.7346660756407213,
    37.64769274050529,
    1.0,
    29.4296445041281,
    39.13857450993969,
    0.01801899256038229,
    27.48296007219724,
    79.2994111378598,
    206.48638777765032,
    36.90614373308388,
    0.24013527302142718,
    963.714543104033,
    232.41668266330134,
    1816.3935942283485,
    1,
    0,
    0,
    -0.014159241187222702,
    0,
    1,
    1,
    1,
    -0.015605312891704987,
    -0.0836409626053397,
    1.0,
    28.11653959753432,
    149.3778962905209,
    6.9052377906623,
    2.3461726921116983,
    -0.04414649763398988,
    -0.05975469010736872,
    -0.049636330926008845,
    0,
    1,
    0.0034766428638708393,
    -0.11156418835094628,
    1,
    0,
    1.8526616887366387
  ],
  "max_drawdown_threshold": 0.15,
  "strategy_name": "\u9996\u7ea2\u65ad"
}