{
  "generation": 90,
  "fitness": 3.212603473079698,
  "total_return": 46.52791,
  "max_drawdown": 0.259797619884938,
  "sharpe_ratio": 5.312735146756557,
  "params": {
    "per_step_tick_gap": 16,
    "cold_start_steps": 4,
    "max_abserve_tick_steps": 819,
    "max_abserce_avg_price_down_steps": 11,
    "stop_profit_open_hc_pct": -0.004955957800690743,
    "dynamic_hc_stop_profit_thres": 0.5870020022575222,
    "last_close_price_hc_pct": -0.03821375677469462,
    "last_day_sell_thres": 0.19172016201238298,
    "last_day_sell_huiche": 0.011295076174627328,
    "fd_mount": 40213343,
    "fd_vol_pct": 0.6344749437805017,
    "fd_ju_ticks": 5,
    "max_zb_times": 6,
    "stagnation_kline_ticks": 38,
    "decline_kline_ticks": 49,
    "yang_yin_threshold": 0.0034098526998057764,
    "stagnation_n": 30,
    "stagnation_volume_ratio_threshold": 33.99572139583033,
    "stagnation_ratio_threshold": 686,
    "decline_volume_ratio_threshold": 96.80001958132036,
    "max_rebounds": 4,
    "decline_ratio_threshold": 1500,
    "flxd_ticks": 271,
    "flzz_ticks": 927,
    "use_simiple_kline_strategy_flxd": true,
    "use_simiple_kline_strategy_flzz": true,
    "flzz_use_smooth_price": false,
    "flzz_zf_thresh": -0.0019146902727103102,
    "kline_sell_flxd_zy": false,
    "kline_sell_flxd_zs": true,
    "kline_sell_flzz_zs": true,
    "kline_sell_flzz_zy": false,
    "last_open_price_hc_pct": -0.006956676070998114,
    "open_price_max_hc": -0.08063138278951502,
    "loss_per_step_tick_gap": 1,
    "loss_cold_start_steps": 0,
    "loss_max_abserve_tick_steps": 410,
    "loss_max_abserce_avg_price_down_steps": 8,
    "loss_dynamic_hc_stop_profit_thres": 0.5749286031790068,
    "loss_last_close_price_hc_pct": -0.06675654428812967,
    "loss_last_open_price_hc_pct": -0.028457243961580996,
    "loss_open_price_max_hc": -0.006461325257504652,
    "loss_down_open_sell_wait_time": true,
    "down_open_sell_wait_time": true,
    "day_zy_line": 0.005058293896967991,
    "day_zs_line": -0.11140924484392807,
    "sell_afternoon": true,
    "sell_half_afternoon": false,
    "sell_max_days": 2,
    "stop_profit_pct": 0.0,
    "static_hc_stop_profit_pct": 1.0,
    "loss_static_hc_stop_profit_pct": 1.0
  },
  "timestamp": "2025-09-07T06:23:52.563168",
  "individual": [
    16.254168471982517,
    4.261126070145617,
    818.6397290085442,
    10.914285666643519,
    -0.004955957800690743,
    0.5870020022575222,
    -0.03821375677469462,
    0.19172016201238298,
    0.011295076174627328,
    40213343.36195617,
    0.6344749437805017,
    4.573071799893909,
    5.786274152672059,
    38.13141757412276,
    49.01113696505327,
    0.0034098526998057764,
    30.0,
    33.99572139583033,
    685.8179098716273,
    96.80001958132036,
    3.716653018322087,
    1500.0,
    271.38679155068564,
    927.4284130275721,
    1,
    1,
    0,
    -0.0019146902727103102,
    0,
    1,
    1,
    0,
    -0.006956676070998114,
    -0.08063138278951502,
    1.4218790578211529,
    0.44564682767808056,
    409.87787552354854,
    7.851793279248264,
    0.5749286031790068,
    -0.06675654428812967,
    -0.028457243961580996,
    -0.006461325257504652,
    1,
    1,
    0.005058293896967991,
    -0.11140924484392807,
    1,
    0,
    1.8058226819329426
  ],
  "max_drawdown_threshold": 0.15,
  "strategy_name": "\u9996\u7ea2\u65ad"
}