{
  "generation": 10,
  "fitness": 2.237082773183601,
  "total_return": 2.8859849999999976,
  "max_drawdown": 0.1251806618709781,
  "sharpe_ratio": 4.562366728565415,
  "params": {
    "per_step_tick_gap": 22,
    "cold_start_steps": 33,
    "max_abserve_tick_steps": 249,
    "max_abserce_avg_price_down_steps": 11,
    "stop_profit_open_hc_pct": -0.09740399342354875,
    "dynamic_hc_stop_profit_thres": 6.089933333670597,
    "last_close_price_hc_pct": -0.004572612055735842,
    "last_day_sell_thres": 1.0,
    "last_day_sell_huiche": 0.01882822109870668,
    "fd_mount": 110024381,
    "fd_vol_pct": 0.2468997605192036,
    "fd_ju_ticks": 33,
    "max_zb_times": 7,
    "stagnation_kline_ticks": 32,
    "decline_kline_ticks": 25,
    "yang_yin_threshold": 0.009380395057203294,
    "stagnation_n": 8,
    "stagnation_volume_ratio_threshold": 35.52335967120307,
    "stagnation_ratio_threshold": 486,
    "decline_volume_ratio_threshold": 57.63968653545077,
    "max_rebounds": 12,
    "decline_ratio_threshold": 1144,
    "flxd_ticks": 39,
    "flzz_ticks": 1495,
    "use_simiple_kline_strategy_flxd": true,
    "use_simiple_kline_strategy_flzz": false,
    "flzz_use_smooth_price": false,
    "flzz_zf_thresh": 0.0761251493960544,
    "kline_sell_flxd_zy": true,
    "kline_sell_flxd_zs": true,
    "kline_sell_flzz_zs": false,
    "kline_sell_flzz_zy": false,
    "last_open_price_hc_pct": 0.01,
    "open_price_max_hc": -0.04460013347142047,
    "loss_per_step_tick_gap": 25,
    "loss_cold_start_steps": 0,
    "loss_max_abserve_tick_steps": 118,
    "loss_max_abserce_avg_price_down_steps": 2,
    "loss_dynamic_hc_stop_profit_thres": 0.5028324254452251,
    "loss_last_close_price_hc_pct": -0.042288221187650514,
    "loss_last_open_price_hc_pct": -0.07110858394509963,
    "loss_open_price_max_hc": -0.055483153839832426,
    "loss_down_open_sell_wait_time": true,
    "down_open_sell_wait_time": true,
    "day_zy_line": 0.006848184826592841,
    "day_zs_line": 0.0,
    "sell_afternoon": false,
    "sell_half_afternoon": false,
    "sell_max_days": 2,
    "stop_profit_pct": 0.0,
    "static_hc_stop_profit_pct": 1.0,
    "loss_static_hc_stop_profit_pct": 1.0
  },
  "timestamp": "2025-09-06T01:31:46.706078",
  "individual": [
    22.37157790182213,
    33.491763844584966,
    249.1600655874159,
    10.501065789418382,
    -0.09740399342354875,
    6.089933333670597,
    -0.004572612055735842,
    1.0,
    0.01882822109870668,
    110024380.587464,
    0.2468997605192036,
    33.48668694230428,
    7.073238267640504,
    31.878159647539576,
    24.664237577324435,
    0.009380395057203294,
    8.012513724499083,
    35.52335967120307,
    486.42542092304745,
    57.63968653545077,
    12.261697402909451,
    1143.749684981047,
    39.013606540526325,
    1495.2792906457594,
    1,
    0,
    0,
    0.0761251493960544,
    1,
    1,
    0,
    0,
    0.01,
    -0.04460013347142047,
    25.0,
    0.0,
    117.57668778033651,
    2.2407546984354894,
    0.5028324254452251,
    -0.042288221187650514,
    -0.07110858394509963,
    -0.055483153839832426,
    1,
    1,
    0.006848184826592841,
    0.0,
    0,
    0,
    1.9672715446261049
  ],
  "max_drawdown_threshold": 0.15,
  "strategy_name": "\u5c0f\u9ad8\u5f00\u8ffd\u6da8"
}