{
  "generation": 40,
  "fitness": 2.8138675077878816,
  "total_return": 4.71875,
  "max_drawdown": 0.11672535863287171,
  "sharpe_ratio": 5.536520681123697,
  "params": {
    "per_step_tick_gap": 18,
    "cold_start_steps": 38,
    "max_abserve_tick_steps": 37,
    "max_abserce_avg_price_down_steps": 12,
    "stop_profit_open_hc_pct": -0.08371174479199381,
    "dynamic_hc_stop_profit_thres": 1.3759330992107786,
    "last_close_price_hc_pct": -0.002773500496446598,
    "last_day_sell_thres": 0.4255732595047267,
    "last_day_sell_huiche": 0.011470412689954562,
    "fd_mount": 102908819,
    "fd_vol_pct": 0.00579774230447962,
    "fd_ju_ticks": 34,
    "max_zb_times": 10,
    "stagnation_kline_ticks": 39,
    "decline_kline_ticks": 31,
    "yang_yin_threshold": 0.004276888767521009,
    "stagnation_n": 22,
    "stagnation_volume_ratio_threshold": 33.22830687463666,
    "stagnation_ratio_threshold": 485,
    "decline_volume_ratio_threshold": 54.350129924452,
    "max_rebounds": 0,
    "decline_ratio_threshold": 1065,
    "flxd_ticks": 109,
    "flzz_ticks": 1743,
    "use_simiple_kline_strategy_flxd": true,
    "use_simiple_kline_strategy_flzz": false,
    "flzz_use_smooth_price": false,
    "flzz_zf_thresh": 0.09335427414699274,
    "kline_sell_flxd_zy": true,
    "kline_sell_flxd_zs": true,
    "kline_sell_flzz_zs": false,
    "kline_sell_flzz_zy": false,
    "last_open_price_hc_pct": 0.009405461341878215,
    "open_price_max_hc": -0.059487446688221216,
    "loss_per_step_tick_gap": 23,
    "loss_cold_start_steps": 0,
    "loss_max_abserve_tick_steps": 489,
    "loss_max_abserce_avg_price_down_steps": 15,
    "loss_dynamic_hc_stop_profit_thres": 0.32629363278673945,
    "loss_last_close_price_hc_pct": -0.048094009458287394,
    "loss_last_open_price_hc_pct": -0.05802014126604908,
    "loss_open_price_max_hc": -0.05968751706130637,
    "loss_down_open_sell_wait_time": true,
    "down_open_sell_wait_time": false,
    "day_zy_line": 0.006180953006770148,
    "day_zs_line": -0.00019742925555397414,
    "sell_afternoon": false,
    "sell_half_afternoon": false,
    "sell_max_days": 2,
    "stop_profit_pct": 0.0,
    "static_hc_stop_profit_pct": 1.0,
    "loss_static_hc_stop_profit_pct": 1.0
  },
  "timestamp": "2025-09-06T01:37:52.048759",
  "individual": [
    18.11377735939703,
    37.95945429531325,
    36.93382632072766,
    11.536687591477843,
    -0.08371174479199381,
    1.3759330992107786,
    -0.002773500496446598,
    0.4255732595047267,
    0.011470412689954562,
    102908818.54915175,
    0.00579774230447962,
    34.39083785065843,
    10.473189594536683,
    39.13436483750405,
    30.69461934595142,
    0.004276888767521009,
    22.318448278955945,
    33.22830687463666,
    484.87291325705496,
    54.350129924452,
    0.0,
    1065.0308660854514,
    109.29199281761316,
    1742.6743080332226,
    1,
    0,
    0,
    0.09335427414699274,
    1,
    1,
    0,
    0,
    0.009405461341878215,
    -0.059487446688221216,
    22.76786956816599,
    2.2793347401072176e-06,
    488.59584095984303,
    14.84212191609206,
    0.32629363278673945,
    -0.048094009458287394,
    -0.05802014126604908,
    -0.05968751706130637,
    1,
    0,
    0.006180953006770148,
    -0.00019742925555397414,
    0,
    0,
    1.8364901837409247
  ],
  "max_drawdown_threshold": 0.15,
  "strategy_name": "\u5c0f\u9ad8\u5f00\u8ffd\u6da8"
}