{
  "generation": 30,
  "fitness": 2.7069368656781148,
  "total_return": 4.276075,
  "max_drawdown": 0.11672111772403025,
  "sharpe_ratio": 5.4328787853176905,
  "params": {
    "per_step_tick_gap": 18,
    "cold_start_steps": 40,
    "max_abserve_tick_steps": 31,
    "max_abserce_avg_price_down_steps": 12,
    "stop_profit_open_hc_pct": -0.08454228702858524,
    "dynamic_hc_stop_profit_thres": 5.2311119000454855,
    "last_close_price_hc_pct": -0.006430157740559042,
    "last_day_sell_thres": 0.9408885197261672,
    "last_day_sell_huiche": 0.011599693622075824,
    "fd_mount": 104295352,
    "fd_vol_pct": 0.020579999025763334,
    "fd_ju_ticks": 40,
    "max_zb_times": 9,
    "stagnation_kline_ticks": 50,
    "decline_kline_ticks": 29,
    "yang_yin_threshold": 0.003838557129875708,
    "stagnation_n": 3,
    "stagnation_volume_ratio_threshold": 5.734140761776493,
    "stagnation_ratio_threshold": 302,
    "decline_volume_ratio_threshold": 55.35002247718532,
    "max_rebounds": 15,
    "decline_ratio_threshold": 1034,
    "flxd_ticks": 164,
    "flzz_ticks": 1238,
    "use_simiple_kline_strategy_flxd": true,
    "use_simiple_kline_strategy_flzz": false,
    "flzz_use_smooth_price": false,
    "flzz_zf_thresh": 0.09325344677204471,
    "kline_sell_flxd_zy": true,
    "kline_sell_flxd_zs": false,
    "kline_sell_flzz_zs": false,
    "kline_sell_flzz_zy": false,
    "last_open_price_hc_pct": 0.008829388138509649,
    "open_price_max_hc": -0.050347971801640655,
    "loss_per_step_tick_gap": 23,
    "loss_cold_start_steps": 0,
    "loss_max_abserve_tick_steps": 463,
    "loss_max_abserce_avg_price_down_steps": 15,
    "loss_dynamic_hc_stop_profit_thres": 0.3355034672806937,
    "loss_last_close_price_hc_pct": -0.056237648405481275,
    "loss_last_open_price_hc_pct": -0.04167578496180887,
    "loss_open_price_max_hc": -0.03326798110922974,
    "loss_down_open_sell_wait_time": true,
    "down_open_sell_wait_time": false,
    "day_zy_line": 0.006422072674155859,
    "day_zs_line": -0.00012031061573010161,
    "sell_afternoon": false,
    "sell_half_afternoon": false,
    "sell_max_days": 2,
    "stop_profit_pct": 0.0,
    "static_hc_stop_profit_pct": 1.0,
    "loss_static_hc_stop_profit_pct": 1.0
  },
  "timestamp": "2025-09-06T01:35:46.640083",
  "individual": [
    18.178741971511485,
    39.64919504349402,
    31.336460196151915,
    11.512149429063918,
    -0.08454228702858524,
    5.2311119000454855,
    -0.006430157740559042,
    0.9408885197261672,
    0.011599693622075824,
    104295351.78992365,
    0.020579999025763334,
    39.65355898394621,
    9.041687015852723,
    50.0,
    29.363342860855077,
    0.003838557129875708,
    3.1034796114864496,
    5.734140761776493,
    302.1698080523428,
    55.35002247718532,
    15.0,
    1033.7442698548036,
    164.08401108661792,
    1238.1672871836427,
    1,
    0,
    0,
    0.09325344677204471,
    1,
    0,
    0,
    0,
    0.008829388138509649,
    -0.050347971801640655,
    22.54119772720789,
    0.0,
    462.5378728300171,
    14.690277052019736,
    0.3355034672806937,
    -0.056237648405481275,
    -0.04167578496180887,
    -0.03326798110922974,
    1,
    0,
    0.006422072674155859,
    -0.00012031061573010161,
    0,
    0,
    1.8689958133108238
  ],
  "max_drawdown_threshold": 0.15,
  "strategy_name": "\u5c0f\u9ad8\u5f00\u8ffd\u6da8"
}