{
  "generation": 50,
  "fitness": 2.9098593705773057,
  "total_return": 5.1419799999999976,
  "max_drawdown": 0.11669667167791198,
  "sharpe_ratio": 5.624261611382437,
  "params": {
    "per_step_tick_gap": 18,
    "cold_start_steps": 39,
    "max_abserve_tick_steps": 49,
    "max_abserce_avg_price_down_steps": 15,
    "stop_profit_open_hc_pct": -0.06302113992343905,
    "dynamic_hc_stop_profit_thres": 1.485543431964865,
    "last_close_price_hc_pct": -0.0043249382484556766,
    "last_day_sell_thres": 1.0,
    "last_day_sell_huiche": 0.011797948500107505,
    "fd_mount": 105535761,
    "fd_vol_pct": 0.006232903065161635,
    "fd_ju_ticks": 30,
    "max_zb_times": 7,
    "stagnation_kline_ticks": 39,
    "decline_kline_ticks": 30,
    "yang_yin_threshold": 0.002,
    "stagnation_n": 16,
    "stagnation_volume_ratio_threshold": 13.025520966965432,
    "stagnation_ratio_threshold": 422,
    "decline_volume_ratio_threshold": 58.69127495385556,
    "max_rebounds": 11,
    "decline_ratio_threshold": 1448,
    "flxd_ticks": 42,
    "flzz_ticks": 325,
    "use_simiple_kline_strategy_flxd": true,
    "use_simiple_kline_strategy_flzz": false,
    "flzz_use_smooth_price": false,
    "flzz_zf_thresh": 0.09415091471778643,
    "kline_sell_flxd_zy": true,
    "kline_sell_flxd_zs": false,
    "kline_sell_flzz_zs": false,
    "kline_sell_flzz_zy": false,
    "last_open_price_hc_pct": -0.08,
    "open_price_max_hc": -0.04856611933235874,
    "loss_per_step_tick_gap": 23,
    "loss_cold_start_steps": 0,
    "loss_max_abserve_tick_steps": 490,
    "loss_max_abserce_avg_price_down_steps": 15,
    "loss_dynamic_hc_stop_profit_thres": 0.33180249217309316,
    "loss_last_close_price_hc_pct": -0.05424427482277636,
    "loss_last_open_price_hc_pct": -0.05471823954719978,
    "loss_open_price_max_hc": -0.06672175385872892,
    "loss_down_open_sell_wait_time": true,
    "down_open_sell_wait_time": false,
    "day_zy_line": 0.00772162709198756,
    "day_zs_line": -0.00017143033109370739,
    "sell_afternoon": false,
    "sell_half_afternoon": false,
    "sell_max_days": 2,
    "stop_profit_pct": 0.0,
    "static_hc_stop_profit_pct": 1.0,
    "loss_static_hc_stop_profit_pct": 1.0
  },
  "timestamp": "2025-09-06T01:39:59.074871",
  "individual": [
    18.212508437606264,
    38.59920864547962,
    48.7460879142556,
    15.0,
    -0.06302113992343905,
    1.485543431964865,
    -0.0043249382484556766,
    1.0,
    0.011797948500107505,
    105535761.09007533,
    0.006232903065161635,
    30.122424401776478,
    7.102836026084286,
    39.288459265721755,
    29.95337851620826,
    0.002,
    15.567758772946238,
    13.025520966965432,
    421.720108983021,
    58.69127495385556,
    11.385656789332284,
    1448.3099993044498,
    41.98629010049599,
    325.1501737765701,
    1,
    0,
    0,
    0.09415091471778643,
    1,
    0,
    0,
    0,
    -0.08,
    -0.04856611933235874,
    23.263169842694396,
    0.00038034941172229746,
    489.98086939264397,
    14.960333097563428,
    0.33180249217309316,
    -0.05424427482277636,
    -0.05471823954719978,
    -0.06672175385872892,
    1,
    0,
    0.00772162709198756,
    -0.00017143033109370739,
    0,
    0,
    1.848893843150717
  ],
  "max_drawdown_threshold": 0.15,
  "strategy_name": "\u5c0f\u9ad8\u5f00\u8ffd\u6da8"
}