{
  "params": {
    "per_step_tick_gap": 16,
    "cold_start_steps": 5,
    "max_abserve_tick_steps": 72,
    "max_abserce_avg_price_down_steps": 13,
    "stop_profit_open_hc_pct": -0.11891519758916003,
    "dynamic_hc_stop_profit_thres": 2.785135867856923,
    "last_close_price_hc_pct": 0.008171117255719666,
    "last_day_sell_thres": 1.0,
    "last_day_sell_huiche": 0.002848987174424115,
    "fd_mount": 110216580,
    "fd_vol_pct": 0.2040918078928599,
    "fd_ju_ticks": 50,
    "max_zb_times": 30,
    "stagnation_kline_ticks": 20,
    "decline_kline_ticks": 46,
    "yang_yin_threshold": 0.004819695767912378,
    "stagnation_n": 26,
    "stagnation_volume_ratio_threshold": 58.959852187007485,
    "stagnation_ratio_threshold": 409,
    "decline_volume_ratio_threshold": 77.09929605086326,
    "max_rebounds": 0,
    "decline_ratio_threshold": 1317,
    "flxd_ticks": 232,
    "flzz_ticks": 1765,
    "use_simiple_kline_strategy_flxd": true,
    "use_simiple_kline_strategy_flzz": true,
    "flzz_use_smooth_price": true,
    "flzz_zf_thresh": -0.0631893136766011,
    "kline_sell_flxd_zy": false,
    "kline_sell_flxd_zs": true,
    "kline_sell_flzz_zs": false,
    "kline_sell_flzz_zy": true,
    "last_open_price_hc_pct": -0.01085920482366174,
    "open_price_max_hc": -0.0013507659696573842,
    "loss_per_step_tick_gap": 23,
    "loss_cold_start_steps": 18,
    "loss_max_abserve_tick_steps": 325,
    "loss_max_abserce_avg_price_down_steps": 10,
    "loss_dynamic_hc_stop_profit_thres": 2.4086330877407307,
    "loss_last_close_price_hc_pct": -0.06573464231422325,
    "loss_last_open_price_hc_pct": -0.0023262093848375014,
    "loss_open_price_max_hc": 0.0,
    "loss_down_open_sell_wait_time": true,
    "down_open_sell_wait_time": false,
    "day_zy_line": 0.0026839176509704044,
    "day_zs_line": -0.2500881471296623,
    "sell_afternoon": false,
    "sell_half_afternoon": false,
    "sell_max_days": 1,
    "stop_profit_pct": 0.0,
    "static_hc_stop_profit_pct": 1.0,
    "loss_static_hc_stop_profit_pct": 1.0
  },
  "fitness": 2.6218776799440744,
  "return": 4.114005,
  "drawdown": 0.21038217882697785,
  "sharpe": 5.753727970829007,
  "individual": [
    16.312362637160703,
    5.049503381086721,
    72.30326814378559,
    13.236724059329159,
    -0.11891519758916003,
    2.785135867856923,
    0.008171117255719666,
    1.0,
    0.002848987174424115,
    110216579.88494337,
    0.2040918078928599,
    49.89578148070698,
    30.0,
    19.666527187732942,
    46.03533711904447,
    0.004819695767912378,
    25.506111894410765,
    58.959852187007485,
    409.04727612159945,
    77.09929605086326,
    0.2580238098460709,
    1316.6030806071265,
    232.44767651137892,
    1765.007562029244,
    1,
    1,
    1,
    -0.0631893136766011,
    0,
    1,
    0,
    1,
    -0.01085920482366174,
    -0.0013507659696573842,
    22.961977617586818,
    17.949219482937647,
    324.56607448379543,
    10.094355989787836,
    2.4086330877407307,
    -0.06573464231422325,
    -0.0023262093848375014,
    0.0,
    1,
    0,
    0.0026839176509704044,
    -0.2500881471296623,
    0,
    0,
    1.432343383906276
  ],
  "max_drawdown_threshold": 0.25,
  "strategy_name": "\u5c0f\u9ad8\u5f00\u8ffd\u6da8"
}