{
  "generation": 40,
  "fitness": 2.592693417633907,
  "total_return": 4.005400000000001,
  "max_drawdown": 0.2099145212299798,
  "sharpe_ratio": 5.7091600942301595,
  "params": {
    "per_step_tick_gap": 16,
    "cold_start_steps": 7,
    "max_abserve_tick_steps": 346,
    "max_abserce_avg_price_down_steps": 13,
    "stop_profit_open_hc_pct": -0.09936675862727212,
    "dynamic_hc_stop_profit_thres": 2.842756839502191,
    "last_close_price_hc_pct": 0.007909911077673356,
    "last_day_sell_thres": 0.5510799419374677,
    "last_day_sell_huiche": 0.0033586903334538384,
    "fd_mount": 134399738,
    "fd_vol_pct": 0.4874351705989579,
    "fd_ju_ticks": 50,
    "max_zb_times": 20,
    "stagnation_kline_ticks": 20,
    "decline_kline_ticks": 50,
    "yang_yin_threshold": 0.002206239539181167,
    "stagnation_n": 27,
    "stagnation_volume_ratio_threshold": 55.391344994923855,
    "stagnation_ratio_threshold": 383,
    "decline_volume_ratio_threshold": 71.84361142126133,
    "max_rebounds": 0,
    "decline_ratio_threshold": 1323,
    "flxd_ticks": 156,
    "flzz_ticks": 1823,
    "use_simiple_kline_strategy_flxd": true,
    "use_simiple_kline_strategy_flzz": true,
    "flzz_use_smooth_price": true,
    "flzz_zf_thresh": -0.0626455875917921,
    "kline_sell_flxd_zy": false,
    "kline_sell_flxd_zs": true,
    "kline_sell_flzz_zs": false,
    "kline_sell_flzz_zy": true,
    "last_open_price_hc_pct": -0.012719227670568179,
    "open_price_max_hc": -0.0012450168747697428,
    "loss_per_step_tick_gap": 20,
    "loss_cold_start_steps": 21,
    "loss_max_abserve_tick_steps": 323,
    "loss_max_abserce_avg_price_down_steps": 15,
    "loss_dynamic_hc_stop_profit_thres": 0.20603709274246584,
    "loss_last_close_price_hc_pct": -0.06525486478961554,
    "loss_last_open_price_hc_pct": -0.008609832764460026,
    "loss_open_price_max_hc": -0.03924116728172539,
    "loss_down_open_sell_wait_time": false,
    "down_open_sell_wait_time": false,
    "day_zy_line": 0.002876490725520765,
    "day_zs_line": -0.17961446597700312,
    "sell_afternoon": false,
    "sell_half_afternoon": false,
    "sell_max_days": 1,
    "stop_profit_pct": 0.0,
    "static_hc_stop_profit_pct": 1.0,
    "loss_static_hc_stop_profit_pct": 1.0
  },
  "timestamp": "2025-09-06T01:25:28.409254",
  "individual": [
    15.759957992641173,
    7.465215721544378,
    346.32546749854623,
    13.438462417210038,
    -0.09936675862727212,
    2.842756839502191,
    0.007909911077673356,
    0.5510799419374677,
    0.0033586903334538384,
    134399738.2847184,
    0.4874351705989579,
    49.796537604090126,
    20.345684669286083,
    19.768036555649818,
    49.72369955814686,
    0.002206239539181167,
    26.607071795242184,
    55.391344994923855,
    383.27680630182874,
    71.84361142126133,
    0.25791558720935553,
    1323.3368826183266,
    155.56000155054184,
    1822.673872901116,
    1,
    1,
    1,
    -0.0626455875917921,
    0,
    1,
    0,
    1,
    -0.012719227670568179,
    -0.0012450168747697428,
    19.965714075222042,
    21.285048528640957,
    323.1573948471888,
    14.576186335049796,
    0.20603709274246584,
    -0.06525486478961554,
    -0.008609832764460026,
    -0.03924116728172539,
    0,
    0,
    0.002876490725520765,
    -0.17961446597700312,
    0,
    0,
    1.3878274675507145
  ],
  "max_drawdown_threshold": 0.25,
  "strategy_name": "\u5c0f\u9ad8\u5f00\u8ffd\u6da8"
}