{
  "generation": 10,
  "fitness": 2.391786569193131,
  "total_return": 3.36158,
  "max_drawdown": 0.21058272425943933,
  "sharpe_ratio": 5.332189169229362,
  "params": {
    "per_step_tick_gap": 15,
    "cold_start_steps": 13,
    "max_abserve_tick_steps": 266,
    "max_abserce_avg_price_down_steps": 11,
    "stop_profit_open_hc_pct": -0.07818046794874162,
    "dynamic_hc_stop_profit_thres": 3.3015805652010424,
    "last_close_price_hc_pct": 0.01,
    "last_day_sell_thres": 0.5516385534920397,
    "last_day_sell_huiche": 0.002130698252482421,
    "fd_mount": 74923540,
    "fd_vol_pct": 0.2997138422983618,
    "fd_ju_ticks": 50,
    "max_zb_times": 18,
    "stagnation_kline_ticks": 20,
    "decline_kline_ticks": 44,
    "yang_yin_threshold": 0.009230737123507572,
    "stagnation_n": 12,
    "stagnation_volume_ratio_threshold": 55.99318322616708,
    "stagnation_ratio_threshold": 934,
    "decline_volume_ratio_threshold": 73.12127681129687,
    "max_rebounds": 0,
    "decline_ratio_threshold": 1370,
    "flxd_ticks": 280,
    "flzz_ticks": 1541,
    "use_simiple_kline_strategy_flxd": false,
    "use_simiple_kline_strategy_flzz": true,
    "flzz_use_smooth_price": true,
    "flzz_zf_thresh": -0.05045190896983448,
    "kline_sell_flxd_zy": true,
    "kline_sell_flxd_zs": true,
    "kline_sell_flzz_zs": false,
    "kline_sell_flzz_zy": true,
    "last_open_price_hc_pct": -0.01237636603970887,
    "open_price_max_hc": -0.037434847251644025,
    "loss_per_step_tick_gap": 25,
    "loss_cold_start_steps": 17,
    "loss_max_abserve_tick_steps": 238,
    "loss_max_abserce_avg_price_down_steps": 14,
    "loss_dynamic_hc_stop_profit_thres": 4.038033008716028,
    "loss_last_close_price_hc_pct": -0.06714333436469468,
    "loss_last_open_price_hc_pct": -0.0163495935237761,
    "loss_open_price_max_hc": -0.0009379063004362132,
    "loss_down_open_sell_wait_time": true,
    "down_open_sell_wait_time": false,
    "day_zy_line": 0.003812653569275758,
    "day_zs_line": -0.29408872459251084,
    "sell_afternoon": false,
    "sell_half_afternoon": false,
    "sell_max_days": 1,
    "stop_profit_pct": 0.0,
    "static_hc_stop_profit_pct": 1.0,
    "loss_static_hc_stop_profit_pct": 1.0
  },
  "timestamp": "2025-09-06T01:23:06.643696",
  "individual": [
    15.4693047926282,
    12.677861325586996,
    266.17722355692524,
    10.9353365347434,
    -0.07818046794874162,
    3.3015805652010424,
    0.01,
    0.5516385534920397,
    0.002130698252482421,
    74923539.86904041,
    0.2997138422983618,
    50.0,
    17.691403177435507,
    19.607886262860923,
    43.65586308039968,
    0.009230737123507572,
    12.181120803249913,
    55.99318322616708,
    934.3234608900826,
    73.12127681129687,
    0.1553502440196163,
    1369.5028540038447,
    279.64874423265405,
    1541.0481722098566,
    0,
    1,
    1,
    -0.05045190896983448,
    1,
    1,
    0,
    1,
    -0.01237636603970887,
    -0.037434847251644025,
    25.0,
    17.415487278344305,
    237.5393386606232,
    13.981260769382517,
    4.038033008716028,
    -0.06714333436469468,
    -0.0163495935237761,
    -0.0009379063004362132,
    1,
    0,
    0.003812653569275758,
    -0.29408872459251084,
    0,
    0,
    1.3708935689198358
  ],
  "max_drawdown_threshold": 0.25,
  "strategy_name": "\u5c0f\u9ad8\u5f00\u8ffd\u6da8"
}