{
  "generation": 30,
  "fitness": 2.5915643313519667,
  "total_return": 4.001550000000001,
  "max_drawdown": 0.2100062771129347,
  "sharpe_ratio": 5.707797923074918,
  "params": {
    "per_step_tick_gap": 16,
    "cold_start_steps": 11,
    "max_abserve_tick_steps": 774,
    "max_abserce_avg_price_down_steps": 12,
    "stop_profit_open_hc_pct": -0.08241974508600101,
    "dynamic_hc_stop_profit_thres": 3.706344422296051,
    "last_close_price_hc_pct": 0.008705113947674637,
    "last_day_sell_thres": 1.0,
    "last_day_sell_huiche": 0.005876418036314124,
    "fd_mount": 32560057,
    "fd_vol_pct": 0.17977431693993906,
    "fd_ju_ticks": 50,
    "max_zb_times": 1,
    "stagnation_kline_ticks": 20,
    "decline_kline_ticks": 44,
    "yang_yin_threshold": 0.003221123956817263,
    "stagnation_n": 27,
    "stagnation_volume_ratio_threshold": 56.028016893729585,
    "stagnation_ratio_threshold": 397,
    "decline_volume_ratio_threshold": 66.91612130318556,
    "max_rebounds": 0,
    "decline_ratio_threshold": 1164,
    "flxd_ticks": 392,
    "flzz_ticks": 646,
    "use_simiple_kline_strategy_flxd": false,
    "use_simiple_kline_strategy_flzz": true,
    "flzz_use_smooth_price": true,
    "flzz_zf_thresh": -0.05795175600301798,
    "kline_sell_flxd_zy": false,
    "kline_sell_flxd_zs": true,
    "kline_sell_flzz_zs": false,
    "kline_sell_flzz_zy": true,
    "last_open_price_hc_pct": -0.012586765364157204,
    "open_price_max_hc": 0.0,
    "loss_per_step_tick_gap": 15,
    "loss_cold_start_steps": 13,
    "loss_max_abserve_tick_steps": 243,
    "loss_max_abserce_avg_price_down_steps": 1,
    "loss_dynamic_hc_stop_profit_thres": 5.921156523111357,
    "loss_last_close_price_hc_pct": -0.06584885652498887,
    "loss_last_open_price_hc_pct": -0.012235563983872128,
    "loss_open_price_max_hc": 0.0,
    "loss_down_open_sell_wait_time": true,
    "down_open_sell_wait_time": false,
    "day_zy_line": 0.0030185846989023418,
    "day_zs_line": -0.28277202508377997,
    "sell_afternoon": false,
    "sell_half_afternoon": true,
    "sell_max_days": 1,
    "stop_profit_pct": 0.0,
    "static_hc_stop_profit_pct": 1.0,
    "loss_static_hc_stop_profit_pct": 1.0
  },
  "timestamp": "2025-09-06T01:24:47.050845",
  "individual": [
    16.098024891672686,
    10.747634910522299,
    773.8758264551847,
    11.891724772473529,
    -0.08241974508600101,
    3.706344422296051,
    0.008705113947674637,
    1.0,
    0.005876418036314124,
    32560056.99979297,
    0.17977431693993906,
    49.68896102134018,
    1.0,
    19.563315511488963,
    43.89404664567409,
    0.003221123956817263,
    27.481311896090507,
    56.028016893729585,
    397.4875198052039,
    66.91612130318556,
    0.019194741427204412,
    1163.9950296787256,
    391.6395992567785,
    646.1378426508094,
    0,
    1,
    1,
    -0.05795175600301798,
    0,
    1,
    0,
    1,
    -0.012586765364157204,
    0.0,
    15.108644292729704,
    12.675513556015687,
    243.4838239550486,
    1.0,
    5.921156523111357,
    -0.06584885652498887,
    -0.012235563983872128,
    0.0,
    1,
    0,
    0.0030185846989023418,
    -0.28277202508377997,
    0,
    1,
    1.3719006013539758
  ],
  "max_drawdown_threshold": 0.25,
  "strategy_name": "\u5c0f\u9ad8\u5f00\u8ffd\u6da8"
}