{
    "strategy": "低位孕线低吸",
    "generation": 100,
    "best_score": 0.0162037154401587,
    "best_params": {
        "ema_alpha": 0.19220874409971964,
        "kalman_q": 0.040460885327528784,
        "kalman_r": 0.02,
        "sg_window": 9,
        "macd_fast": 3,
        "macd_slow_ratio": 1.6959453364126813,
        "macd_signal": 2,
        "ema_fast": 4,
        "ema_slow_ratio": 2.201704584896947,
        "volume_window": 13,
        "price_confirm_ticks": 5,
        "strength_confirm_ticks": 9,
        "strength_threshold": 0.3,
        "volume_weight": 0.9196872980885701,
        "use_price_confirm": false,
        "use_strength_confirm": false,
        "dead_cross_threshold": 0.022747594070733797,
        "price_drop_threshold": 0.012425227272894645,
        "max_confirm_ticks": 1,
        "debug": false
    },
    "timestamp": "20250809_141906"
}