{
    "strategy": "低位高强中低开低吸",
    "generation": 20,
    "best_score": 0.015300750261507083,
    "best_params": {
        "ema_alpha": 0.3,
        "kalman_q": 0.022856897951935934,
        "kalman_r": 0.02995118606424034,
        "sg_window": 16,
        "macd_fast": 3,
        "macd_slow_ratio": 1.3659378633103003,
        "macd_signal": 3,
        "ema_fast": 10,
        "ema_slow_ratio": 2.5103538706134434,
        "volume_window": 11,
        "price_confirm_ticks": 4,
        "strength_confirm_ticks": 7,
        "strength_threshold": 0.3,
        "volume_weight": 1.0,
        "use_price_confirm": false,
        "use_strength_confirm": false,
        "dead_cross_threshold": 0.007585122314153444,
        "price_drop_threshold": 0.005391885771606414,
        "max_confirm_ticks": 20,
        "debug": false
    },
    "timestamp": "20250722_203535"
}