{
    "strategy": "低位高强中低开低吸",
    "generation": 0,
    "best_score": 0.008278272633872581,
    "best_params": {
        "ema_alpha": 0.13093423095033963,
        "kalman_q": 0.045373865089392035,
        "kalman_r": 0.07362902522141421,
        "sg_window": 13,
        "macd_fast": 8,
        "macd_slow_ratio": 2.2969213936346757,
        "macd_signal": 14,
        "ema_fast": 10,
        "ema_slow_ratio": 1.4887442300682556,
        "volume_window": 9,
        "price_confirm_ticks": 9,
        "strength_confirm_ticks": 1,
        "strength_threshold": 1.7587403385913514,
        "volume_weight": 0.9026010604846643,
        "use_price_confirm": false,
        "use_strength_confirm": false,
        "dead_cross_threshold": 0.00804466812385257,
        "price_drop_threshold": 0.006283016972851296,
        "max_confirm_ticks": 4,
        "debug": false
    },
    "timestamp": "20250720_214653"
}