{
    "strategy": "低位高强中低开低吸",
    "generation": 0,
    "best_score": 0.02103697972288952,
    "best_params": {
        "ema_alpha": 0.20887943781371754,
        "kalman_q": 0.02112626796484257,
        "kalman_r": 0.08218066089406859,
        "sg_window": 16,
        "macd_fast": 11,
        "macd_slow_ratio": 2.228750644078538,
        "macd_signal": 6,
        "ema_fast": 10,
        "ema_slow_ratio": 2.922444183424937,
        "volume_window": 8,
        "price_confirm_ticks": 7,
        "strength_confirm_ticks": 5,
        "strength_threshold": 0.3467950666078285,
        "volume_weight": 0.7718142666770336,
        "use_price_confirm": false,
        "use_strength_confirm": false,
        "dead_cross_threshold": 0.0031409528269435126,
        "price_drop_threshold": 0.005153455143187011,
        "max_confirm_ticks": 7,
        "debug": false
    },
    "timestamp": "20250722_170641"
}