{
    "strategy": "低位高强中低开低吸",
    "generation": 0,
    "best_score": 0.02144629140502342,
    "best_params": {
        "ema_alpha": 0.24914832658978436,
        "kalman_q": 0.02456452286383419,
        "kalman_r": 0.040114236396983555,
        "sg_window": 9,
        "macd_fast": 9,
        "macd_slow_ratio": 1.2709204593130445,
        "macd_signal": 13,
        "ema_fast": 6,
        "ema_slow_ratio": 1.7069352743973027,
        "volume_window": 10,
        "price_confirm_ticks": 2,
        "strength_confirm_ticks": 3,
        "strength_threshold": 0.3636485177581691,
        "volume_weight": 0.7512337250997138,
        "use_price_confirm": true,
        "use_strength_confirm": false,
        "dead_cross_threshold": 0.0046948170516763,
        "price_drop_threshold": 0.006938669409937594,
        "max_confirm_ticks": 2,
        "debug": false
    },
    "timestamp": "20250721_173236"
}