{
  "generation": 80,
  "fitness": 5.945006223374332,
  "total_return": 62.45843000000002,
  "max_drawdown": 0.23983939174108532,
  "sharpe_ratio": 4.710083500262698,
  "params": {
    "per_step_tick_gap": 1,
    "cold_start_steps": 6,
    "max_abserve_tick_steps": 392,
    "max_abserce_avg_price_down_steps": 2,
    "stop_profit_open_hc_pct": -0.11507114000909395,
    "dynamic_hc_stop_profit_thres": 4.374157270173379,
    "last_close_price_hc_pct": 0.009989672462313429,
    "last_day_sell_thres": 0.5581286184575224,
    "last_day_sell_huiche": 0.012728476456939806,
    "fd_mount": 110499176,
    "fd_vol_pct": 0.7453864972583678,
    "fd_ju_ticks": 1,
    "max_zb_times": 30,
    "stagnation_kline_ticks": 40,
    "decline_kline_ticks": 3,
    "yang_yin_threshold": 0.013945571897462629,
    "stagnation_n": 22,
    "stagnation_volume_ratio_threshold": 99.99999999999994,
    "stagnation_ratio_threshold": 946,
    "decline_volume_ratio_threshold": 25.96194735398107,
    "max_rebounds": 8,
    "decline_ratio_threshold": 115,
    "flxd_ticks": 375,
    "flzz_ticks": 1746,
    "use_simiple_kline_strategy_flxd": false,
    "use_simiple_kline_strategy_flzz": true,
    "flzz_use_smooth_price": true,
    "flzz_zf_thresh": 0.034621897767623665,
    "kline_sell_flxd_zy": true,
    "kline_sell_flxd_zs": false,
    "kline_sell_flzz_zs": true,
    "kline_sell_flzz_zy": true,
    "last_open_price_hc_pct": -0.07978717226994221,
    "open_price_max_hc": -2.2869772894907924e-07,
    "loss_per_step_tick_gap": 1,
    "loss_cold_start_steps": 3,
    "loss_max_abserve_tick_steps": 5,
    "loss_max_abserce_avg_price_down_steps": 1,
    "loss_dynamic_hc_stop_profit_thres": 5.5405229582276725,
    "loss_last_close_price_hc_pct": -0.04870464904781962,
    "loss_last_open_price_hc_pct": -0.06800360332807885,
    "loss_open_price_max_hc": -0.09503799642837121,
    "loss_down_open_sell_wait_time": true,
    "down_open_sell_wait_time": true,
    "day_zy_line": 0.004510844292251709,
    "day_zs_line": -0.003376005607730447,
    "sell_afternoon": false,
    "sell_half_afternoon": false,
    "sell_max_days": 4,
    "stop_profit_pct": 0.0,
    "static_hc_stop_profit_pct": 1.0,
    "loss_static_hc_stop_profit_pct": 1.0
  },
  "timestamp": "2025-09-08T21:54:03.245360",
  "individual": [
    1.371437439176258,
    5.892860174540498,
    392.2130708195583,
    1.5849605946364609,
    -0.11507114000909395,
    4.374157270173379,
    0.009989672462313429,
    0.5581286184575224,
    0.012728476456939806,
    110499176.34007259,
    0.7453864972583678,
    1.1270260102576892,
    30.0,
    40.18608803284281,
    3.0,
    0.013945571897462629,
    22.263987349709396,
    99.99999999999994,
    946.1707867096411,
    25.96194735398107,
    7.621576911274406,
    115.18494151658552,
    375.2950566245305,
    1745.995054605837,
    0,
    1,
    1,
    0.034621897767623665,
    1,
    0,
    1,
    1,
    -0.07978717226994221,
    -2.2869772894907924e-07,
    1.1165925988845795,
    3.146054253262596,
    5.00188281763153,
    1.211502185760519,
    5.5405229582276725,
    -0.04870464904781962,
    -0.06800360332807885,
    -0.09503799642837121,
    1,
    1,
    0.004510844292251709,
    -0.003376005607730447,
    0,
    0,
    4.0
  ],
  "max_drawdown_threshold": 0.25,
  "strategy_name": "X\u63a5\u529b\u5012\u63a5\u529b3"
}