{
  "generation": 10,
  "fitness": 2.5223081122983793,
  "total_return": 21.39936,
  "max_drawdown": 0.32905022258338074,
  "sharpe_ratio": 3.8538866835908534,
  "params": {
    "per_step_tick_gap": 1,
    "cold_start_steps": 0,
    "max_abserve_tick_steps": 500,
    "max_abserce_avg_price_down_steps": 7,
    "stop_profit_open_hc_pct": -0.09476453395540443,
    "dynamic_hc_stop_profit_thres": 3.9360320797945354,
    "last_close_price_hc_pct": -0.016761863206933427,
    "last_day_sell_thres": 0.4998029670789502,
    "last_day_sell_huiche": 0.01680085349179889,
    "fd_mount": 47219233,
    "fd_vol_pct": 0.37969562101123816,
    "fd_ju_ticks": 3,
    "max_zb_times": 24,
    "stagnation_kline_ticks": 47,
    "decline_kline_ticks": 19,
    "yang_yin_threshold": 0.011643474596787391,
    "stagnation_n": 15,
    "stagnation_volume_ratio_threshold": 24.994745805004378,
    "stagnation_ratio_threshold": 1500,
    "decline_volume_ratio_threshold": 61.17994119604193,
    "max_rebounds": 15,
    "decline_ratio_threshold": 678,
    "flxd_ticks": 483,
    "flzz_ticks": 1576,
    "use_simiple_kline_strategy_flxd": false,
    "use_simiple_kline_strategy_flzz": false,
    "flzz_use_smooth_price": true,
    "flzz_zf_thresh": 0.028705711962477842,
    "kline_sell_flxd_zy": false,
    "kline_sell_flxd_zs": false,
    "kline_sell_flzz_zs": true,
    "kline_sell_flzz_zy": false,
    "last_open_price_hc_pct": -0.06422136510469789,
    "open_price_max_hc": -0.01733527453004458,
    "loss_per_step_tick_gap": 1,
    "loss_cold_start_steps": 6,
    "loss_max_abserve_tick_steps": 500,
    "loss_max_abserce_avg_price_down_steps": 1,
    "loss_dynamic_hc_stop_profit_thres": 3.288332624605551,
    "loss_last_close_price_hc_pct": -0.013855745687992568,
    "loss_last_open_price_hc_pct": -0.050116231939534336,
    "loss_open_price_max_hc": -0.007689978587474629,
    "loss_down_open_sell_wait_time": false,
    "down_open_sell_wait_time": false,
    "day_zy_line": 0.0,
    "day_zs_line": -0.04958012171425911,
    "sell_afternoon": true,
    "sell_half_afternoon": true,
    "sell_max_days": 1,
    "stop_profit_pct": 0.0,
    "static_hc_stop_profit_pct": 1.0,
    "loss_static_hc_stop_profit_pct": 1.0
  },
  "timestamp": "2025-09-08T21:28:14.938176",
  "individual": [
    1.0,
    0.0,
    500.111160253374,
    6.746560912189039,
    -0.09476453395540443,
    3.9360320797945354,
    -0.016761863206933427,
    0.4998029670789502,
    0.01680085349179889,
    47219233.49319857,
    0.37969562101123816,
    3.3898177284098354,
    23.698308497595654,
    47.231718295731355,
    19.332283174545033,
    0.011643474596787391,
    14.966672044282006,
    24.994745805004378,
    1500.0,
    61.17994119604193,
    15.0,
    677.991567059629,
    482.9375365948286,
    1576.1154028437911,
    0,
    0,
    1,
    0.028705711962477842,
    0,
    0,
    1,
    0,
    -0.06422136510469789,
    -0.01733527453004458,
    1.0,
    6.226417473904832,
    500.0,
    1.0,
    3.288332624605551,
    -0.013855745687992568,
    -0.050116231939534336,
    -0.007689978587474629,
    0,
    0,
    0.0,
    -0.04958012171425911,
    1,
    1,
    1.0
  ],
  "max_drawdown_threshold": 0.25,
  "strategy_name": "X\u63a5\u529b\u5012\u63a5\u529b3"
}