{
  "generation": 30,
  "fitness": 4.7544994424341835,
  "total_return": 35.72746000000001,
  "max_drawdown": 0.23979105757379063,
  "sharpe_ratio": 4.183171844929522,
  "params": {
    "per_step_tick_gap": 5,
    "cold_start_steps": 49,
    "max_abserve_tick_steps": 390,
    "max_abserce_avg_price_down_steps": 1,
    "stop_profit_open_hc_pct": -0.1199511978890754,
    "dynamic_hc_stop_profit_thres": 2.565289990285784,
    "last_close_price_hc_pct": -0.022490893777107286,
    "last_day_sell_thres": 0.47297385905829725,
    "last_day_sell_huiche": 0.016228594595725943,
    "fd_mount": 118391853,
    "fd_vol_pct": 0.5482293848718501,
    "fd_ju_ticks": 1,
    "max_zb_times": 25,
    "stagnation_kline_ticks": 40,
    "decline_kline_ticks": 8,
    "yang_yin_threshold": 0.011574721243158084,
    "stagnation_n": 18,
    "stagnation_volume_ratio_threshold": 100.0,
    "stagnation_ratio_threshold": 994,
    "decline_volume_ratio_threshold": 36.253621621524886,
    "max_rebounds": 0,
    "decline_ratio_threshold": 961,
    "flxd_ticks": 450,
    "flzz_ticks": 1671,
    "use_simiple_kline_strategy_flxd": true,
    "use_simiple_kline_strategy_flzz": true,
    "flzz_use_smooth_price": true,
    "flzz_zf_thresh": 0.03482655636892349,
    "kline_sell_flxd_zy": true,
    "kline_sell_flxd_zs": false,
    "kline_sell_flzz_zs": true,
    "kline_sell_flzz_zy": true,
    "last_open_price_hc_pct": -0.0711137189257144,
    "open_price_max_hc": 0.0,
    "loss_per_step_tick_gap": 1,
    "loss_cold_start_steps": 3,
    "loss_max_abserve_tick_steps": 5,
    "loss_max_abserce_avg_price_down_steps": 1,
    "loss_dynamic_hc_stop_profit_thres": 2.6333760207954544,
    "loss_last_close_price_hc_pct": -0.07137067505550566,
    "loss_last_open_price_hc_pct": -0.042222879559950716,
    "loss_open_price_max_hc": -0.0682656839111665,
    "loss_down_open_sell_wait_time": true,
    "down_open_sell_wait_time": true,
    "day_zy_line": 0.0,
    "day_zs_line": -0.00728838138809547,
    "sell_afternoon": true,
    "sell_half_afternoon": false,
    "sell_max_days": 3,
    "stop_profit_pct": 0.0,
    "static_hc_stop_profit_pct": 1.0,
    "loss_static_hc_stop_profit_pct": 1.0
  },
  "timestamp": "2025-09-08T21:35:49.963969",
  "individual": [
    5.417415392215233,
    48.89858000380791,
    390.41930037508644,
    1.2381163123820007,
    -0.1199511978890754,
    2.565289990285784,
    -0.022490893777107286,
    0.47297385905829725,
    0.016228594595725943,
    118391853.15812956,
    0.5482293848718501,
    1.0,
    24.916438855579568,
    39.95710134009435,
    8.277038211524498,
    0.011574721243158084,
    18.275596126560078,
    100.0,
    993.6717676881116,
    36.253621621524886,
    0.0,
    960.5192316792346,
    449.5351449677347,
    1670.9662888326961,
    1,
    1,
    1,
    0.03482655636892349,
    1,
    0,
    1,
    1,
    -0.0711137189257144,
    0.0,
    1.0867833829197209,
    2.6178329241095573,
    5.0,
    1.4122728440375028,
    2.6333760207954544,
    -0.07137067505550566,
    -0.042222879559950716,
    -0.0682656839111665,
    1,
    1,
    0.0,
    -0.00728838138809547,
    1,
    0,
    3.2108480988785955
  ],
  "max_drawdown_threshold": 0.25,
  "strategy_name": "X\u63a5\u529b\u5012\u63a5\u529b3"
}