{
  "generation": 110,
  "fitness": 6.028103014842426,
  "total_return": 64.89652000000002,
  "max_drawdown": 0.24000105702392377,
  "sharpe_ratio": 4.7289112673551905,
  "params": {
    "per_step_tick_gap": 2,
    "cold_start_steps": 6,
    "max_abserve_tick_steps": 395,
    "max_abserce_avg_price_down_steps": 1,
    "stop_profit_open_hc_pct": -0.11749448106579258,
    "dynamic_hc_stop_profit_thres": 5.367781760582998,
    "last_close_price_hc_pct": 0.009999908884332949,
    "last_day_sell_thres": 0.43273765892974564,
    "last_day_sell_huiche": 0.0193847990165937,
    "fd_mount": 109394553,
    "fd_vol_pct": 0.741604676238952,
    "fd_ju_ticks": 1,
    "max_zb_times": 30,
    "stagnation_kline_ticks": 40,
    "decline_kline_ticks": 9,
    "yang_yin_threshold": 0.014759994512953869,
    "stagnation_n": 22,
    "stagnation_volume_ratio_threshold": 99.99999999999983,
    "stagnation_ratio_threshold": 864,
    "decline_volume_ratio_threshold": 67.60413271597422,
    "max_rebounds": 8,
    "decline_ratio_threshold": 727,
    "flxd_ticks": 364,
    "flzz_ticks": 1742,
    "use_simiple_kline_strategy_flxd": false,
    "use_simiple_kline_strategy_flzz": true,
    "flzz_use_smooth_price": true,
    "flzz_zf_thresh": 0.03422522038897473,
    "kline_sell_flxd_zy": true,
    "kline_sell_flxd_zs": false,
    "kline_sell_flzz_zs": true,
    "kline_sell_flzz_zy": true,
    "last_open_price_hc_pct": -0.07569986331340088,
    "open_price_max_hc": -3.102737566931676e-07,
    "loss_per_step_tick_gap": 1,
    "loss_cold_start_steps": 3,
    "loss_max_abserve_tick_steps": 5,
    "loss_max_abserce_avg_price_down_steps": 1,
    "loss_dynamic_hc_stop_profit_thres": 0.8121272456935995,
    "loss_last_close_price_hc_pct": -0.003660432762837018,
    "loss_last_open_price_hc_pct": -0.06776813077983233,
    "loss_open_price_max_hc": -0.09562955271579619,
    "loss_down_open_sell_wait_time": true,
    "down_open_sell_wait_time": true,
    "day_zy_line": 0.004500679697372018,
    "day_zs_line": -0.0033324202669889726,
    "sell_afternoon": false,
    "sell_half_afternoon": true,
    "sell_max_days": 4,
    "stop_profit_pct": 0.0,
    "static_hc_stop_profit_pct": 1.0,
    "loss_static_hc_stop_profit_pct": 1.0
  },
  "timestamp": "2025-09-08T22:05:02.873955",
  "individual": [
    1.829207270313647,
    6.130824713207055,
    394.8922090819138,
    1.484759380473552,
    -0.11749448106579258,
    5.367781760582998,
    0.009999908884332949,
    0.43273765892974564,
    0.0193847990165937,
    109394552.51012972,
    0.741604676238952,
    1.072940056715133,
    30.0,
    40.26281522211269,
    9.123212157713882,
    0.014759994512953869,
    22.323373373143223,
    99.99999999999983,
    863.5190134600688,
    67.60413271597422,
    8.075496916223539,
    726.6356780484429,
    364.16199711344774,
    1741.91096910844,
    0,
    1,
    1,
    0.03422522038897473,
    1,
    0,
    1,
    1,
    -0.07569986331340088,
    -3.102737566931676e-07,
    1.0623000779013394,
    3.1528151975397805,
    5.01975386638035,
    1.048093272046227,
    0.8121272456935995,
    -0.003660432762837018,
    -0.06776813077983233,
    -0.09562955271579619,
    1,
    1,
    0.004500679697372018,
    -0.0033324202669889726,
    0,
    1,
    3.892455303254558
  ],
  "max_drawdown_threshold": 0.25,
  "strategy_name": "X\u63a5\u529b\u5012\u63a5\u529b3"
}