{
  "generation": 10,
  "fitness": 2.1843397489864325,
  "total_return": 7.133875,
  "max_drawdown": 0.214784694751988,
  "sharpe_ratio": 5.121632473944568,
  "params": {
    "per_step_tick_gap": 1,
    "cold_start_steps": 8,
    "max_abserve_tick_steps": 467,
    "max_abserce_avg_price_down_steps": 14,
    "stop_profit_open_hc_pct": -0.13563933380602297,
    "dynamic_hc_stop_profit_thres": 0.01,
    "last_close_price_hc_pct": 0.002037157533466565,
    "last_day_sell_thres": 0.13256025720128503,
    "last_day_sell_huiche": 0.006301428853984689,
    "fd_mount": 150000000,
    "fd_vol_pct": 0.5086889338203855,
    "fd_ju_ticks": 9,
    "max_zb_times": 24,
    "stagnation_kline_ticks": 41,
    "decline_kline_ticks": 14,
    "yang_yin_threshold": 0.01741630061172176,
    "stagnation_n": 7,
    "stagnation_volume_ratio_threshold": 46.36387776133102,
    "stagnation_ratio_threshold": 1407,
    "decline_volume_ratio_threshold": 100.0,
    "max_rebounds": 15,
    "decline_ratio_threshold": 764,
    "flxd_ticks": 434,
    "flzz_ticks": 1389,
    "use_simiple_kline_strategy_flxd": true,
    "use_simiple_kline_strategy_flzz": false,
    "flzz_use_smooth_price": false,
    "flzz_zf_thresh": 0.1,
    "kline_sell_flxd_zy": true,
    "kline_sell_flxd_zs": false,
    "kline_sell_flzz_zs": true,
    "kline_sell_flzz_zy": false,
    "last_open_price_hc_pct": -0.03714261836609699,
    "open_price_max_hc": -0.09717149785940078,
    "loss_per_step_tick_gap": 4,
    "loss_cold_start_steps": 0,
    "loss_max_abserve_tick_steps": 479,
    "loss_max_abserce_avg_price_down_steps": 7,
    "loss_dynamic_hc_stop_profit_thres": 2.2897099587331518,
    "loss_last_close_price_hc_pct": -0.013297828121517872,
    "loss_last_open_price_hc_pct": -0.046991931800121296,
    "loss_open_price_max_hc": -0.023752133394156227,
    "loss_down_open_sell_wait_time": false,
    "down_open_sell_wait_time": true,
    "day_zy_line": 0.11691632232594132,
    "day_zs_line": -0.0375104098869649,
    "sell_afternoon": false,
    "sell_half_afternoon": true,
    "sell_max_days": 1,
    "stop_profit_pct": 0.0,
    "static_hc_stop_profit_pct": 1.0,
    "loss_static_hc_stop_profit_pct": 1.0
  },
  "timestamp": "2025-09-06T17:01:12.517548",
  "individual": [
    1.0,
    7.685968107809615,
    466.8485487461862,
    14.308115260200893,
    -0.13563933380602297,
    0.01,
    0.002037157533466565,
    0.13256025720128503,
    0.006301428853984689,
    150000000.0,
    0.5086889338203855,
    8.518723051690863,
    24.480068111100753,
    41.30069605926867,
    13.78672430905513,
    0.01741630061172176,
    7.014191049169047,
    46.36387776133102,
    1407.415901758877,
    100.0,
    15.0,
    764,
    433.60857429213934,
    1388.7368548367199,
    1,
    0,
    0,
    0.1,
    1,
    0,
    1,
    0,
    -0.03714261836609699,
    -0.09717149785940078,
    3.7024771641508716,
    0.0,
    479,
    7,
    2.2897099587331518,
    -0.013297828121517872,
    -0.046991931800121296,
    -0.023752133394156227,
    0,
    1,
    0.11691632232594132,
    -0.0375104098869649,
    0,
    1,
    1.1825406075463576
  ],
  "max_drawdown_threshold": 0.15,
  "strategy_name": "\u4f4e\u4f4d\u65ad\u677f\u4f4e\u5438"
}