{
  "generation": 20,
  "fitness": 2.582631717641277,
  "total_return": 3.9313600000000006,
  "max_drawdown": 0.12890484887714349,
  "sharpe_ratio": 5.198546895790366,
  "params": {
    "per_step_tick_gap": 18,
    "cold_start_steps": 39,
    "max_abserve_tick_steps": 2,
    "max_abserce_avg_price_down_steps": 11,
    "stop_profit_open_hc_pct": -0.0828434928624665,
    "dynamic_hc_stop_profit_thres": 6.322555878357913,
    "last_close_price_hc_pct": 5.708343880168258e-05,
    "last_day_sell_thres": 0.8629104039935711,
    "last_day_sell_huiche": 0.01883302985362718,
    "fd_mount": 112409991,
    "fd_vol_pct": 0.0,
    "fd_ju_ticks": 30,
    "max_zb_times": 8,
    "stagnation_kline_ticks": 43,
    "decline_kline_ticks": 29,
    "yang_yin_threshold": 0.00763552394614798,
    "stagnation_n": 8,
    "stagnation_volume_ratio_threshold": 26.990034032177594,
    "stagnation_ratio_threshold": 15,
    "decline_volume_ratio_threshold": 58.15402185884559,
    "max_rebounds": 13,
    "decline_ratio_threshold": 1500,
    "flxd_ticks": 175,
    "flzz_ticks": 1395,
    "use_simiple_kline_strategy_flxd": true,
    "use_simiple_kline_strategy_flzz": true,
    "flzz_use_smooth_price": false,
    "flzz_zf_thresh": 0.1,
    "kline_sell_flxd_zy": true,
    "kline_sell_flxd_zs": true,
    "kline_sell_flzz_zs": false,
    "kline_sell_flzz_zy": false,
    "last_open_price_hc_pct": 0.01,
    "open_price_max_hc": -0.04379646480096025,
    "loss_per_step_tick_gap": 22,
    "loss_cold_start_steps": 0,
    "loss_max_abserve_tick_steps": 427,
    "loss_max_abserce_avg_price_down_steps": 14,
    "loss_dynamic_hc_stop_profit_thres": 1.9590255700488046,
    "loss_last_close_price_hc_pct": -0.037941474139364995,
    "loss_last_open_price_hc_pct": -0.07170304743763596,
    "loss_open_price_max_hc": -0.03462865576844065,
    "loss_down_open_sell_wait_time": true,
    "down_open_sell_wait_time": false,
    "day_zy_line": 0.003846080828809792,
    "day_zs_line": -0.00018445187867050108,
    "sell_afternoon": false,
    "sell_half_afternoon": false,
    "sell_max_days": 2,
    "stop_profit_pct": 0.0,
    "static_hc_stop_profit_pct": 1.0,
    "loss_static_hc_stop_profit_pct": 1.0
  },
  "timestamp": "2025-09-06T01:33:39.170976",
  "individual": [
    17.50164177404685,
    38.99039073806901,
    1.7207630421417335,
    10.52025472790643,
    -0.0828434928624665,
    6.322555878357913,
    5.708343880168258e-05,
    0.8629104039935711,
    0.01883302985362718,
    112409991.49536058,
    0.0,
    30.356041132585283,
    7.527912886669412,
    43.445118483584636,
    28.82778958117415,
    0.00763552394614798,
    8.309644395764764,
    26.990034032177594,
    15.0,
    58.15402185884559,
    13.389124113392803,
    1500.0,
    175.0440263318706,
    1395.4712192301924,
    1,
    1,
    0,
    0.1,
    1,
    1,
    0,
    0,
    0.01,
    -0.04379646480096025,
    21.662801654846866,
    0.0024559617825479258,
    426.57583663396736,
    14.084277073048012,
    1.9590255700488046,
    -0.037941474139364995,
    -0.07170304743763596,
    -0.03462865576844065,
    1,
    0,
    0.003846080828809792,
    -0.00018445187867050108,
    0,
    0,
    1.813962190479407
  ],
  "max_drawdown_threshold": 0.15,
  "strategy_name": "\u5c0f\u9ad8\u5f00\u8ffd\u6da8"
}