{
  "generation": 70,
  "fitness": 2.978269962033715,
  "total_return": 5.40464,
  "max_drawdown": 0.11668269457475557,
  "sharpe_ratio": 5.7412181264014315,
  "params": {
    "per_step_tick_gap": 18,
    "cold_start_steps": 37,
    "max_abserve_tick_steps": 41,
    "max_abserce_avg_price_down_steps": 12,
    "stop_profit_open_hc_pct": -0.10145526753189926,
    "dynamic_hc_stop_profit_thres": 1.3964165590182316,
    "last_close_price_hc_pct": -0.0027201740445382608,
    "last_day_sell_thres": 0.9067878994380402,
    "last_day_sell_huiche": 0.013917407129705375,
    "fd_mount": 104624114,
    "fd_vol_pct": 0.0054602738132990365,
    "fd_ju_ticks": 25,
    "max_zb_times": 6,
    "stagnation_kline_ticks": 40,
    "decline_kline_ticks": 35,
    "yang_yin_threshold": 0.0029164644203467116,
    "stagnation_n": 23,
    "stagnation_volume_ratio_threshold": 24.15585357801191,
    "stagnation_ratio_threshold": 181,
    "decline_volume_ratio_threshold": 48.78661836930622,
    "max_rebounds": 15,
    "decline_ratio_threshold": 917,
    "flxd_ticks": 16,
    "flzz_ticks": 1380,
    "use_simiple_kline_strategy_flxd": true,
    "use_simiple_kline_strategy_flzz": false,
    "flzz_use_smooth_price": false,
    "flzz_zf_thresh": 0.05289122098320788,
    "kline_sell_flxd_zy": true,
    "kline_sell_flxd_zs": false,
    "kline_sell_flzz_zs": false,
    "kline_sell_flzz_zy": false,
    "last_open_price_hc_pct": -0.06834525270312174,
    "open_price_max_hc": -0.04810030798205696,
    "loss_per_step_tick_gap": 23,
    "loss_cold_start_steps": 0,
    "loss_max_abserve_tick_steps": 491,
    "loss_max_abserce_avg_price_down_steps": 15,
    "loss_dynamic_hc_stop_profit_thres": 0.3216283879635703,
    "loss_last_close_price_hc_pct": -0.06177787755278756,
    "loss_last_open_price_hc_pct": -0.053898901603270905,
    "loss_open_price_max_hc": -0.05589698879215824,
    "loss_down_open_sell_wait_time": false,
    "down_open_sell_wait_time": false,
    "day_zy_line": 0.006669794140089128,
    "day_zs_line": -0.00026424512815437115,
    "sell_afternoon": false,
    "sell_half_afternoon": false,
    "sell_max_days": 2,
    "stop_profit_pct": 0.0,
    "static_hc_stop_profit_pct": 1.0,
    "loss_static_hc_stop_profit_pct": 1.0
  },
  "timestamp": "2025-09-06T01:45:03.133916",
  "individual": [
    18.166373767433814,
    36.59035760382825,
    40.71880603454526,
    11.627840191526843,
    -0.10145526753189926,
    1.3964165590182316,
    -0.0027201740445382608,
    0.9067878994380402,
    0.013917407129705375,
    104624113.60986727,
    0.0054602738132990365,
    24.80992149604721,
    6.007430792154447,
    40.013076094535194,
    34.518209848802286,
    0.0029164644203467116,
    22.75329196638526,
    24.15585357801191,
    181.48102158189363,
    48.78661836930622,
    15.0,
    917.3256967782756,
    15.98656975497403,
    1379.5740227068163,
    1,
    0,
    0,
    0.05289122098320788,
    1,
    0,
    0,
    0,
    -0.06834525270312174,
    -0.04810030798205696,
    22.77636321098209,
    0.00038161520749024663,
    490.80770848746783,
    14.91241886374284,
    0.3216283879635703,
    -0.06177787755278756,
    -0.053898901603270905,
    -0.05589698879215824,
    0,
    0,
    0.006669794140089128,
    -0.00026424512815437115,
    0,
    0,
    1.8546525874068907
  ],
  "max_drawdown_threshold": 0.15,
  "strategy_name": "\u5c0f\u9ad8\u5f00\u8ffd\u6da8"
}