{
  "generation": 60,
  "fitness": 2.969830606320421,
  "total_return": 5.37268,
  "max_drawdown": 0.1167449188502934,
  "sharpe_ratio": 5.726336598054305,
  "params": {
    "per_step_tick_gap": 18,
    "cold_start_steps": 41,
    "max_abserve_tick_steps": 51,
    "max_abserce_avg_price_down_steps": 12,
    "stop_profit_open_hc_pct": -0.07344386613425355,
    "dynamic_hc_stop_profit_thres": 1.4561406906432692,
    "last_close_price_hc_pct": -0.0029232546017207875,
    "last_day_sell_thres": 0.9134590624978101,
    "last_day_sell_huiche": 0.013802514105857762,
    "fd_mount": 84406677,
    "fd_vol_pct": 0.00461909391851467,
    "fd_ju_ticks": 9,
    "max_zb_times": 6,
    "stagnation_kline_ticks": 39,
    "decline_kline_ticks": 21,
    "yang_yin_threshold": 0.005137595574077924,
    "stagnation_n": 20,
    "stagnation_volume_ratio_threshold": 33.86844681027686,
    "stagnation_ratio_threshold": 378,
    "decline_volume_ratio_threshold": 57.99329156488109,
    "max_rebounds": 15,
    "decline_ratio_threshold": 1326,
    "flxd_ticks": 156,
    "flzz_ticks": 1518,
    "use_simiple_kline_strategy_flxd": false,
    "use_simiple_kline_strategy_flzz": false,
    "flzz_use_smooth_price": false,
    "flzz_zf_thresh": 0.05162394791698001,
    "kline_sell_flxd_zy": true,
    "kline_sell_flxd_zs": true,
    "kline_sell_flzz_zs": false,
    "kline_sell_flzz_zy": false,
    "last_open_price_hc_pct": -0.08,
    "open_price_max_hc": -0.05648367946973512,
    "loss_per_step_tick_gap": 23,
    "loss_cold_start_steps": 0,
    "loss_max_abserve_tick_steps": 484,
    "loss_max_abserce_avg_price_down_steps": 15,
    "loss_dynamic_hc_stop_profit_thres": 0.32166447927307307,
    "loss_last_close_price_hc_pct": -0.05488094760260263,
    "loss_last_open_price_hc_pct": -0.06592341063995964,
    "loss_open_price_max_hc": -0.05875694929030809,
    "loss_down_open_sell_wait_time": false,
    "down_open_sell_wait_time": false,
    "day_zy_line": 0.007082352348165013,
    "day_zs_line": -0.0003114904116922071,
    "sell_afternoon": false,
    "sell_half_afternoon": false,
    "sell_max_days": 2,
    "stop_profit_pct": 0.0,
    "static_hc_stop_profit_pct": 1.0,
    "loss_static_hc_stop_profit_pct": 1.0
  },
  "timestamp": "2025-09-06T01:42:24.714126",
  "individual": [
    18.201918520943952,
    40.69907932075692,
    51.058488159749444,
    11.6815710506237,
    -0.07344386613425355,
    1.4561406906432692,
    -0.0029232546017207875,
    0.9134590624978101,
    0.013802514105857762,
    84406677.04508889,
    0.00461909391851467,
    9.046167392816525,
    6.418621221492755,
    39.248130250179344,
    21.290557598429327,
    0.005137595574077924,
    19.892257296854226,
    33.86844681027686,
    378.1971365822628,
    57.99329156488109,
    14.520153176287538,
    1325.851082896558,
    156.47992999803085,
    1518.196261006724,
    0,
    0,
    0,
    0.05162394791698001,
    1,
    1,
    0,
    0,
    -0.08,
    -0.05648367946973512,
    23.114298855997315,
    0.0001174173613134196,
    483.78112667469304,
    14.876434096931465,
    0.32166447927307307,
    -0.05488094760260263,
    -0.06592341063995964,
    -0.05875694929030809,
    0,
    0,
    0.007082352348165013,
    -0.0003114904116922071,
    0,
    0,
    1.8326680420496984
  ],
  "max_drawdown_threshold": 0.15,
  "strategy_name": "\u5c0f\u9ad8\u5f00\u8ffd\u6da8"
}