{
  "params": {
    "per_step_tick_gap": 1,
    "cold_start_steps": 32,
    "max_abserve_tick_steps": 939,
    "max_abserce_avg_price_down_steps": 2,
    "stop_profit_open_hc_pct": -0.0670933014343109,
    "dynamic_hc_stop_profit_thres": 2.917020519389309,
    "last_close_price_hc_pct": 0.009066832365539642,
    "last_day_sell_thres": 0.6513575584588506,
    "last_day_sell_huiche": 0.008527860007964634,
    "fd_mount": 112211570,
    "fd_vol_pct": 0.5821389713801058,
    "fd_ju_ticks": 9,
    "max_zb_times": 21,
    "stagnation_kline_ticks": 20,
    "decline_kline_ticks": 11,
    "yang_yin_threshold": 0.0163767023116175,
    "stagnation_n": 18,
    "stagnation_volume_ratio_threshold": 30.12150516432736,
    "stagnation_ratio_threshold": 1282,
    "decline_volume_ratio_threshold": 61.185607347188515,
    "max_rebounds": 8,
    "decline_ratio_threshold": 90,
    "flxd_ticks": 254,
    "flzz_ticks": 1161,
    "use_simiple_kline_strategy_flxd": false,
    "use_simiple_kline_strategy_flzz": true,
    "flzz_use_smooth_price": true,
    "flzz_zf_thresh": -0.02786222883750058,
    "kline_sell_flxd_zy": false,
    "kline_sell_flxd_zs": true,
    "kline_sell_flzz_zs": false,
    "kline_sell_flzz_zy": true,
    "last_open_price_hc_pct": -0.02606690426399076,
    "open_price_max_hc": -0.011367663661366639,
    "loss_per_step_tick_gap": 2,
    "loss_cold_start_steps": 1,
    "loss_max_abserve_tick_steps": 30,
    "loss_max_abserce_avg_price_down_steps": 2,
    "loss_dynamic_hc_stop_profit_thres": 0.010339332463797122,
    "loss_last_close_price_hc_pct": 0.0016935184831327762,
    "loss_last_open_price_hc_pct": -0.07677933757148317,
    "loss_open_price_max_hc": -0.06330451061908478,
    "loss_down_open_sell_wait_time": true,
    "down_open_sell_wait_time": false,
    "day_zy_line": 0.0342770870772451,
    "day_zs_line": -0.0398477565575983,
    "sell_afternoon": false,
    "sell_half_afternoon": true,
    "sell_max_days": 3,
    "stop_profit_pct": 0.0,
    "static_hc_stop_profit_pct": 1.0,
    "loss_static_hc_stop_profit_pct": 1.0
  },
  "fitness": 7.607904465226858,
  "return": 77.735245,
  "drawdown": 0.18495618047266651,
  "sharpe": 7.436913131184414,
  "individual": [
    1.0,
    31.767921021956532,
    939.1126523217215,
    2.1503023261572993,
    -0.0670933014343109,
    2.917020519389309,
    0.009066832365539642,
    0.6513575584588506,
    0.008527860007964634,
    112211569.62379548,
    0.5821389713801058,
    8.857815299605013,
    20.61249651286495,
    20.246427810966768,
    10.677600238738894,
    0.0163767023116175,
    17.99865923692428,
    30.12150516432736,
    1282.106144729834,
    61.185607347188515,
    7.681469272939318,
    90.34912092540904,
    254.10628478475087,
    1161.066616284363,
    0,
    1,
    1,
    -0.02786222883750058,
    0,
    1,
    0,
    1,
    -0.02606690426399076,
    -0.011367663661366639,
    2.33299585840421,
    1.2070693550610598,
    30.32452828562122,
    1.9907003417756026,
    0.010339332463797122,
    0.0016935184831327762,
    -0.07677933757148317,
    -0.06330451061908478,
    1,
    0,
    0.0342770870772451,
    -0.0398477565575983,
    0,
    1,
    2.9272483769269693
  ],
  "max_drawdown_threshold": 0.25,
  "strategy_name": "\u9ad8\u5f3a\u4e2d\u4f4e\u5f00\u4f4e\u54382"
}