{
  "generation": 20,
  "fitness": 6.379121257777372,
  "total_return": 52.38484000000002,
  "max_drawdown": 0.21733502775454075,
  "sharpe_ratio": 6.747031202939913,
  "params": {
    "per_step_tick_gap": 3,
    "cold_start_steps": 35,
    "max_abserve_tick_steps": 758,
    "max_abserce_avg_price_down_steps": 8,
    "stop_profit_open_hc_pct": -0.06610757254186249,
    "dynamic_hc_stop_profit_thres": 7.415515084802721,
    "last_close_price_hc_pct": 0.008655473110967905,
    "last_day_sell_thres": 0.6079136410162743,
    "last_day_sell_huiche": 0.01206628854533562,
    "fd_mount": 140012001,
    "fd_vol_pct": 0.4377082465080365,
    "fd_ju_ticks": 43,
    "max_zb_times": 27,
    "stagnation_kline_ticks": 32,
    "decline_kline_ticks": 7,
    "yang_yin_threshold": 0.01354096876894128,
    "stagnation_n": 22,
    "stagnation_volume_ratio_threshold": 80.02934164866895,
    "stagnation_ratio_threshold": 1479,
    "decline_volume_ratio_threshold": 29.821922922988804,
    "max_rebounds": 9,
    "decline_ratio_threshold": 1500,
    "flxd_ticks": 82,
    "flzz_ticks": 945,
    "use_simiple_kline_strategy_flxd": false,
    "use_simiple_kline_strategy_flzz": true,
    "flzz_use_smooth_price": true,
    "flzz_zf_thresh": -0.025436762539105026,
    "kline_sell_flxd_zy": true,
    "kline_sell_flxd_zs": true,
    "kline_sell_flzz_zs": true,
    "kline_sell_flzz_zy": true,
    "last_open_price_hc_pct": 0.005548481647226001,
    "open_price_max_hc": -0.023841324405970366,
    "loss_per_step_tick_gap": 25,
    "loss_cold_start_steps": 0,
    "loss_max_abserve_tick_steps": 500,
    "loss_max_abserce_avg_price_down_steps": 1,
    "loss_dynamic_hc_stop_profit_thres": 0.6549602192924007,
    "loss_last_close_price_hc_pct": -0.010804525012282585,
    "loss_last_open_price_hc_pct": -0.035840831241838456,
    "loss_open_price_max_hc": -0.09617688385030185,
    "loss_down_open_sell_wait_time": true,
    "down_open_sell_wait_time": false,
    "day_zy_line": 0.032125276624346374,
    "day_zs_line": -0.05079670396229759,
    "sell_afternoon": false,
    "sell_half_afternoon": true,
    "sell_max_days": 3,
    "stop_profit_pct": 0.0,
    "static_hc_stop_profit_pct": 1.0,
    "loss_static_hc_stop_profit_pct": 1.0
  },
  "timestamp": "2025-09-06T12:01:28.855613",
  "individual": [
    2.5199861135956807,
    34.63756129492454,
    758.4436511713103,
    8.28652481711211,
    -0.06610757254186249,
    7.415515084802721,
    0.008655473110967905,
    0.6079136410162743,
    0.01206628854533562,
    140012001.39958504,
    0.4377082465080365,
    43.46353354761513,
    27.473281931735652,
    31.665612208777688,
    7.294927162883614,
    0.01354096876894128,
    21.767379483285954,
    80.02934164866895,
    1479.2817923223622,
    29.821922922988804,
    9.417247976036185,
    1500.0,
    81.62012696657179,
    945.4976773393862,
    0,
    1,
    1,
    -0.025436762539105026,
    1,
    1,
    1,
    1,
    0.005548481647226001,
    -0.023841324405970366,
    25.0,
    0.0,
    500.0,
    1.0,
    0.6549602192924007,
    -0.010804525012282585,
    -0.035840831241838456,
    -0.09617688385030185,
    1,
    0,
    0.032125276624346374,
    -0.05079670396229759,
    0,
    1,
    3.360083926272537
  ],
  "max_drawdown_threshold": 0.25,
  "strategy_name": "\u9ad8\u5f3a\u4e2d\u4f4e\u5f00\u4f4e\u54382"
}