{
  "generation": 30,
  "fitness": 6.938896791130907,
  "total_return": 64.50906500000002,
  "max_drawdown": 0.20915795864204131,
  "sharpe_ratio": 6.994273756883324,
  "params": {
    "per_step_tick_gap": 10,
    "cold_start_steps": 27,
    "max_abserve_tick_steps": 984,
    "max_abserce_avg_price_down_steps": 9,
    "stop_profit_open_hc_pct": -0.044615528931823994,
    "dynamic_hc_stop_profit_thres": 3.1340132082956185,
    "last_close_price_hc_pct": 0.00861679236822133,
    "last_day_sell_thres": 0.7054176836791012,
    "last_day_sell_huiche": 0.006432485315567034,
    "fd_mount": 137206681,
    "fd_vol_pct": 0.5283501910362278,
    "fd_ju_ticks": 43,
    "max_zb_times": 27,
    "stagnation_kline_ticks": 15,
    "decline_kline_ticks": 11,
    "yang_yin_threshold": 0.011203514846060855,
    "stagnation_n": 21,
    "stagnation_volume_ratio_threshold": 68.87502753653771,
    "stagnation_ratio_threshold": 1402,
    "decline_volume_ratio_threshold": 50.06303386678674,
    "max_rebounds": 13,
    "decline_ratio_threshold": 301,
    "flxd_ticks": 220,
    "flzz_ticks": 1744,
    "use_simiple_kline_strategy_flxd": false,
    "use_simiple_kline_strategy_flzz": true,
    "flzz_use_smooth_price": true,
    "flzz_zf_thresh": -0.049150105223218346,
    "kline_sell_flxd_zy": false,
    "kline_sell_flxd_zs": true,
    "kline_sell_flzz_zs": true,
    "kline_sell_flzz_zy": true,
    "last_open_price_hc_pct": 0.0055156613696214895,
    "open_price_max_hc": -0.003776839707063735,
    "loss_per_step_tick_gap": 1,
    "loss_cold_start_steps": 0,
    "loss_max_abserve_tick_steps": 203,
    "loss_max_abserce_avg_price_down_steps": 2,
    "loss_dynamic_hc_stop_profit_thres": 0.01,
    "loss_last_close_price_hc_pct": -0.017469254165074187,
    "loss_last_open_price_hc_pct": -0.0471335791329352,
    "loss_open_price_max_hc": -0.07622223560483803,
    "loss_down_open_sell_wait_time": true,
    "down_open_sell_wait_time": true,
    "day_zy_line": 0.033293873538566984,
    "day_zs_line": -0.0481111712938828,
    "sell_afternoon": false,
    "sell_half_afternoon": true,
    "sell_max_days": 3,
    "stop_profit_pct": 0.0,
    "static_hc_stop_profit_pct": 1.0,
    "loss_static_hc_stop_profit_pct": 1.0
  },
  "timestamp": "2025-09-06T12:03:45.035113",
  "individual": [
    9.662051038440469,
    26.538481565844904,
    984.3770047022635,
    9.330187004378308,
    -0.044615528931823994,
    3.1340132082956185,
    0.00861679236822133,
    0.7054176836791012,
    0.006432485315567034,
    137206681.17722517,
    0.5283501910362278,
    42.57881266186367,
    26.646707702903086,
    15.08013745774986,
    10.721243999392637,
    0.011203514846060855,
    21.27613294343954,
    68.87502753653771,
    1402.3669863367836,
    50.06303386678674,
    13.105627846415821,
    301.0004824171727,
    219.98254741858193,
    1744.121246513498,
    0,
    1,
    1,
    -0.049150105223218346,
    0,
    1,
    1,
    1,
    0.0055156613696214895,
    -0.003776839707063735,
    1.0,
    0.4464159434074171,
    203.36719088962607,
    1.6147034155624707,
    0.01,
    -0.017469254165074187,
    -0.0471335791329352,
    -0.07622223560483803,
    1,
    1,
    0.033293873538566984,
    -0.0481111712938828,
    0,
    1,
    3.355205751324745
  ],
  "max_drawdown_threshold": 0.25,
  "strategy_name": "\u9ad8\u5f3a\u4e2d\u4f4e\u5f00\u4f4e\u54382"
}