{
  "generation": 50,
  "fitness": 2.600744210466675,
  "total_return": 4.030735,
  "max_drawdown": 0.2099145212299798,
  "sharpe_ratio": 5.72682743268226,
  "params": {
    "per_step_tick_gap": 16,
    "cold_start_steps": 10,
    "max_abserve_tick_steps": 80,
    "max_abserce_avg_price_down_steps": 13,
    "stop_profit_open_hc_pct": -0.10681599195091569,
    "dynamic_hc_stop_profit_thres": 2.7295775429481397,
    "last_close_price_hc_pct": 0.007402651274545223,
    "last_day_sell_thres": 0.7940768121938943,
    "last_day_sell_huiche": 0.005593067846934614,
    "fd_mount": 141433781,
    "fd_vol_pct": 0.46098240060229156,
    "fd_ju_ticks": 50,
    "max_zb_times": 13,
    "stagnation_kline_ticks": 20,
    "decline_kline_ticks": 50,
    "yang_yin_threshold": 0.004763405055792238,
    "stagnation_n": 25,
    "stagnation_volume_ratio_threshold": 55.51213463417027,
    "stagnation_ratio_threshold": 406,
    "decline_volume_ratio_threshold": 65.6388154606849,
    "max_rebounds": 0,
    "decline_ratio_threshold": 1498,
    "flxd_ticks": 217,
    "flzz_ticks": 1972,
    "use_simiple_kline_strategy_flxd": true,
    "use_simiple_kline_strategy_flzz": true,
    "flzz_use_smooth_price": true,
    "flzz_zf_thresh": -0.06103922051891149,
    "kline_sell_flxd_zy": false,
    "kline_sell_flxd_zs": true,
    "kline_sell_flzz_zs": false,
    "kline_sell_flzz_zy": true,
    "last_open_price_hc_pct": -0.013974782456032824,
    "open_price_max_hc": -0.00018393623227018385,
    "loss_per_step_tick_gap": 21,
    "loss_cold_start_steps": 11,
    "loss_max_abserve_tick_steps": 258,
    "loss_max_abserce_avg_price_down_steps": 15,
    "loss_dynamic_hc_stop_profit_thres": 1.314874095853633,
    "loss_last_close_price_hc_pct": -0.06126571449527539,
    "loss_last_open_price_hc_pct": -0.007139528193344525,
    "loss_open_price_max_hc": 0.0,
    "loss_down_open_sell_wait_time": true,
    "down_open_sell_wait_time": false,
    "day_zy_line": 0.002758298284473742,
    "day_zs_line": -0.20474111696101327,
    "sell_afternoon": false,
    "sell_half_afternoon": false,
    "sell_max_days": 1,
    "stop_profit_pct": 0.0,
    "static_hc_stop_profit_pct": 1.0,
    "loss_static_hc_stop_profit_pct": 1.0
  },
  "timestamp": "2025-09-06T01:26:11.315914",
  "individual": [
    15.540696930861696,
    10.218141861191057,
    79.53385087650845,
    12.521949426929407,
    -0.10681599195091569,
    2.7295775429481397,
    0.007402651274545223,
    0.7940768121938943,
    0.005593067846934614,
    141433781.25051153,
    0.46098240060229156,
    49.81802415249726,
    13.109452825587006,
    19.609310114842692,
    49.60091939403742,
    0.004763405055792238,
    25.113160994637592,
    55.51213463417027,
    405.65997299495285,
    65.6388154606849,
    0.0,
    1497.8815276246364,
    216.936506734549,
    1971.7476176548869,
    1,
    1,
    1,
    -0.06103922051891149,
    0,
    1,
    0,
    1,
    -0.013974782456032824,
    -0.00018393623227018385,
    20.723657853356922,
    10.904814058406293,
    257.9879645272232,
    15.0,
    1.314874095853633,
    -0.06126571449527539,
    -0.007139528193344525,
    0.0,
    1,
    0,
    0.002758298284473742,
    -0.20474111696101327,
    0,
    0,
    1.3369622656246727
  ],
  "max_drawdown_threshold": 0.25,
  "strategy_name": "\u5c0f\u9ad8\u5f00\u8ffd\u6da8"
}