{
  "generation": 20,
  "fitness": 2.5781915842959324,
  "total_return": 3.9569200000000007,
  "max_drawdown": 0.20994111295744664,
  "sharpe_ratio": 5.6819074023614835,
  "params": {
    "per_step_tick_gap": 16,
    "cold_start_steps": 8,
    "max_abserve_tick_steps": 664,
    "max_abserce_avg_price_down_steps": 13,
    "stop_profit_open_hc_pct": -0.1152595895580813,
    "dynamic_hc_stop_profit_thres": 2.3420818145769036,
    "last_close_price_hc_pct": 0.00824103262373524,
    "last_day_sell_thres": 0.9511757166670003,
    "last_day_sell_huiche": 0.006899254534172493,
    "fd_mount": 142010081,
    "fd_vol_pct": 0.23798161030868045,
    "fd_ju_ticks": 50,
    "max_zb_times": 11,
    "stagnation_kline_ticks": 20,
    "decline_kline_ticks": 46,
    "yang_yin_threshold": 0.004517171046976551,
    "stagnation_n": 28,
    "stagnation_volume_ratio_threshold": 55.791353902321134,
    "stagnation_ratio_threshold": 956,
    "decline_volume_ratio_threshold": 66.10068004064367,
    "max_rebounds": 0,
    "decline_ratio_threshold": 1108,
    "flxd_ticks": 249,
    "flzz_ticks": 751,
    "use_simiple_kline_strategy_flxd": true,
    "use_simiple_kline_strategy_flzz": true,
    "flzz_use_smooth_price": true,
    "flzz_zf_thresh": -0.07,
    "kline_sell_flxd_zy": true,
    "kline_sell_flxd_zs": true,
    "kline_sell_flzz_zs": false,
    "kline_sell_flzz_zy": true,
    "last_open_price_hc_pct": -0.011732599668719711,
    "open_price_max_hc": 0.0,
    "loss_per_step_tick_gap": 14,
    "loss_cold_start_steps": 19,
    "loss_max_abserve_tick_steps": 244,
    "loss_max_abserce_avg_price_down_steps": 1,
    "loss_dynamic_hc_stop_profit_thres": 6.345791084822038,
    "loss_last_close_price_hc_pct": -0.05819768487410981,
    "loss_last_open_price_hc_pct": -0.039425133534082085,
    "loss_open_price_max_hc": -0.08531128336819745,
    "loss_down_open_sell_wait_time": true,
    "down_open_sell_wait_time": false,
    "day_zy_line": 0.0030271248917149683,
    "day_zs_line": -0.24868007147273857,
    "sell_afternoon": false,
    "sell_half_afternoon": false,
    "sell_max_days": 1,
    "stop_profit_pct": 0.0,
    "static_hc_stop_profit_pct": 1.0,
    "loss_static_hc_stop_profit_pct": 1.0
  },
  "timestamp": "2025-09-06T01:24:03.659283",
  "individual": [
    15.982323218910333,
    8.038573902019793,
    664.1300635740472,
    12.714365534726458,
    -0.1152595895580813,
    2.3420818145769036,
    0.00824103262373524,
    0.9511757166670003,
    0.006899254534172493,
    142010080.88534218,
    0.23798161030868045,
    49.73625975421281,
    11.171688059269073,
    19.836861499617818,
    46.07473515881571,
    0.004517171046976551,
    28.43046684009003,
    55.791353902321134,
    956.09110030384,
    66.10068004064367,
    0.0,
    1107.6642326613533,
    248.97887982818114,
    750.7607357913556,
    1,
    1,
    1,
    -0.07,
    1,
    1,
    0,
    1,
    -0.011732599668719711,
    0.0,
    13.718606077461992,
    19.421010000641132,
    244.31576288626292,
    1.3868820600745235,
    6.345791084822038,
    -0.05819768487410981,
    -0.039425133534082085,
    -0.08531128336819745,
    1,
    0,
    0.0030271248917149683,
    -0.24868007147273857,
    0,
    0,
    1.3778998720630034
  ],
  "max_drawdown_threshold": 0.25,
  "strategy_name": "\u5c0f\u9ad8\u5f00\u8ffd\u6da8"
}