{
  "generation": 40,
  "fitness": 2.334936212391051,
  "total_return": 4.303385,
  "max_drawdown": 0.2064111012705514,
  "sharpe_ratio": 3.8514271135986684,
  "params": {
    "per_step_tick_gap": 23,
    "cold_start_steps": 12,
    "max_abserve_tick_steps": 699,
    "max_abserce_avg_price_down_steps": 14,
    "stop_profit_open_hc_pct": -0.1336929000682926,
    "dynamic_hc_stop_profit_thres": 3.645992632934535,
    "last_close_price_hc_pct": -0.01403463322254406,
    "last_day_sell_thres": 0.8850559032592881,
    "last_day_sell_huiche": 0.01682640685297933,
    "fd_mount": 144136238,
    "fd_vol_pct": 0.27080777685242263,
    "fd_ju_ticks": 34,
    "max_zb_times": 18,
    "stagnation_kline_ticks": 25,
    "decline_kline_ticks": 49,
    "yang_yin_threshold": 0.009878575016698154,
    "stagnation_n": 28,
    "stagnation_volume_ratio_threshold": 34.47922958349569,
    "stagnation_ratio_threshold": 576,
    "decline_volume_ratio_threshold": 12.931367270529861,
    "max_rebounds": 12,
    "decline_ratio_threshold": 781,
    "flxd_ticks": 210,
    "flzz_ticks": 1432,
    "use_simiple_kline_strategy_flxd": false,
    "use_simiple_kline_strategy_flzz": true,
    "flzz_use_smooth_price": true,
    "flzz_zf_thresh": 0.0369500513151016,
    "kline_sell_flxd_zy": true,
    "kline_sell_flxd_zs": false,
    "kline_sell_flzz_zs": true,
    "kline_sell_flzz_zy": true,
    "last_open_price_hc_pct": -0.03320120789579071,
    "open_price_max_hc": 0.0,
    "loss_per_step_tick_gap": 22,
    "loss_cold_start_steps": 27,
    "loss_max_abserve_tick_steps": 166,
    "loss_max_abserce_avg_price_down_steps": 2,
    "loss_dynamic_hc_stop_profit_thres": 6.3119392143363795,
    "loss_last_close_price_hc_pct": -0.06712018342710255,
    "loss_last_open_price_hc_pct": 0.008712726469993977,
    "loss_open_price_max_hc": -0.05598049414066562,
    "loss_down_open_sell_wait_time": true,
    "down_open_sell_wait_time": true,
    "day_zy_line": 0.0001543168363875978,
    "day_zs_line": -0.07576410651479673,
    "sell_afternoon": true,
    "sell_half_afternoon": true,
    "sell_max_days": 1,
    "stop_profit_pct": 0.0,
    "static_hc_stop_profit_pct": 1.0,
    "loss_static_hc_stop_profit_pct": 1.0
  },
  "timestamp": "2025-09-07T19:50:02.283205",
  "individual": [
    23.433607520293634,
    11.72959998280998,
    699.4046706708691,
    14.34666928115779,
    -0.1336929000682926,
    3.645992632934535,
    -0.01403463322254406,
    0.8850559032592881,
    0.01682640685297933,
    144136237.852754,
    0.27080777685242263,
    33.93633643185491,
    18.277528279629664,
    25.163141202641683,
    49.32727733374851,
    0.009878575016698154,
    28.151794457310924,
    34.47922958349569,
    576.3106977044564,
    12.931367270529861,
    11.551486113678708,
    781.3674273005115,
    210.15647865145422,
    1431.9152713717165,
    0,
    1,
    1,
    0.0369500513151016,
    1,
    0,
    1,
    1,
    -0.03320120789579071,
    0.0,
    21.94175036828498,
    26.627639754279006,
    165.75782558952557,
    1.9884155820167764,
    6.3119392143363795,
    -0.06712018342710255,
    0.008712726469993977,
    -0.05598049414066562,
    1,
    1,
    0.0001543168363875978,
    -0.07576410651479673,
    1,
    1,
    1.0291790851851
  ],
  "max_drawdown_threshold": 0.25,
  "strategy_name": "\u542f\u52a8\u4f4e\u54387\u5929"
}