{
  "generation": 30,
  "fitness": 2.3016643861120936,
  "total_return": 4.17367,
  "max_drawdown": 0.20633223262100703,
  "sharpe_ratio": 3.80173081341516,
  "params": {
    "per_step_tick_gap": 23,
    "cold_start_steps": 15,
    "max_abserve_tick_steps": 691,
    "max_abserce_avg_price_down_steps": 15,
    "stop_profit_open_hc_pct": -0.12441287762417516,
    "dynamic_hc_stop_profit_thres": 3.507170845755819,
    "last_close_price_hc_pct": -0.013900739096760562,
    "last_day_sell_thres": 0.8904774239511386,
    "last_day_sell_huiche": 0.012050318545207616,
    "fd_mount": 136027962,
    "fd_vol_pct": 0.4032317667446968,
    "fd_ju_ticks": 35,
    "max_zb_times": 18,
    "stagnation_kline_ticks": 25,
    "decline_kline_ticks": 50,
    "yang_yin_threshold": 0.008969519073466518,
    "stagnation_n": 22,
    "stagnation_volume_ratio_threshold": 41.67474725047319,
    "stagnation_ratio_threshold": 619,
    "decline_volume_ratio_threshold": 13.776939313226945,
    "max_rebounds": 5,
    "decline_ratio_threshold": 598,
    "flxd_ticks": 214,
    "flzz_ticks": 1205,
    "use_simiple_kline_strategy_flxd": false,
    "use_simiple_kline_strategy_flzz": true,
    "flzz_use_smooth_price": true,
    "flzz_zf_thresh": 0.03834806143584032,
    "kline_sell_flxd_zy": true,
    "kline_sell_flxd_zs": false,
    "kline_sell_flzz_zs": true,
    "kline_sell_flzz_zy": true,
    "last_open_price_hc_pct": -0.029849288488705546,
    "open_price_max_hc": -0.00014584926991645765,
    "loss_per_step_tick_gap": 22,
    "loss_cold_start_steps": 28,
    "loss_max_abserve_tick_steps": 245,
    "loss_max_abserce_avg_price_down_steps": 2,
    "loss_dynamic_hc_stop_profit_thres": 7.195863766039869,
    "loss_last_close_price_hc_pct": -0.05704712945828764,
    "loss_last_open_price_hc_pct": 0.009064641269364543,
    "loss_open_price_max_hc": -0.052045270067851604,
    "loss_down_open_sell_wait_time": true,
    "down_open_sell_wait_time": false,
    "day_zy_line": 3.0157686195895566e-05,
    "day_zs_line": -0.07574720911015789,
    "sell_afternoon": true,
    "sell_half_afternoon": true,
    "sell_max_days": 1,
    "stop_profit_pct": 0.0,
    "static_hc_stop_profit_pct": 1.0,
    "loss_static_hc_stop_profit_pct": 1.0
  },
  "timestamp": "2025-09-07T19:46:17.178860",
  "individual": [
    23.31145379595485,
    14.720547304901654,
    691.317838104353,
    14.981777888828276,
    -0.12441287762417516,
    3.507170845755819,
    -0.013900739096760562,
    0.8904774239511386,
    0.012050318545207616,
    136027961.68378076,
    0.4032317667446968,
    35.21285008972489,
    18.330566066065625,
    25.157111684443286,
    49.644858896797174,
    0.008969519073466518,
    21.699655309781548,
    41.67474725047319,
    619.1598875463371,
    13.776939313226945,
    5.430555657551051,
    597.6243328726349,
    213.82406755147574,
    1204.9016633413912,
    0,
    1,
    1,
    0.03834806143584032,
    1,
    0,
    1,
    1,
    -0.029849288488705546,
    -0.00014584926991645765,
    21.814508349791296,
    27.780520651625675,
    245.04069555852814,
    2.0426638649900597,
    7.195863766039869,
    -0.05704712945828764,
    0.009064641269364543,
    -0.052045270067851604,
    1,
    0,
    3.0157686195895566e-05,
    -0.07574720911015789,
    1,
    1,
    1.0303793522935698
  ],
  "max_drawdown_threshold": 0.25,
  "strategy_name": "\u542f\u52a8\u4f4e\u54387\u5929"
}