{
  "generation": 20,
  "fitness": 2.2524469916318473,
  "total_return": 3.964154999999999,
  "max_drawdown": 0.2013483067724743,
  "sharpe_ratio": 3.7247837354172715,
  "params": {
    "per_step_tick_gap": 23,
    "cold_start_steps": 41,
    "max_abserve_tick_steps": 706,
    "max_abserce_avg_price_down_steps": 15,
    "stop_profit_open_hc_pct": -0.12749499848279733,
    "dynamic_hc_stop_profit_thres": 3.518449146884672,
    "last_close_price_hc_pct": -0.02955636367568158,
    "last_day_sell_thres": 0.8771659090462204,
    "last_day_sell_huiche": 0.018122499451649975,
    "fd_mount": 106899795,
    "fd_vol_pct": 0.5212122137546437,
    "fd_ju_ticks": 39,
    "max_zb_times": 12,
    "stagnation_kline_ticks": 27,
    "decline_kline_ticks": 49,
    "yang_yin_threshold": 0.012991947387547458,
    "stagnation_n": 19,
    "stagnation_volume_ratio_threshold": 28.874322294544967,
    "stagnation_ratio_threshold": 178,
    "decline_volume_ratio_threshold": 9.624717085209953,
    "max_rebounds": 8,
    "decline_ratio_threshold": 585,
    "flxd_ticks": 208,
    "flzz_ticks": 1126,
    "use_simiple_kline_strategy_flxd": false,
    "use_simiple_kline_strategy_flzz": true,
    "flzz_use_smooth_price": false,
    "flzz_zf_thresh": 0.03622423771095255,
    "kline_sell_flxd_zy": true,
    "kline_sell_flxd_zs": false,
    "kline_sell_flzz_zs": true,
    "kline_sell_flzz_zy": true,
    "last_open_price_hc_pct": -0.043130246528855734,
    "open_price_max_hc": -9.735644321895264e-05,
    "loss_per_step_tick_gap": 22,
    "loss_cold_start_steps": 25,
    "loss_max_abserve_tick_steps": 200,
    "loss_max_abserce_avg_price_down_steps": 3,
    "loss_dynamic_hc_stop_profit_thres": 8.0,
    "loss_last_close_price_hc_pct": -0.06594607536991517,
    "loss_last_open_price_hc_pct": 0.009079456271176867,
    "loss_open_price_max_hc": -0.05046603723817345,
    "loss_down_open_sell_wait_time": true,
    "down_open_sell_wait_time": false,
    "day_zy_line": 0.0,
    "day_zs_line": -0.07582226802773677,
    "sell_afternoon": true,
    "sell_half_afternoon": true,
    "sell_max_days": 1,
    "stop_profit_pct": 0.0,
    "static_hc_stop_profit_pct": 1.0,
    "loss_static_hc_stop_profit_pct": 1.0
  },
  "timestamp": "2025-09-07T19:42:24.733294",
  "individual": [
    23.473324040423382,
    41.16875759207823,
    705.5254294129769,
    14.988924279538708,
    -0.12749499848279733,
    3.518449146884672,
    -0.02955636367568158,
    0.8771659090462204,
    0.018122499451649975,
    106899794.99374777,
    0.5212122137546437,
    39.01478642992554,
    11.509681335236921,
    26.845283510103677,
    49.15556556142846,
    0.012991947387547458,
    18.566194002594656,
    28.874322294544967,
    177.77723486498235,
    9.624717085209953,
    8.065602871005366,
    584.9929977951986,
    208.42776178676058,
    1126.056831110543,
    0,
    1,
    0,
    0.03622423771095255,
    1,
    0,
    1,
    1,
    -0.043130246528855734,
    -9.735644321895264e-05,
    21.66688273830809,
    25.394154310234143,
    200.04019521784252,
    3.1219561134635088,
    8.0,
    -0.06594607536991517,
    0.009079456271176867,
    -0.05046603723817345,
    1,
    0,
    0.0,
    -0.07582226802773677,
    1,
    1,
    1.027980045498183
  ],
  "max_drawdown_threshold": 0.25,
  "strategy_name": "\u542f\u52a8\u4f4e\u54387\u5929"
}