{
  "generation": 10,
  "fitness": 2.095860763590091,
  "total_return": 3.364469999999999,
  "max_drawdown": 0.19950137823270186,
  "sharpe_ratio": 3.519465851759807,
  "params": {
    "per_step_tick_gap": 23,
    "cold_start_steps": 38,
    "max_abserve_tick_steps": 701,
    "max_abserce_avg_price_down_steps": 15,
    "stop_profit_open_hc_pct": -0.12713182133772552,
    "dynamic_hc_stop_profit_thres": 3.4331415939827816,
    "last_close_price_hc_pct": -0.030408023365861597,
    "last_day_sell_thres": 0.8770474462663111,
    "last_day_sell_huiche": 0.013182334772384518,
    "fd_mount": 109088368,
    "fd_vol_pct": 0.5219487603389069,
    "fd_ju_ticks": 36,
    "max_zb_times": 11,
    "stagnation_kline_ticks": 27,
    "decline_kline_ticks": 50,
    "yang_yin_threshold": 0.011854810568698446,
    "stagnation_n": 19,
    "stagnation_volume_ratio_threshold": 31.794064475032837,
    "stagnation_ratio_threshold": 35,
    "decline_volume_ratio_threshold": 9.977556421016724,
    "max_rebounds": 8,
    "decline_ratio_threshold": 585,
    "flxd_ticks": 206,
    "flzz_ticks": 1175,
    "use_simiple_kline_strategy_flxd": false,
    "use_simiple_kline_strategy_flzz": true,
    "flzz_use_smooth_price": false,
    "flzz_zf_thresh": 0.03012524885265588,
    "kline_sell_flxd_zy": true,
    "kline_sell_flxd_zs": false,
    "kline_sell_flzz_zs": true,
    "kline_sell_flzz_zy": true,
    "last_open_price_hc_pct": -0.03329834080229659,
    "open_price_max_hc": -0.0001095830288256431,
    "loss_per_step_tick_gap": 22,
    "loss_cold_start_steps": 25,
    "loss_max_abserve_tick_steps": 200,
    "loss_max_abserce_avg_price_down_steps": 3,
    "loss_dynamic_hc_stop_profit_thres": 8.0,
    "loss_last_close_price_hc_pct": -0.06438638439143772,
    "loss_last_open_price_hc_pct": 0.01,
    "loss_open_price_max_hc": -0.05221342246794244,
    "loss_down_open_sell_wait_time": true,
    "down_open_sell_wait_time": false,
    "day_zy_line": 0.0,
    "day_zs_line": -0.07733826696855736,
    "sell_afternoon": true,
    "sell_half_afternoon": true,
    "sell_max_days": 1,
    "stop_profit_pct": 0.0,
    "static_hc_stop_profit_pct": 1.0,
    "loss_static_hc_stop_profit_pct": 1.0
  },
  "timestamp": "2025-09-07T19:38:10.153018",
  "individual": [
    23.486573381281758,
    37.992560748817,
    700.6868947331088,
    14.970433043878778,
    -0.12713182133772552,
    3.4331415939827816,
    -0.030408023365861597,
    0.8770474462663111,
    0.013182334772384518,
    109088368.15156591,
    0.5219487603389069,
    36.32345880316527,
    10.801519970895983,
    26.728264624795138,
    50.0,
    0.011854810568698446,
    18.531723242002897,
    31.794064475032837,
    34.7764382479707,
    9.977556421016724,
    7.582501759866833,
    585.2275548045826,
    205.71010675798897,
    1174.7445420855472,
    0,
    1,
    0,
    0.03012524885265588,
    1,
    0,
    1,
    1,
    -0.03329834080229659,
    -0.0001095830288256431,
    22.01942872425731,
    25.186502403706143,
    200.25876825275523,
    3.1030483504990416,
    8.0,
    -0.06438638439143772,
    0.01,
    -0.05221342246794244,
    1,
    0,
    0.0,
    -0.07733826696855736,
    1,
    1,
    1.0279483985397329
  ],
  "max_drawdown_threshold": 0.25,
  "strategy_name": "\u542f\u52a8\u4f4e\u54387\u5929"
}