{
  "params": {
    "per_step_tick_gap": 14,
    "cold_start_steps": 21,
    "max_abserve_tick_steps": 688,
    "max_abserce_avg_price_down_steps": 5,
    "stop_profit_open_hc_pct": -0.14434534146133335,
    "dynamic_hc_stop_profit_thres": 0.34887566466390285,
    "last_close_price_hc_pct": 0.009900010439712198,
    "last_day_sell_thres": 0.9793077824922035,
    "last_day_sell_huiche": 0.008733069801992736,
    "fd_mount": 103280507,
    "fd_vol_pct": 0.461307975507421,
    "fd_ju_ticks": 1,
    "max_zb_times": 1,
    "stagnation_kline_ticks": 29,
    "decline_kline_ticks": 33,
    "yang_yin_threshold": 0.010029104499523307,
    "stagnation_n": 29,
    "stagnation_volume_ratio_threshold": 48.944807796888036,
    "stagnation_ratio_threshold": 597,
    "decline_volume_ratio_threshold": 19.196195133475022,
    "max_rebounds": 0,
    "decline_ratio_threshold": 909,
    "flxd_ticks": 348,
    "flzz_ticks": 855,
    "use_simiple_kline_strategy_flxd": true,
    "use_simiple_kline_strategy_flzz": false,
    "flzz_use_smooth_price": false,
    "flzz_zf_thresh": 0.09846866528869569,
    "kline_sell_flxd_zy": false,
    "kline_sell_flxd_zs": true,
    "kline_sell_flzz_zs": true,
    "kline_sell_flzz_zy": true,
    "last_open_price_hc_pct": -0.017992408811599993,
    "open_price_max_hc": -0.0001556764463843429,
    "loss_per_step_tick_gap": 1,
    "loss_cold_start_steps": 1,
    "loss_max_abserve_tick_steps": 56,
    "loss_max_abserce_avg_price_down_steps": 12,
    "loss_dynamic_hc_stop_profit_thres": 0.010000000000000002,
    "loss_last_close_price_hc_pct": -0.04181789338891646,
    "loss_last_open_price_hc_pct": 0.009649778493764433,
    "loss_open_price_max_hc": -0.0006999835176486604,
    "loss_down_open_sell_wait_time": false,
    "down_open_sell_wait_time": false,
    "day_zy_line": 0.03271366441706974,
    "day_zs_line": -0.03630322411643912,
    "sell_afternoon": true,
    "sell_half_afternoon": true,
    "sell_max_days": 3,
    "stop_profit_pct": 0.0,
    "static_hc_stop_profit_pct": 1.0,
    "loss_static_hc_stop_profit_pct": 1.0
  },
  "fitness": 6.051743554751207,
  "return": 61.67778999999998,
  "drawdown": 0.17929326216630298,
  "sharpe": 7.250610096055741,
  "individual": [
    13.919303204472847,
    21.178271374043526,
    688.4295037374208,
    5.250503526487932,
    -0.14434534146133335,
    0.34887566466390285,
    0.009900010439712198,
    0.9793077824922035,
    0.008733069801992736,
    103280507.19449195,
    0.461307975507421,
    1.0001619070601981,
    1.0,
    28.59820843802806,
    33.173821530938504,
    0.010029104499523307,
    29.45862939248197,
    48.944807796888036,
    597.1454374895741,
    19.196195133475022,
    0.01376548842057095,
    909.2450706457876,
    347.5763379290814,
    854.9289993348277,
    1,
    0,
    0,
    0.09846866528869569,
    0,
    1,
    1,
    1,
    -0.017992408811599993,
    -0.0001556764463843429,
    1.000912555973771,
    1.156574839917842,
    56.04359731906705,
    12.422658258697185,
    0.010000000000000002,
    -0.04181789338891646,
    0.009649778493764433,
    -0.0006999835176486604,
    0,
    0,
    0.03271366441706974,
    -0.03630322411643912,
    1,
    1,
    2.6631876332537803
  ],
  "max_drawdown_threshold": 0.15,
  "strategy_name": "\u9ad8\u5f3a\u4e2d\u4f4e\u5f00\u4f4e\u54382"
}