{
  "generation": 30,
  "fitness": 5.574692950149719,
  "total_return": 51.38699,
  "max_drawdown": 0.18123522318753166,
  "sharpe_ratio": 7.005343638694704,
  "params": {
    "per_step_tick_gap": 21,
    "cold_start_steps": 32,
    "max_abserve_tick_steps": 841,
    "max_abserce_avg_price_down_steps": 5,
    "stop_profit_open_hc_pct": -0.12395750263318059,
    "dynamic_hc_stop_profit_thres": 0.3569644568017925,
    "last_close_price_hc_pct": 0.01,
    "last_day_sell_thres": 0.4090386680634327,
    "last_day_sell_huiche": 0.009895760088393114,
    "fd_mount": 110744488,
    "fd_vol_pct": 0.4519671377199019,
    "fd_ju_ticks": 1,
    "max_zb_times": 9,
    "stagnation_kline_ticks": 28,
    "decline_kline_ticks": 30,
    "yang_yin_threshold": 0.005971065165690879,
    "stagnation_n": 16,
    "stagnation_volume_ratio_threshold": 30.891002420352336,
    "stagnation_ratio_threshold": 41,
    "decline_volume_ratio_threshold": 26.143045379246846,
    "max_rebounds": 5,
    "decline_ratio_threshold": 1067,
    "flxd_ticks": 344,
    "flzz_ticks": 1533,
    "use_simiple_kline_strategy_flxd": true,
    "use_simiple_kline_strategy_flzz": false,
    "flzz_use_smooth_price": false,
    "flzz_zf_thresh": 0.1,
    "kline_sell_flxd_zy": true,
    "kline_sell_flxd_zs": false,
    "kline_sell_flzz_zs": false,
    "kline_sell_flzz_zy": false,
    "last_open_price_hc_pct": -0.012031573287318163,
    "open_price_max_hc": -0.0005077466696841452,
    "loss_per_step_tick_gap": 1,
    "loss_cold_start_steps": 0,
    "loss_max_abserve_tick_steps": 89,
    "loss_max_abserce_avg_price_down_steps": 5,
    "loss_dynamic_hc_stop_profit_thres": 0.01,
    "loss_last_close_price_hc_pct": -0.0522796948972996,
    "loss_last_open_price_hc_pct": -0.04562511800265167,
    "loss_open_price_max_hc": -0.0015943757030834858,
    "loss_down_open_sell_wait_time": false,
    "down_open_sell_wait_time": true,
    "day_zy_line": 0.03449167774955192,
    "day_zs_line": -0.03941920891705992,
    "sell_afternoon": true,
    "sell_half_afternoon": true,
    "sell_max_days": 3,
    "stop_profit_pct": 0.0,
    "static_hc_stop_profit_pct": 1.0,
    "loss_static_hc_stop_profit_pct": 1.0
  },
  "timestamp": "2025-09-06T12:32:36.751567",
  "individual": [
    21.465865053959536,
    32.34713735118745,
    841.3617909234947,
    4.592725944279842,
    -0.12395750263318059,
    0.3569644568017925,
    0.01,
    0.4090386680634327,
    0.009895760088393114,
    110744487.622609,
    0.4519671377199019,
    1.0,
    8.52416962235837,
    27.838360916287918,
    30.345895642742,
    0.005971065165690879,
    15.593413875060094,
    30.891002420352336,
    41.170316611189286,
    26.143045379246846,
    5.009897298652781,
    1066.9492006121252,
    344.32202051987423,
    1532.7544990518024,
    1,
    0,
    0,
    0.1,
    1,
    0,
    0,
    0,
    -0.012031573287318163,
    -0.0005077466696841452,
    1.0,
    0.022128091399402024,
    88.71390041510408,
    5.491226049622701,
    0.01,
    -0.0522796948972996,
    -0.04562511800265167,
    -0.0015943757030834858,
    0,
    1,
    0.03449167774955192,
    -0.03941920891705992,
    1,
    1,
    2.9018294090996077
  ],
  "max_drawdown_threshold": 0.15,
  "strategy_name": "\u9ad8\u5f3a\u4e2d\u4f4e\u5f00\u4f4e\u54382"
}