{
  "generation": 50,
  "fitness": 5.982381214657776,
  "total_return": 59.86823,
  "max_drawdown": 0.17929508950488146,
  "sharpe_ratio": 7.213548410188503,
  "params": {
    "per_step_tick_gap": 14,
    "cold_start_steps": 20,
    "max_abserve_tick_steps": 688,
    "max_abserce_avg_price_down_steps": 5,
    "stop_profit_open_hc_pct": -0.14405364660112524,
    "dynamic_hc_stop_profit_thres": 0.3699101161680766,
    "last_close_price_hc_pct": 0.009904079423937957,
    "last_day_sell_thres": 1.0,
    "last_day_sell_huiche": 0.008156321073171522,
    "fd_mount": 103635570,
    "fd_vol_pct": 0.46127336274788666,
    "fd_ju_ticks": 1,
    "max_zb_times": 1,
    "stagnation_kline_ticks": 33,
    "decline_kline_ticks": 35,
    "yang_yin_threshold": 0.008337311985516653,
    "stagnation_n": 29,
    "stagnation_volume_ratio_threshold": 52.100501242076255,
    "stagnation_ratio_threshold": 736,
    "decline_volume_ratio_threshold": 16.080457133703067,
    "max_rebounds": 0,
    "decline_ratio_threshold": 908,
    "flxd_ticks": 355,
    "flzz_ticks": 848,
    "use_simiple_kline_strategy_flxd": true,
    "use_simiple_kline_strategy_flzz": false,
    "flzz_use_smooth_price": true,
    "flzz_zf_thresh": 0.09854183685079262,
    "kline_sell_flxd_zy": false,
    "kline_sell_flxd_zs": true,
    "kline_sell_flzz_zs": true,
    "kline_sell_flzz_zy": false,
    "last_open_price_hc_pct": -0.018425290961338228,
    "open_price_max_hc": -0.0001540320289522369,
    "loss_per_step_tick_gap": 1,
    "loss_cold_start_steps": 1,
    "loss_max_abserve_tick_steps": 58,
    "loss_max_abserce_avg_price_down_steps": 12,
    "loss_dynamic_hc_stop_profit_thres": 0.010000000000000002,
    "loss_last_close_price_hc_pct": -0.04367603087153674,
    "loss_last_open_price_hc_pct": 0.01,
    "loss_open_price_max_hc": -0.0018980306684792472,
    "loss_down_open_sell_wait_time": false,
    "down_open_sell_wait_time": false,
    "day_zy_line": 0.03301976187172376,
    "day_zs_line": -0.0363698895732555,
    "sell_afternoon": true,
    "sell_half_afternoon": true,
    "sell_max_days": 3,
    "stop_profit_pct": 0.0,
    "static_hc_stop_profit_pct": 1.0,
    "loss_static_hc_stop_profit_pct": 1.0
  },
  "timestamp": "2025-09-06T12:36:10.733030",
  "individual": [
    14.002758080247368,
    20.03671903189554,
    688.4929670699674,
    5.244057593329893,
    -0.14405364660112524,
    0.3699101161680766,
    0.009904079423937957,
    1.0,
    0.008156321073171522,
    103635569.63910799,
    0.46127336274788666,
    1.0,
    1.009544592479333,
    33.120017081156085,
    35.08982324825267,
    0.008337311985516653,
    29.497225805553622,
    52.100501242076255,
    735.9014559499021,
    16.080457133703067,
    0.04429449676445143,
    907.944123601671,
    354.81352520667434,
    847.7856441559902,
    1,
    0,
    1,
    0.09854183685079262,
    0,
    1,
    1,
    0,
    -0.018425290961338228,
    -0.0001540320289522369,
    1.000790804668115,
    1.1398135253055839,
    58.09460391874573,
    12.047550334015783,
    0.010000000000000002,
    -0.04367603087153674,
    0.01,
    -0.0018980306684792472,
    0,
    0,
    0.03301976187172376,
    -0.0363698895732555,
    1,
    1,
    2.6519605322503894
  ],
  "max_drawdown_threshold": 0.15,
  "strategy_name": "\u9ad8\u5f3a\u4e2d\u4f4e\u5f00\u4f4e\u54382"
}