{
  "generation": 40,
  "fitness": 2.658091021907321,
  "total_return": 118.022815,
  "max_drawdown": 0.37927132109346445,
  "sharpe_ratio": 5.485702341587512,
  "params": {
    "per_step_tick_gap": 1,
    "cold_start_steps": 2,
    "max_abserve_tick_steps": 935,
    "max_abserce_avg_price_down_steps": 2,
    "stop_profit_open_hc_pct": -0.0953125919967372,
    "dynamic_hc_stop_profit_thres": 1.7121212666983534,
    "last_close_price_hc_pct": 0.01,
    "last_day_sell_thres": 0.3571178335650172,
    "last_day_sell_huiche": 0.006635589346536141,
    "fd_mount": 94837234,
    "fd_vol_pct": 0.46595240120638004,
    "fd_ju_ticks": 1,
    "max_zb_times": 1,
    "stagnation_kline_ticks": 46,
    "decline_kline_ticks": 9,
    "yang_yin_threshold": 0.03,
    "stagnation_n": 14,
    "stagnation_volume_ratio_threshold": 27.475581547257015,
    "stagnation_ratio_threshold": 1500,
    "decline_volume_ratio_threshold": 48.00442387370128,
    "max_rebounds": 0,
    "decline_ratio_threshold": 621,
    "flxd_ticks": 428,
    "flzz_ticks": 351,
    "use_simiple_kline_strategy_flxd": false,
    "use_simiple_kline_strategy_flzz": false,
    "flzz_use_smooth_price": false,
    "flzz_zf_thresh": -0.05527118979600661,
    "kline_sell_flxd_zy": false,
    "kline_sell_flxd_zs": true,
    "kline_sell_flzz_zs": false,
    "kline_sell_flzz_zy": false,
    "last_open_price_hc_pct": 0.01,
    "open_price_max_hc": -0.02066341323658396,
    "loss_per_step_tick_gap": 1,
    "loss_cold_start_steps": 29,
    "loss_max_abserve_tick_steps": 500,
    "loss_max_abserce_avg_price_down_steps": 5,
    "loss_dynamic_hc_stop_profit_thres": 2.9030531407915747,
    "loss_last_close_price_hc_pct": -0.05596908646114405,
    "loss_last_open_price_hc_pct": -0.04855356243928106,
    "loss_open_price_max_hc": -0.022650336721923785,
    "loss_down_open_sell_wait_time": true,
    "down_open_sell_wait_time": false,
    "day_zy_line": 0.002068303583946737,
    "day_zs_line": -0.13283249325085006,
    "sell_afternoon": true,
    "sell_half_afternoon": false,
    "sell_max_days": 2,
    "stop_profit_pct": 0.0,
    "static_hc_stop_profit_pct": 1.0,
    "loss_static_hc_stop_profit_pct": 1.0
  },
  "timestamp": "2025-09-05T19:08:31.622616",
  "individual": [
    1.0,
    1.9307270228662483,
    935.2057182420923,
    2.3262468638959244,
    -0.0953125919967372,
    1.7121212666983534,
    0.01,
    0.3571178335650172,
    0.006635589346536141,
    94837234.30035216,
    0.46595240120638004,
    1.0041906921878205,
    1.0,
    45.706174133388515,
    9.115480950022691,
    0.03,
    13.900186633821733,
    27.475581547257015,
    1500.0,
    48.00442387370128,
    0.0,
    621.2841400071758,
    427.52664771766456,
    350.720097220987,
    0,
    0,
    0,
    -0.05527118979600661,
    0,
    1,
    0,
    0,
    0.01,
    -0.02066341323658396,
    1.006025865216806,
    28.778210749498157,
    499.5832453515533,
    4.840037098466252,
    2.9030531407915747,
    -0.05596908646114405,
    -0.04855356243928106,
    -0.022650336721923785,
    1,
    0,
    0.002068303583946737,
    -0.13283249325085006,
    1,
    0,
    2.010261818540786
  ],
  "max_drawdown_threshold": 0.18
}