{
  "generation": 60,
  "fitness": 2.6801841976014966,
  "total_return": 120.57500499999998,
  "max_drawdown": 0.3792759758645754,
  "sharpe_ratio": 5.5064058529160915,
  "params": {
    "per_step_tick_gap": 1,
    "cold_start_steps": 2,
    "max_abserve_tick_steps": 919,
    "max_abserce_avg_price_down_steps": 2,
    "stop_profit_open_hc_pct": -0.09042092697863097,
    "dynamic_hc_stop_profit_thres": 1.6995866415641478,
    "last_close_price_hc_pct": 0.009370617644975932,
    "last_day_sell_thres": 0.38281923144196245,
    "last_day_sell_huiche": 0.007061390817372201,
    "fd_mount": 106983285,
    "fd_vol_pct": 0.3800110794987541,
    "fd_ju_ticks": 1,
    "max_zb_times": 1,
    "stagnation_kline_ticks": 48,
    "decline_kline_ticks": 9,
    "yang_yin_threshold": 0.028815562985155453,
    "stagnation_n": 7,
    "stagnation_volume_ratio_threshold": 35.472141310068665,
    "stagnation_ratio_threshold": 1468,
    "decline_volume_ratio_threshold": 15.106546157600773,
    "max_rebounds": 1,
    "decline_ratio_threshold": 848,
    "flxd_ticks": 457,
    "flzz_ticks": 1184,
    "use_simiple_kline_strategy_flxd": true,
    "use_simiple_kline_strategy_flzz": false,
    "flzz_use_smooth_price": false,
    "flzz_zf_thresh": -0.07,
    "kline_sell_flxd_zy": false,
    "kline_sell_flxd_zs": true,
    "kline_sell_flzz_zs": true,
    "kline_sell_flzz_zy": true,
    "last_open_price_hc_pct": 0.009999999999999998,
    "open_price_max_hc": -0.019412848552829636,
    "loss_per_step_tick_gap": 1,
    "loss_cold_start_steps": 30,
    "loss_max_abserve_tick_steps": 500,
    "loss_max_abserce_avg_price_down_steps": 4,
    "loss_dynamic_hc_stop_profit_thres": 8.0,
    "loss_last_close_price_hc_pct": -0.03347116660766107,
    "loss_last_open_price_hc_pct": -0.04352273870081555,
    "loss_open_price_max_hc": -0.007541141054711927,
    "loss_down_open_sell_wait_time": true,
    "down_open_sell_wait_time": false,
    "day_zy_line": 0.0019618579747908123,
    "day_zs_line": -0.1333699601937538,
    "sell_afternoon": true,
    "sell_half_afternoon": false,
    "sell_max_days": 2,
    "stop_profit_pct": 0.0,
    "static_hc_stop_profit_pct": 1.0,
    "loss_static_hc_stop_profit_pct": 1.0
  },
  "timestamp": "2025-09-05T19:15:25.315476",
  "individual": [
    1.0499129713054107,
    2.0898236552401297,
    918.9688014513953,
    2.1030026224355742,
    -0.09042092697863097,
    1.6995866415641478,
    0.009370617644975932,
    0.38281923144196245,
    0.007061390817372201,
    106983284.97745743,
    0.3800110794987541,
    1.00027499482795,
    1.1472833558868627,
    47.96535811584812,
    9.390474836039816,
    0.028815562985155453,
    6.926113951840627,
    35.472141310068665,
    1468.255661198613,
    15.106546157600773,
    1.4314701596955293,
    848.276655546611,
    457.0677895786554,
    1184.3165045645285,
    1,
    0,
    0,
    -0.07,
    0,
    1,
    1,
    1,
    0.009999999999999998,
    -0.019412848552829636,
    1.0360000591858296,
    30.0,
    499.57284090658277,
    4.1878209033940115,
    8.0,
    -0.03347116660766107,
    -0.04352273870081555,
    -0.007541141054711927,
    1,
    0,
    0.0019618579747908123,
    -0.1333699601937538,
    1,
    0,
    2.0498007196801353
  ],
  "max_drawdown_threshold": 0.18
}