{
  "generation": 30,
  "fitness": 2.6154631346053425,
  "total_return": 114.22998,
  "max_drawdown": 0.3799547733017717,
  "sharpe_ratio": 5.4592352762812695,
  "params": {
    "per_step_tick_gap": 1,
    "cold_start_steps": 2,
    "max_abserve_tick_steps": 1000,
    "max_abserce_avg_price_down_steps": 4,
    "stop_profit_open_hc_pct": -0.04825123461423558,
    "dynamic_hc_stop_profit_thres": 1.7937048840661445,
    "last_close_price_hc_pct": 0.01,
    "last_day_sell_thres": 0.37401666046074544,
    "last_day_sell_huiche": 0.005733471933011875,
    "fd_mount": 91710859,
    "fd_vol_pct": 0.4097328643758212,
    "fd_ju_ticks": 1,
    "max_zb_times": 7,
    "stagnation_kline_ticks": 31,
    "decline_kline_ticks": 10,
    "yang_yin_threshold": 0.008503368162075349,
    "stagnation_n": 16,
    "stagnation_volume_ratio_threshold": 52.44290813210495,
    "stagnation_ratio_threshold": 1500,
    "decline_volume_ratio_threshold": 15.41787287827563,
    "max_rebounds": 0,
    "decline_ratio_threshold": 647,
    "flxd_ticks": 454,
    "flzz_ticks": 1169,
    "use_simiple_kline_strategy_flxd": false,
    "use_simiple_kline_strategy_flzz": false,
    "flzz_use_smooth_price": false,
    "flzz_zf_thresh": -0.035046744186895296,
    "kline_sell_flxd_zy": false,
    "kline_sell_flxd_zs": true,
    "kline_sell_flzz_zs": false,
    "kline_sell_flzz_zy": true,
    "last_open_price_hc_pct": 0.01,
    "open_price_max_hc": -0.02056607845102028,
    "loss_per_step_tick_gap": 1,
    "loss_cold_start_steps": 29,
    "loss_max_abserve_tick_steps": 497,
    "loss_max_abserce_avg_price_down_steps": 6,
    "loss_dynamic_hc_stop_profit_thres": 6.608835946393241,
    "loss_last_close_price_hc_pct": -0.041088042921972254,
    "loss_last_open_price_hc_pct": -0.05450310784166225,
    "loss_open_price_max_hc": -0.05371164133157022,
    "loss_down_open_sell_wait_time": true,
    "down_open_sell_wait_time": false,
    "day_zy_line": 0.0020295641338226294,
    "day_zs_line": -0.13308395771581844,
    "sell_afternoon": true,
    "sell_half_afternoon": false,
    "sell_max_days": 2,
    "stop_profit_pct": 0.0,
    "static_hc_stop_profit_pct": 1.0,
    "loss_static_hc_stop_profit_pct": 1.0
  },
  "timestamp": "2025-09-05T19:05:03.399327",
  "individual": [
    1.0670969849812733,
    2.4577594094740665,
    1000.0,
    4.175571885281553,
    -0.04825123461423558,
    1.7937048840661445,
    0.01,
    0.37401666046074544,
    0.005733471933011875,
    91710858.71798655,
    0.4097328643758212,
    1.428189815358464,
    6.53626950155632,
    30.66360482946045,
    9.569628097264298,
    0.008503368162075349,
    16.047322006268537,
    52.44290813210495,
    1500.0,
    15.41787287827563,
    0.06373301097732498,
    647.0452600534838,
    454.16264114320006,
    1168.7543556611024,
    0,
    0,
    0,
    -0.035046744186895296,
    0,
    1,
    0,
    1,
    0.01,
    -0.02056607845102028,
    1.0,
    28.877791685104675,
    497.10581032414586,
    5.6469079634846455,
    6.608835946393241,
    -0.041088042921972254,
    -0.05450310784166225,
    -0.05371164133157022,
    1,
    0,
    0.0020295641338226294,
    -0.13308395771581844,
    1,
    0,
    1.917782691925666
  ],
  "max_drawdown_threshold": 0.18
}