{
  "params": {
    "per_step_tick_gap": 8,
    "cold_start_steps": 48,
    "max_abserve_tick_steps": 614,
    "max_abserce_avg_price_down_steps": 6,
    "stop_profit_open_hc_pct": -0.1449770698665277,
    "dynamic_hc_stop_profit_thres": 0.11232403941422145,
    "last_close_price_hc_pct": 0.01,
    "last_day_sell_thres": 0.6824667478465597,
    "last_day_sell_huiche": 0.001,
    "fd_mount": 136821379,
    "fd_vol_pct": 0.7094178284954769,
    "fd_ju_ticks": 6,
    "max_zb_times": 19,
    "stagnation_kline_ticks": 37,
    "decline_kline_ticks": 10,
    "yang_yin_threshold": 0.0026743808104845246,
    "stagnation_n": 10,
    "stagnation_volume_ratio_threshold": 28.62823645156742,
    "stagnation_ratio_threshold": 1275,
    "decline_volume_ratio_threshold": 30.591835656075453,
    "max_rebounds": 3,
    "decline_ratio_threshold": 752,
    "flxd_ticks": 500,
    "flzz_ticks": 734,
    "use_simiple_kline_strategy_flxd": true,
    "use_simiple_kline_strategy_flzz": true,
    "flzz_use_smooth_price": false,
    "flzz_zf_thresh": -0.07,
    "kline_sell_flxd_zy": true,
    "kline_sell_flxd_zs": false,
    "kline_sell_flzz_zs": true,
    "kline_sell_flzz_zy": false,
    "last_open_price_hc_pct": -0.03309886509436013,
    "open_price_max_hc": 0.0,
    "loss_per_step_tick_gap": 4,
    "loss_cold_start_steps": 5,
    "loss_max_abserve_tick_steps": 452,
    "loss_max_abserce_avg_price_down_steps": 8,
    "loss_dynamic_hc_stop_profit_thres": 4.739178533556185,
    "loss_last_close_price_hc_pct": -0.011082359164919502,
    "loss_last_open_price_hc_pct": -0.045825073533991026,
    "loss_open_price_max_hc": -0.05161366500104146,
    "loss_down_open_sell_wait_time": false,
    "down_open_sell_wait_time": false,
    "day_zy_line": 0.12111433031308273,
    "day_zs_line": -0.03396088839405979,
    "sell_afternoon": true,
    "sell_half_afternoon": false,
    "sell_max_days": 1,
    "stop_profit_pct": 0.0,
    "static_hc_stop_profit_pct": 1.0,
    "loss_static_hc_stop_profit_pct": 1.0
  },
  "fitness": 2.8035141554430423,
  "return": 8.665534999999995,
  "drawdown": 0.18463981916331107,
  "sharpe": 5.472101200602131,
  "individual": [
    7.812882003622629,
    48.19106741475731,
    613.5610008708957,
    6.307021188409928,
    -0.1449770698665277,
    0.11232403941422145,
    0.01,
    0.6824667478465597,
    0.001,
    136821379.36421734,
    0.7094178284954769,
    6.136589367644914,
    18.718826166125808,
    36.66061060753927,
    9.995906353833615,
    0.0026743808104845246,
    10.001335834507909,
    28.62823645156742,
    1274.579660007159,
    30.591835656075453,
    2.7126132266679344,
    751.5585113209629,
    499.9999999999999,
    734.4247267501491,
    1,
    1,
    0,
    -0.07,
    1,
    0,
    1,
    0,
    -0.03309886509436013,
    0.0,
    3.6172562915344213,
    4.784280048650885,
    451.95625953663034,
    7.8471681638129915,
    4.739178533556185,
    -0.011082359164919502,
    -0.045825073533991026,
    -0.05161366500104146,
    0,
    0,
    0.12111433031308273,
    -0.03396088839405979,
    1,
    0,
    1.086086828527209
  ],
  "max_drawdown_threshold": 0.15,
  "strategy_name": "\u4f4e\u4f4d\u65ad\u677f\u4f4e\u5438"
}