{
  "generation": 40,
  "fitness": 2.7071085339946936,
  "total_return": 8.643039999999996,
  "max_drawdown": 0.19088330190895914,
  "sharpe_ratio": 5.467064366359856,
  "params": {
    "per_step_tick_gap": 8,
    "cold_start_steps": 50,
    "max_abserve_tick_steps": 504,
    "max_abserce_avg_price_down_steps": 8,
    "stop_profit_open_hc_pct": -0.15,
    "dynamic_hc_stop_profit_thres": 0.058013926018898015,
    "last_close_price_hc_pct": 0.009546909184399354,
    "last_day_sell_thres": 0.964775782085879,
    "last_day_sell_huiche": 0.0020228962963545765,
    "fd_mount": 16192978,
    "fd_vol_pct": 0.5987728084869713,
    "fd_ju_ticks": 38,
    "max_zb_times": 14,
    "stagnation_kline_ticks": 46,
    "decline_kline_ticks": 10,
    "yang_yin_threshold": 0.01036103299553601,
    "stagnation_n": 11,
    "stagnation_volume_ratio_threshold": 1.1,
    "stagnation_ratio_threshold": 1500,
    "decline_volume_ratio_threshold": 99.85282730508908,
    "max_rebounds": 6,
    "decline_ratio_threshold": 453,
    "flxd_ticks": 392,
    "flzz_ticks": 1295,
    "use_simiple_kline_strategy_flxd": true,
    "use_simiple_kline_strategy_flzz": false,
    "flzz_use_smooth_price": false,
    "flzz_zf_thresh": 0.05845683741908474,
    "kline_sell_flxd_zy": true,
    "kline_sell_flxd_zs": false,
    "kline_sell_flzz_zs": false,
    "kline_sell_flzz_zy": false,
    "last_open_price_hc_pct": -0.08,
    "open_price_max_hc": -0.001402611384092499,
    "loss_per_step_tick_gap": 1,
    "loss_cold_start_steps": 0,
    "loss_max_abserve_tick_steps": 417,
    "loss_max_abserce_avg_price_down_steps": 7,
    "loss_dynamic_hc_stop_profit_thres": 3.8086264525313904,
    "loss_last_close_price_hc_pct": 0.006661428521752502,
    "loss_last_open_price_hc_pct": 0.01,
    "loss_open_price_max_hc": -0.03781692285821053,
    "loss_down_open_sell_wait_time": false,
    "down_open_sell_wait_time": true,
    "day_zy_line": 0.11985430706865229,
    "day_zs_line": -0.03358819411050959,
    "sell_afternoon": true,
    "sell_half_afternoon": false,
    "sell_max_days": 1,
    "stop_profit_pct": 0.0,
    "static_hc_stop_profit_pct": 1.0,
    "loss_static_hc_stop_profit_pct": 1.0
  },
  "timestamp": "2025-09-06T17:04:28.982928",
  "individual": [
    7.52855946880963,
    49.59744873177359,
    503.5076966422314,
    8.485194317697921,
    -0.15,
    0.058013926018898015,
    0.009546909184399354,
    0.964775782085879,
    0.0020228962963545765,
    16192977.836963087,
    0.5987728084869713,
    37.61299428855571,
    13.5397366406895,
    45.80371939895164,
    10.102442562665306,
    0.01036103299553601,
    10.95483787158577,
    1.1,
    1500.0,
    99.85282730508908,
    6.140246404564653,
    453.1167823365323,
    391.80983617503466,
    1294.8651510436102,
    1,
    0,
    0,
    0.05845683741908474,
    1,
    0,
    0,
    0,
    -0.08,
    -0.001402611384092499,
    1.3290428363397386,
    2.919534057214951e-05,
    416.6084603209691,
    6.554975377172605,
    3.8086264525313904,
    0.006661428521752502,
    0.01,
    -0.03781692285821053,
    0,
    1,
    0.11985430706865229,
    -0.03358819411050959,
    1,
    0,
    1.051071947149148
  ],
  "max_drawdown_threshold": 0.15,
  "strategy_name": "\u4f4e\u4f4d\u65ad\u677f\u4f4e\u5438"
}