{
  "generation": 30,
  "fitness": 2.706347894630347,
  "total_return": 8.028754999999999,
  "max_drawdown": 0.18463981916331107,
  "sharpe_ratio": 5.307373969744124,
  "params": {
    "per_step_tick_gap": 8,
    "cold_start_steps": 48,
    "max_abserve_tick_steps": 614,
    "max_abserce_avg_price_down_steps": 6,
    "stop_profit_open_hc_pct": -0.14382788342327105,
    "dynamic_hc_stop_profit_thres": 0.11232403941422145,
    "last_close_price_hc_pct": 0.01,
    "last_day_sell_thres": 0.672830163971816,
    "last_day_sell_huiche": 0.001,
    "fd_mount": 136821379,
    "fd_vol_pct": 0.7094178284954769,
    "fd_ju_ticks": 6,
    "max_zb_times": 18,
    "stagnation_kline_ticks": 37,
    "decline_kline_ticks": 10,
    "yang_yin_threshold": 0.0026743808104845246,
    "stagnation_n": 10,
    "stagnation_volume_ratio_threshold": 28.628236451567428,
    "stagnation_ratio_threshold": 1275,
    "decline_volume_ratio_threshold": 30.583396435470654,
    "max_rebounds": 3,
    "decline_ratio_threshold": 752,
    "flxd_ticks": 500,
    "flzz_ticks": 734,
    "use_simiple_kline_strategy_flxd": true,
    "use_simiple_kline_strategy_flzz": true,
    "flzz_use_smooth_price": false,
    "flzz_zf_thresh": -0.07,
    "kline_sell_flxd_zy": true,
    "kline_sell_flxd_zs": false,
    "kline_sell_flzz_zs": true,
    "kline_sell_flzz_zy": false,
    "last_open_price_hc_pct": -0.03329782342075542,
    "open_price_max_hc": 0.0,
    "loss_per_step_tick_gap": 4,
    "loss_cold_start_steps": 5,
    "loss_max_abserve_tick_steps": 452,
    "loss_max_abserce_avg_price_down_steps": 8,
    "loss_dynamic_hc_stop_profit_thres": 4.739178533556186,
    "loss_last_close_price_hc_pct": -0.011082359164919502,
    "loss_last_open_price_hc_pct": -0.045825073533991026,
    "loss_open_price_max_hc": -0.05161366500104146,
    "loss_down_open_sell_wait_time": false,
    "down_open_sell_wait_time": false,
    "day_zy_line": 0.12111433031308275,
    "day_zs_line": -0.028341450632774778,
    "sell_afternoon": true,
    "sell_half_afternoon": false,
    "sell_max_days": 1,
    "stop_profit_pct": 0.0,
    "static_hc_stop_profit_pct": 1.0,
    "loss_static_hc_stop_profit_pct": 1.0
  },
  "timestamp": "2025-09-06T17:03:46.982505",
  "individual": [
    7.81288200362263,
    48.19106741475731,
    613.5610008708957,
    6.307021188409928,
    -0.14382788342327105,
    0.11232403941422145,
    0.01,
    0.672830163971816,
    0.001,
    136821379.36421734,
    0.7094178284954769,
    6.136589367644914,
    18.381496966099252,
    36.66061060753927,
    9.995906353833615,
    0.0026743808104845246,
    9.936259931815044,
    28.628236451567428,
    1274.5796600071592,
    30.583396435470654,
    2.7126132266679344,
    751.5585113209627,
    500.0,
    733.5209142634707,
    1,
    1,
    0,
    -0.07,
    1,
    0,
    1,
    0,
    -0.03329782342075542,
    0.0,
    3.6172562915344213,
    4.784280048650885,
    451.95625953663034,
    7.847168163812992,
    4.739178533556186,
    -0.011082359164919502,
    -0.045825073533991026,
    -0.05161366500104146,
    0,
    0,
    0.12111433031308275,
    -0.028341450632774778,
    1,
    0,
    1.0860868285272087
  ],
  "max_drawdown_threshold": 0.15,
  "strategy_name": "\u4f4e\u4f4d\u65ad\u677f\u4f4e\u5438"
}