{
  "generation": 20,
  "fitness": 2.442789498230823,
  "total_return": 7.81043,
  "max_drawdown": 0.20125026900808193,
  "sharpe_ratio": 5.254384528090166,
  "params": {
    "per_step_tick_gap": 8,
    "cold_start_steps": 50,
    "max_abserve_tick_steps": 926,
    "max_abserce_avg_price_down_steps": 6,
    "stop_profit_open_hc_pct": -0.15,
    "dynamic_hc_stop_profit_thres": 0.07035822241668113,
    "last_close_price_hc_pct": 0.009695814782996595,
    "last_day_sell_thres": 0.5353234609957392,
    "last_day_sell_huiche": 0.001,
    "fd_mount": 80310996,
    "fd_vol_pct": 0.4222969253162434,
    "fd_ju_ticks": 34,
    "max_zb_times": 20,
    "stagnation_kline_ticks": 3,
    "decline_kline_ticks": 9,
    "yang_yin_threshold": 0.002,
    "stagnation_n": 8,
    "stagnation_volume_ratio_threshold": 79.99147888263357,
    "stagnation_ratio_threshold": 1500,
    "decline_volume_ratio_threshold": 43.43329214921531,
    "max_rebounds": 2,
    "decline_ratio_threshold": 860,
    "flxd_ticks": 247,
    "flzz_ticks": 894,
    "use_simiple_kline_strategy_flxd": false,
    "use_simiple_kline_strategy_flzz": true,
    "flzz_use_smooth_price": false,
    "flzz_zf_thresh": -0.011927093491802272,
    "kline_sell_flxd_zy": true,
    "kline_sell_flxd_zs": false,
    "kline_sell_flzz_zs": false,
    "kline_sell_flzz_zy": false,
    "last_open_price_hc_pct": -0.03529191139291675,
    "open_price_max_hc": -0.003133901370450884,
    "loss_per_step_tick_gap": 1,
    "loss_cold_start_steps": 4,
    "loss_max_abserve_tick_steps": 378,
    "loss_max_abserce_avg_price_down_steps": 7,
    "loss_dynamic_hc_stop_profit_thres": 8.0,
    "loss_last_close_price_hc_pct": 0.01,
    "loss_last_open_price_hc_pct": -0.007103711226564852,
    "loss_open_price_max_hc": -0.03547279851027702,
    "loss_down_open_sell_wait_time": false,
    "down_open_sell_wait_time": false,
    "day_zy_line": 0.13064731302834157,
    "day_zs_line": -0.028900236942697066,
    "sell_afternoon": true,
    "sell_half_afternoon": true,
    "sell_max_days": 1,
    "stop_profit_pct": 0.0,
    "static_hc_stop_profit_pct": 1.0,
    "loss_static_hc_stop_profit_pct": 1.0
  },
  "timestamp": "2025-09-06T17:02:58.184392",
  "individual": [
    8.455314450585522,
    50.0,
    925.6595476114978,
    6.312344196281142,
    -0.15,
    0.07035822241668113,
    0.009695814782996595,
    0.5353234609957392,
    0.001,
    80310995.89812113,
    0.4222969253162434,
    33.53095524849262,
    19.748544219209407,
    3.0,
    9.408823965790116,
    0.002,
    7.946610468218585,
    79.99147888263357,
    1500.0,
    43.43329214921531,
    1.7955110927009987,
    859.6531185630253,
    246.8235474071725,
    893.80614168373,
    0,
    1,
    0,
    -0.011927093491802272,
    1,
    0,
    0,
    0,
    -0.03529191139291675,
    -0.003133901370450884,
    1.0,
    3.564138176915375,
    377.5452767784358,
    6.517719252593247,
    8.0,
    0.01,
    -0.007103711226564852,
    -0.03547279851027702,
    0,
    0,
    0.13064731302834157,
    -0.028900236942697066,
    1,
    1,
    1.0868483040878214
  ],
  "max_drawdown_threshold": 0.15,
  "strategy_name": "\u4f4e\u4f4d\u65ad\u677f\u4f4e\u5438"
}