{
  "generation": 20,
  "fitness": 4.37808010296106,
  "total_return": 21.60596500000001,
  "max_drawdown": 0.2391850307308737,
  "sharpe_ratio": 5.383055244997254,
  "params": {
    "per_step_tick_gap": 23,
    "cold_start_steps": 21,
    "max_abserve_tick_steps": 831,
    "max_abserce_avg_price_down_steps": 13,
    "stop_profit_open_hc_pct": -0.005896115342229579,
    "dynamic_hc_stop_profit_thres": 6.662088197553313,
    "last_close_price_hc_pct": -0.03263919227741565,
    "last_day_sell_thres": 0.6487935628946366,
    "last_day_sell_huiche": 0.0174088281796272,
    "fd_mount": 33338896,
    "fd_vol_pct": 0.2854493024153962,
    "fd_ju_ticks": 1,
    "max_zb_times": 12,
    "stagnation_kline_ticks": 37,
    "decline_kline_ticks": 4,
    "yang_yin_threshold": 0.002,
    "stagnation_n": 6,
    "stagnation_volume_ratio_threshold": 79.25442133646008,
    "stagnation_ratio_threshold": 771,
    "decline_volume_ratio_threshold": 1.1,
    "max_rebounds": 0,
    "decline_ratio_threshold": 15,
    "flxd_ticks": 370,
    "flzz_ticks": 657,
    "use_simiple_kline_strategy_flxd": true,
    "use_simiple_kline_strategy_flzz": true,
    "flzz_use_smooth_price": true,
    "flzz_zf_thresh": -0.03198630115856226,
    "kline_sell_flxd_zy": true,
    "kline_sell_flxd_zs": false,
    "kline_sell_flzz_zs": false,
    "kline_sell_flzz_zy": false,
    "last_open_price_hc_pct": -0.025047245299271496,
    "open_price_max_hc": -0.07509294683306944,
    "loss_per_step_tick_gap": 18,
    "loss_cold_start_steps": 23,
    "loss_max_abserve_tick_steps": 90,
    "loss_max_abserce_avg_price_down_steps": 9,
    "loss_dynamic_hc_stop_profit_thres": 3.5431182180908003,
    "loss_last_close_price_hc_pct": -0.06109349191953785,
    "loss_last_open_price_hc_pct": -0.07740859667735653,
    "loss_open_price_max_hc": -0.057703640778092494,
    "loss_down_open_sell_wait_time": false,
    "down_open_sell_wait_time": true,
    "day_zy_line": 0.001769244545220005,
    "day_zs_line": -0.9919532803470716,
    "sell_afternoon": true,
    "sell_half_afternoon": false,
    "sell_max_days": 7,
    "stop_profit_pct": 0.0,
    "static_hc_stop_profit_pct": 1.0,
    "loss_static_hc_stop_profit_pct": 1.0
  },
  "timestamp": "2025-09-07T16:49:58.476100",
  "individual": [
    22.9347137208104,
    21.0991583630214,
    830.9457917049281,
    12.75622681483416,
    -0.005896115342229579,
    6.662088197553313,
    -0.03263919227741565,
    0.6487935628946366,
    0.0174088281796272,
    33338896.129674226,
    0.2854493024153962,
    1.0,
    12.472826167287534,
    36.88088479012839,
    3.5644057863611343,
    0.002,
    6.491927640030983,
    79.25442133646008,
    771.1187349076309,
    1.1,
    0.0,
    15.0,
    370.086437230317,
    657.4306127036342,
    1,
    1,
    1,
    -0.03198630115856226,
    1,
    0,
    0,
    0,
    -0.025047245299271496,
    -0.07509294683306944,
    18.14439833091343,
    22.515611019584792,
    90.11033418352582,
    8.863776342050759,
    3.5431182180908003,
    -0.06109349191953785,
    -0.07740859667735653,
    -0.057703640778092494,
    0,
    1,
    0.001769244545220005,
    -0.9919532803470716,
    1,
    0,
    6.669203923224664
  ],
  "max_drawdown_threshold": 0.25,
  "strategy_name": "\u4f4e\u4f4d\u4e2d\u5f3a\u4e2d\u4f4e\u5f007\u5929"
}