{
  "generation": 50,
  "fitness": 4.718411570974413,
  "total_return": 26.241715,
  "max_drawdown": 0.23916353722076297,
  "sharpe_ratio": 5.560568771330482,
  "params": {
    "per_step_tick_gap": 13,
    "cold_start_steps": 41,
    "max_abserve_tick_steps": 909,
    "max_abserce_avg_price_down_steps": 15,
    "stop_profit_open_hc_pct": -0.02145028982161212,
    "dynamic_hc_stop_profit_thres": 2.3437296495282487,
    "last_close_price_hc_pct": -0.03202443222018797,
    "last_day_sell_thres": 0.6431180103843346,
    "last_day_sell_huiche": 0.014957243313115848,
    "fd_mount": 50556239,
    "fd_vol_pct": 0.621422265964223,
    "fd_ju_ticks": 1,
    "max_zb_times": 28,
    "stagnation_kline_ticks": 38,
    "decline_kline_ticks": 17,
    "yang_yin_threshold": 0.013567374087331932,
    "stagnation_n": 2,
    "stagnation_volume_ratio_threshold": 77.34409074434181,
    "stagnation_ratio_threshold": 885,
    "decline_volume_ratio_threshold": 28.633812135535216,
    "max_rebounds": 2,
    "decline_ratio_threshold": 1213,
    "flxd_ticks": 314,
    "flzz_ticks": 743,
    "use_simiple_kline_strategy_flxd": false,
    "use_simiple_kline_strategy_flzz": true,
    "flzz_use_smooth_price": false,
    "flzz_zf_thresh": 0.01859547622413229,
    "kline_sell_flxd_zy": false,
    "kline_sell_flxd_zs": false,
    "kline_sell_flzz_zs": true,
    "kline_sell_flzz_zy": true,
    "last_open_price_hc_pct": -0.04730365662070327,
    "open_price_max_hc": -0.08020878306646811,
    "loss_per_step_tick_gap": 16,
    "loss_cold_start_steps": 26,
    "loss_max_abserve_tick_steps": 58,
    "loss_max_abserce_avg_price_down_steps": 13,
    "loss_dynamic_hc_stop_profit_thres": 4.211142996238511,
    "loss_last_close_price_hc_pct": -0.07845996165809034,
    "loss_last_open_price_hc_pct": -0.05069532210893497,
    "loss_open_price_max_hc": -0.09407559183280736,
    "loss_down_open_sell_wait_time": false,
    "down_open_sell_wait_time": false,
    "day_zy_line": 0.0012506423036130155,
    "day_zs_line": -0.9057767708099119,
    "sell_afternoon": true,
    "sell_half_afternoon": false,
    "sell_max_days": 7,
    "stop_profit_pct": 0.0,
    "static_hc_stop_profit_pct": 1.0,
    "loss_static_hc_stop_profit_pct": 1.0
  },
  "timestamp": "2025-09-07T17:12:52.484979",
  "individual": [
    13.11700133416058,
    40.83317840562674,
    908.959166740687,
    14.889147135504421,
    -0.02145028982161212,
    2.3437296495282487,
    -0.03202443222018797,
    0.6431180103843346,
    0.014957243313115848,
    50556238.562661454,
    0.621422265964223,
    1.1191885810716056,
    27.59801449383182,
    37.628166038296634,
    16.917255055951546,
    0.013567374087331932,
    2.3483736011762733,
    77.34409074434181,
    885.346108946186,
    28.633812135535216,
    1.7904613298453613,
    1212.6352460251496,
    313.780634462839,
    743.4230213569026,
    0,
    1,
    0,
    0.01859547622413229,
    0,
    0,
    1,
    1,
    -0.04730365662070327,
    -0.08020878306646811,
    16.451417152767075,
    26.112409432235232,
    58.37894334055462,
    13.372459118725436,
    4.211142996238511,
    -0.07845996165809034,
    -0.05069532210893497,
    -0.09407559183280736,
    0,
    0,
    0.0012506423036130155,
    -0.9057767708099119,
    1,
    0,
    6.739161128251248
  ],
  "max_drawdown_threshold": 0.25,
  "strategy_name": "\u4f4e\u4f4d\u4e2d\u5f3a\u4e2d\u4f4e\u5f007\u5929"
}