{
  "generation": 90,
  "fitness": 4.4753827976656995,
  "total_return": 29.488660000000003,
  "max_drawdown": 0.2503923608213217,
  "sharpe_ratio": 4.306241469480285,
  "params": {
    "per_step_tick_gap": 1,
    "cold_start_steps": 6,
    "max_abserve_tick_steps": 394,
    "max_abserce_avg_price_down_steps": 2,
    "stop_profit_open_hc_pct": -0.031896128543757826,
    "dynamic_hc_stop_profit_thres": 4.571643321628637,
    "last_close_price_hc_pct": 0.009541368298678177,
    "last_day_sell_thres": 0.7150278915478029,
    "last_day_sell_huiche": 0.01579932775000117,
    "fd_mount": 109136712,
    "fd_vol_pct": 0.6871092711360351,
    "fd_ju_ticks": 1,
    "max_zb_times": 10,
    "stagnation_kline_ticks": 43,
    "decline_kline_ticks": 27,
    "yang_yin_threshold": 0.015967331980316236,
    "stagnation_n": 21,
    "stagnation_volume_ratio_threshold": 46.262976628904745,
    "stagnation_ratio_threshold": 257,
    "decline_volume_ratio_threshold": 66.13179943908548,
    "max_rebounds": 14,
    "decline_ratio_threshold": 1098,
    "flxd_ticks": 477,
    "flzz_ticks": 717,
    "use_simiple_kline_strategy_flxd": false,
    "use_simiple_kline_strategy_flzz": true,
    "flzz_use_smooth_price": true,
    "flzz_zf_thresh": 0.03744281260880629,
    "kline_sell_flxd_zy": true,
    "kline_sell_flxd_zs": true,
    "kline_sell_flzz_zs": true,
    "kline_sell_flzz_zy": true,
    "last_open_price_hc_pct": -0.001186676298695681,
    "open_price_max_hc": -0.0012071027314360938,
    "loss_per_step_tick_gap": 20,
    "loss_cold_start_steps": 4,
    "loss_max_abserve_tick_steps": 18,
    "loss_max_abserce_avg_price_down_steps": 2,
    "loss_dynamic_hc_stop_profit_thres": 5.628555780021125,
    "loss_last_close_price_hc_pct": 0.009999999999999998,
    "loss_last_open_price_hc_pct": -0.0191463925606219,
    "loss_open_price_max_hc": -0.01988155372994392,
    "loss_down_open_sell_wait_time": false,
    "down_open_sell_wait_time": false,
    "day_zy_line": 0.004118487049116605,
    "day_zs_line": -0.10508094642302869,
    "sell_afternoon": true,
    "sell_half_afternoon": false,
    "sell_max_days": 1,
    "stop_profit_pct": 0.0,
    "static_hc_stop_profit_pct": 1.0,
    "loss_static_hc_stop_profit_pct": 1.0
  },
  "timestamp": "2025-09-06T06:07:37.484835",
  "individual": [
    1.220894774026143,
    6.348961163490557,
    393.78496995657497,
    2.1563083633955946,
    -0.031896128543757826,
    4.571643321628637,
    0.009541368298678177,
    0.7150278915478029,
    0.01579932775000117,
    109136712.32936028,
    0.6871092711360351,
    1.2185636749843027,
    10.240814496329955,
    43.239307944779945,
    27.417953692275052,
    0.015967331980316236,
    20.56556326433944,
    46.262976628904745,
    257.239130128007,
    66.13179943908548,
    14.397479241501896,
    1097.5685098338913,
    476.55969793885185,
    716.8027942898319,
    0,
    1,
    1,
    0.03744281260880629,
    1,
    1,
    1,
    1,
    -0.001186676298695681,
    -0.0012071027314360938,
    19.6047227873672,
    3.9941721353433364,
    17.785980970639045,
    1.9542237508358418,
    5.628555780021125,
    0.009999999999999998,
    -0.0191463925606219,
    -0.01988155372994392,
    0,
    0,
    0.004118487049116605,
    -0.10508094642302869,
    1,
    0,
    1.026654914363444
  ],
  "max_drawdown_threshold": 0.25,
  "strategy_name": "\u63a5\u529b\u5012\u63a5\u529b4"
}