{
  "generation": 30,
  "fitness": 4.033414566032582,
  "total_return": 23.68572500000001,
  "max_drawdown": 0.25331089671094215,
  "sharpe_ratio": 4.105598621271214,
  "params": {
    "per_step_tick_gap": 1,
    "cold_start_steps": 6,
    "max_abserve_tick_steps": 394,
    "max_abserce_avg_price_down_steps": 2,
    "stop_profit_open_hc_pct": -0.11076774529250305,
    "dynamic_hc_stop_profit_thres": 4.585384042451001,
    "last_close_price_hc_pct": 0.0033722803090879476,
    "last_day_sell_thres": 0.449611500572592,
    "last_day_sell_huiche": 0.01257272143904993,
    "fd_mount": 70638543,
    "fd_vol_pct": 0.75,
    "fd_ju_ticks": 2,
    "max_zb_times": 12,
    "stagnation_kline_ticks": 43,
    "decline_kline_ticks": 31,
    "yang_yin_threshold": 0.013828922530283016,
    "stagnation_n": 16,
    "stagnation_volume_ratio_threshold": 41.852480211793406,
    "stagnation_ratio_threshold": 597,
    "decline_volume_ratio_threshold": 62.752270091577586,
    "max_rebounds": 12,
    "decline_ratio_threshold": 1306,
    "flxd_ticks": 478,
    "flzz_ticks": 550,
    "use_simiple_kline_strategy_flxd": false,
    "use_simiple_kline_strategy_flzz": true,
    "flzz_use_smooth_price": true,
    "flzz_zf_thresh": 0.036797722526481794,
    "kline_sell_flxd_zy": true,
    "kline_sell_flxd_zs": true,
    "kline_sell_flzz_zs": true,
    "kline_sell_flzz_zy": true,
    "last_open_price_hc_pct": -0.08,
    "open_price_max_hc": -0.000910885037732639,
    "loss_per_step_tick_gap": 25,
    "loss_cold_start_steps": 4,
    "loss_max_abserve_tick_steps": 64,
    "loss_max_abserce_avg_price_down_steps": 3,
    "loss_dynamic_hc_stop_profit_thres": 7.727177592240803,
    "loss_last_close_price_hc_pct": 0.00930150991341858,
    "loss_last_open_price_hc_pct": -0.02558040256962321,
    "loss_open_price_max_hc": -0.01744168978469324,
    "loss_down_open_sell_wait_time": true,
    "down_open_sell_wait_time": false,
    "day_zy_line": 0.0002819336937358068,
    "day_zs_line": -0.1286063391679654,
    "sell_afternoon": true,
    "sell_half_afternoon": true,
    "sell_max_days": 1,
    "stop_profit_pct": 0.0,
    "static_hc_stop_profit_pct": 1.0,
    "loss_static_hc_stop_profit_pct": 1.0
  },
  "timestamp": "2025-09-06T05:55:15.235260",
  "individual": [
    1.138638160386659,
    6.274465610661179,
    394.05552622121326,
    2.175223582478835,
    -0.11076774529250305,
    4.585384042451001,
    0.0033722803090879476,
    0.449611500572592,
    0.01257272143904993,
    70638542.81549983,
    0.75,
    1.6024330590462372,
    12.074421815851736,
    43.16472131638534,
    31.490651390736566,
    0.013828922530283016,
    16.133814887714603,
    41.852480211793406,
    596.6098900180523,
    62.752270091577586,
    12.40785034367708,
    1306.1366819012683,
    477.98238683613494,
    549.5473166049774,
    0,
    1,
    1,
    0.036797722526481794,
    1,
    1,
    1,
    1,
    -0.08,
    -0.000910885037732639,
    25.0,
    4.266030204139697,
    63.83408371073679,
    2.8940660956396895,
    7.727177592240803,
    0.00930150991341858,
    -0.02558040256962321,
    -0.01744168978469324,
    1,
    0,
    0.0002819336937358068,
    -0.1286063391679654,
    1,
    1,
    1.0733872272862381
  ],
  "max_drawdown_threshold": 0.25,
  "strategy_name": "\u63a5\u529b\u5012\u63a5\u529b4"
}