{
  "generation": 20,
  "fitness": 3.83338521024022,
  "total_return": 21.13062000000001,
  "max_drawdown": 0.2542823978111269,
  "sharpe_ratio": 4.008533991549668,
  "params": {
    "per_step_tick_gap": 1,
    "cold_start_steps": 7,
    "max_abserve_tick_steps": 492,
    "max_abserce_avg_price_down_steps": 4,
    "stop_profit_open_hc_pct": -0.05923014389917297,
    "dynamic_hc_stop_profit_thres": 7.309413933521578,
    "last_close_price_hc_pct": 0.01,
    "last_day_sell_thres": 0.5102275475988485,
    "last_day_sell_huiche": 0.018622783539913597,
    "fd_mount": 76838342,
    "fd_vol_pct": 0.4570450385309109,
    "fd_ju_ticks": 2,
    "max_zb_times": 15,
    "stagnation_kline_ticks": 32,
    "decline_kline_ticks": 16,
    "yang_yin_threshold": 0.0029641601696668613,
    "stagnation_n": 5,
    "stagnation_volume_ratio_threshold": 44.992355616226945,
    "stagnation_ratio_threshold": 607,
    "decline_volume_ratio_threshold": 94.27724020227886,
    "max_rebounds": 15,
    "decline_ratio_threshold": 1500,
    "flxd_ticks": 500,
    "flzz_ticks": 585,
    "use_simiple_kline_strategy_flxd": false,
    "use_simiple_kline_strategy_flzz": true,
    "flzz_use_smooth_price": true,
    "flzz_zf_thresh": 0.03580708797870273,
    "kline_sell_flxd_zy": true,
    "kline_sell_flxd_zs": true,
    "kline_sell_flzz_zs": true,
    "kline_sell_flzz_zy": true,
    "last_open_price_hc_pct": -0.024871789018884993,
    "open_price_max_hc": -0.001719850015117901,
    "loss_per_step_tick_gap": 12,
    "loss_cold_start_steps": 4,
    "loss_max_abserve_tick_steps": 135,
    "loss_max_abserce_avg_price_down_steps": 10,
    "loss_dynamic_hc_stop_profit_thres": 6.160247971791088,
    "loss_last_close_price_hc_pct": -0.05416439114444649,
    "loss_last_open_price_hc_pct": 0.0005585008805411426,
    "loss_open_price_max_hc": -0.0025850696865374855,
    "loss_down_open_sell_wait_time": true,
    "down_open_sell_wait_time": false,
    "day_zy_line": 1.439706165242803e-06,
    "day_zs_line": -0.12483015851713479,
    "sell_afternoon": true,
    "sell_half_afternoon": false,
    "sell_max_days": 1,
    "stop_profit_pct": 0.0,
    "static_hc_stop_profit_pct": 1.0,
    "loss_static_hc_stop_profit_pct": 1.0
  },
  "timestamp": "2025-09-06T05:52:41.693852",
  "individual": [
    1.1502958846519744,
    7.203691292973598,
    492.01642902987464,
    3.8785036144175336,
    -0.05923014389917297,
    7.309413933521578,
    0.01,
    0.5102275475988485,
    0.018622783539913597,
    76838342.07550393,
    0.4570450385309109,
    1.6516638842637152,
    15.305936495899072,
    31.53421866502562,
    15.70196918178002,
    0.0029641601696668613,
    5.128677823662327,
    44.992355616226945,
    607.1108707445337,
    94.27724020227886,
    14.609946422240823,
    1500.0,
    500.0,
    585.3392033783857,
    0,
    1,
    1,
    0.03580708797870273,
    1,
    1,
    1,
    1,
    -0.024871789018884993,
    -0.001719850015117901,
    12.412584916986976,
    4.393365119836049,
    134.88294902955863,
    9.704158993975206,
    6.160247971791088,
    -0.05416439114444649,
    0.0005585008805411426,
    -0.0025850696865374855,
    1,
    0,
    1.439706165242803e-06,
    -0.12483015851713479,
    1,
    0,
    1.2079207298625794
  ],
  "max_drawdown_threshold": 0.25,
  "strategy_name": "\u63a5\u529b\u5012\u63a5\u529b4"
}