{
  "generation": 40,
  "fitness": 4.178060569058442,
  "total_return": 25.17626000000001,
  "max_drawdown": 0.25134480324990544,
  "sharpe_ratio": 4.160325339777397,
  "params": {
    "per_step_tick_gap": 1,
    "cold_start_steps": 6,
    "max_abserve_tick_steps": 395,
    "max_abserce_avg_price_down_steps": 2,
    "stop_profit_open_hc_pct": -0.10163099311967028,
    "dynamic_hc_stop_profit_thres": 5.366885137949887,
    "last_close_price_hc_pct": 0.01,
    "last_day_sell_thres": 0.4598117511133951,
    "last_day_sell_huiche": 0.01606956617420549,
    "fd_mount": 88267267,
    "fd_vol_pct": 0.6860037849820222,
    "fd_ju_ticks": 1,
    "max_zb_times": 10,
    "stagnation_kline_ticks": 43,
    "decline_kline_ticks": 29,
    "yang_yin_threshold": 0.012312115851777711,
    "stagnation_n": 17,
    "stagnation_volume_ratio_threshold": 46.552899817364505,
    "stagnation_ratio_threshold": 602,
    "decline_volume_ratio_threshold": 65.15814526350968,
    "max_rebounds": 14,
    "decline_ratio_threshold": 1266,
    "flxd_ticks": 416,
    "flzz_ticks": 590,
    "use_simiple_kline_strategy_flxd": false,
    "use_simiple_kline_strategy_flzz": true,
    "flzz_use_smooth_price": true,
    "flzz_zf_thresh": 0.03783623192498237,
    "kline_sell_flxd_zy": true,
    "kline_sell_flxd_zs": true,
    "kline_sell_flzz_zs": true,
    "kline_sell_flzz_zy": true,
    "last_open_price_hc_pct": -0.026147171858481102,
    "open_price_max_hc": -0.0009958937805506223,
    "loss_per_step_tick_gap": 24,
    "loss_cold_start_steps": 4,
    "loss_max_abserve_tick_steps": 144,
    "loss_max_abserce_avg_price_down_steps": 1,
    "loss_dynamic_hc_stop_profit_thres": 6.088440454180347,
    "loss_last_close_price_hc_pct": 0.007866273460876318,
    "loss_last_open_price_hc_pct": -0.023546600758697283,
    "loss_open_price_max_hc": -0.01827176547007467,
    "loss_down_open_sell_wait_time": false,
    "down_open_sell_wait_time": false,
    "day_zy_line": 0.00013199988048999124,
    "day_zs_line": -0.13750251014745019,
    "sell_afternoon": true,
    "sell_half_afternoon": true,
    "sell_max_days": 1,
    "stop_profit_pct": 0.0,
    "static_hc_stop_profit_pct": 1.0,
    "loss_static_hc_stop_profit_pct": 1.0
  },
  "timestamp": "2025-09-06T05:57:28.147016",
  "individual": [
    1.2071822366340572,
    6.193405954048012,
    394.5716233338926,
    2.2257038395368056,
    -0.10163099311967028,
    5.366885137949887,
    0.01,
    0.4598117511133951,
    0.01606956617420549,
    88267266.894083,
    0.6860037849820222,
    1.1423538153812347,
    10.419260110999026,
    43.09594368619605,
    28.646002479448352,
    0.012312115851777711,
    17.37861994564223,
    46.552899817364505,
    601.9868601263735,
    65.15814526350968,
    13.726710911275806,
    1266.3014188663296,
    415.826419444999,
    590.110980829922,
    0,
    1,
    1,
    0.03783623192498237,
    1,
    1,
    1,
    1,
    -0.026147171858481102,
    -0.0009958937805506223,
    23.94250848554826,
    4.0540731873319915,
    143.85487271561857,
    1.0,
    6.088440454180347,
    0.007866273460876318,
    -0.023546600758697283,
    -0.01827176547007467,
    0,
    0,
    0.00013199988048999124,
    -0.13750251014745019,
    1,
    1,
    1.0222080963529607
  ],
  "max_drawdown_threshold": 0.25,
  "strategy_name": "\u63a5\u529b\u5012\u63a5\u529b4"
}