{
  "generation": 20,
  "fitness": 3.0752864061652665,
  "total_return": 9.116860000000003,
  "max_drawdown": 0.23251952077661056,
  "sharpe_ratio": 4.335221589644215,
  "params": {
    "per_step_tick_gap": 20,
    "cold_start_steps": 25,
    "max_abserve_tick_steps": 834,
    "max_abserce_avg_price_down_steps": 12,
    "stop_profit_open_hc_pct": -0.03079886081458767,
    "dynamic_hc_stop_profit_thres": 8.0,
    "last_close_price_hc_pct": -0.03815380766124974,
    "last_day_sell_thres": 0.9657236477755271,
    "last_day_sell_huiche": 0.006896240717571988,
    "fd_mount": 141421818,
    "fd_vol_pct": 0.19735150212578917,
    "fd_ju_ticks": 10,
    "max_zb_times": 5,
    "stagnation_kline_ticks": 17,
    "decline_kline_ticks": 3,
    "yang_yin_threshold": 0.002,
    "stagnation_n": 12,
    "stagnation_volume_ratio_threshold": 59.91892664115596,
    "stagnation_ratio_threshold": 45,
    "decline_volume_ratio_threshold": 50.45142055726712,
    "max_rebounds": 7,
    "decline_ratio_threshold": 685,
    "flxd_ticks": 230,
    "flzz_ticks": 272,
    "use_simiple_kline_strategy_flxd": true,
    "use_simiple_kline_strategy_flzz": true,
    "flzz_use_smooth_price": false,
    "flzz_zf_thresh": 0.042903278756659446,
    "kline_sell_flxd_zy": false,
    "kline_sell_flxd_zs": true,
    "kline_sell_flzz_zs": true,
    "kline_sell_flzz_zy": true,
    "last_open_price_hc_pct": -0.06258995177428209,
    "open_price_max_hc": -0.07774270389462011,
    "loss_per_step_tick_gap": 24,
    "loss_cold_start_steps": 2,
    "loss_max_abserve_tick_steps": 500,
    "loss_max_abserce_avg_price_down_steps": 1,
    "loss_dynamic_hc_stop_profit_thres": 2.7351094900438433,
    "loss_last_close_price_hc_pct": -0.06974267971983408,
    "loss_last_open_price_hc_pct": -0.07989254331272,
    "loss_open_price_max_hc": -0.1,
    "loss_down_open_sell_wait_time": false,
    "down_open_sell_wait_time": false,
    "day_zy_line": 0.0015834854342012543,
    "day_zs_line": -0.4573128950434654,
    "sell_afternoon": true,
    "sell_half_afternoon": false,
    "sell_max_days": 4,
    "stop_profit_pct": 0.0,
    "static_hc_stop_profit_pct": 1.0,
    "loss_static_hc_stop_profit_pct": 1.0
  },
  "timestamp": "2025-09-05T00:24:01.030843",
  "individual": [
    20.28340701015108,
    25.253589050029866,
    833.6752647087899,
    12.278589903676941,
    -0.03079886081458767,
    8.0,
    -0.03815380766124974,
    0.9657236477755271,
    0.006896240717571988,
    141421818.19520137,
    0.19735150212578917,
    10.385036157169317,
    5.455053655226646,
    16.96249130380621,
    3.0,
    0.002,
    11.581193346012384,
    59.91892664115596,
    45.296362596344,
    50.45142055726712,
    6.761220591359477,
    685.4105046721025,
    229.79517322412656,
    272.06933857645436,
    1,
    1,
    0,
    0.042903278756659446,
    0,
    1,
    1,
    1,
    -0.06258995177428209,
    -0.07774270389462011,
    24.217679645717805,
    2.441344684468265,
    500.0,
    1.0,
    2.7351094900438433,
    -0.06974267971983408,
    -0.07989254331272,
    -0.1,
    0,
    0,
    0.0015834854342012543,
    -0.4573128950434654,
    1,
    0,
    3.7214026815467096
  ],
  "max_drawdown_threshold": 0.25
}