{
  "generation": 10,
  "fitness": 3.0096741791180444,
  "total_return": 8.348379999999999,
  "max_drawdown": 0.21293031012883837,
  "sharpe_ratio": 4.32110436769353,
  "params": {
    "per_step_tick_gap": 25,
    "cold_start_steps": 32,
    "max_abserve_tick_steps": 524,
    "max_abserce_avg_price_down_steps": 15,
    "stop_profit_open_hc_pct": -0.08044289421756935,
    "dynamic_hc_stop_profit_thres": 3.839960308125031,
    "last_close_price_hc_pct": -0.01263996208575767,
    "last_day_sell_thres": 0.49944688620557787,
    "last_day_sell_huiche": 0.014985243410365636,
    "fd_mount": 150000000,
    "fd_vol_pct": 0.24024598269257172,
    "fd_ju_ticks": 1,
    "max_zb_times": 19,
    "stagnation_kline_ticks": 28,
    "decline_kline_ticks": 42,
    "yang_yin_threshold": 0.010742261017732084,
    "stagnation_n": 1,
    "stagnation_volume_ratio_threshold": 52.02506597743506,
    "stagnation_ratio_threshold": 1016,
    "decline_volume_ratio_threshold": 54.7820570914334,
    "max_rebounds": 9,
    "decline_ratio_threshold": 518,
    "flxd_ticks": 104,
    "flzz_ticks": 912,
    "use_simiple_kline_strategy_flxd": true,
    "use_simiple_kline_strategy_flzz": true,
    "flzz_use_smooth_price": true,
    "flzz_zf_thresh": 0.06488772338587566,
    "kline_sell_flxd_zy": false,
    "kline_sell_flxd_zs": true,
    "kline_sell_flzz_zs": true,
    "kline_sell_flzz_zy": false,
    "last_open_price_hc_pct": -0.07381342932148904,
    "open_price_max_hc": -0.0710280015737725,
    "loss_per_step_tick_gap": 4,
    "loss_cold_start_steps": 14,
    "loss_max_abserve_tick_steps": 145,
    "loss_max_abserce_avg_price_down_steps": 14,
    "loss_dynamic_hc_stop_profit_thres": 0.4836684027889354,
    "loss_last_close_price_hc_pct": -0.0626471509626057,
    "loss_last_open_price_hc_pct": -0.00688172310934345,
    "loss_open_price_max_hc": -0.08567247286457544,
    "loss_down_open_sell_wait_time": false,
    "down_open_sell_wait_time": true,
    "day_zy_line": 0.0020843974468808257,
    "day_zs_line": -0.07766424425700488,
    "sell_afternoon": true,
    "sell_half_afternoon": false,
    "sell_max_days": 4,
    "stop_profit_pct": 0.0,
    "static_hc_stop_profit_pct": 1.0,
    "loss_static_hc_stop_profit_pct": 1.0
  },
  "timestamp": "2025-09-05T00:17:39.892629",
  "individual": [
    24.950429142690666,
    32.19454002999861,
    524.0363658417181,
    15.0,
    -0.08044289421756935,
    3.839960308125031,
    -0.01263996208575767,
    0.49944688620557787,
    0.014985243410365636,
    150000000.0,
    0.24024598269257172,
    1.0,
    19.325193019703768,
    27.581823221937626,
    42.32039264286598,
    0.010742261017732084,
    1.0,
    52.02506597743506,
    1016.3805568213688,
    54.7820570914334,
    8.995546517528737,
    517.7337438436858,
    103.54754220050896,
    912.3932600424497,
    1,
    1,
    1,
    0.06488772338587566,
    0,
    1,
    1,
    0,
    -0.07381342932148904,
    -0.0710280015737725,
    4.485208642469969,
    14.32092715856102,
    144.96295654805274,
    13.887058185227097,
    0.4836684027889354,
    -0.0626471509626057,
    -0.00688172310934345,
    -0.08567247286457544,
    0,
    1,
    0.0020843974468808257,
    -0.07766424425700488,
    1,
    0,
    3.864909813613175
  ],
  "max_drawdown_threshold": 0.25
}