{
  "generation": 50,
  "fitness": 3.1431206892656065,
  "total_return": 9.579620000000004,
  "max_drawdown": 0.2317583601450014,
  "sharpe_ratio": 4.403300825037578,
  "params": {
    "per_step_tick_gap": 19,
    "cold_start_steps": 38,
    "max_abserve_tick_steps": 827,
    "max_abserce_avg_price_down_steps": 14,
    "stop_profit_open_hc_pct": -0.030125960357462442,
    "dynamic_hc_stop_profit_thres": 7.989764003906226,
    "last_close_price_hc_pct": -0.02256850450395797,
    "last_day_sell_thres": 0.906462405901548,
    "last_day_sell_huiche": 0.004976496503563493,
    "fd_mount": 150000000,
    "fd_vol_pct": 0.2860232112571415,
    "fd_ju_ticks": 11,
    "max_zb_times": 28,
    "stagnation_kline_ticks": 17,
    "decline_kline_ticks": 15,
    "yang_yin_threshold": 0.005062488329958439,
    "stagnation_n": 12,
    "stagnation_volume_ratio_threshold": 61.385363002841814,
    "stagnation_ratio_threshold": 39,
    "decline_volume_ratio_threshold": 54.12765011152829,
    "max_rebounds": 7,
    "decline_ratio_threshold": 349,
    "flxd_ticks": 259,
    "flzz_ticks": 430,
    "use_simiple_kline_strategy_flxd": true,
    "use_simiple_kline_strategy_flzz": true,
    "flzz_use_smooth_price": false,
    "flzz_zf_thresh": 0.043995138392417005,
    "kline_sell_flxd_zy": false,
    "kline_sell_flxd_zs": true,
    "kline_sell_flzz_zs": false,
    "kline_sell_flzz_zy": true,
    "last_open_price_hc_pct": -0.05185520644278706,
    "open_price_max_hc": -0.08060728815979899,
    "loss_per_step_tick_gap": 22,
    "loss_cold_start_steps": 26,
    "loss_max_abserve_tick_steps": 500,
    "loss_max_abserce_avg_price_down_steps": 1,
    "loss_dynamic_hc_stop_profit_thres": 3.065993283061714,
    "loss_last_close_price_hc_pct": -0.07096929597100701,
    "loss_last_open_price_hc_pct": -0.07971351046643961,
    "loss_open_price_max_hc": -0.09755151403439427,
    "loss_down_open_sell_wait_time": false,
    "down_open_sell_wait_time": false,
    "day_zy_line": 0.0027528649199787406,
    "day_zs_line": -0.4183365720434239,
    "sell_afternoon": true,
    "sell_half_afternoon": false,
    "sell_max_days": 4,
    "stop_profit_pct": 0.0,
    "static_hc_stop_profit_pct": 1.0,
    "loss_static_hc_stop_profit_pct": 1.0
  },
  "timestamp": "2025-09-05T00:45:35.736795",
  "individual": [
    19.073852254299517,
    37.95125183612059,
    826.955580785384,
    14.098105451665074,
    -0.030125960357462442,
    7.989764003906226,
    -0.02256850450395797,
    0.906462405901548,
    0.004976496503563493,
    150000000.0,
    0.2860232112571415,
    11.31189653168304,
    28.346885602779047,
    16.558774606748816,
    14.566602221829324,
    0.005062488329958439,
    12.215171042389866,
    61.385363002841814,
    39.20473325979569,
    54.12765011152829,
    6.599802999013912,
    348.7517753997504,
    258.89807659431165,
    430.4276414876367,
    1,
    1,
    0,
    0.043995138392417005,
    0,
    1,
    0,
    1,
    -0.05185520644278706,
    -0.08060728815979899,
    22.221337615997022,
    26.293087832385226,
    499.80775923041165,
    1.0000000218549785,
    3.065993283061714,
    -0.07096929597100701,
    -0.07971351046643961,
    -0.09755151403439427,
    0,
    0,
    0.0027528649199787406,
    -0.4183365720434239,
    1,
    0,
    3.758086486788049
  ],
  "max_drawdown_threshold": 0.25
}