{
  "generation": 130,
  "fitness": 3.3821085062307943,
  "total_return": 10.95342,
  "max_drawdown": 0.21079421998693262,
  "sharpe_ratio": 4.677071884483524,
  "params": {
    "per_step_tick_gap": 19,
    "cold_start_steps": 50,
    "max_abserve_tick_steps": 827,
    "max_abserce_avg_price_down_steps": 14,
    "stop_profit_open_hc_pct": -0.030147766731602584,
    "dynamic_hc_stop_profit_thres": 7.996614160136405,
    "last_close_price_hc_pct": -0.02205989000539589,
    "last_day_sell_thres": 0.9472012357079418,
    "last_day_sell_huiche": 0.0030687973174491436,
    "fd_mount": 146343019,
    "fd_vol_pct": 0.3524665187162731,
    "fd_ju_ticks": 13,
    "max_zb_times": 28,
    "stagnation_kline_ticks": 17,
    "decline_kline_ticks": 27,
    "yang_yin_threshold": 0.004604344814448033,
    "stagnation_n": 14,
    "stagnation_volume_ratio_threshold": 60.00889858393688,
    "stagnation_ratio_threshold": 38,
    "decline_volume_ratio_threshold": 63.851443467010576,
    "max_rebounds": 11,
    "decline_ratio_threshold": 514,
    "flxd_ticks": 251,
    "flzz_ticks": 806,
    "use_simiple_kline_strategy_flxd": true,
    "use_simiple_kline_strategy_flzz": true,
    "flzz_use_smooth_price": false,
    "flzz_zf_thresh": 0.04413170296376779,
    "kline_sell_flxd_zy": true,
    "kline_sell_flxd_zs": true,
    "kline_sell_flzz_zs": true,
    "kline_sell_flzz_zy": true,
    "last_open_price_hc_pct": -0.07714206458114292,
    "open_price_max_hc": -0.08223362975007747,
    "loss_per_step_tick_gap": 21,
    "loss_cold_start_steps": 9,
    "loss_max_abserve_tick_steps": 499,
    "loss_max_abserce_avg_price_down_steps": 1,
    "loss_dynamic_hc_stop_profit_thres": 6.522789036244756,
    "loss_last_close_price_hc_pct": -0.0729001319136977,
    "loss_last_open_price_hc_pct": -0.07944406074704588,
    "loss_open_price_max_hc": -0.09943422010178833,
    "loss_down_open_sell_wait_time": false,
    "down_open_sell_wait_time": false,
    "day_zy_line": 0.0026684508832819508,
    "day_zs_line": -0.07771028793727768,
    "sell_afternoon": true,
    "sell_half_afternoon": false,
    "sell_max_days": 4,
    "stop_profit_pct": 0.0,
    "static_hc_stop_profit_pct": 1.0,
    "loss_static_hc_stop_profit_pct": 1.0
  },
  "timestamp": "2025-09-05T01:33:36.190356",
  "individual": [
    18.938935967655837,
    49.87223164577737,
    827.0071463756357,
    14.276926713888987,
    -0.030147766731602584,
    7.996614160136405,
    -0.02205989000539589,
    0.9472012357079418,
    0.0030687973174491436,
    146343019.22195375,
    0.3524665187162731,
    12.93667578947983,
    27.789994385634543,
    16.782996709950996,
    27.10666695986638,
    0.004604344814448033,
    13.72815258714304,
    60.00889858393688,
    38.2596196162116,
    63.851443467010576,
    10.578061055602133,
    514.2850523385476,
    251.14752873140952,
    806.284543678571,
    1,
    1,
    0,
    0.04413170296376779,
    1,
    1,
    1,
    1,
    -0.07714206458114292,
    -0.08223362975007747,
    21.427134740272063,
    9.379599750317459,
    498.97926008878676,
    1.0000001962791063,
    6.522789036244756,
    -0.0729001319136977,
    -0.07944406074704588,
    -0.09943422010178833,
    0,
    0,
    0.0026684508832819508,
    -0.07771028793727768,
    1,
    0,
    3.7840556430373025
  ],
  "max_drawdown_threshold": 0.25
}