{
  "generation": 50,
  "fitness": 3.734025804156277,
  "total_return": 12.32936500000001,
  "max_drawdown": 0.2388367428800643,
  "sharpe_ratio": 5.821618028170835,
  "params": {
    "per_step_tick_gap": 17,
    "cold_start_steps": 36,
    "max_abserve_tick_steps": 962,
    "max_abserce_avg_price_down_steps": 15,
    "stop_profit_open_hc_pct": -0.06074453001202524,
    "dynamic_hc_stop_profit_thres": 2.935098475465718,
    "last_close_price_hc_pct": -0.036312303294581315,
    "last_day_sell_thres": 0.9703092310604856,
    "last_day_sell_huiche": 0.018965489617639972,
    "fd_mount": 128898868,
    "fd_vol_pct": 0.42925538006570524,
    "fd_ju_ticks": 1,
    "max_zb_times": 2,
    "stagnation_kline_ticks": 31,
    "decline_kline_ticks": 34,
    "yang_yin_threshold": 0.002,
    "stagnation_n": 15,
    "stagnation_volume_ratio_threshold": 82.53489364711605,
    "stagnation_ratio_threshold": 1296,
    "decline_volume_ratio_threshold": 58.57189835896209,
    "max_rebounds": 1,
    "decline_ratio_threshold": 1441,
    "flxd_ticks": 99,
    "flzz_ticks": 100,
    "use_simiple_kline_strategy_flxd": true,
    "use_simiple_kline_strategy_flzz": true,
    "flzz_use_smooth_price": true,
    "flzz_zf_thresh": 0.04003705378430288,
    "kline_sell_flxd_zy": true,
    "kline_sell_flxd_zs": false,
    "kline_sell_flzz_zs": true,
    "kline_sell_flzz_zy": true,
    "last_open_price_hc_pct": -0.02048851672680829,
    "open_price_max_hc": -1.3892087208429641e-05,
    "loss_per_step_tick_gap": 3,
    "loss_cold_start_steps": 7,
    "loss_max_abserve_tick_steps": 309,
    "loss_max_abserce_avg_price_down_steps": 15,
    "loss_dynamic_hc_stop_profit_thres": 0.011151850512742494,
    "loss_last_close_price_hc_pct": -0.07163461266501389,
    "loss_last_open_price_hc_pct": -0.07776099005611072,
    "loss_open_price_max_hc": -0.03682559764859958,
    "loss_down_open_sell_wait_time": false,
    "down_open_sell_wait_time": false,
    "day_zy_line": 0.012230780233122598,
    "day_zs_line": -0.1204073105178752,
    "sell_afternoon": true,
    "sell_half_afternoon": false,
    "sell_max_days": 4,
    "stop_profit_pct": 0.0,
    "static_hc_stop_profit_pct": 1.0,
    "loss_static_hc_stop_profit_pct": 1.0
  },
  "timestamp": "2025-09-06T16:44:51.717043",
  "individual": [
    16.75992618964552,
    36.215113284480665,
    961.530571473907,
    14.648901474666562,
    -0.06074453001202524,
    2.935098475465718,
    -0.036312303294581315,
    0.9703092310604856,
    0.018965489617639972,
    128898867.89362527,
    0.42925538006570524,
    1.0010344526527488,
    1.8435421312903257,
    31.16186131651126,
    33.97996802689238,
    0.002,
    14.806340365148955,
    82.53489364711605,
    1295.7569241958686,
    58.57189835896209,
    1.1738834382604413,
    1440.683387109378,
    99.40654777282425,
    100.411187797871,
    1,
    1,
    1,
    0.04003705378430288,
    1,
    0,
    1,
    1,
    -0.02048851672680829,
    -1.3892087208429641e-05,
    2.53105198346618,
    7.433488300789881,
    309.3953190958964,
    14.846340905811493,
    0.011151850512742494,
    -0.07163461266501389,
    -0.07776099005611072,
    -0.03682559764859958,
    0,
    0,
    0.012230780233122598,
    -0.1204073105178752,
    1,
    0,
    3.6358932432634647
  ],
  "max_drawdown_threshold": 0.25,
  "strategy_name": "\u4f4e\u4f4d\u65ad\u677f\u4f4e\u5438"
}