{
  "generation": 40,
  "fitness": 3.7015088441631705,
  "total_return": 12.02461500000001,
  "max_drawdown": 0.2388367428800643,
  "sharpe_ratio": 5.813029932527059,
  "params": {
    "per_step_tick_gap": 17,
    "cold_start_steps": 46,
    "max_abserve_tick_steps": 958,
    "max_abserce_avg_price_down_steps": 15,
    "stop_profit_open_hc_pct": -0.05646480089464179,
    "dynamic_hc_stop_profit_thres": 2.186971459633473,
    "last_close_price_hc_pct": -0.04,
    "last_day_sell_thres": 0.7500530213562193,
    "last_day_sell_huiche": 0.016568521877578284,
    "fd_mount": 32066295,
    "fd_vol_pct": 0.7120881471547109,
    "fd_ju_ticks": 1,
    "max_zb_times": 2,
    "stagnation_kline_ticks": 49,
    "decline_kline_ticks": 32,
    "yang_yin_threshold": 0.0035798666930229577,
    "stagnation_n": 10,
    "stagnation_volume_ratio_threshold": 89.65946741999855,
    "stagnation_ratio_threshold": 876,
    "decline_volume_ratio_threshold": 61.87968776583304,
    "max_rebounds": 1,
    "decline_ratio_threshold": 1458,
    "flxd_ticks": 38,
    "flzz_ticks": 100,
    "use_simiple_kline_strategy_flxd": true,
    "use_simiple_kline_strategy_flzz": true,
    "flzz_use_smooth_price": true,
    "flzz_zf_thresh": 0.030129568725254227,
    "kline_sell_flxd_zy": true,
    "kline_sell_flxd_zs": true,
    "kline_sell_flzz_zs": true,
    "kline_sell_flzz_zy": true,
    "last_open_price_hc_pct": -0.028612956898006286,
    "open_price_max_hc": -3.888620908892696e-05,
    "loss_per_step_tick_gap": 3,
    "loss_cold_start_steps": 8,
    "loss_max_abserve_tick_steps": 359,
    "loss_max_abserce_avg_price_down_steps": 15,
    "loss_dynamic_hc_stop_profit_thres": 0.03379599390309372,
    "loss_last_close_price_hc_pct": -0.08,
    "loss_last_open_price_hc_pct": -0.07059251526034369,
    "loss_open_price_max_hc": -0.005732997310645936,
    "loss_down_open_sell_wait_time": false,
    "down_open_sell_wait_time": false,
    "day_zy_line": 0.012057835041901924,
    "day_zs_line": -0.12126701309783255,
    "sell_afternoon": true,
    "sell_half_afternoon": false,
    "sell_max_days": 4,
    "stop_profit_pct": 0.0,
    "static_hc_stop_profit_pct": 1.0,
    "loss_static_hc_stop_profit_pct": 1.0
  },
  "timestamp": "2025-09-06T16:43:05.289649",
  "individual": [
    16.839193004290674,
    46.450114812355544,
    958.4017873431851,
    15.0,
    -0.05646480089464179,
    2.186971459633473,
    -0.04,
    0.7500530213562193,
    0.016568521877578284,
    32066295.301480576,
    0.7120881471547109,
    1.1198149348403386,
    1.9803429871233729,
    48.90013711836767,
    31.75160542528705,
    0.0035798666930229577,
    10.38331024487768,
    89.65946741999855,
    875.6911874751419,
    61.87968776583304,
    1.4947473321534908,
    1458.1237659230462,
    38.39124321535793,
    100.0,
    1,
    1,
    1,
    0.030129568725254227,
    1,
    1,
    1,
    1,
    -0.028612956898006286,
    -3.888620908892696e-05,
    2.8049932072119406,
    8.478455709050474,
    358.5485856858875,
    15.0,
    0.03379599390309372,
    -0.08,
    -0.07059251526034369,
    -0.005732997310645936,
    0,
    0,
    0.012057835041901924,
    -0.12126701309783255,
    1,
    0,
    3.976769876499195
  ],
  "max_drawdown_threshold": 0.25,
  "strategy_name": "\u4f4e\u4f4d\u65ad\u677f\u4f4e\u5438"
}