{
  "generation": 20,
  "fitness": 3.4943738908398516,
  "total_return": 10.288639999999996,
  "max_drawdown": 0.2388367428800643,
  "sharpe_ratio": 5.705972152295369,
  "params": {
    "per_step_tick_gap": 12,
    "cold_start_steps": 43,
    "max_abserve_tick_steps": 999,
    "max_abserce_avg_price_down_steps": 2,
    "stop_profit_open_hc_pct": -0.06444752911437668,
    "dynamic_hc_stop_profit_thres": 0.31957868315752513,
    "last_close_price_hc_pct": -0.03251456204165799,
    "last_day_sell_thres": 0.9424215445611263,
    "last_day_sell_huiche": 0.01636529947969208,
    "fd_mount": 17499635,
    "fd_vol_pct": 0.5572887553155161,
    "fd_ju_ticks": 1,
    "max_zb_times": 1,
    "stagnation_kline_ticks": 48,
    "decline_kline_ticks": 41,
    "yang_yin_threshold": 0.004455304668075418,
    "stagnation_n": 15,
    "stagnation_volume_ratio_threshold": 40.38459812862879,
    "stagnation_ratio_threshold": 1136,
    "decline_volume_ratio_threshold": 62.4223865755376,
    "max_rebounds": 3,
    "decline_ratio_threshold": 1458,
    "flxd_ticks": 77,
    "flzz_ticks": 247,
    "use_simiple_kline_strategy_flxd": true,
    "use_simiple_kline_strategy_flzz": true,
    "flzz_use_smooth_price": false,
    "flzz_zf_thresh": 0.06264874843125745,
    "kline_sell_flxd_zy": true,
    "kline_sell_flxd_zs": false,
    "kline_sell_flzz_zs": false,
    "kline_sell_flzz_zy": true,
    "last_open_price_hc_pct": -0.001723392739916908,
    "open_price_max_hc": -0.0013475886348757046,
    "loss_per_step_tick_gap": 1,
    "loss_cold_start_steps": 4,
    "loss_max_abserve_tick_steps": 406,
    "loss_max_abserce_avg_price_down_steps": 14,
    "loss_dynamic_hc_stop_profit_thres": 0.01,
    "loss_last_close_price_hc_pct": -0.07450674265254756,
    "loss_last_open_price_hc_pct": -0.08,
    "loss_open_price_max_hc": -0.045522360682914764,
    "loss_down_open_sell_wait_time": true,
    "down_open_sell_wait_time": false,
    "day_zy_line": 0.012553867558834527,
    "day_zs_line": -0.1204654086946632,
    "sell_afternoon": true,
    "sell_half_afternoon": false,
    "sell_max_days": 4,
    "stop_profit_pct": 0.0,
    "static_hc_stop_profit_pct": 1.0,
    "loss_static_hc_stop_profit_pct": 1.0
  },
  "timestamp": "2025-09-06T16:39:38.577189",
  "individual": [
    12.196297323777943,
    43.21161379289247,
    998.5078246213365,
    2.2696046735600617,
    -0.06444752911437668,
    0.31957868315752513,
    -0.03251456204165799,
    0.9424215445611263,
    0.01636529947969208,
    17499635.308643732,
    0.5572887553155161,
    1.0,
    1.0,
    47.977004301121646,
    40.51034519175828,
    0.004455304668075418,
    14.530855702541459,
    40.38459812862879,
    1135.7417159699226,
    62.4223865755376,
    3.03075823817612,
    1457.8691303349285,
    76.96133152014518,
    246.88617051283484,
    1,
    1,
    0,
    0.06264874843125745,
    1,
    0,
    0,
    1,
    -0.001723392739916908,
    -0.0013475886348757046,
    1.0,
    4.00565132140006,
    405.74097252639683,
    14.099445334284537,
    0.01,
    -0.07450674265254756,
    -0.08,
    -0.045522360682914764,
    1,
    0,
    0.012553867558834527,
    -0.1204654086946632,
    1,
    0,
    3.9357537433764866
  ],
  "max_drawdown_threshold": 0.25,
  "strategy_name": "\u4f4e\u4f4d\u65ad\u677f\u4f4e\u5438"
}