{
  "generation": 30,
  "fitness": 4.415922517520727,
  "total_return": 51.18675499999997,
  "max_drawdown": 0.32522594009773886,
  "sharpe_ratio": 4.864733274053622,
  "params": {
    "per_step_tick_gap": 1,
    "cold_start_steps": 2,
    "max_abserve_tick_steps": 519,
    "max_abserce_avg_price_down_steps": 7,
    "stop_profit_open_hc_pct": -0.09596586183152361,
    "dynamic_hc_stop_profit_thres": 1.9306077058079805,
    "last_close_price_hc_pct": -0.005506227355101097,
    "last_day_sell_thres": 0.8454270586759077,
    "last_day_sell_huiche": 0.00432804144717685,
    "fd_mount": 119779081,
    "fd_vol_pct": 0.38413713838677654,
    "fd_ju_ticks": 28,
    "max_zb_times": 3,
    "stagnation_kline_ticks": 35,
    "decline_kline_ticks": 47,
    "yang_yin_threshold": 0.011473362125978834,
    "stagnation_n": 24,
    "stagnation_volume_ratio_threshold": 50.434310064624434,
    "stagnation_ratio_threshold": 361,
    "decline_volume_ratio_threshold": 68.7086371900234,
    "max_rebounds": 11,
    "decline_ratio_threshold": 15,
    "flxd_ticks": 79,
    "flzz_ticks": 1158,
    "use_simiple_kline_strategy_flxd": false,
    "use_simiple_kline_strategy_flzz": true,
    "flzz_use_smooth_price": false,
    "flzz_zf_thresh": 0.03332756198385516,
    "kline_sell_flxd_zy": false,
    "kline_sell_flxd_zs": false,
    "kline_sell_flzz_zs": true,
    "kline_sell_flzz_zy": true,
    "last_open_price_hc_pct": 0.01,
    "open_price_max_hc": -0.015781447218151192,
    "loss_per_step_tick_gap": 1,
    "loss_cold_start_steps": 0,
    "loss_max_abserve_tick_steps": 433,
    "loss_max_abserce_avg_price_down_steps": 6,
    "loss_dynamic_hc_stop_profit_thres": 7.669346959304965,
    "loss_last_close_price_hc_pct": -0.04499784253832529,
    "loss_last_open_price_hc_pct": -0.043473027018157605,
    "loss_open_price_max_hc": -0.0074179685253898935,
    "loss_down_open_sell_wait_time": false,
    "down_open_sell_wait_time": false,
    "stop_profit_pct": 0.0,
    "static_hc_stop_profit_pct": 1.0,
    "loss_static_hc_stop_profit_pct": 1.0
  },
  "timestamp": "2025-08-31T19:25:13.623838",
  "individual": [
    1.135061716360807,
    1.8273390174932942,
    519.4182597054236,
    7.428041825235123,
    -0.09596586183152361,
    1.9306077058079805,
    -0.005506227355101097,
    0.8454270586759077,
    0.00432804144717685,
    119779080.6143379,
    0.38413713838677654,
    28.016200517431997,
    2.5438631723334506,
    34.88157363665181,
    47.050640340070956,
    0.011473362125978834,
    24.33867413233743,
    50.434310064624434,
    361.26498086256686,
    68.7086371900234,
    10.679151614063322,
    15.311612658467663,
    78.85234362867632,
    1157.7350262716627,
    0,
    1,
    0,
    0.03332756198385516,
    0,
    0,
    1,
    1,
    0.01,
    -0.015781447218151192,
    1.0,
    0.19027592479731653,
    433.0672129022692,
    6.0437402218131355,
    7.669346959304965,
    -0.04499784253832529,
    -0.043473027018157605,
    -0.0074179685253898935,
    0,
    0
  ]
}