{
  "generation": 50,
  "fitness": 4.61865891037232,
  "total_return": 56.99776999999999,
  "max_drawdown": 0.3247914958581889,
  "sharpe_ratio": 4.949608735482696,
  "params": {
    "per_step_tick_gap": 1,
    "cold_start_steps": 2,
    "max_abserve_tick_steps": 518,
    "max_abserce_avg_price_down_steps": 7,
    "stop_profit_open_hc_pct": -0.0008677959741924374,
    "dynamic_hc_stop_profit_thres": 1.7520440419655223,
    "last_close_price_hc_pct": 0.0048080068599352845,
    "last_day_sell_thres": 0.6504207081333726,
    "last_day_sell_huiche": 0.004351500406746374,
    "fd_mount": 131658450,
    "fd_vol_pct": 0.35322984531487484,
    "fd_ju_ticks": 1,
    "max_zb_times": 1,
    "stagnation_kline_ticks": 35,
    "decline_kline_ticks": 47,
    "yang_yin_threshold": 0.0144797712505512,
    "stagnation_n": 24,
    "stagnation_volume_ratio_threshold": 50.32885921499011,
    "stagnation_ratio_threshold": 354,
    "decline_volume_ratio_threshold": 82.07770299151488,
    "max_rebounds": 13,
    "decline_ratio_threshold": 15,
    "flxd_ticks": 16,
    "flzz_ticks": 1082,
    "use_simiple_kline_strategy_flxd": false,
    "use_simiple_kline_strategy_flzz": true,
    "flzz_use_smooth_price": false,
    "flzz_zf_thresh": 0.03336360461154347,
    "kline_sell_flxd_zy": false,
    "kline_sell_flxd_zs": false,
    "kline_sell_flzz_zs": true,
    "kline_sell_flzz_zy": true,
    "last_open_price_hc_pct": 0.00999102139055887,
    "open_price_max_hc": -0.01584190940941446,
    "loss_per_step_tick_gap": 1,
    "loss_cold_start_steps": 0,
    "loss_max_abserve_tick_steps": 429,
    "loss_max_abserce_avg_price_down_steps": 6,
    "loss_dynamic_hc_stop_profit_thres": 7.689758697940372,
    "loss_last_close_price_hc_pct": -0.05223385075359001,
    "loss_last_open_price_hc_pct": -0.04976415213667821,
    "loss_open_price_max_hc": -0.007211963856331318,
    "loss_down_open_sell_wait_time": false,
    "down_open_sell_wait_time": true,
    "stop_profit_pct": 0.0,
    "static_hc_stop_profit_pct": 1.0,
    "loss_static_hc_stop_profit_pct": 1.0
  },
  "timestamp": "2025-08-31T19:35:49.991505",
  "individual": [
    1.1370609019603721,
    1.8866200749969673,
    518.0192588168854,
    6.726087162714316,
    -0.0008677959741924374,
    1.7520440419655223,
    0.0048080068599352845,
    0.6504207081333726,
    0.004351500406746374,
    131658449.73974037,
    0.35322984531487484,
    1.0,
    1.3911069533150517,
    34.95428035047238,
    46.832850009812255,
    0.0144797712505512,
    24.064330512518705,
    50.32885921499011,
    354.3353816959375,
    82.07770299151488,
    12.98357759598644,
    15.308777521393862,
    15.70707188445876,
    1082.266422882131,
    0,
    1,
    0,
    0.03336360461154347,
    0,
    0,
    1,
    1,
    0.00999102139055887,
    -0.01584190940941446,
    1.007782337167148,
    0.19168683120888583,
    429.15019302745736,
    5.918357499986493,
    7.689758697940372,
    -0.05223385075359001,
    -0.04976415213667821,
    -0.007211963856331318,
    0,
    1
  ]
}