{
  "generation": 10,
  "fitness": 3.3380259763678337,
  "total_return": 28.461724999999987,
  "max_drawdown": 0.3314416123048709,
  "sharpe_ratio": 4.398038646556714,
  "params": {
    "per_step_tick_gap": 1,
    "cold_start_steps": 2,
    "max_abserve_tick_steps": 411,
    "max_abserce_avg_price_down_steps": 6,
    "stop_profit_open_hc_pct": -0.12938103161286715,
    "dynamic_hc_stop_profit_thres": 1.1277184328034302,
    "last_close_price_hc_pct": -0.0018800382385126006,
    "last_day_sell_thres": 0.6365201152680503,
    "last_day_sell_huiche": 0.0068381770123734816,
    "fd_mount": 33398500,
    "fd_vol_pct": 0.36551537327671646,
    "fd_ju_ticks": 26,
    "max_zb_times": 11,
    "stagnation_kline_ticks": 35,
    "decline_kline_ticks": 50,
    "yang_yin_threshold": 0.011992028653328315,
    "stagnation_n": 22,
    "stagnation_volume_ratio_threshold": 43.370854821524745,
    "stagnation_ratio_threshold": 286,
    "decline_volume_ratio_threshold": 65.6146276515606,
    "max_rebounds": 8,
    "decline_ratio_threshold": 99,
    "flxd_ticks": 81,
    "flzz_ticks": 1095,
    "use_simiple_kline_strategy_flxd": false,
    "use_simiple_kline_strategy_flzz": true,
    "flzz_use_smooth_price": false,
    "flzz_zf_thresh": 0.01104724081297849,
    "kline_sell_flxd_zy": false,
    "kline_sell_flxd_zs": false,
    "kline_sell_flzz_zs": true,
    "kline_sell_flzz_zy": true,
    "last_open_price_hc_pct": 0.006304598171864502,
    "open_price_max_hc": -0.015280427345669794,
    "loss_per_step_tick_gap": 1,
    "loss_cold_start_steps": 0,
    "loss_max_abserve_tick_steps": 267,
    "loss_max_abserce_avg_price_down_steps": 8,
    "loss_dynamic_hc_stop_profit_thres": 6.741187735295711,
    "loss_last_close_price_hc_pct": -0.06487332497058432,
    "loss_last_open_price_hc_pct": -0.0768954268984047,
    "loss_open_price_max_hc": -0.011783504364242865,
    "loss_down_open_sell_wait_time": true,
    "down_open_sell_wait_time": false,
    "stop_profit_pct": 0.0,
    "static_hc_stop_profit_pct": 1.0,
    "loss_static_hc_stop_profit_pct": 1.0
  },
  "timestamp": "2025-08-31T19:04:40.206254",
  "individual": [
    1.0,
    2.0548750272361684,
    410.6043575325109,
    5.697352336210585,
    -0.12938103161286715,
    1.1277184328034302,
    -0.0018800382385126006,
    0.6365201152680503,
    0.0068381770123734816,
    33398499.881058056,
    0.36551537327671646,
    26.071241198556645,
    10.602804734882936,
    35.21840615569684,
    50.0,
    0.011992028653328315,
    21.662630683003027,
    43.370854821524745,
    285.73214931191205,
    65.6146276515606,
    8.380359136741351,
    99.47653945257792,
    80.75769881663857,
    1094.8817771320305,
    0,
    1,
    0,
    0.01104724081297849,
    0,
    0,
    1,
    1,
    0.006304598171864502,
    -0.015280427345669794,
    1.2142334646982056,
    0.0,
    266.51789320737754,
    7.922039686155701,
    6.741187735295711,
    -0.06487332497058432,
    -0.0768954268984047,
    -0.011783504364242865,
    1,
    0
  ]
}