{
  "generation": 40,
  "fitness": 4.5196251015977245,
  "total_return": 54.233429999999984,
  "max_drawdown": 0.3251430349657691,
  "sharpe_ratio": 4.915527370851109,
  "params": {
    "per_step_tick_gap": 1,
    "cold_start_steps": 2,
    "max_abserve_tick_steps": 513,
    "max_abserce_avg_price_down_steps": 6,
    "stop_profit_open_hc_pct": -0.06874525770450995,
    "dynamic_hc_stop_profit_thres": 1.7440136435407847,
    "last_close_price_hc_pct": 0.004469914254230061,
    "last_day_sell_thres": 0.6755659277700514,
    "last_day_sell_huiche": 0.004372209362894832,
    "fd_mount": 95358822,
    "fd_vol_pct": 0.37536128773315947,
    "fd_ju_ticks": 1,
    "max_zb_times": 1,
    "stagnation_kline_ticks": 35,
    "decline_kline_ticks": 47,
    "yang_yin_threshold": 0.010161401896628463,
    "stagnation_n": 24,
    "stagnation_volume_ratio_threshold": 50.38913710168114,
    "stagnation_ratio_threshold": 394,
    "decline_volume_ratio_threshold": 74.11075617466315,
    "max_rebounds": 12,
    "decline_ratio_threshold": 15,
    "flxd_ticks": 64,
    "flzz_ticks": 1222,
    "use_simiple_kline_strategy_flxd": false,
    "use_simiple_kline_strategy_flzz": true,
    "flzz_use_smooth_price": false,
    "flzz_zf_thresh": 0.033432438350881354,
    "kline_sell_flxd_zy": false,
    "kline_sell_flxd_zs": false,
    "kline_sell_flzz_zs": true,
    "kline_sell_flzz_zy": true,
    "last_open_price_hc_pct": 0.01,
    "open_price_max_hc": -0.015988008822099015,
    "loss_per_step_tick_gap": 1,
    "loss_cold_start_steps": 0,
    "loss_max_abserve_tick_steps": 427,
    "loss_max_abserce_avg_price_down_steps": 6,
    "loss_dynamic_hc_stop_profit_thres": 7.687204288758954,
    "loss_last_close_price_hc_pct": -0.04113361572584581,
    "loss_last_open_price_hc_pct": -0.050629148990080065,
    "loss_open_price_max_hc": -0.007317464350081217,
    "loss_down_open_sell_wait_time": false,
    "down_open_sell_wait_time": false,
    "stop_profit_pct": 0.0,
    "static_hc_stop_profit_pct": 1.0,
    "loss_static_hc_stop_profit_pct": 1.0
  },
  "timestamp": "2025-08-31T19:31:28.719752",
  "individual": [
    1.0696664452422502,
    2.0624247942580336,
    513.1820343086271,
    6.0204038113146625,
    -0.06874525770450995,
    1.7440136435407847,
    0.004469914254230061,
    0.6755659277700514,
    0.004372209362894832,
    95358821.77552928,
    0.37536128773315947,
    1.0,
    1.0,
    35.00176498417546,
    46.70510736977505,
    0.010161401896628463,
    24.038910240151264,
    50.38913710168114,
    393.7503222818709,
    74.11075617466315,
    12.080707187937007,
    15.0,
    64.1115595141694,
    1222.1775422519831,
    0,
    1,
    0,
    0.033432438350881354,
    0,
    0,
    1,
    1,
    0.01,
    -0.015988008822099015,
    1.0016481265174544,
    0.19090620636150207,
    427.10395781702204,
    6.394722515059792,
    7.687204288758954,
    -0.04113361572584581,
    -0.050629148990080065,
    -0.007317464350081217,
    0,
    0
  ]
}