{
  "generation": 20,
  "fitness": 4.027221529699555,
  "total_return": 42.332225,
  "max_drawdown": 0.32697612424663897,
  "sharpe_ratio": 4.654508182049647,
  "params": {
    "per_step_tick_gap": 1,
    "cold_start_steps": 2,
    "max_abserve_tick_steps": 436,
    "max_abserce_avg_price_down_steps": 6,
    "stop_profit_open_hc_pct": -0.15,
    "dynamic_hc_stop_profit_thres": 2.359381960426438,
    "last_close_price_hc_pct": -0.00730712545567813,
    "last_day_sell_thres": 0.6348487611737464,
    "last_day_sell_huiche": 0.004377182782741574,
    "fd_mount": 37406476,
    "fd_vol_pct": 0.3764933152108591,
    "fd_ju_ticks": 33,
    "max_zb_times": 4,
    "stagnation_kline_ticks": 35,
    "decline_kline_ticks": 48,
    "yang_yin_threshold": 0.010209067196157776,
    "stagnation_n": 27,
    "stagnation_volume_ratio_threshold": 49.1863173528819,
    "stagnation_ratio_threshold": 338,
    "decline_volume_ratio_threshold": 74.4456679520222,
    "max_rebounds": 11,
    "decline_ratio_threshold": 19,
    "flxd_ticks": 0,
    "flzz_ticks": 1213,
    "use_simiple_kline_strategy_flxd": false,
    "use_simiple_kline_strategy_flzz": true,
    "flzz_use_smooth_price": false,
    "flzz_zf_thresh": 0.03336156629100666,
    "kline_sell_flxd_zy": false,
    "kline_sell_flxd_zs": false,
    "kline_sell_flzz_zs": true,
    "kline_sell_flzz_zy": true,
    "last_open_price_hc_pct": 0.009123605625082905,
    "open_price_max_hc": -0.018620928982846913,
    "loss_per_step_tick_gap": 1,
    "loss_cold_start_steps": 0,
    "loss_max_abserve_tick_steps": 369,
    "loss_max_abserce_avg_price_down_steps": 9,
    "loss_dynamic_hc_stop_profit_thres": 8.0,
    "loss_last_close_price_hc_pct": -0.05320576588713411,
    "loss_last_open_price_hc_pct": -0.053673903973235404,
    "loss_open_price_max_hc": -0.008579504554034036,
    "loss_down_open_sell_wait_time": false,
    "down_open_sell_wait_time": false,
    "stop_profit_pct": 0.0,
    "static_hc_stop_profit_pct": 1.0,
    "loss_static_hc_stop_profit_pct": 1.0
  },
  "timestamp": "2025-08-31T19:15:05.198999",
  "individual": [
    1.0132520028012177,
    2.177413063488193,
    436.47528195640774,
    6.375956745622065,
    -0.15,
    2.359381960426438,
    -0.00730712545567813,
    0.6348487611737464,
    0.004377182782741574,
    37406475.82580156,
    0.3764933152108591,
    32.518815614837564,
    3.945099887444634,
    35.320232612951045,
    47.96050300694266,
    0.010209067196157776,
    27.295863730826596,
    49.1863173528819,
    337.80875905476375,
    74.4456679520222,
    11.28903984301639,
    18.988009464094013,
    0.0,
    1212.8450024816593,
    0,
    1,
    0,
    0.03336156629100666,
    0,
    0,
    1,
    1,
    0.009123605625082905,
    -0.018620928982846913,
    1.0199817751350662,
    0.30082010406822346,
    368.5594134714546,
    8.560478943640737,
    8.0,
    -0.05320576588713411,
    -0.053673903973235404,
    -0.008579504554034036,
    0,
    0
  ]
}