{
  "train_performance": {
    "fitness": 2.623875873748289,
    "return": 29.947124999999996,
    "drawdown": 0.3296844612764851,
    "sharpe": 4.319359638856177
  },
  "test_performance": {
    "fitness": 3.0494910637615273,
    "return": 18.32148,
    "drawdown": 0.2846587005428999,
    "sharpe": 3.9304427672893696
  },
  "overfitting_ratio": {
    "fitness": 0.860430746929868,
    "return": 1.6345363475003107,
    "sharpe": 1.0989498879880713
  }
}