{
  "generation": 10,
  "fitness": 7.442181451693744,
  "total_return": 69.05143,
  "max_drawdown": 0.24588619773485418,
  "sharpe_ratio": 8.484385442072428,
  "params": {
    "per_step_tick_gap": 8,
    "cold_start_steps": 30,
    "max_abserve_tick_steps": 497,
    "max_abserce_avg_price_down_steps": 12,
    "stop_profit_open_hc_pct": -0.07014126809139583,
    "dynamic_hc_stop_profit_thres": 5.348564163236128,
    "last_close_price_hc_pct": -0.0020780630875496505,
    "last_day_sell_thres": 0.8859468379294363,
    "last_day_sell_huiche": 0.01826125587523448,
    "fd_mount": 59284714,
    "fd_vol_pct": 0.75,
    "fd_ju_ticks": 21,
    "max_zb_times": 24,
    "stagnation_kline_ticks": 33,
    "decline_kline_ticks": 28,
    "yang_yin_threshold": 0.013625892336320854,
    "stagnation_n": 17,
    "stagnation_volume_ratio_threshold": 72.50271301598752,
    "stagnation_ratio_threshold": 296,
    "decline_volume_ratio_threshold": 2.8215999731016277,
    "max_rebounds": 12,
    "decline_ratio_threshold": 1126,
    "flxd_ticks": 25,
    "flzz_ticks": 1745,
    "use_simiple_kline_strategy_flxd": true,
    "use_simiple_kline_strategy_flzz": true,
    "flzz_use_smooth_price": true,
    "flzz_zf_thresh": 0.026657860039984473,
    "kline_sell_flxd_zy": false,
    "kline_sell_flxd_zs": true,
    "kline_sell_flzz_zs": true,
    "kline_sell_flzz_zy": true,
    "last_open_price_hc_pct": -0.05753275394784197,
    "open_price_max_hc": -0.024049709209935065,
    "loss_per_step_tick_gap": 25,
    "loss_cold_start_steps": 11,
    "loss_max_abserve_tick_steps": 145,
    "loss_max_abserce_avg_price_down_steps": 6,
    "loss_dynamic_hc_stop_profit_thres": 0.5488512488579489,
    "loss_last_close_price_hc_pct": 0.0023346278167282546,
    "loss_last_open_price_hc_pct": -0.06087012265890661,
    "loss_open_price_max_hc": -0.03433033729045698,
    "loss_down_open_sell_wait_time": false,
    "down_open_sell_wait_time": false,
    "day_zy_line": 0.12639736794268808,
    "day_zs_line": -0.025200800379943003,
    "sell_afternoon": false,
    "sell_half_afternoon": true,
    "sell_max_days": 3,
    "stop_profit_pct": 0.0,
    "static_hc_stop_profit_pct": 1.0,
    "loss_static_hc_stop_profit_pct": 1.0
  },
  "timestamp": "2025-09-06T09:32:45.048604",
  "individual": [
    8.274010628747288,
    29.55152359996014,
    497.47946040404975,
    12.392590054134404,
    -0.07014126809139583,
    5.348564163236128,
    -0.0020780630875496505,
    0.8859468379294363,
    0.01826125587523448,
    59284713.60728718,
    0.75,
    20.873752820105473,
    23.97565930804182,
    32.98740413499541,
    27.916138410193593,
    0.013625892336320854,
    16.747186723824516,
    72.50271301598752,
    296.21203930199795,
    2.8215999731016277,
    12.238771750806618,
    1126.0346384417169,
    24.66864651783355,
    1745.0319434693488,
    1,
    1,
    1,
    0.026657860039984473,
    0,
    1,
    1,
    1,
    -0.05753275394784197,
    -0.024049709209935065,
    25.0,
    10.889501938119448,
    144.90081248109095,
    6.48871462723258,
    0.5488512488579489,
    0.0023346278167282546,
    -0.06087012265890661,
    -0.03433033729045698,
    0,
    0,
    0.12639736794268808,
    -0.025200800379943003,
    0,
    1,
    2.873876605853335
  ],
  "max_drawdown_threshold": 0.25,
  "strategy_name": "\u9ad8\u5f3a\u4e2d\u4f4e\u5f00\u4f4e\u5438\u524d1"
}