{
  "generation": 90,
  "fitness": 6.062164802276666,
  "total_return": 84.123805,
  "max_drawdown": 0.31088212603650245,
  "sharpe_ratio": 5.343893881475666,
  "params": {
    "per_step_tick_gap": 1,
    "cold_start_steps": 1,
    "max_abserve_tick_steps": 599,
    "max_abserce_avg_price_down_steps": 1,
    "stop_profit_open_hc_pct": -0.004020710040995681,
    "dynamic_hc_stop_profit_thres": 4.5225951156866415,
    "last_close_price_hc_pct": -0.029204078234723024,
    "last_day_sell_thres": 0.8397582525363592,
    "last_day_sell_huiche": 0.006108760199409452,
    "fd_mount": 121905018,
    "fd_vol_pct": 0.4222293967445809,
    "fd_ju_ticks": 1,
    "max_zb_times": 1,
    "stagnation_kline_ticks": 7,
    "decline_kline_ticks": 23,
    "yang_yin_threshold": 0.01881258268130912,
    "stagnation_n": 28,
    "stagnation_volume_ratio_threshold": 47.20700655766078,
    "stagnation_ratio_threshold": 1494,
    "decline_volume_ratio_threshold": 7.966538700922079,
    "max_rebounds": 10,
    "decline_ratio_threshold": 15,
    "flxd_ticks": 142,
    "flzz_ticks": 661,
    "use_simiple_kline_strategy_flxd": true,
    "use_simiple_kline_strategy_flzz": true,
    "flzz_use_smooth_price": false,
    "flzz_zf_thresh": 0.0658889554060682,
    "kline_sell_flxd_zy": true,
    "kline_sell_flxd_zs": true,
    "kline_sell_flzz_zs": false,
    "kline_sell_flzz_zy": true,
    "last_open_price_hc_pct": 8.224685921634866e-05,
    "open_price_max_hc": -0.01575943457881547,
    "loss_per_step_tick_gap": 1,
    "loss_cold_start_steps": 3,
    "loss_max_abserve_tick_steps": 406,
    "loss_max_abserce_avg_price_down_steps": 2,
    "loss_dynamic_hc_stop_profit_thres": 0.8136217577333552,
    "loss_last_close_price_hc_pct": -0.06086948176063979,
    "loss_last_open_price_hc_pct": -0.0076541071674134705,
    "loss_open_price_max_hc": -0.0687848538835386,
    "loss_down_open_sell_wait_time": false,
    "down_open_sell_wait_time": true,
    "stop_profit_pct": 0.0,
    "static_hc_stop_profit_pct": 1.0,
    "loss_static_hc_stop_profit_pct": 1.0
  },
  "timestamp": "2025-08-28T21:08:26.034372",
  "individual": [
    1.1597626817408946,
    1.2443267911688864,
    598.8264914736754,
    1.0127047398061155,
    -0.004020710040995681,
    4.5225951156866415,
    -0.029204078234723024,
    0.8397582525363592,
    0.006108760199409452,
    121905018.02132112,
    0.4222293967445809,
    1.1331630749860975,
    1.1468658773957607,
    6.916107740711459,
    23.17180650869365,
    0.01881258268130912,
    28.305283341634123,
    47.20700655766078,
    1493.5199262098613,
    7.966538700922079,
    9.51482772213909,
    15.109824274372777,
    142.0691120240099,
    661.2084979715536,
    1,
    1,
    0,
    0.0658889554060682,
    1,
    1,
    0,
    1,
    8.224685921634866e-05,
    -0.01575943457881547,
    1.2069812154057051,
    2.6706152218448325,
    405.9495733669662,
    1.9984338677352276,
    0.8136217577333552,
    -0.06086948176063979,
    -0.0076541071674134705,
    -0.0687848538835386,
    0,
    1
  ]
}