{
  "generation": 110,
  "fitness": 6.062268886790012,
  "total_return": 84.126655,
  "max_drawdown": 0.31088212603650245,
  "sharpe_ratio": 5.343990875973477,
  "params": {
    "per_step_tick_gap": 1,
    "cold_start_steps": 1,
    "max_abserve_tick_steps": 599,
    "max_abserce_avg_price_down_steps": 1,
    "stop_profit_open_hc_pct": -0.0030764758154217995,
    "dynamic_hc_stop_profit_thres": 4.531708361225206,
    "last_close_price_hc_pct": -0.02905437054272283,
    "last_day_sell_thres": 0.8384153851640129,
    "last_day_sell_huiche": 0.006196799090737125,
    "fd_mount": 121969316,
    "fd_vol_pct": 0.4356617833412199,
    "fd_ju_ticks": 1,
    "max_zb_times": 1,
    "stagnation_kline_ticks": 7,
    "decline_kline_ticks": 9,
    "yang_yin_threshold": 0.026263831712890456,
    "stagnation_n": 28,
    "stagnation_volume_ratio_threshold": 47.1294568144386,
    "stagnation_ratio_threshold": 1453,
    "decline_volume_ratio_threshold": 13.76197808126921,
    "max_rebounds": 9,
    "decline_ratio_threshold": 22,
    "flxd_ticks": 177,
    "flzz_ticks": 590,
    "use_simiple_kline_strategy_flxd": true,
    "use_simiple_kline_strategy_flzz": true,
    "flzz_use_smooth_price": false,
    "flzz_zf_thresh": 0.06590638344001651,
    "kline_sell_flxd_zy": true,
    "kline_sell_flxd_zs": true,
    "kline_sell_flzz_zs": false,
    "kline_sell_flzz_zy": true,
    "last_open_price_hc_pct": 8.465920462168506e-05,
    "open_price_max_hc": -0.015757737008011766,
    "loss_per_step_tick_gap": 1,
    "loss_cold_start_steps": 3,
    "loss_max_abserve_tick_steps": 406,
    "loss_max_abserce_avg_price_down_steps": 2,
    "loss_dynamic_hc_stop_profit_thres": 0.811197238564801,
    "loss_last_close_price_hc_pct": -0.060982523622196125,
    "loss_last_open_price_hc_pct": -0.0076529620681949585,
    "loss_open_price_max_hc": -0.06764655435544471,
    "loss_down_open_sell_wait_time": false,
    "down_open_sell_wait_time": true,
    "stop_profit_pct": 0.0,
    "static_hc_stop_profit_pct": 1.0,
    "loss_static_hc_stop_profit_pct": 1.0
  },
  "timestamp": "2025-08-28T21:19:33.283797",
  "individual": [
    1.089787392624004,
    1.247493602558055,
    598.9731247449545,
    1.0075028943969606,
    -0.0030764758154217995,
    4.531708361225206,
    -0.02905437054272283,
    0.8384153851640129,
    0.006196799090737125,
    121969316.07578267,
    0.4356617833412199,
    1.0131068242199557,
    1.1440028800185194,
    6.912699881963155,
    8.628244677450615,
    0.026263831712890456,
    28.21862124972262,
    47.1294568144386,
    1453.2782606148085,
    13.76197808126921,
    9.491985178192323,
    21.69606411091538,
    177.16079677201412,
    590.024540014178,
    1,
    1,
    0,
    0.06590638344001651,
    1,
    1,
    0,
    1,
    8.465920462168506e-05,
    -0.015757737008011766,
    1.2363124095972227,
    2.8118569823050725,
    405.99404226205274,
    2.1167630363058345,
    0.811197238564801,
    -0.060982523622196125,
    -0.0076529620681949585,
    -0.06764655435544471,
    0,
    1
  ]
}