{
  "generation": 20,
  "fitness": 5.143767244660288,
  "total_return": 52.707415,
  "max_drawdown": 0.3081581003999545,
  "sharpe_ratio": 4.833469131202135,
  "params": {
    "per_step_tick_gap": 2,
    "cold_start_steps": 3,
    "max_abserve_tick_steps": 429,
    "max_abserce_avg_price_down_steps": 9,
    "stop_profit_open_hc_pct": -0.13550915797708188,
    "dynamic_hc_stop_profit_thres": 4.37634457579703,
    "last_close_price_hc_pct": -0.035281147225721066,
    "last_day_sell_thres": 0.6597528292437257,
    "last_day_sell_huiche": 0.0010105153511028525,
    "fd_mount": 125307272,
    "fd_vol_pct": 0.46083742469624867,
    "fd_ju_ticks": 1,
    "max_zb_times": 1,
    "stagnation_kline_ticks": 5,
    "decline_kline_ticks": 3,
    "yang_yin_threshold": 0.023670921870422214,
    "stagnation_n": 29,
    "stagnation_volume_ratio_threshold": 42.92962865885342,
    "stagnation_ratio_threshold": 1312,
    "decline_volume_ratio_threshold": 43.768017421511004,
    "max_rebounds": 8,
    "decline_ratio_threshold": 15,
    "flxd_ticks": 0,
    "flzz_ticks": 409,
    "use_simiple_kline_strategy_flxd": true,
    "use_simiple_kline_strategy_flzz": true,
    "flzz_use_smooth_price": false,
    "flzz_zf_thresh": 0.06280028580329916,
    "kline_sell_flxd_zy": false,
    "kline_sell_flxd_zs": false,
    "kline_sell_flzz_zs": false,
    "kline_sell_flzz_zy": true,
    "last_open_price_hc_pct": -0.014917039180824905,
    "open_price_max_hc": -0.016558752150822396,
    "loss_per_step_tick_gap": 1,
    "loss_cold_start_steps": 2,
    "loss_max_abserve_tick_steps": 500,
    "loss_max_abserce_avg_price_down_steps": 7,
    "loss_dynamic_hc_stop_profit_thres": 7.097998418708242,
    "loss_last_close_price_hc_pct": -0.0503102057264771,
    "loss_last_open_price_hc_pct": -0.022589244649345627,
    "loss_open_price_max_hc": -0.07069448027461253,
    "loss_down_open_sell_wait_time": false,
    "down_open_sell_wait_time": false,
    "stop_profit_pct": 0.0,
    "static_hc_stop_profit_pct": 1.0,
    "loss_static_hc_stop_profit_pct": 1.0
  },
  "timestamp": "2025-08-28T20:31:24.684573",
  "individual": [
    2.2364688485633764,
    2.614456920424524,
    429.0928595657406,
    9.379281315024336,
    -0.13550915797708188,
    4.37634457579703,
    -0.035281147225721066,
    0.6597528292437257,
    0.0010105153511028525,
    125307272.33307187,
    0.46083742469624867,
    1.0936455564915466,
    1.021666244454352,
    4.524246144898673,
    3.0,
    0.023670921870422214,
    28.706377437475375,
    42.92962865885342,
    1311.6140210615022,
    43.768017421511004,
    7.701064678598103,
    15.0,
    0.0,
    409.0810131330429,
    1,
    1,
    0,
    0.06280028580329916,
    0,
    0,
    0,
    1,
    -0.014917039180824905,
    -0.016558752150822396,
    1.112743877927837,
    2.280167157077647,
    500.0,
    6.670044484334395,
    7.097998418708242,
    -0.0503102057264771,
    -0.022589244649345627,
    -0.07069448027461253,
    0,
    0
  ]
}