{
  "generation": 50,
  "fitness": 5.871743266571276,
  "total_return": 73.08234000000002,
  "max_drawdown": 0.3080193836342425,
  "sharpe_ratio": 5.187609750745696,
  "params": {
    "per_step_tick_gap": 1,
    "cold_start_steps": 1,
    "max_abserve_tick_steps": 627,
    "max_abserce_avg_price_down_steps": 10,
    "stop_profit_open_hc_pct": -0.0106651417846092,
    "dynamic_hc_stop_profit_thres": 4.436740487994043,
    "last_close_price_hc_pct": -0.029471103774506575,
    "last_day_sell_thres": 0.9180935919928125,
    "last_day_sell_huiche": 0.0062236030099553745,
    "fd_mount": 124823965,
    "fd_vol_pct": 0.5601677220171803,
    "fd_ju_ticks": 1,
    "max_zb_times": 1,
    "stagnation_kline_ticks": 7,
    "decline_kline_ticks": 49,
    "yang_yin_threshold": 0.023648195112792876,
    "stagnation_n": 28,
    "stagnation_volume_ratio_threshold": 47.562411176012375,
    "stagnation_ratio_threshold": 1377,
    "decline_volume_ratio_threshold": 5.468934434480659,
    "max_rebounds": 10,
    "decline_ratio_threshold": 25,
    "flxd_ticks": 107,
    "flzz_ticks": 626,
    "use_simiple_kline_strategy_flxd": true,
    "use_simiple_kline_strategy_flzz": true,
    "flzz_use_smooth_price": false,
    "flzz_zf_thresh": 0.06594413558157752,
    "kline_sell_flxd_zy": true,
    "kline_sell_flxd_zs": true,
    "kline_sell_flzz_zs": false,
    "kline_sell_flzz_zy": true,
    "last_open_price_hc_pct": -0.0029226117627793183,
    "open_price_max_hc": -0.015867888273512022,
    "loss_per_step_tick_gap": 1,
    "loss_cold_start_steps": 2,
    "loss_max_abserve_tick_steps": 403,
    "loss_max_abserce_avg_price_down_steps": 6,
    "loss_dynamic_hc_stop_profit_thres": 0.9636706938802717,
    "loss_last_close_price_hc_pct": -0.05777608985775956,
    "loss_last_open_price_hc_pct": -0.008194000833341712,
    "loss_open_price_max_hc": -0.0651296945522491,
    "loss_down_open_sell_wait_time": false,
    "down_open_sell_wait_time": true,
    "stop_profit_pct": 0.0,
    "static_hc_stop_profit_pct": 1.0,
    "loss_static_hc_stop_profit_pct": 1.0
  },
  "timestamp": "2025-08-28T20:47:42.497744",
  "individual": [
    1.1444360736515833,
    1.1777102090838616,
    626.8461503436299,
    9.77600217901531,
    -0.0106651417846092,
    4.436740487994043,
    -0.029471103774506575,
    0.9180935919928125,
    0.0062236030099553745,
    124823965.05848283,
    0.5601677220171803,
    1.0315866242257414,
    1.0243325040044096,
    7.189988911173892,
    48.642538505733285,
    0.023648195112792876,
    28.293842963161858,
    47.562411176012375,
    1376.8911635144182,
    5.468934434480659,
    9.734993838362204,
    24.986351236169032,
    106.97205196724259,
    626.4960582779822,
    1,
    1,
    0,
    0.06594413558157752,
    1,
    1,
    0,
    1,
    -0.0029226117627793183,
    -0.015867888273512022,
    1.0999092827469819,
    2.405261736010153,
    402.71148030062216,
    5.653237420731878,
    0.9636706938802717,
    -0.05777608985775956,
    -0.008194000833341712,
    -0.0651296945522491,
    0,
    1
  ]
}