{
  "generation": 200,
  "fitness": 5.373333578258932,
  "total_return": 465.9982349999999,
  "max_drawdown": 0.399873169035306,
  "sharpe_ratio": 5.743160290701117,
  "params": {
    "per_step_tick_gap": 1,
    "cold_start_steps": 7,
    "max_abserve_tick_steps": 515,
    "max_abserce_avg_price_down_steps": 1,
    "stop_profit_open_hc_pct": -0.03809888063595992,
    "dynamic_hc_stop_profit_thres": 1.3017089989235688,
    "last_close_price_hc_pct": -0.02935370684504273,
    "last_day_sell_thres": 0.7256933461364692,
    "last_day_sell_huiche": 0.002802732776876886,
    "fd_mount": 48977776,
    "fd_vol_pct": 0.0,
    "fd_ju_ticks": 3,
    "max_zb_times": 30,
    "stagnation_kline_ticks": 12,
    "decline_kline_ticks": 36,
    "yang_yin_threshold": 0.014729711628533803,
    "stagnation_n": 29,
    "stagnation_volume_ratio_threshold": 69.46011098054463,
    "stagnation_ratio_threshold": 230,
    "decline_volume_ratio_threshold": 19.94460358202636,
    "max_rebounds": 4,
    "decline_ratio_threshold": 324,
    "flxd_ticks": 331,
    "flzz_ticks": 159,
    "use_simiple_kline_strategy_flxd": false,
    "use_simiple_kline_strategy_flzz": true,
    "flzz_use_smooth_price": false,
    "flzz_zf_thresh": 0.05247589688431628,
    "kline_sell_flxd_zy": true,
    "kline_sell_flxd_zs": false,
    "kline_sell_flzz_zs": true,
    "kline_sell_flzz_zy": true,
    "last_open_price_hc_pct": 0.00028168103060647427,
    "open_price_max_hc": -0.0014179178075302535,
    "loss_per_step_tick_gap": 11,
    "loss_cold_start_steps": 4,
    "loss_max_abserve_tick_steps": 120,
    "loss_max_abserce_avg_price_down_steps": 10,
    "loss_dynamic_hc_stop_profit_thres": 0.8688691264239862,
    "loss_last_close_price_hc_pct": -0.0032723710719510506,
    "loss_last_open_price_hc_pct": -0.008191315036461056,
    "loss_open_price_max_hc": -0.013713604722146396,
    "loss_down_open_sell_wait_time": false,
    "down_open_sell_wait_time": false,
    "day_zy_line": 0.008974691469316424,
    "day_zs_line": -0.1364105726739229,
    "sell_afternoon": true,
    "sell_half_afternoon": false,
    "sell_max_days": 4,
    "stop_profit_pct": 0.0,
    "static_hc_stop_profit_pct": 1.0,
    "loss_static_hc_stop_profit_pct": 1.0
  },
  "timestamp": "2025-09-06T21:03:30.886957",
  "individual": [
    1.0001998756202206,
    7.196560075600687,
    514.5779434970622,
    1.4289552148000308,
    -0.03809888063595992,
    1.3017089989235688,
    -0.02935370684504273,
    0.7256933461364692,
    0.002802732776876886,
    48977775.754695475,
    0.0,
    2.646733400249361,
    29.83396605213057,
    11.925830790812167,
    36.26993721588998,
    0.014729711628533803,
    29.47028561653175,
    69.46011098054463,
    230.36505231934558,
    19.94460358202636,
    4.212782885844916,
    323.94390015599254,
    331.12419161572757,
    159.13427046604394,
    0,
    1,
    0,
    0.05247589688431628,
    1,
    0,
    1,
    1,
    0.00028168103060647427,
    -0.0014179178075302535,
    10.925824498243806,
    4.354640860738542,
    120.00706742671407,
    9.76794534056594,
    0.8688691264239862,
    -0.0032723710719510506,
    -0.008191315036461056,
    -0.013713604722146396,
    0,
    0,
    0.008974691469316424,
    -0.1364105726739229,
    1,
    0,
    3.9995631815122272
  ],
  "max_drawdown_threshold": 0.25,
  "strategy_name": "\u5012\u63a5\u529b3"
}