{
  "generation": 150,
  "fitness": 5.2173322162926805,
  "total_return": 429.7965299999999,
  "max_drawdown": 0.3998075345620799,
  "sharpe_ratio": 5.6887626079904425,
  "params": {
    "per_step_tick_gap": 1,
    "cold_start_steps": 7,
    "max_abserve_tick_steps": 513,
    "max_abserce_avg_price_down_steps": 1,
    "stop_profit_open_hc_pct": -0.03882897454141917,
    "dynamic_hc_stop_profit_thres": 1.3013024433207308,
    "last_close_price_hc_pct": -0.03074558860640206,
    "last_day_sell_thres": 0.232308223930036,
    "last_day_sell_huiche": 0.001,
    "fd_mount": 33007094,
    "fd_vol_pct": 0.0,
    "fd_ju_ticks": 2,
    "max_zb_times": 28,
    "stagnation_kline_ticks": 12,
    "decline_kline_ticks": 13,
    "yang_yin_threshold": 0.014655660879372378,
    "stagnation_n": 28,
    "stagnation_volume_ratio_threshold": 68.37996992451583,
    "stagnation_ratio_threshold": 917,
    "decline_volume_ratio_threshold": 18.10387852729636,
    "max_rebounds": 9,
    "decline_ratio_threshold": 623,
    "flxd_ticks": 253,
    "flzz_ticks": 118,
    "use_simiple_kline_strategy_flxd": false,
    "use_simiple_kline_strategy_flzz": true,
    "flzz_use_smooth_price": false,
    "flzz_zf_thresh": 0.060933806800404514,
    "kline_sell_flxd_zy": true,
    "kline_sell_flxd_zs": false,
    "kline_sell_flzz_zs": true,
    "kline_sell_flzz_zy": true,
    "last_open_price_hc_pct": 0.0002683940625178236,
    "open_price_max_hc": -0.0014027776480304514,
    "loss_per_step_tick_gap": 11,
    "loss_cold_start_steps": 4,
    "loss_max_abserve_tick_steps": 59,
    "loss_max_abserce_avg_price_down_steps": 10,
    "loss_dynamic_hc_stop_profit_thres": 0.8562968003538038,
    "loss_last_close_price_hc_pct": -0.004525298844830836,
    "loss_last_open_price_hc_pct": -0.021461213603308715,
    "loss_open_price_max_hc": -0.02403150341399643,
    "loss_down_open_sell_wait_time": false,
    "down_open_sell_wait_time": false,
    "day_zy_line": 0.008925902063353012,
    "day_zs_line": -0.13669536090862777,
    "sell_afternoon": true,
    "sell_half_afternoon": false,
    "sell_max_days": 4,
    "stop_profit_pct": 0.0,
    "static_hc_stop_profit_pct": 1.0,
    "loss_static_hc_stop_profit_pct": 1.0
  },
  "timestamp": "2025-09-06T20:45:46.072036",
  "individual": [
    1.0001885171421494,
    7.374878993931089,
    512.7003400912855,
    1.23250072259879,
    -0.03882897454141917,
    1.3013024433207308,
    -0.03074558860640206,
    0.232308223930036,
    0.001,
    33007094.176266067,
    0.0,
    2.183640914311245,
    27.569420816246776,
    11.62783432781713,
    12.69831693948424,
    0.014655660879372378,
    28.073146274399633,
    68.37996992451583,
    916.8378965898974,
    18.10387852729636,
    8.603488464714788,
    623.0670234109131,
    252.8816095078338,
    118.27321740800039,
    0,
    1,
    0,
    0.060933806800404514,
    1,
    0,
    1,
    1,
    0.0002683940625178236,
    -0.0014027776480304514,
    11.222683085612553,
    4.4088371640429855,
    58.904773215238016,
    10.472443774883294,
    0.8562968003538038,
    -0.004525298844830836,
    -0.021461213603308715,
    -0.02403150341399643,
    0,
    0,
    0.008925902063353012,
    -0.13669536090862777,
    1,
    0,
    3.9997061812787376
  ],
  "max_drawdown_threshold": 0.25,
  "strategy_name": "\u5012\u63a5\u529b3"
}