{
  "generation": 110,
  "fitness": 5.074187721895635,
  "total_return": 398.794765,
  "max_drawdown": 0.39980494612897977,
  "sharpe_ratio": 5.635082786226434,
  "params": {
    "per_step_tick_gap": 1,
    "cold_start_steps": 7,
    "max_abserve_tick_steps": 513,
    "max_abserce_avg_price_down_steps": 1,
    "stop_profit_open_hc_pct": -0.038302940902315515,
    "dynamic_hc_stop_profit_thres": 1.300753735784393,
    "last_close_price_hc_pct": -0.023721156131334735,
    "last_day_sell_thres": 0.9029406802499369,
    "last_day_sell_huiche": 0.0014724456204273052,
    "fd_mount": 52477854,
    "fd_vol_pct": 0.0,
    "fd_ju_ticks": 2,
    "max_zb_times": 29,
    "stagnation_kline_ticks": 12,
    "decline_kline_ticks": 23,
    "yang_yin_threshold": 0.01464022949403945,
    "stagnation_n": 12,
    "stagnation_volume_ratio_threshold": 70.05114620692235,
    "stagnation_ratio_threshold": 911,
    "decline_volume_ratio_threshold": 16.850184527207578,
    "max_rebounds": 6,
    "decline_ratio_threshold": 947,
    "flxd_ticks": 209,
    "flzz_ticks": 110,
    "use_simiple_kline_strategy_flxd": false,
    "use_simiple_kline_strategy_flzz": true,
    "flzz_use_smooth_price": false,
    "flzz_zf_thresh": 0.06367672286954014,
    "kline_sell_flxd_zy": true,
    "kline_sell_flxd_zs": false,
    "kline_sell_flzz_zs": true,
    "kline_sell_flzz_zy": true,
    "last_open_price_hc_pct": -0.018335267696349675,
    "open_price_max_hc": -0.001419365972366666,
    "loss_per_step_tick_gap": 4,
    "loss_cold_start_steps": 4,
    "loss_max_abserve_tick_steps": 265,
    "loss_max_abserce_avg_price_down_steps": 11,
    "loss_dynamic_hc_stop_profit_thres": 0.834403944749753,
    "loss_last_close_price_hc_pct": -0.03335873621851189,
    "loss_last_open_price_hc_pct": -0.023801237393264958,
    "loss_open_price_max_hc": 0.0,
    "loss_down_open_sell_wait_time": false,
    "down_open_sell_wait_time": false,
    "day_zy_line": 0.00894246538673227,
    "day_zs_line": -0.13672097284271803,
    "sell_afternoon": true,
    "sell_half_afternoon": false,
    "sell_max_days": 4,
    "stop_profit_pct": 0.0,
    "static_hc_stop_profit_pct": 1.0,
    "loss_static_hc_stop_profit_pct": 1.0
  },
  "timestamp": "2025-09-06T20:32:02.766115",
  "individual": [
    1.0007328438918655,
    7.191032696300872,
    512.8699205418769,
    1.0,
    -0.038302940902315515,
    1.300753735784393,
    -0.023721156131334735,
    0.9029406802499369,
    0.0014724456204273052,
    52477853.94409153,
    0.0,
    1.7389769210919221,
    29.416986001784043,
    11.876109199973095,
    23.294235377148066,
    0.01464022949403945,
    11.58726861038495,
    70.05114620692235,
    911.4788988950984,
    16.850184527207578,
    6.114391218748251,
    946.677956574549,
    208.92531319991673,
    110.29531537506904,
    0,
    1,
    0,
    0.06367672286954014,
    1,
    0,
    1,
    1,
    -0.018335267696349675,
    -0.001419365972366666,
    3.972567111852797,
    4.233760300845836,
    264.8525512414033,
    11.306756526951203,
    0.834403944749753,
    -0.03335873621851189,
    -0.023801237393264958,
    0.0,
    0,
    0,
    0.00894246538673227,
    -0.13672097284271803,
    1,
    0,
    3.9971719067638585
  ],
  "max_drawdown_threshold": 0.25,
  "strategy_name": "\u5012\u63a5\u529b3"
}