{
  "generation": 10,
  "fitness": 3.8126297074257045,
  "total_return": 66.25648999999999,
  "max_drawdown": 0.3341705461149848,
  "sharpe_ratio": 4.741422112753696,
  "params": {
    "per_step_tick_gap": 12,
    "cold_start_steps": 10,
    "max_abserve_tick_steps": 520,
    "max_abserce_avg_price_down_steps": 9,
    "stop_profit_open_hc_pct": -0.004663844466146969,
    "dynamic_hc_stop_profit_thres": 2.2347492740199817,
    "last_close_price_hc_pct": 0.004620720286922066,
    "last_day_sell_thres": 0.06069780735387188,
    "last_day_sell_huiche": 0.0035127421031603398,
    "fd_mount": 18522286,
    "fd_vol_pct": 0.17751763263221126,
    "fd_ju_ticks": 8,
    "max_zb_times": 30,
    "stagnation_kline_ticks": 37,
    "decline_kline_ticks": 24,
    "yang_yin_threshold": 0.004256147919427181,
    "stagnation_n": 5,
    "stagnation_volume_ratio_threshold": 25.4960207057023,
    "stagnation_ratio_threshold": 926,
    "decline_volume_ratio_threshold": 64.04877512154087,
    "max_rebounds": 12,
    "decline_ratio_threshold": 677,
    "flxd_ticks": 370,
    "flzz_ticks": 414,
    "use_simiple_kline_strategy_flxd": false,
    "use_simiple_kline_strategy_flzz": false,
    "flzz_use_smooth_price": false,
    "flzz_zf_thresh": 0.050368564862450435,
    "kline_sell_flxd_zy": false,
    "kline_sell_flxd_zs": false,
    "kline_sell_flzz_zs": false,
    "kline_sell_flzz_zy": true,
    "last_open_price_hc_pct": -0.02789077425823525,
    "open_price_max_hc": 0.0,
    "loss_per_step_tick_gap": 1,
    "loss_cold_start_steps": 5,
    "loss_max_abserve_tick_steps": 5,
    "loss_max_abserce_avg_price_down_steps": 8,
    "loss_dynamic_hc_stop_profit_thres": 3.390049636251412,
    "loss_last_close_price_hc_pct": -0.015153417624035409,
    "loss_last_open_price_hc_pct": -0.013357603938098126,
    "loss_open_price_max_hc": -0.09743267488537798,
    "loss_down_open_sell_wait_time": false,
    "down_open_sell_wait_time": true,
    "day_zy_line": 0.00477436520256048,
    "day_zs_line": -0.012232126767769646,
    "sell_afternoon": false,
    "sell_half_afternoon": false,
    "sell_max_days": 2,
    "stop_profit_pct": 0.0,
    "static_hc_stop_profit_pct": 1.0,
    "loss_static_hc_stop_profit_pct": 1.0
  },
  "timestamp": "2025-09-06T19:56:35.323286",
  "individual": [
    12.347548622144854,
    10.11328758780355,
    519.7397574353182,
    8.514052119910499,
    -0.004663844466146969,
    2.2347492740199817,
    0.004620720286922066,
    0.06069780735387188,
    0.0035127421031603398,
    18522285.595733304,
    0.17751763263221126,
    7.719006440027478,
    30.0,
    36.628028192692,
    23.992715407283242,
    0.004256147919427181,
    5.098272656761068,
    25.4960207057023,
    925.9697507867859,
    64.04877512154087,
    11.507417118265934,
    676.8721777092082,
    370.00386372819787,
    413.8154325280726,
    0,
    0,
    0,
    0.050368564862450435,
    0,
    0,
    0,
    1,
    -0.02789077425823525,
    0.0,
    1.0,
    5.2073043105946955,
    5.0,
    7.564877889251826,
    3.390049636251412,
    -0.015153417624035409,
    -0.013357603938098126,
    -0.09743267488537798,
    0,
    1,
    0.00477436520256048,
    -0.012232126767769646,
    0,
    0,
    2.128007179216146
  ],
  "max_drawdown_threshold": 0.25,
  "strategy_name": "\u5012\u63a5\u529b3"
}