{
  "generation": 190,
  "fitness": 5.233339323961779,
  "total_return": 433.0811049999999,
  "max_drawdown": 0.3997648931610852,
  "sharpe_ratio": 5.69417258714129,
  "params": {
    "per_step_tick_gap": 1,
    "cold_start_steps": 7,
    "max_abserve_tick_steps": 515,
    "max_abserce_avg_price_down_steps": 1,
    "stop_profit_open_hc_pct": -0.03797523223404799,
    "dynamic_hc_stop_profit_thres": 1.3051264028606602,
    "last_close_price_hc_pct": -0.029407178111985566,
    "last_day_sell_thres": 0.831627676688385,
    "last_day_sell_huiche": 0.0021537655497226456,
    "fd_mount": 52803762,
    "fd_vol_pct": 0.0,
    "fd_ju_ticks": 3,
    "max_zb_times": 30,
    "stagnation_kline_ticks": 12,
    "decline_kline_ticks": 19,
    "yang_yin_threshold": 0.014764569941938838,
    "stagnation_n": 29,
    "stagnation_volume_ratio_threshold": 67.83566179124037,
    "stagnation_ratio_threshold": 939,
    "decline_volume_ratio_threshold": 58.6790316865544,
    "max_rebounds": 6,
    "decline_ratio_threshold": 688,
    "flxd_ticks": 276,
    "flzz_ticks": 158,
    "use_simiple_kline_strategy_flxd": false,
    "use_simiple_kline_strategy_flzz": true,
    "flzz_use_smooth_price": false,
    "flzz_zf_thresh": 0.05048967358922585,
    "kline_sell_flxd_zy": true,
    "kline_sell_flxd_zs": false,
    "kline_sell_flzz_zs": true,
    "kline_sell_flzz_zy": true,
    "last_open_price_hc_pct": 0.00027988135411841786,
    "open_price_max_hc": -0.001444696215532606,
    "loss_per_step_tick_gap": 11,
    "loss_cold_start_steps": 4,
    "loss_max_abserve_tick_steps": 43,
    "loss_max_abserce_avg_price_down_steps": 10,
    "loss_dynamic_hc_stop_profit_thres": 0.8525646157206618,
    "loss_last_close_price_hc_pct": -0.016818531260474355,
    "loss_last_open_price_hc_pct": 0.01,
    "loss_open_price_max_hc": -0.01372776584525945,
    "loss_down_open_sell_wait_time": false,
    "down_open_sell_wait_time": false,
    "day_zy_line": 0.008883042031969867,
    "day_zs_line": -0.136357308136512,
    "sell_afternoon": true,
    "sell_half_afternoon": false,
    "sell_max_days": 4,
    "stop_profit_pct": 0.0,
    "static_hc_stop_profit_pct": 1.0,
    "loss_static_hc_stop_profit_pct": 1.0
  },
  "timestamp": "2025-09-06T21:00:03.863504",
  "individual": [
    1.0001899162792633,
    7.138603092924127,
    514.5657206431812,
    1.1362999073988584,
    -0.03797523223404799,
    1.3051264028606602,
    -0.029407178111985566,
    0.831627676688385,
    0.0021537655497226456,
    52803761.573170505,
    0.0,
    2.638790012507163,
    29.622033887954164,
    11.785666039304536,
    19.408662406855413,
    0.014764569941938838,
    29.440674659042507,
    67.83566179124037,
    939.252995033771,
    58.6790316865544,
    6.224879329731451,
    688.3454190130053,
    275.9059658958933,
    157.60075894363004,
    0,
    1,
    0,
    0.05048967358922585,
    1,
    0,
    1,
    1,
    0.00027988135411841786,
    -0.001444696215532606,
    10.94578722512367,
    4.344017062859626,
    43.23566944761482,
    9.71944961972801,
    0.8525646157206618,
    -0.016818531260474355,
    0.01,
    -0.01372776584525945,
    0,
    0,
    0.008883042031969867,
    -0.136357308136512,
    1,
    0,
    3.999985245781683
  ],
  "max_drawdown_threshold": 0.25,
  "strategy_name": "\u5012\u63a5\u529b3"
}