{
  "generation": 100,
  "fitness": 5.040109456127072,
  "total_return": 391.1004,
  "max_drawdown": 0.39974234075605003,
  "sharpe_ratio": 5.623859881512922,
  "params": {
    "per_step_tick_gap": 1,
    "cold_start_steps": 7,
    "max_abserve_tick_steps": 513,
    "max_abserce_avg_price_down_steps": 1,
    "stop_profit_open_hc_pct": -0.038282787408687104,
    "dynamic_hc_stop_profit_thres": 1.3030230266212792,
    "last_close_price_hc_pct": -0.023411834985410208,
    "last_day_sell_thres": 0.0630567347200969,
    "last_day_sell_huiche": 0.0018996690895236124,
    "fd_mount": 10000000,
    "fd_vol_pct": 0.0,
    "fd_ju_ticks": 2,
    "max_zb_times": 29,
    "stagnation_kline_ticks": 9,
    "decline_kline_ticks": 23,
    "yang_yin_threshold": 0.01459365637784957,
    "stagnation_n": 16,
    "stagnation_volume_ratio_threshold": 60.69076632157605,
    "stagnation_ratio_threshold": 917,
    "decline_volume_ratio_threshold": 19.94465168839635,
    "max_rebounds": 7,
    "decline_ratio_threshold": 1156,
    "flxd_ticks": 177,
    "flzz_ticks": 111,
    "use_simiple_kline_strategy_flxd": false,
    "use_simiple_kline_strategy_flzz": true,
    "flzz_use_smooth_price": false,
    "flzz_zf_thresh": 0.0564422344166573,
    "kline_sell_flxd_zy": true,
    "kline_sell_flxd_zs": false,
    "kline_sell_flzz_zs": true,
    "kline_sell_flzz_zy": true,
    "last_open_price_hc_pct": -0.017690405910470205,
    "open_price_max_hc": -0.0014142251994756984,
    "loss_per_step_tick_gap": 1,
    "loss_cold_start_steps": 4,
    "loss_max_abserve_tick_steps": 163,
    "loss_max_abserce_avg_price_down_steps": 6,
    "loss_dynamic_hc_stop_profit_thres": 0.8563760652593488,
    "loss_last_close_price_hc_pct": -0.041665563302937136,
    "loss_last_open_price_hc_pct": -0.04664184905187048,
    "loss_open_price_max_hc": -0.06425228611638638,
    "loss_down_open_sell_wait_time": false,
    "down_open_sell_wait_time": false,
    "day_zy_line": 0.008904528937595501,
    "day_zs_line": -0.13674761624496634,
    "sell_afternoon": true,
    "sell_half_afternoon": false,
    "sell_max_days": 4,
    "stop_profit_pct": 0.0,
    "static_hc_stop_profit_pct": 1.0,
    "loss_static_hc_stop_profit_pct": 1.0
  },
  "timestamp": "2025-09-06T20:28:40.678920",
  "individual": [
    1.0015046836678767,
    6.765599762338828,
    512.9207809944018,
    1.0,
    -0.038282787408687104,
    1.3030230266212792,
    -0.023411834985410208,
    0.0630567347200969,
    0.0018996690895236124,
    10000000.0,
    0.0,
    2.3521171488630532,
    28.944968054237346,
    9.0250649317188,
    23.449298115771143,
    0.01459365637784957,
    16.140400493536742,
    60.69076632157605,
    916.7758507673344,
    19.94465168839635,
    6.514887199161873,
    1156.4854926883274,
    177.0432175161886,
    110.57949056407506,
    0,
    1,
    0,
    0.0564422344166573,
    1,
    0,
    1,
    1,
    -0.017690405910470205,
    -0.0014142251994756984,
    1.010918995788573,
    4.1503272057197105,
    162.9560459305199,
    5.719237665958268,
    0.8563760652593488,
    -0.041665563302937136,
    -0.04664184905187048,
    -0.06425228611638638,
    0,
    0,
    0.008904528937595501,
    -0.13674761624496634,
    1,
    0,
    4.0
  ],
  "max_drawdown_threshold": 0.25,
  "strategy_name": "\u5012\u63a5\u529b3"
}