{
  "generation": 10,
  "fitness": 3.6890691305560006,
  "total_return": 11.276919999999997,
  "max_drawdown": 0.24898486900277647,
  "sharpe_ratio": 6.22097867925405,
  "params": {
    "per_step_tick_gap": 8,
    "cold_start_steps": 19,
    "max_abserve_tick_steps": 547,
    "max_abserce_avg_price_down_steps": 14,
    "stop_profit_open_hc_pct": -0.024495838304253496,
    "dynamic_hc_stop_profit_thres": 6.4860226326231905,
    "last_close_price_hc_pct": -0.033107184205936835,
    "last_day_sell_thres": 0.014064820017074786,
    "last_day_sell_huiche": 0.019698458957184636,
    "fd_mount": 53947335,
    "fd_vol_pct": 0.75,
    "fd_ju_ticks": 32,
    "max_zb_times": 10,
    "stagnation_kline_ticks": 28,
    "decline_kline_ticks": 33,
    "yang_yin_threshold": 0.018547157561940576,
    "stagnation_n": 26,
    "stagnation_volume_ratio_threshold": 89.357762423489,
    "stagnation_ratio_threshold": 940,
    "decline_volume_ratio_threshold": 56.34986627916376,
    "max_rebounds": 10,
    "decline_ratio_threshold": 1156,
    "flxd_ticks": 419,
    "flzz_ticks": 1091,
    "use_simiple_kline_strategy_flxd": true,
    "use_simiple_kline_strategy_flzz": true,
    "flzz_use_smooth_price": true,
    "flzz_zf_thresh": -0.017974187911687183,
    "kline_sell_flxd_zy": false,
    "kline_sell_flxd_zs": true,
    "kline_sell_flzz_zs": true,
    "kline_sell_flzz_zy": false,
    "last_open_price_hc_pct": -0.05725796370296502,
    "open_price_max_hc": -0.053193779756767416,
    "loss_per_step_tick_gap": 4,
    "loss_cold_start_steps": 4,
    "loss_max_abserve_tick_steps": 7,
    "loss_max_abserce_avg_price_down_steps": 15,
    "loss_dynamic_hc_stop_profit_thres": 2.6495628665790325,
    "loss_last_close_price_hc_pct": -0.02148922472674849,
    "loss_last_open_price_hc_pct": -0.08,
    "loss_open_price_max_hc": -0.06292269213962638,
    "loss_down_open_sell_wait_time": false,
    "down_open_sell_wait_time": false,
    "day_zy_line": 0.7276953990504311,
    "day_zs_line": -0.08932019205855973,
    "sell_afternoon": true,
    "sell_half_afternoon": false,
    "sell_max_days": 3,
    "stop_profit_pct": 0.0,
    "static_hc_stop_profit_pct": 1.0,
    "loss_static_hc_stop_profit_pct": 1.0
  },
  "timestamp": "2025-09-06T18:24:09.554534",
  "individual": [
    7.598895027740258,
    19.436920421538762,
    546.9969260218456,
    13.845226360505023,
    -0.024495838304253496,
    6.4860226326231905,
    -0.033107184205936835,
    0.014064820017074786,
    0.019698458957184636,
    53947334.9044541,
    0.75,
    32.00253204629938,
    9.913308898819507,
    27.811727390108985,
    32.963929856918455,
    0.018547157561940576,
    26.470532173577354,
    89.357762423489,
    939.8071093229948,
    56.34986627916376,
    9.596875755267924,
    1156.079456504229,
    419.4121519949941,
    1091.1008834287247,
    1,
    1,
    1,
    -0.017974187911687183,
    0,
    1,
    1,
    0,
    -0.05725796370296502,
    -0.053193779756767416,
    4.202658288749823,
    4.198984027375205,
    7.11385966727104,
    15.0,
    2.6495628665790325,
    -0.02148922472674849,
    -0.08,
    -0.06292269213962638,
    0,
    0,
    0.7276953990504311,
    -0.08932019205855973,
    1,
    0,
    2.941335412120483
  ],
  "max_drawdown_threshold": 0.25,
  "strategy_name": "\u9ad8\u5f3a\u4e2d\u9ad8\u5f00\u8ffd\u6da8"
}