{
  "generation": 50,
  "fitness": 3.934449062910765,
  "total_return": 12.8549575,
  "max_drawdown": 0.23724721715649402,
  "sharpe_ratio": 6.528121793020462,
  "params": {
    "per_step_tick_gap": 19,
    "cold_start_steps": 22,
    "max_abserve_tick_steps": 397,
    "max_abserce_avg_price_down_steps": 14,
    "stop_profit_open_hc_pct": 0.0,
    "dynamic_hc_stop_profit_thres": 3.439796011993813,
    "last_close_price_hc_pct": -0.022470877122277882,
    "last_day_sell_thres": 0.24467421081723903,
    "last_day_sell_huiche": 0.018643295147143586,
    "fd_mount": 66311695,
    "fd_vol_pct": 0.7028275510065845,
    "fd_ju_ticks": 44,
    "max_zb_times": 30,
    "stagnation_kline_ticks": 30,
    "decline_kline_ticks": 34,
    "yang_yin_threshold": 0.023758720165826364,
    "stagnation_n": 28,
    "stagnation_volume_ratio_threshold": 68.33059657855206,
    "stagnation_ratio_threshold": 30,
    "decline_volume_ratio_threshold": 57.397486082689184,
    "max_rebounds": 10,
    "decline_ratio_threshold": 1500,
    "flxd_ticks": 393,
    "flzz_ticks": 1657,
    "use_simiple_kline_strategy_flxd": false,
    "use_simiple_kline_strategy_flzz": true,
    "flzz_use_smooth_price": true,
    "flzz_zf_thresh": -0.012744924456928972,
    "kline_sell_flxd_zy": false,
    "kline_sell_flxd_zs": true,
    "kline_sell_flzz_zs": true,
    "kline_sell_flzz_zy": false,
    "last_open_price_hc_pct": -0.057659334136889,
    "open_price_max_hc": -0.050987723141737544,
    "loss_per_step_tick_gap": 12,
    "loss_cold_start_steps": 3,
    "loss_max_abserve_tick_steps": 10,
    "loss_max_abserce_avg_price_down_steps": 15,
    "loss_dynamic_hc_stop_profit_thres": 0.619645840357206,
    "loss_last_close_price_hc_pct": -0.04091870753328898,
    "loss_last_open_price_hc_pct": -0.04829298487307558,
    "loss_open_price_max_hc": -0.0611812790769689,
    "loss_down_open_sell_wait_time": true,
    "down_open_sell_wait_time": true,
    "day_zy_line": 0.696195453656871,
    "day_zs_line": -0.04494664223361684,
    "sell_afternoon": true,
    "sell_half_afternoon": true,
    "sell_max_days": 3,
    "stop_profit_pct": 0.0,
    "static_hc_stop_profit_pct": 1.0,
    "loss_static_hc_stop_profit_pct": 1.0
  },
  "timestamp": "2025-09-06T18:25:42.042285",
  "individual": [
    18.602462636556375,
    21.81721927974702,
    397.06244008230186,
    14.389099025314767,
    0.0,
    3.439796011993813,
    -0.022470877122277882,
    0.24467421081723903,
    0.018643295147143586,
    66311695.260537654,
    0.7028275510065845,
    44.30542310846247,
    29.583169548415633,
    29.707744614372658,
    34.15812356866528,
    0.023758720165826364,
    27.799499698721384,
    68.33059657855206,
    29.881494520817736,
    57.397486082689184,
    9.552355119810471,
    1500.0,
    392.94483162020066,
    1657.2027825145433,
    0,
    1,
    1,
    -0.012744924456928972,
    0,
    1,
    1,
    0,
    -0.057659334136889,
    -0.050987723141737544,
    12.105615144401717,
    3.0413538713231567,
    10.042476691658612,
    14.979690563440924,
    0.619645840357206,
    -0.04091870753328898,
    -0.04829298487307558,
    -0.0611812790769689,
    1,
    1,
    0.696195453656871,
    -0.04494664223361684,
    1,
    1,
    3.2322380100235963
  ],
  "max_drawdown_threshold": 0.25,
  "strategy_name": "\u9ad8\u5f3a\u4e2d\u9ad8\u5f00\u8ffd\u6da8"
}