{
  "generation": 40,
  "fitness": 3.8881016275802027,
  "total_return": 12.5886625,
  "max_drawdown": 0.24306974142644963,
  "sharpe_ratio": 6.48206195163143,
  "params": {
    "per_step_tick_gap": 20,
    "cold_start_steps": 17,
    "max_abserve_tick_steps": 370,
    "max_abserce_avg_price_down_steps": 15,
    "stop_profit_open_hc_pct": 0.0,
    "dynamic_hc_stop_profit_thres": 3.3409751510076737,
    "last_close_price_hc_pct": -0.02278279517790635,
    "last_day_sell_thres": 0.208283911653385,
    "last_day_sell_huiche": 0.01824207240268054,
    "fd_mount": 62148328,
    "fd_vol_pct": 0.75,
    "fd_ju_ticks": 46,
    "max_zb_times": 26,
    "stagnation_kline_ticks": 30,
    "decline_kline_ticks": 29,
    "yang_yin_threshold": 0.021013867015820847,
    "stagnation_n": 26,
    "stagnation_volume_ratio_threshold": 66.39658860211482,
    "stagnation_ratio_threshold": 29,
    "decline_volume_ratio_threshold": 91.1714147175747,
    "max_rebounds": 12,
    "decline_ratio_threshold": 1482,
    "flxd_ticks": 418,
    "flzz_ticks": 1607,
    "use_simiple_kline_strategy_flxd": false,
    "use_simiple_kline_strategy_flzz": true,
    "flzz_use_smooth_price": true,
    "flzz_zf_thresh": -0.012860268926792852,
    "kline_sell_flxd_zy": false,
    "kline_sell_flxd_zs": true,
    "kline_sell_flzz_zs": true,
    "kline_sell_flzz_zy": false,
    "last_open_price_hc_pct": -0.05775891780896028,
    "open_price_max_hc": -0.049340202887028756,
    "loss_per_step_tick_gap": 13,
    "loss_cold_start_steps": 3,
    "loss_max_abserve_tick_steps": 65,
    "loss_max_abserce_avg_price_down_steps": 15,
    "loss_dynamic_hc_stop_profit_thres": 2.260144071340912,
    "loss_last_close_price_hc_pct": -0.042664593878135766,
    "loss_last_open_price_hc_pct": -0.048934571866291555,
    "loss_open_price_max_hc": -0.05950143298496598,
    "loss_down_open_sell_wait_time": true,
    "down_open_sell_wait_time": true,
    "day_zy_line": 0.7001932194910412,
    "day_zs_line": -0.04530795207144344,
    "sell_afternoon": true,
    "sell_half_afternoon": true,
    "sell_max_days": 3,
    "stop_profit_pct": 0.0,
    "static_hc_stop_profit_pct": 1.0,
    "loss_static_hc_stop_profit_pct": 1.0
  },
  "timestamp": "2025-09-06T18:25:10.908320",
  "individual": [
    19.955421315812078,
    16.90809645201468,
    370.39775066780476,
    15.0,
    0.0,
    3.3409751510076737,
    -0.02278279517790635,
    0.208283911653385,
    0.01824207240268054,
    62148328.16762039,
    0.75,
    45.961307739540125,
    25.88560968294223,
    29.696282989047138,
    28.748089362904683,
    0.021013867015820847,
    25.927441363050267,
    66.39658860211482,
    29.2914735809581,
    91.1714147175747,
    11.623051991420365,
    1481.8468599265584,
    418.24458061181906,
    1606.927267686936,
    0,
    1,
    1,
    -0.012860268926792852,
    0,
    1,
    1,
    0,
    -0.05775891780896028,
    -0.049340202887028756,
    13.47129283184004,
    3.033475180145848,
    64.91922380359976,
    14.975088648047226,
    2.260144071340912,
    -0.042664593878135766,
    -0.048934571866291555,
    -0.05950143298496598,
    1,
    1,
    0.7001932194910412,
    -0.04530795207144344,
    1,
    1,
    3.3310752990203483
  ],
  "max_drawdown_threshold": 0.25,
  "strategy_name": "\u9ad8\u5f3a\u4e2d\u9ad8\u5f00\u8ffd\u6da8"
}