{
    "strategy": "中位中强小低开低吸",
    "generation": 20,
    "best_score": 0.01970492677949051,
    "best_params": {
        "ema_alpha": 0.3,
        "kalman_q": 0.032375845698368315,
        "kalman_r": 0.027952527548125952,
        "sg_window": 12,
        "macd_fast": 3,
        "macd_slow_ratio": 1.7549463863223422,
        "macd_signal": 6,
        "ema_fast": 2,
        "ema_slow_ratio": 3,
        "volume_window": 8,
        "price_confirm_ticks": 10,
        "strength_confirm_ticks": 8,
        "strength_threshold": 0.3245232678198316,
        "volume_weight": 0.7280978185639938,
        "use_price_confirm": false,
        "use_strength_confirm": false,
        "dead_cross_threshold": 0.05,
        "price_drop_threshold": 0.016808281865589095,
        "max_confirm_ticks": 13,
        "debug": false
    },
    "timestamp": "20250821_173208"
}