{
  "generation": 40,
  "fitness": 4.3156856848799245,
  "total_return": 185.87864,
  "max_drawdown": 0.38062220096199867,
  "sharpe_ratio": 5.358402745546566,
  "params": {
    "per_step_tick_gap": 2,
    "cold_start_steps": 5,
    "max_abserve_tick_steps": 516,
    "max_abserce_avg_price_down_steps": 6,
    "stop_profit_open_hc_pct": -0.10488124354780706,
    "dynamic_hc_stop_profit_thres": 1.8590903748482306,
    "last_close_price_hc_pct": -0.00821897261744257,
    "last_day_sell_thres": 0.011104515340971326,
    "last_day_sell_huiche": 0.009221133998289522,
    "fd_mount": 123051141,
    "fd_vol_pct": 2.209836274943811e-05,
    "fd_ju_ticks": 27,
    "max_zb_times": 17,
    "stagnation_kline_ticks": 32,
    "decline_kline_ticks": 12,
    "yang_yin_threshold": 0.01779391386056172,
    "stagnation_n": 24,
    "stagnation_volume_ratio_threshold": 57.2393061250461,
    "stagnation_ratio_threshold": 658,
    "decline_volume_ratio_threshold": 78.16503328578918,
    "max_rebounds": 2,
    "decline_ratio_threshold": 1342,
    "flxd_ticks": 346,
    "flzz_ticks": 1708,
    "use_simiple_kline_strategy_flxd": true,
    "use_simiple_kline_strategy_flzz": false,
    "flzz_use_smooth_price": true,
    "flzz_zf_thresh": 0.05726553652632983,
    "kline_sell_flxd_zy": false,
    "kline_sell_flxd_zs": false,
    "kline_sell_flzz_zs": true,
    "kline_sell_flzz_zy": false,
    "last_open_price_hc_pct": 0.008640110720152626,
    "open_price_max_hc": -0.007504167792783378,
    "loss_per_step_tick_gap": 17,
    "loss_cold_start_steps": 8,
    "loss_max_abserve_tick_steps": 277,
    "loss_max_abserce_avg_price_down_steps": 6,
    "loss_dynamic_hc_stop_profit_thres": 7.896378004835365,
    "loss_last_close_price_hc_pct": -0.07077535262029369,
    "loss_last_open_price_hc_pct": -0.07201276066084258,
    "loss_open_price_max_hc": -0.06044204387587748,
    "loss_down_open_sell_wait_time": false,
    "down_open_sell_wait_time": false,
    "day_zy_line": 0.0023316517380145684,
    "day_zs_line": -0.1309318547649114,
    "sell_afternoon": true,
    "sell_half_afternoon": false,
    "sell_max_days": 2,
    "stop_profit_pct": 0.0,
    "static_hc_stop_profit_pct": 1.0,
    "loss_static_hc_stop_profit_pct": 1.0
  },
  "timestamp": "2025-09-07T03:00:40.165061",
  "individual": [
    2.3954872988909726,
    5.184817131183126,
    516.3017478524315,
    5.748555462204371,
    -0.10488124354780706,
    1.8590903748482306,
    -0.00821897261744257,
    0.011104515340971326,
    0.009221133998289522,
    123051140.96701844,
    2.209836274943811e-05,
    27.46694327816237,
    17.092518316248935,
    32.079139210172364,
    12.232096610494219,
    0.01779391386056172,
    23.61588073801047,
    57.2393061250461,
    657.5253170969086,
    78.16503328578918,
    1.7199366016532824,
    1341.6803665730963,
    345.95716988925125,
    1707.5033375847338,
    1,
    0,
    1,
    0.05726553652632983,
    0,
    0,
    1,
    0,
    0.008640110720152626,
    -0.007504167792783378,
    16.782893745077235,
    7.819776838802361,
    276.87892113927467,
    6.497760507232309,
    7.896378004835365,
    -0.07077535262029369,
    -0.07201276066084258,
    -0.06044204387587748,
    0,
    0,
    0.0023316517380145684,
    -0.1309318547649114,
    1,
    0,
    1.8473388853347237
  ],
  "max_drawdown_threshold": 0.25,
  "strategy_name": "\u5012\u63a5\u529b5"
}