{
  "generation": 30,
  "fitness": 4.115524373273243,
  "total_return": 172.600585,
  "max_drawdown": 0.3840159864505083,
  "sharpe_ratio": 5.290711191523866,
  "params": {
    "per_step_tick_gap": 2,
    "cold_start_steps": 5,
    "max_abserve_tick_steps": 516,
    "max_abserce_avg_price_down_steps": 6,
    "stop_profit_open_hc_pct": -0.09888544595856741,
    "dynamic_hc_stop_profit_thres": 1.8154033028959837,
    "last_close_price_hc_pct": -0.013951160250575707,
    "last_day_sell_thres": 0.01,
    "last_day_sell_huiche": 0.010680197524699162,
    "fd_mount": 132156982,
    "fd_vol_pct": 0.0,
    "fd_ju_ticks": 22,
    "max_zb_times": 27,
    "stagnation_kline_ticks": 27,
    "decline_kline_ticks": 12,
    "yang_yin_threshold": 0.013263852864330296,
    "stagnation_n": 2,
    "stagnation_volume_ratio_threshold": 79.59871753859083,
    "stagnation_ratio_threshold": 350,
    "decline_volume_ratio_threshold": 67.40389044613553,
    "max_rebounds": 0,
    "decline_ratio_threshold": 1310,
    "flxd_ticks": 207,
    "flzz_ticks": 2000,
    "use_simiple_kline_strategy_flxd": true,
    "use_simiple_kline_strategy_flzz": false,
    "flzz_use_smooth_price": true,
    "flzz_zf_thresh": 0.06392231314566732,
    "kline_sell_flxd_zy": false,
    "kline_sell_flxd_zs": false,
    "kline_sell_flzz_zs": true,
    "kline_sell_flzz_zy": true,
    "last_open_price_hc_pct": 0.008605956393148866,
    "open_price_max_hc": -0.00792914358296797,
    "loss_per_step_tick_gap": 25,
    "loss_cold_start_steps": 10,
    "loss_max_abserve_tick_steps": 186,
    "loss_max_abserce_avg_price_down_steps": 11,
    "loss_dynamic_hc_stop_profit_thres": 7.10518740314749,
    "loss_last_close_price_hc_pct": -0.07603199609721356,
    "loss_last_open_price_hc_pct": -0.05232268329626916,
    "loss_open_price_max_hc": -0.0675384740829484,
    "loss_down_open_sell_wait_time": false,
    "down_open_sell_wait_time": false,
    "day_zy_line": 8.11634252094134e-06,
    "day_zs_line": -0.12945654314992977,
    "sell_afternoon": true,
    "sell_half_afternoon": false,
    "sell_max_days": 2,
    "stop_profit_pct": 0.0,
    "static_hc_stop_profit_pct": 1.0,
    "loss_static_hc_stop_profit_pct": 1.0
  },
  "timestamp": "2025-09-07T02:57:13.687632",
  "individual": [
    2.2143466008089803,
    4.57668241684965,
    515.9213905947431,
    5.829838629017991,
    -0.09888544595856741,
    1.8154033028959837,
    -0.013951160250575707,
    0.01,
    0.010680197524699162,
    132156982.36016314,
    0.0,
    21.731724923368084,
    26.938099192380246,
    26.947821009671728,
    11.790404328013379,
    0.013263852864330296,
    2.2232596996031324,
    79.59871753859083,
    350.25462757237415,
    67.40389044613553,
    0.297621914383178,
    1309.6100370991082,
    207.13421583965908,
    2000.0,
    1,
    0,
    1,
    0.06392231314566732,
    0,
    0,
    1,
    1,
    0.008605956393148866,
    -0.00792914358296797,
    25.0,
    10.087726458776164,
    186.11951817532974,
    11.307591153264784,
    7.10518740314749,
    -0.07603199609721356,
    -0.05232268329626916,
    -0.0675384740829484,
    0,
    0,
    8.11634252094134e-06,
    -0.12945654314992977,
    1,
    0,
    1.9056177278693123
  ],
  "max_drawdown_threshold": 0.25,
  "strategy_name": "\u5012\u63a5\u529b5"
}