{
  "generation": 20,
  "fitness": 3.770185182388241,
  "total_return": 141.28222,
  "max_drawdown": 0.3859766690813325,
  "sharpe_ratio": 5.122195590404939,
  "params": {
    "per_step_tick_gap": 1,
    "cold_start_steps": 7,
    "max_abserve_tick_steps": 509,
    "max_abserce_avg_price_down_steps": 15,
    "stop_profit_open_hc_pct": -0.12891263902367997,
    "dynamic_hc_stop_profit_thres": 1.5627722107979414,
    "last_close_price_hc_pct": 0.01,
    "last_day_sell_thres": 0.3853630326712192,
    "last_day_sell_huiche": 0.011906348704718078,
    "fd_mount": 10000000,
    "fd_vol_pct": 0.0,
    "fd_ju_ticks": 22,
    "max_zb_times": 21,
    "stagnation_kline_ticks": 29,
    "decline_kline_ticks": 27,
    "yang_yin_threshold": 0.02466963739466274,
    "stagnation_n": 14,
    "stagnation_volume_ratio_threshold": 39.955548102828786,
    "stagnation_ratio_threshold": 771,
    "decline_volume_ratio_threshold": 99.5937684575627,
    "max_rebounds": 2,
    "decline_ratio_threshold": 1416,
    "flxd_ticks": 4,
    "flzz_ticks": 1911,
    "use_simiple_kline_strategy_flxd": true,
    "use_simiple_kline_strategy_flzz": false,
    "flzz_use_smooth_price": true,
    "flzz_zf_thresh": 0.03783435165538273,
    "kline_sell_flxd_zy": true,
    "kline_sell_flxd_zs": true,
    "kline_sell_flzz_zs": true,
    "kline_sell_flzz_zy": true,
    "last_open_price_hc_pct": 0.01,
    "open_price_max_hc": -0.001050595970800058,
    "loss_per_step_tick_gap": 8,
    "loss_cold_start_steps": 29,
    "loss_max_abserve_tick_steps": 188,
    "loss_max_abserce_avg_price_down_steps": 11,
    "loss_dynamic_hc_stop_profit_thres": 2.939690621065947,
    "loss_last_close_price_hc_pct": -0.057249713067484644,
    "loss_last_open_price_hc_pct": -0.07253447792563636,
    "loss_open_price_max_hc": -0.07416645692860636,
    "loss_down_open_sell_wait_time": true,
    "down_open_sell_wait_time": true,
    "day_zy_line": 0.0,
    "day_zs_line": -0.1306460302104104,
    "sell_afternoon": true,
    "sell_half_afternoon": false,
    "sell_max_days": 2,
    "stop_profit_pct": 0.0,
    "static_hc_stop_profit_pct": 1.0,
    "loss_static_hc_stop_profit_pct": 1.0
  },
  "timestamp": "2025-09-07T02:53:27.388627",
  "individual": [
    1.0,
    6.9056051207019,
    509.4911192961609,
    14.999563145050983,
    -0.12891263902367997,
    1.5627722107979414,
    0.01,
    0.3853630326712192,
    0.011906348704718078,
    10000000.0,
    0.0,
    22.43453690596811,
    20.585465798375793,
    29.394518162542695,
    27.024821694103505,
    0.02466963739466274,
    13.936324798224547,
    39.955548102828786,
    770.5590746313368,
    99.5937684575627,
    2.392663568798633,
    1416.0775322577604,
    4.0,
    1911.2682310796395,
    1,
    0,
    1,
    0.03783435165538273,
    1,
    1,
    1,
    1,
    0.01,
    -0.001050595970800058,
    8.364469000890768,
    28.935606056565994,
    188.1519483733315,
    11.215483104768968,
    2.939690621065947,
    -0.057249713067484644,
    -0.07253447792563636,
    -0.07416645692860636,
    1,
    1,
    0,
    -0.1306460302104104,
    1,
    0,
    1.8990789047654606
  ],
  "max_drawdown_threshold": 0.25,
  "strategy_name": "\u5012\u63a5\u529b5"
}