{
  "gen": [
    0,
    1,
    2,
    3,
    4,
    5,
    6,
    7,
    8,
    9,
    10,
    11,
    12,
    13,
    14,
    15,
    16,
    17,
    18,
    19,
    20,
    21,
    22,
    23,
    24,
    25,
    26,
    27,
    28,
    29,
    30,
    31,
    32,
    33,
    34,
    35,
    36,
    37,
    38,
    39,
    40,
    41,
    42,
    43,
    44,
    45,
    46,
    47,
    48,
    49,
    50,
    51,
    52,
    53,
    54,
    55,
    56,
    57,
    58,
    59,
    60,
    61,
    62,
    63,
    64,
    65,
    66,
    67,
    68,
    69,
    70,
    71,
    72,
    73,
    74,
    75,
    76,
    77,
    78,
    79,
    80
  ],
  "best_fitness": [
    1.78601354686737,
    1.8956978333634582,
    2.147768407622807,
    2.5049287575287806,
    2.84589564235809,
    2.973163840363201,
    3.1667065372361436,
    3.1667065372361436,
    3.308151341827806,
    3.308151341827806,
    3.380854903601949,
    3.470518614280924,
    3.470518614280924,
    3.470518614280924,
    3.470518614280924,
    3.6385247115929165,
    3.6385247115929165,
    3.758410530968286,
    3.758410530968286,
    3.758410530968286,
    3.770185182388241,
    3.7947912753308035,
    3.8326578199941785,
    3.876635246164089,
    3.876635246164089,
    3.953477611440969,
    3.983691653381668,
    3.9874388148755817,
    4.0214949719437785,
    4.080571142423704,
    4.115524373273243,
    4.172516220710295,
    4.182857508252563,
    4.2089521131687215,
    4.269768351964403,
    4.27442840952866,
    4.27442840952866,
    4.27442840952866,
    4.284392043821984,
    4.287821941540773,
    4.3156856848799245,
    4.335699966304619,
    4.343234125583871,
    4.350063330364767,
    4.385373637380996,
    4.385373637380996,
    4.385373637380996,
    4.385373637380996,
    4.3924566960338876,
    4.393873924752587,
    4.393873924752587,
    4.393891030273862,
    4.399274061051323,
    4.399274061051323,
    4.399274061051323,
    4.405282028583293,
    4.405282028583293,
    4.405282028583293,
    4.405282028583293,
    4.405282028583293,
    4.407268815753536,
    4.407268815753536,
    4.407268815753536,
    4.407268815753536,
    4.407268815753536,
    4.407268815753536,
    4.407268815753536,
    4.407268815753536,
    4.407268815753536,
    4.407268815753536,
    4.407268815753536,
    4.407268815753536,
    4.407268815753536,
    4.407268815753536,
    4.407268815753536,
    4.407268815753536,
    4.407268815753536,
    4.407268815753536,
    4.407268815753536,
    4.407268815753536,
    4.407268815753536
  ],
  "best_return": [
    23.127145000000006,
    46.5347975,
    57.73552000000001,
    69.8932375,
    74.085735,
    83.412505,
    96.78730500000002,
    96.78730500000002,
    95.45910500000004,
    95.45910500000004,
    115.928605,
    110.76874000000002,
    110.76874000000002,
    110.76874000000002,
    110.76874000000002,
    122.240265,
    122.240265,
    133.09102,
    133.09102,
    133.09102,
    141.28222,
    131.321285,
    136.458255,
    147.026645,
    147.026645,
    155.46226499999997,
    158.085385,
    157.246345,
    160.92612499999998,
    166.961175,
    172.600585,
    178.728775,
    179.75221,
    179.407935,
    182.77021500000004,
    181.18433,
    181.18433,
    181.18433,
    180.38916,
    182.933775,
    185.87864,
    188.03225,
    187.32281000000003,
    189.80709000000007,
    191.93521500000008,
    191.93521500000008,
    191.93521500000008,
    191.93521500000008,
    192.59959500000008,
    192.76609000000008,
    192.76609000000008,
    192.96241500000008,
    193.28850500000007,
    193.28850500000007,
    193.28850500000007,
    194.06876000000008,
    194.06876000000008,
    194.06876000000008,
    194.06876000000008,
    194.06876000000008,
    194.47931000000008,
    194.47931000000008,
    194.47931000000008,
    194.47931000000008,
    194.47931000000008,
    194.47931000000008,
    194.47931000000008,
    194.47931000000008,
    194.47931000000008,
    194.47931000000008,
    194.47931000000008,
    194.47931000000008,
    194.47931000000008,
    194.47931000000008,
    194.47931000000008,
    194.47931000000008,
    194.47931000000008,
    194.47931000000008,
    194.47931000000008,
    194.47931000000008,
    194.47931000000008
  ],
  "best_drawdown": [
    0.3934122231831071,
    0.432082930639235,
    0.4272119410729059,
    0.4117932031814894,
    0.3933032656170367,
    0.39336311999725815,
    0.3932955156507775,
    0.3932955156507775,
    0.3826408206153182,
    0.3826408206153182,
    0.39335913758084756,
    0.38393655512353125,
    0.38393655512353125,
    0.38393655512353125,
    0.38393655512353125,
    0.3826325238409627,
    0.3826325238409627,
    0.3825891107588247,
    0.3825891107588247,
    0.3825891107588247,
    0.3859766690813325,
    0.37994495834368686,
    0.3805901228623234,
    0.38387314898776903,
    0.38387314898776903,
    0.383999350838437,
    0.3839763567800123,
    0.3833270670987276,
    0.3833039529759719,
    0.3833431280033338,
    0.3840159864505083,
    0.38399226875202275,
    0.38399627732245706,
    0.3826383294183151,
    0.38137158204165766,
    0.3806274356403417,
    0.3806274356403417,
    0.3806274356403417,
    0.37990455394727934,
    0.38062501508203433,
    0.38062220096199867,
    0.380625157518412,
    0.37994632915385823,
    0.38067381014551965,
    0.37997687383757484,
    0.37997687383757484,
    0.37997687383757484,
    0.37997687383757484,
    0.3799542639308447,
    0.3799542639308447,
    0.3799542639308447,
    0.37999531052090735,
    0.3798875191082665,
    0.3798875191082665,
    0.3798875191082665,
    0.37992375528903694,
    0.37992375528903694,
    0.37992375528903694,
    0.37992375528903694,
    0.37992375528903694,
    0.3799960145969189,
    0.3799960145969189,
    0.3799960145969189,
    0.3799960145969189,
    0.3799960145969189,
    0.3799960145969189,
    0.3799960145969189,
    0.3799960145969189,
    0.3799960145969189,
    0.3799960145969189,
    0.3799960145969189,
    0.3799960145969189,
    0.3799960145969189,
    0.3799960145969189,
    0.3799960145969189,
    0.3799960145969189,
    0.3799960145969189,
    0.3799960145969189,
    0.3799960145969189,
    0.3799960145969189,
    0.3799960145969189
  ],