{
  "generation": 50,
  "fitness": 1.051760479690975,
  "total_return": 23.23614999999999,
  "max_drawdown": 0.36030169422617264,
  "sharpe_ratio": 4.314486552509615,
  "params": {
    "per_step_tick_gap": 9,
    "cold_start_steps": 20,
    "max_abserve_tick_steps": 466,
    "max_abserce_avg_price_down_steps": 14,
    "stop_profit_open_hc_pct": -0.14737809610331587,
    "dynamic_hc_stop_profit_thres": 0.04040578944488313,
    "last_close_price_hc_pct": -0.004433108229373412,
    "last_day_sell_thres": 0.010080444617389132,
    "last_day_sell_huiche": 0.007368543138312647,
    "fd_mount": 137106834,
    "fd_vol_pct": 0.2977059678207583,
    "fd_ju_ticks": 31,
    "max_zb_times": 21,
    "stagnation_kline_ticks": 3,
    "decline_kline_ticks": 4,
    "yang_yin_threshold": 0.002508003436426125,
    "stagnation_n": 23,
    "stagnation_volume_ratio_threshold": 3.2176720304986044,
    "stagnation_ratio_threshold": 633,
    "decline_volume_ratio_threshold": 33.093566958845486,
    "max_rebounds": 15,
    "decline_ratio_threshold": 1481,
    "flxd_ticks": 276,
    "flzz_ticks": 1955,
    "kline_sell_only_zy": false,
    "window_size": 6,
    "use_simiple_kline_strategy_flxd": false,
    "use_simiple_kline_strategy_flzz": true,
    "flzz_use_smooth_price": false,
    "flzz_zf_thresh": -0.007300038733887746,
    "stop_profit_pct": 0.0,
    "static_hc_stop_profit_pct": 1.0
  },
  "timestamp": "2025-08-24T20:17:39.742897",
  "individual": [
    9.221193730442288,
    19.809872697575365,
    466.45734840378236,
    13.921827059132184,
    -0.14737809610331587,
    0.04040578944488313,
    -0.004433108229373412,
    0.010080444617389132,
    0.007368543138312647,
    137106833.69003367,
    0.2977059678207583,
    31.24163321200041,
    21.315765502354115,
    3.0006250995980004,
    4.255366821458663,
    0.002508003436426125,
    22.659943260288003,
    3.2176720304986044,
    633.2532605075331,
    33.093566958845486,
    14.868957864535755,
    1480.786057255566,
    276.26636369324024,
    1955.2145313248498,
    0,
    5.86770171450152,
    0,
    1,
    0,
    -0.007300038733887746
  ]
}