{
  "generation": 70,
  "fitness": 1.0538106236732,
  "total_return": 23.41771499999999,
  "max_drawdown": 0.36030169422617264,
  "sharpe_ratio": 4.322921977480008,
  "params": {
    "per_step_tick_gap": 9,
    "cold_start_steps": 20,
    "max_abserve_tick_steps": 453,
    "max_abserce_avg_price_down_steps": 12,
    "stop_profit_open_hc_pct": -0.14743304546007244,
    "dynamic_hc_stop_profit_thres": 0.04071091039433056,
    "last_close_price_hc_pct": -0.005117840640301636,
    "last_day_sell_thres": 0.010095386927673616,
    "last_day_sell_huiche": 0.007078672454596947,
    "fd_mount": 130604797,
    "fd_vol_pct": 0.2957875900693388,
    "fd_ju_ticks": 1,
    "max_zb_times": 12,
    "stagnation_kline_ticks": 3,
    "decline_kline_ticks": 4,
    "yang_yin_threshold": 0.003208146782764675,
    "stagnation_n": 23,
    "stagnation_volume_ratio_threshold": 3.2053104869108915,
    "stagnation_ratio_threshold": 634,
    "decline_volume_ratio_threshold": 32.87272014092234,
    "max_rebounds": 15,
    "decline_ratio_threshold": 1483,
    "flxd_ticks": 276,
    "flzz_ticks": 1955,
    "kline_sell_only_zy": false,
    "window_size": 3,
    "use_simiple_kline_strategy_flxd": false,
    "use_simiple_kline_strategy_flzz": true,
    "flzz_use_smooth_price": false,
    "flzz_zf_thresh": -0.007305521046761519,
    "stop_profit_pct": 0.0,
    "static_hc_stop_profit_pct": 1.0
  },
  "timestamp": "2025-08-24T21:01:56.216153",
  "individual": [
    9.385655681019655,
    19.816959458010487,
    453.4784260064123,
    11.881654434001925,
    -0.14743304546007244,
    0.04071091039433056,
    -0.005117840640301636,
    0.010095386927673616,
    0.007078672454596947,
    130604797.23617178,
    0.2957875900693388,
    1.2422271244867467,
    11.539269984063068,
    3.0005813321658135,
    4.134109643707658,
    0.003208146782764675,
    22.68207336378751,
    3.2053104869108915,
    634.1196359097181,
    32.87272014092234,
    14.534200626512957,
    1483.2183827968681,
    275.80388352478366,
    1955.1853126168037,
    0,
    3.3206313509567735,
    0,
    1,
    0,
    -0.007305521046761519
  ]
}