{
  "generation": 90,
  "fitness": 1.0617634192636431,
  "total_return": 24.13160499999999,
  "max_drawdown": 0.36030169422617264,
  "sharpe_ratio": 4.355736870001355,
  "params": {
    "per_step_tick_gap": 9,
    "cold_start_steps": 20,
    "max_abserve_tick_steps": 449,
    "max_abserce_avg_price_down_steps": 10,
    "stop_profit_open_hc_pct": -0.1481608772684911,
    "dynamic_hc_stop_profit_thres": 0.04089847544280914,
    "last_close_price_hc_pct": -0.005070871727899433,
    "last_day_sell_thres": 0.010089021900397715,
    "last_day_sell_huiche": 0.001,
    "fd_mount": 134916456,
    "fd_vol_pct": 0.2939557249627085,
    "fd_ju_ticks": 1,
    "max_zb_times": 14,
    "stagnation_kline_ticks": 3,
    "decline_kline_ticks": 24,
    "yang_yin_threshold": 0.006265725914604648,
    "stagnation_n": 23,
    "stagnation_volume_ratio_threshold": 3.2129588311827826,
    "stagnation_ratio_threshold": 633,
    "decline_volume_ratio_threshold": 39.3408054441137,
    "max_rebounds": 9,
    "decline_ratio_threshold": 1500,
    "flxd_ticks": 272,
    "flzz_ticks": 1955,
    "kline_sell_only_zy": false,
    "window_size": 3,
    "use_simiple_kline_strategy_flxd": true,
    "use_simiple_kline_strategy_flzz": true,
    "flzz_use_smooth_price": false,
    "flzz_zf_thresh": -0.007327002183300213,
    "stop_profit_pct": 0.0,
    "static_hc_stop_profit_pct": 1.0
  },
  "timestamp": "2025-08-24T21:40:36.849868",
  "individual": [
    9.413967240348585,
    19.812847623907636,
    449.4345825981278,
    10.241673945708317,
    -0.1481608772684911,
    0.04089847544280914,
    -0.005070871727899433,
    0.010089021900397715,
    0.001,
    134916456.3136444,
    0.2939557249627085,
    1.0,
    14.248455291228478,
    3.0,
    24.075958547863504,
    0.006265725914604648,
    22.67105943787707,
    3.2129588311827826,
    633.2205534555624,
    39.3408054441137,
    8.99201180955219,
    1500.0,
    271.675467953352,
    1955.4042868145725,
    0,
    3.0,
    1,
    1,
    0,
    -0.007327002183300213
  ]
}