{
  "generation": 80,
  "fitness": 1.0577013228278684,
  "total_return": 23.77029499999999,
  "max_drawdown": 0.36030169422617264,
  "sharpe_ratio": 4.338001692182893,
  "params": {
    "per_step_tick_gap": 9,
    "cold_start_steps": 20,
    "max_abserve_tick_steps": 446,
    "max_abserce_avg_price_down_steps": 11,
    "stop_profit_open_hc_pct": -0.1480782329622795,
    "dynamic_hc_stop_profit_thres": 0.04118614326626771,
    "last_close_price_hc_pct": -0.004940002632105115,
    "last_day_sell_thres": 0.010092016851100215,
    "last_day_sell_huiche": 0.002224888788160797,
    "fd_mount": 136158091,
    "fd_vol_pct": 0.28864139941096323,
    "fd_ju_ticks": 2,
    "max_zb_times": 17,
    "stagnation_kline_ticks": 3,
    "decline_kline_ticks": 30,
    "yang_yin_threshold": 0.0023291673148314847,
    "stagnation_n": 23,
    "stagnation_volume_ratio_threshold": 3.2079676281772826,
    "stagnation_ratio_threshold": 631,
    "decline_volume_ratio_threshold": 36.95174937362207,
    "max_rebounds": 3,
    "decline_ratio_threshold": 1338,
    "flxd_ticks": 273,
    "flzz_ticks": 1955,
    "kline_sell_only_zy": false,
    "window_size": 5,
    "use_simiple_kline_strategy_flxd": true,
    "use_simiple_kline_strategy_flzz": true,
    "flzz_use_smooth_price": false,
    "flzz_zf_thresh": -0.007333818402718994,
    "stop_profit_pct": 0.0,
    "static_hc_stop_profit_pct": 1.0
  },
  "timestamp": "2025-08-24T21:23:03.169952",
  "individual": [
    9.247822120098354,
    19.80487305467976,
    445.57624420459,
    11.346785333958817,
    -0.1480782329622795,
    0.04118614326626771,
    -0.004940002632105115,
    0.010092016851100215,
    0.002224888788160797,
    136158090.87110603,
    0.28864139941096323,
    1.7550589365978384,
    17.095555481410933,
    3.000689357038861,
    30,
    0.0023291673148314847,
    22.705278163112407,
    3.2079676281772826,
    631.1053924611415,
    36.95174937362207,
    3,
    1338,
    272.5734670348586,
    1955.347800348393,
    0,
    5,
    1,
    1,
    0,
    -0.007333818402718994
  ]
}