{
  "generation": 20,
  "fitness": 0.9744489382738489,
  "total_return": 19.960714999999997,
  "max_drawdown": 0.3638493650476641,
  "sharpe_ratio": 4.163041982897034,
  "params": {
    "per_step_tick_gap": 9,
    "cold_start_steps": 20,
    "max_abserve_tick_steps": 500,
    "max_abserce_avg_price_down_steps": 9,
    "stop_profit_open_hc_pct": -0.1472758631829499,
    "dynamic_hc_stop_profit_thres": 0.046020690973689854,
    "last_close_price_hc_pct": 0.007581081098740073,
    "last_day_sell_thres": 0.01,
    "last_day_sell_huiche": 0.00935844279655648,
    "fd_mount": 120195964,
    "fd_vol_pct": 0.6847818312574708,
    "fd_ju_ticks": 28,
    "max_zb_times": 22,
    "stagnation_kline_ticks": 3,
    "decline_kline_ticks": 4,
    "yang_yin_threshold": 0.005549437491582146,
    "stagnation_n": 23,
    "stagnation_volume_ratio_threshold": 3.1397321544169365,
    "stagnation_ratio_threshold": 530,
    "decline_volume_ratio_threshold": 29.336307865345198,
    "max_rebounds": 14,
    "decline_ratio_threshold": 1473,
    "flxd_ticks": 273,
    "flzz_ticks": 1558,
    "kline_sell_only_zy": false,
    "window_size": 8,
    "use_simiple_kline_strategy_flxd": true,
    "use_simiple_kline_strategy_flzz": true,
    "flzz_use_smooth_price": false,
    "flzz_zf_thresh": -0.007980551383875031,
    "stop_profit_pct": 0.0,
    "static_hc_stop_profit_pct": 1.0
  },
  "timestamp": "2025-08-24T19:13:45.670742",
  "individual": [
    9.286870220198828,
    19.7804314754696,
    500.0,
    9.250383804334295,
    -0.1472758631829499,
    0.046020690973689854,
    0.007581081098740073,
    0.01,
    0.00935844279655648,
    120195964.1498777,
    0.6847818312574708,
    27.900408407438757,
    22.032614779386353,
    3.0,
    4.262873166187049,
    0.005549437491582146,
    22.746883783431848,
    3.1397321544169365,
    530.0279931125209,
    29.336307865345198,
    14.418559335926966,
    1472.529888492415,
    272.86330381502364,
    1557.8246181251102,
    0,
    8.272958129105906,
    1,
    1,
    0,
    -0.007980551383875031
  ]
}