{
  "generation": 60,
  "fitness": 1.0531355954184878,
  "total_return": 23.35739499999999,
  "max_drawdown": 0.36030169422617264,
  "sharpe_ratio": 4.320222411928782,
  "params": {
    "per_step_tick_gap": 9,
    "cold_start_steps": 20,
    "max_abserve_tick_steps": 453,
    "max_abserce_avg_price_down_steps": 14,
    "stop_profit_open_hc_pct": -0.14740252409394794,
    "dynamic_hc_stop_profit_thres": 0.04114490488037568,
    "last_close_price_hc_pct": -0.004835209413067265,
    "last_day_sell_thres": 0.010078740544887116,
    "last_day_sell_huiche": 0.007545356758555334,
    "fd_mount": 130543082,
    "fd_vol_pct": 0.2950240393255947,
    "fd_ju_ticks": 1,
    "max_zb_times": 22,
    "stagnation_kline_ticks": 3,
    "decline_kline_ticks": 4,
    "yang_yin_threshold": 0.003404257907997481,
    "stagnation_n": 23,
    "stagnation_volume_ratio_threshold": 3.212803295611436,
    "stagnation_ratio_threshold": 633,
    "decline_volume_ratio_threshold": 36.38158519363017,
    "max_rebounds": 15,
    "decline_ratio_threshold": 1477,
    "flxd_ticks": 275,
    "flzz_ticks": 1955,
    "kline_sell_only_zy": false,
    "window_size": 3,
    "use_simiple_kline_strategy_flxd": false,
    "use_simiple_kline_strategy_flzz": true,
    "flzz_use_smooth_price": false,
    "flzz_zf_thresh": -0.007290090507923196,
    "stop_profit_pct": 0.0,
    "static_hc_stop_profit_pct": 1.0
  },
  "timestamp": "2025-08-24T20:39:23.406484",
  "individual": [
    9.303011419837226,
    19.810270669681138,
    452.9706310094251,
    13.551586110741447,
    -0.14740252409394794,
    0.04114490488037568,
    -0.004835209413067265,
    0.010078740544887116,
    0.007545356758555334,
    130543081.66000399,
    0.2950240393255947,
    1.0,
    21.754855373104,
    3.0006830676722567,
    4.192685855908765,
    0.003404257907997481,
    22.674726913067936,
    3.212803295611436,
    632.6222670146107,
    36.38158519363017,
    14.83009372120217,
    1476.7070305466477,
    275.0265212706089,
    1955.2606971844355,
    0,
    3.1872947695975054,
    0,
    1,
    0,
    -0.007290090507923196
  ]
}