{
  "remaining_buy_down_min_pct": 0.08021247457241659,
  "max_strategy_down_pct": 17.922083151600972,
  "base_buy_gap_ticks": 25,
  "base_buy_down_min_pct": -0.013266388064778858,
  "base_buy_times": 5,
  "base_max_buy_ticks": 1943,
  "max_buy_ticks": 10,
  "base_budget_pct": 0.7224826030678934
}