{
  "generation": 60,
  "fitness": 3.9354170026774646,
  "total_return": 12.860715,
  "max_drawdown": 0.23716972698640534,
  "sharpe_ratio": 6.529381618225089,
  "params": {
    "per_step_tick_gap": 20,
    "cold_start_steps": 22,
    "max_abserve_tick_steps": 436,
    "max_abserce_avg_price_down_steps": 14,
    "stop_profit_open_hc_pct": 0.0,
    "dynamic_hc_stop_profit_thres": 3.3595481322204055,
    "last_close_price_hc_pct": -0.02418429694640482,
    "last_day_sell_thres": 0.20421445608183314,
    "last_day_sell_huiche": 0.01846236108434405,
    "fd_mount": 68789295,
    "fd_vol_pct": 0.6876671303368098,
    "fd_ju_ticks": 33,
    "max_zb_times": 29,
    "stagnation_kline_ticks": 30,
    "decline_kline_ticks": 32,
    "yang_yin_threshold": 0.01922583822882088,
    "stagnation_n": 26,
    "stagnation_volume_ratio_threshold": 68.44603074852208,
    "stagnation_ratio_threshold": 30,
    "decline_volume_ratio_threshold": 55.29015792664205,
    "max_rebounds": 10,
    "decline_ratio_threshold": 1500,
    "flxd_ticks": 438,
    "flzz_ticks": 1630,
    "use_simiple_kline_strategy_flxd": false,
    "use_simiple_kline_strategy_flzz": true,
    "flzz_use_smooth_price": false,
    "flzz_zf_thresh": -0.012631098001035799,
    "kline_sell_flxd_zy": false,
    "kline_sell_flxd_zs": true,
    "kline_sell_flzz_zs": true,
    "kline_sell_flzz_zy": false,
    "last_open_price_hc_pct": -0.059207462131503685,
    "open_price_max_hc": -0.05113294302610295,
    "loss_per_step_tick_gap": 12,
    "loss_cold_start_steps": 3,
    "loss_max_abserve_tick_steps": 65,
    "loss_max_abserce_avg_price_down_steps": 15,
    "loss_dynamic_hc_stop_profit_thres": 0.6441573073874577,
    "loss_last_close_price_hc_pct": -0.04012500699712531,
    "loss_last_open_price_hc_pct": -0.048819576215050564,
    "loss_open_price_max_hc": -0.06526456770710622,
    "loss_down_open_sell_wait_time": true,
    "down_open_sell_wait_time": false,
    "day_zy_line": 0.678967379094692,
    "day_zs_line": -0.044799459065078005,
    "sell_afternoon": true,
    "sell_half_afternoon": true,
    "sell_max_days": 3,
    "stop_profit_pct": 0.0,
    "static_hc_stop_profit_pct": 1.0,
    "loss_static_hc_stop_profit_pct": 1.0
  },
  "timestamp": "2025-09-06T18:26:18.983598",
  "individual": [
    19.537650306736023,
    21.52868335259333,
    436.1796119109663,
    13.768828471658344,
    0.0,
    3.3595481322204055,
    -0.02418429694640482,
    0.20421445608183314,
    0.01846236108434405,
    68789295.18372338,
    0.6876671303368098,
    32.78262864923686,
    29.284672279412256,
    29.691645835456814,
    32.299931109006295,
    0.01922583822882088,
    26.05218952950178,
    68.44603074852208,
    29.65207816146539,
    55.29015792664205,
    9.609990734790136,
    1500.0,
    437.7185912954325,
    1630.3005869742724,
    0,
    1,
    0,
    -0.012631098001035799,
    0,
    1,
    1,
    0,
    -0.059207462131503685,
    -0.05113294302610295,
    12.143668228145593,
    3.055626322896471,
    65.19596140407782,
    15.0,
    0.6441573073874577,
    -0.04012500699712531,
    -0.048819576215050564,
    -0.06526456770710622,
    1,
    0,
    0.678967379094692,
    -0.044799459065078005,
    1,
    1,
    3.337725020989967
  ],
  "max_drawdown_threshold": 0.25,
  "strategy_name": "\u9ad8\u5f3a\u4e2d\u9ad8\u5f00\u8ffd\u6da8"
}