{
  "generation": 80,
  "fitness": 3.9435583318854026,
  "total_return": 12.919840000000002,
  "max_drawdown": 0.23714706270520394,
  "sharpe_ratio": 6.54013132386549,
  "params": {
    "per_step_tick_gap": 20,
    "cold_start_steps": 22,
    "max_abserve_tick_steps": 477,
    "max_abserce_avg_price_down_steps": 14,
    "stop_profit_open_hc_pct": 0.0,
    "dynamic_hc_stop_profit_thres": 3.407383884270768,
    "last_close_price_hc_pct": -0.02416036253881526,
    "last_day_sell_thres": 0.19159048641757137,
    "last_day_sell_huiche": 0.01868100063628575,
    "fd_mount": 59693902,
    "fd_vol_pct": 0.6945958528117421,
    "fd_ju_ticks": 36,
    "max_zb_times": 29,
    "stagnation_kline_ticks": 30,
    "decline_kline_ticks": 44,
    "yang_yin_threshold": 0.0074762741013600625,
    "stagnation_n": 27,
    "stagnation_volume_ratio_threshold": 68.52949717730084,
    "stagnation_ratio_threshold": 30,
    "decline_volume_ratio_threshold": 55.76153072373945,
    "max_rebounds": 10,
    "decline_ratio_threshold": 1500,
    "flxd_ticks": 399,
    "flzz_ticks": 1626,
    "use_simiple_kline_strategy_flxd": false,
    "use_simiple_kline_strategy_flzz": true,
    "flzz_use_smooth_price": true,
    "flzz_zf_thresh": -0.012635818439405075,
    "kline_sell_flxd_zy": false,
    "kline_sell_flxd_zs": true,
    "kline_sell_flzz_zs": true,
    "kline_sell_flzz_zy": false,
    "last_open_price_hc_pct": -0.06119073173559306,
    "open_price_max_hc": -0.051900916996847915,
    "loss_per_step_tick_gap": 12,
    "loss_cold_start_steps": 3,
    "loss_max_abserve_tick_steps": 235,
    "loss_max_abserce_avg_price_down_steps": 15,
    "loss_dynamic_hc_stop_profit_thres": 0.6329373258943835,
    "loss_last_close_price_hc_pct": -0.04058646085644934,
    "loss_last_open_price_hc_pct": -0.04927146479959501,
    "loss_open_price_max_hc": -0.06421096944035651,
    "loss_down_open_sell_wait_time": true,
    "down_open_sell_wait_time": true,
    "day_zy_line": 0.6788284164617706,
    "day_zs_line": -0.04523039957312694,
    "sell_afternoon": true,
    "sell_half_afternoon": true,
    "sell_max_days": 3,
    "stop_profit_pct": 0.0,
    "static_hc_stop_profit_pct": 1.0,
    "loss_static_hc_stop_profit_pct": 1.0
  },
  "timestamp": "2025-09-06T18:27:36.518875",
  "individual": [
    19.807062538151623,
    21.57972481320301,
    477.1831279215917,
    13.713535564610646,
    0.0,
    3.407383884270768,
    -0.02416036253881526,
    0.19159048641757137,
    0.01868100063628575,
    59693902.33606739,
    0.6945958528117421,
    36.06917081647657,
    29.271552518540638,
    29.68704159033436,
    43.92465234943405,
    0.0074762741013600625,
    26.789482915759145,
    68.52949717730084,
    29.920590906578852,
    55.76153072373945,
    10.134996391571685,
    1499.8197895373555,
    399.1720349448674,
    1625.6925684981852,
    0,
    1,
    1,
    -0.012635818439405075,
    0,
    1,
    1,
    0,
    -0.06119073173559306,
    -0.051900916996847915,
    12.048537371886926,
    3.0702355124701524,
    234.95328703925531,
    14.999797253176828,
    0.6329373258943835,
    -0.04058646085644934,
    -0.04927146479959501,
    -0.06421096944035651,
    1,
    1,
    0.6788284164617706,
    -0.04523039957312694,
    1,
    1,
    3.3679337253869726
  ],
  "max_drawdown_threshold": 0.25,
  "strategy_name": "\u9ad8\u5f3a\u4e2d\u9ad8\u5f00\u8ffd\u6da8"
}