{
  "generation": 50,
  "fitness": 1.7520292166837075,
  "total_return": 25.503350000000005,
  "max_drawdown": 0.32033290623800004,
  "sharpe_ratio": 4.217163394378881,
  "params": {
    "per_step_tick_gap": 8,
    "cold_start_steps": 6,
    "max_abserve_tick_steps": 383,
    "max_abserce_avg_price_down_steps": 6,
    "stop_profit_open_hc_pct": -0.1301962085936718,
    "dynamic_hc_stop_profit_thres": 1.2923961124125687,
    "last_close_price_hc_pct": -0.013847103861300515,
    "last_day_sell_thres": 0.7194870574946007,
    "last_day_sell_huiche": 0.016573003449365516,
    "fd_mount": 105860713,
    "fd_vol_pct": 0.4908227463266561,
    "fd_ju_ticks": 1,
    "max_zb_times": 30,
    "stagnation_kline_ticks": 40,
    "decline_kline_ticks": 45,
    "yang_yin_threshold": 0.027078125598674695,
    "stagnation_n": 23,
    "stagnation_volume_ratio_threshold": 15.391313269549242,
    "stagnation_ratio_threshold": 174,
    "decline_volume_ratio_threshold": 1.1,
    "max_rebounds": 2,
    "decline_ratio_threshold": 666,
    "flxd_ticks": 433,
    "flzz_ticks": 1727,
    "use_simiple_kline_strategy_flxd": true,
    "use_simiple_kline_strategy_flzz": true,
    "flzz_use_smooth_price": true,
    "flzz_zf_thresh": -0.049888040980619705,
    "kline_sell_flxd_zy": true,
    "kline_sell_flxd_zs": false,
    "kline_sell_flzz_zs": false,
    "kline_sell_flzz_zy": false,
    "last_open_price_hc_pct": 0.00917788013196608,
    "open_price_max_hc": -0.0014355491006876778,
    "loss_per_step_tick_gap": 16,
    "loss_cold_start_steps": 17,
    "loss_max_abserve_tick_steps": 463,
    "loss_max_abserce_avg_price_down_steps": 9,
    "loss_dynamic_hc_stop_profit_thres": 2.530217564196209,
    "loss_last_close_price_hc_pct": -0.04229724568921341,
    "loss_last_open_price_hc_pct": -0.006632808976621789,
    "loss_open_price_max_hc": -0.09333694807108735,
    "loss_down_open_sell_wait_time": false,
    "down_open_sell_wait_time": false,
    "day_zy_line": 0.004227984435836258,
    "day_zs_line": -0.11697172617618468,
    "sell_afternoon": false,
    "sell_half_afternoon": false,
    "sell_max_days": 1,
    "stop_profit_pct": 0.0,
    "static_hc_stop_profit_pct": 1.0,
    "loss_static_hc_stop_profit_pct": 1.0
  },
  "timestamp": "2025-09-06T08:42:09.687534",
  "individual": [
    7.654222566957257,
    5.6943172225332175,
    382.5446500332746,
    5.7945969725734985,
    -0.1301962085936718,
    1.2923961124125687,
    -0.013847103861300515,
    0.7194870574946007,
    0.016573003449365516,
    105860712.78691606,
    0.4908227463266561,
    1.0011720221648512,
    30.0,
    40.330588692061326,
    44.67808798753162,
    0.027078125598674695,
    22.59217731577055,
    15.391313269549242,
    174.12108576042445,
    1.1,
    2.375655827574768,
    666.4443334157229,
    432.9918319789182,
    1727.4789926206668,
    1,
    1,
    1,
    -0.049888040980619705,
    1,
    0,
    0,
    0,
    0.00917788013196608,
    -0.0014355491006876778,
    16.05044912738639,
    17.173142462822405,
    462.9429790141342,
    8.895570739968639,
    2.530217564196209,
    -0.04229724568921341,
    -0.006632808976621789,
    -0.09333694807108735,
    0,
    0,
    0.004227984435836258,
    -0.11697172617618468,
    0,
    0,
    1.2462407149637946
  ],
  "max_drawdown_threshold": 0.15,
  "strategy_name": "\u63a5\u529b\u5012\u63a5\u529b5"
}