{
  "generation": 70,
  "fitness": 1.7842436802317914,
  "total_return": 26.793370000000003,
  "max_drawdown": 0.32075217150249513,
  "sharpe_ratio": 4.271727422914444,
  "params": {
    "per_step_tick_gap": 8,
    "cold_start_steps": 6,
    "max_abserve_tick_steps": 378,
    "max_abserce_avg_price_down_steps": 6,
    "stop_profit_open_hc_pct": -0.06579532673778123,
    "dynamic_hc_stop_profit_thres": 1.3003654619755713,
    "last_close_price_hc_pct": -0.018407421726313357,
    "last_day_sell_thres": 0.8245967283738626,
    "last_day_sell_huiche": 0.01996653123275387,
    "fd_mount": 101051583,
    "fd_vol_pct": 0.4640152186707819,
    "fd_ju_ticks": 1,
    "max_zb_times": 19,
    "stagnation_kline_ticks": 19,
    "decline_kline_ticks": 46,
    "yang_yin_threshold": 0.002,
    "stagnation_n": 23,
    "stagnation_volume_ratio_threshold": 8.201079807781516,
    "stagnation_ratio_threshold": 249,
    "decline_volume_ratio_threshold": 25.458583156167762,
    "max_rebounds": 0,
    "decline_ratio_threshold": 15,
    "flxd_ticks": 472,
    "flzz_ticks": 1743,
    "use_simiple_kline_strategy_flxd": true,
    "use_simiple_kline_strategy_flzz": false,
    "flzz_use_smooth_price": true,
    "flzz_zf_thresh": -0.02711733697769152,
    "kline_sell_flxd_zy": true,
    "kline_sell_flxd_zs": false,
    "kline_sell_flzz_zs": false,
    "kline_sell_flzz_zy": false,
    "last_open_price_hc_pct": 0.008688642934429787,
    "open_price_max_hc": -0.0014435763132991995,
    "loss_per_step_tick_gap": 16,
    "loss_cold_start_steps": 17,
    "loss_max_abserve_tick_steps": 293,
    "loss_max_abserce_avg_price_down_steps": 9,
    "loss_dynamic_hc_stop_profit_thres": 3.235352984540895,
    "loss_last_close_price_hc_pct": -0.019920620189448977,
    "loss_last_open_price_hc_pct": -0.053001559067506365,
    "loss_open_price_max_hc": -0.09202611132470441,
    "loss_down_open_sell_wait_time": false,
    "down_open_sell_wait_time": false,
    "day_zy_line": 0.004268229347588407,
    "day_zs_line": -0.1269005298107498,
    "sell_afternoon": false,
    "sell_half_afternoon": false,
    "sell_max_days": 1,
    "stop_profit_pct": 0.0,
    "static_hc_stop_profit_pct": 1.0,
    "loss_static_hc_stop_profit_pct": 1.0
  },
  "timestamp": "2025-09-06T08:46:48.850105",
  "individual": [
    7.9063702617712615,
    5.717148634344419,
    377.89395647248654,
    6.1505775882036975,
    -0.06579532673778123,
    1.3003654619755713,
    -0.018407421726313357,
    0.8245967283738626,
    0.01996653123275387,
    101051582.86361578,
    0.4640152186707819,
    1.0042898035925734,
    18.629453144030883,
    18.50058417500552,
    46.27669365526195,
    0.002,
    22.909304555352374,
    8.201079807781516,
    249.40373099732386,
    25.458583156167762,
    0.0,
    15.0,
    471.9686125358493,
    1743.493647188574,
    1,
    0,
    1,
    -0.02711733697769152,
    1,
    0,
    0,
    0,
    0.008688642934429787,
    -0.0014435763132991995,
    15.911662992875947,
    17.327253405912586,
    293.2234207317788,
    8.625573978214245,
    3.235352984540895,
    -0.019920620189448977,
    -0.053001559067506365,
    -0.09202611132470441,
    0,
    0,
    0.004268229347588407,
    -0.1269005298107498,
    0,
    0,
    1.0078410726318574
  ],
  "max_drawdown_threshold": 0.15,
  "strategy_name": "\u63a5\u529b\u5012\u63a5\u529b5"
}