{
  "generation": 30,
  "fitness": 1.6916141236017836,
  "total_return": 23.78416,
  "max_drawdown": 0.32137273172349556,
  "sharpe_ratio": 4.1369022977227035,
  "params": {
    "per_step_tick_gap": 7,
    "cold_start_steps": 5,
    "max_abserve_tick_steps": 379,
    "max_abserce_avg_price_down_steps": 10,
    "stop_profit_open_hc_pct": -0.14499353618964,
    "dynamic_hc_stop_profit_thres": 1.8949727931066525,
    "last_close_price_hc_pct": -0.00343688257447132,
    "last_day_sell_thres": 0.4359278516003678,
    "last_day_sell_huiche": 0.011573137519587214,
    "fd_mount": 110847613,
    "fd_vol_pct": 0.39226504457853123,
    "fd_ju_ticks": 1,
    "max_zb_times": 30,
    "stagnation_kline_ticks": 29,
    "decline_kline_ticks": 41,
    "yang_yin_threshold": 0.029955047908992234,
    "stagnation_n": 15,
    "stagnation_volume_ratio_threshold": 25.81324383870649,
    "stagnation_ratio_threshold": 903,
    "decline_volume_ratio_threshold": 49.05957699390627,
    "max_rebounds": 3,
    "decline_ratio_threshold": 1179,
    "flxd_ticks": 486,
    "flzz_ticks": 968,
    "use_simiple_kline_strategy_flxd": true,
    "use_simiple_kline_strategy_flzz": true,
    "flzz_use_smooth_price": true,
    "flzz_zf_thresh": -0.03121417938395885,
    "kline_sell_flxd_zy": false,
    "kline_sell_flxd_zs": false,
    "kline_sell_flzz_zs": false,
    "kline_sell_flzz_zy": false,
    "last_open_price_hc_pct": 0.009133391321464793,
    "open_price_max_hc": -0.0019624898924284007,
    "loss_per_step_tick_gap": 20,
    "loss_cold_start_steps": 18,
    "loss_max_abserve_tick_steps": 317,
    "loss_max_abserce_avg_price_down_steps": 12,
    "loss_dynamic_hc_stop_profit_thres": 2.717250289133036,
    "loss_last_close_price_hc_pct": -0.038246187780426724,
    "loss_last_open_price_hc_pct": -0.08,
    "loss_open_price_max_hc": -0.06663141526943994,
    "loss_down_open_sell_wait_time": false,
    "down_open_sell_wait_time": false,
    "day_zy_line": 0.004227262385319147,
    "day_zs_line": -0.14938385815222133,
    "sell_afternoon": true,
    "sell_half_afternoon": false,
    "sell_max_days": 1,
    "stop_profit_pct": 0.0,
    "static_hc_stop_profit_pct": 1.0,
    "loss_static_hc_stop_profit_pct": 1.0
  },
  "timestamp": "2025-09-06T08:37:33.373804",
  "individual": [
    7.23774902917475,
    4.819175116837927,
    378.8241034577712,
    9.609845031223085,
    -0.14499353618964,
    1.8949727931066525,
    -0.00343688257447132,
    0.4359278516003678,
    0.011573137519587214,
    110847613.04766071,
    0.39226504457853123,
    1.1110406859364017,
    29.706099811087235,
    28.724362537783282,
    41.09471797499977,
    0.029955047908992234,
    15.24031553963893,
    25.81324383870649,
    902.8163882135531,
    49.05957699390627,
    3.279010583863079,
    1178.5509084422747,
    485.871042562876,
    968.1977810788285,
    1,
    1,
    1,
    -0.03121417938395885,
    0,
    0,
    0,
    0,
    0.009133391321464793,
    -0.0019624898924284007,
    19.60356264698208,
    18.297494322518755,
    316.90412083943136,
    12.475353939513877,
    2.717250289133036,
    -0.038246187780426724,
    -0.08,
    -0.06663141526943994,
    0,
    0,
    0.004227262385319147,
    -0.14938385815222133,
    1,
    0,
    1.2025257279470043
  ],
  "max_drawdown_threshold": 0.15,
  "strategy_name": "\u63a5\u529b\u5012\u63a5\u529b5"
}