{
  "generation": 10,
  "fitness": 1.4571813274751306,
  "total_return": 17.288025000000015,
  "max_drawdown": 0.32473376201764964,
  "sharpe_ratio": 3.830268770076967,
  "params": {
    "per_step_tick_gap": 10,
    "cold_start_steps": 6,
    "max_abserve_tick_steps": 395,
    "max_abserce_avg_price_down_steps": 9,
    "stop_profit_open_hc_pct": -0.12930186277429304,
    "dynamic_hc_stop_profit_thres": 2.3526357209579913,
    "last_close_price_hc_pct": -0.004164598547354222,
    "last_day_sell_thres": 0.3299156557450228,
    "last_day_sell_huiche": 0.014668815669428566,
    "fd_mount": 92568106,
    "fd_vol_pct": 0.4645194873677683,
    "fd_ju_ticks": 1,
    "max_zb_times": 24,
    "stagnation_kline_ticks": 47,
    "decline_kline_ticks": 49,
    "yang_yin_threshold": 0.002,
    "stagnation_n": 3,
    "stagnation_volume_ratio_threshold": 8.254051822066593,
    "stagnation_ratio_threshold": 878,
    "decline_volume_ratio_threshold": 49.954155095931426,
    "max_rebounds": 5,
    "decline_ratio_threshold": 1457,
    "flxd_ticks": 469,
    "flzz_ticks": 1828,
    "use_simiple_kline_strategy_flxd": true,
    "use_simiple_kline_strategy_flzz": true,
    "flzz_use_smooth_price": false,
    "flzz_zf_thresh": -0.031127382930116264,
    "kline_sell_flxd_zy": false,
    "kline_sell_flxd_zs": true,
    "kline_sell_flzz_zs": false,
    "kline_sell_flzz_zy": false,
    "last_open_price_hc_pct": -0.07304493951513845,
    "open_price_max_hc": -0.0009474650021960805,
    "loss_per_step_tick_gap": 25,
    "loss_cold_start_steps": 19,
    "loss_max_abserve_tick_steps": 169,
    "loss_max_abserce_avg_price_down_steps": 10,
    "loss_dynamic_hc_stop_profit_thres": 1.820562771626364,
    "loss_last_close_price_hc_pct": -0.04492055495113018,
    "loss_last_open_price_hc_pct": 0.01,
    "loss_open_price_max_hc": -0.03395045852230756,
    "loss_down_open_sell_wait_time": false,
    "down_open_sell_wait_time": false,
    "day_zy_line": 0.004711931549307225,
    "day_zs_line": -0.1743930842784655,
    "sell_afternoon": false,
    "sell_half_afternoon": false,
    "sell_max_days": 1,
    "stop_profit_pct": 0.0,
    "static_hc_stop_profit_pct": 1.0,
    "loss_static_hc_stop_profit_pct": 1.0
  },
  "timestamp": "2025-09-06T08:32:26.221188",
  "individual": [
    9.604421963126072,
    5.69575220681319,
    394.5971558434725,
    9.443952819207452,
    -0.12930186277429304,
    2.3526357209579913,
    -0.004164598547354222,
    0.3299156557450228,
    0.014668815669428566,
    92568106.18795407,
    0.4645194873677683,
    1.0,
    23.55714733014273,
    46.743147448303205,
    48.83076479173912,
    0.002,
    2.6281161664893378,
    8.254051822066593,
    877.9600698522156,
    49.954155095931426,
    5.476369559944148,
    1456.8036862402723,
    469.1135358449295,
    1828.363809469901,
    1,
    1,
    0,
    -0.031127382930116264,
    0,
    1,
    0,
    0,
    -0.07304493951513845,
    -0.0009474650021960805,
    25.0,
    19.15118862980843,
    169.0207049012722,
    10.25348174310092,
    1.820562771626364,
    -0.04492055495113018,
    0.01,
    -0.03395045852230756,
    0,
    0,
    0.004711931549307225,
    -0.1743930842784655,
    0,
    0,
    1.1539531375945506
  ],
  "max_drawdown_threshold": 0.15,
  "strategy_name": "\u63a5\u529b\u5012\u63a5\u529b5"
}