{
  "generation": 60,
  "fitness": 1.7520294268299432,
  "total_return": 25.503180000000004,
  "max_drawdown": 0.32033290623800004,
  "sharpe_ratio": 4.217193038110792,
  "params": {
    "per_step_tick_gap": 8,
    "cold_start_steps": 6,
    "max_abserve_tick_steps": 379,
    "max_abserce_avg_price_down_steps": 6,
    "stop_profit_open_hc_pct": -0.14039360553970678,
    "dynamic_hc_stop_profit_thres": 1.3020099277599866,
    "last_close_price_hc_pct": -0.007992570837095102,
    "last_day_sell_thres": 0.5802847120245627,
    "last_day_sell_huiche": 0.011237773519458458,
    "fd_mount": 102909707,
    "fd_vol_pct": 0.46656210602204984,
    "fd_ju_ticks": 1,
    "max_zb_times": 20,
    "stagnation_kline_ticks": 48,
    "decline_kline_ticks": 50,
    "yang_yin_threshold": 0.03,
    "stagnation_n": 21,
    "stagnation_volume_ratio_threshold": 17.24583688306233,
    "stagnation_ratio_threshold": 15,
    "decline_volume_ratio_threshold": 23.840807018735745,
    "max_rebounds": 15,
    "decline_ratio_threshold": 1184,
    "flxd_ticks": 493,
    "flzz_ticks": 2000,
    "use_simiple_kline_strategy_flxd": true,
    "use_simiple_kline_strategy_flzz": true,
    "flzz_use_smooth_price": true,
    "flzz_zf_thresh": -0.01832060490725585,
    "kline_sell_flxd_zy": true,
    "kline_sell_flxd_zs": true,
    "kline_sell_flzz_zs": false,
    "kline_sell_flzz_zy": false,
    "last_open_price_hc_pct": 0.008749537904089747,
    "open_price_max_hc": -0.0014655023421403864,
    "loss_per_step_tick_gap": 16,
    "loss_cold_start_steps": 17,
    "loss_max_abserve_tick_steps": 255,
    "loss_max_abserce_avg_price_down_steps": 8,
    "loss_dynamic_hc_stop_profit_thres": 2.5771011470301524,
    "loss_last_close_price_hc_pct": -0.025694911780509047,
    "loss_last_open_price_hc_pct": -0.03925085326697411,
    "loss_open_price_max_hc": -0.09176297144142867,
    "loss_down_open_sell_wait_time": false,
    "down_open_sell_wait_time": false,
    "day_zy_line": 0.004260748827580233,
    "day_zs_line": -0.12211688059828757,
    "sell_afternoon": false,
    "sell_half_afternoon": false,
    "sell_max_days": 1,
    "stop_profit_pct": 0.0,
    "static_hc_stop_profit_pct": 1.0,
    "loss_static_hc_stop_profit_pct": 1.0
  },
  "timestamp": "2025-09-06T08:44:28.519734",
  "individual": [
    7.867004746523053,
    5.699334878431781,
    379.03114995188207,
    5.994326128101629,
    -0.14039360553970678,
    1.3020099277599866,
    -0.007992570837095102,
    0.5802847120245627,
    0.011237773519458458,
    102909707.06079945,
    0.46656210602204984,
    1.0026657189770096,
    19.762299623962406,
    48.31253281311336,
    50.0,
    0.03,
    20.59696895455471,
    17.24583688306233,
    15.0,
    23.840807018735745,
    15.0,
    1184.2799539480518,
    493.38882629639573,
    2000.0,
    1,
    1,
    1,
    -0.01832060490725585,
    1,
    1,
    0,
    0,
    0.008749537904089747,
    -0.0014655023421403864,
    16.238718311511214,
    17.25856966740805,
    254.90499420319418,
    8.005440140630267,
    2.5771011470301524,
    -0.025694911780509047,
    -0.03925085326697411,
    -0.09176297144142867,
    0,
    0,
    0.004260748827580233,
    -0.12211688059828757,
    0,
    0,
    1.0297976291387756
  ],
  "max_drawdown_threshold": 0.15,
  "strategy_name": "\u63a5\u529b\u5012\u63a5\u529b5"
}