{
  "generation": 40,
  "fitness": 1.7405317061959493,
  "total_return": 25.40575500000001,
  "max_drawdown": 0.32114934977101917,
  "sharpe_ratio": 4.206596836807242,
  "params": {
    "per_step_tick_gap": 7,
    "cold_start_steps": 5,
    "max_abserve_tick_steps": 385,
    "max_abserce_avg_price_down_steps": 10,
    "stop_profit_open_hc_pct": -0.11557608959640342,
    "dynamic_hc_stop_profit_thres": 1.5046592861004795,
    "last_close_price_hc_pct": -0.004674331410250055,
    "last_day_sell_thres": 0.38268704362672057,
    "last_day_sell_huiche": 0.014202578975983702,
    "fd_mount": 114452502,
    "fd_vol_pct": 0.6592857331655346,
    "fd_ju_ticks": 1,
    "max_zb_times": 22,
    "stagnation_kline_ticks": 7,
    "decline_kline_ticks": 46,
    "yang_yin_threshold": 0.025831877727254687,
    "stagnation_n": 30,
    "stagnation_volume_ratio_threshold": 3.658385815609882,
    "stagnation_ratio_threshold": 953,
    "decline_volume_ratio_threshold": 47.24289061800524,
    "max_rebounds": 4,
    "decline_ratio_threshold": 1065,
    "flxd_ticks": 432,
    "flzz_ticks": 1709,
    "use_simiple_kline_strategy_flxd": false,
    "use_simiple_kline_strategy_flzz": true,
    "flzz_use_smooth_price": true,
    "flzz_zf_thresh": -0.027013938204296165,
    "kline_sell_flxd_zy": false,
    "kline_sell_flxd_zs": false,
    "kline_sell_flzz_zs": false,
    "kline_sell_flzz_zy": false,
    "last_open_price_hc_pct": 0.009078504561375591,
    "open_price_max_hc": -0.002432882697858258,
    "loss_per_step_tick_gap": 16,
    "loss_cold_start_steps": 18,
    "loss_max_abserve_tick_steps": 244,
    "loss_max_abserce_avg_price_down_steps": 12,
    "loss_dynamic_hc_stop_profit_thres": 2.978378733136206,
    "loss_last_close_price_hc_pct": -0.04950497803175754,
    "loss_last_open_price_hc_pct": -0.05763565503933478,
    "loss_open_price_max_hc": -0.1,
    "loss_down_open_sell_wait_time": false,
    "down_open_sell_wait_time": false,
    "day_zy_line": 0.004267701447136217,
    "day_zs_line": -0.12815845184124572,
    "sell_afternoon": false,
    "sell_half_afternoon": true,
    "sell_max_days": 1,
    "stop_profit_pct": 0.0,
    "static_hc_stop_profit_pct": 1.0,
    "loss_static_hc_stop_profit_pct": 1.0
  },
  "timestamp": "2025-09-06T08:39:50.293967",
  "individual": [
    6.70424914889888,
    4.757341350649041,
    385.00860390365807,
    9.844375422932922,
    -0.11557608959640342,
    1.5046592861004795,
    -0.004674331410250055,
    0.38268704362672057,
    0.014202578975983702,
    114452501.87872732,
    0.6592857331655346,
    1.2152074172778082,
    21.922488971596433,
    6.545192290578921,
    46.18041480262253,
    0.025831877727254687,
    30.0,
    3.658385815609882,
    952.5495064436802,
    47.24289061800524,
    4.354991278013336,
    1065.293346032255,
    432.23488981956274,
    1708.5334912695967,
    0,
    1,
    1,
    -0.027013938204296165,
    0,
    0,
    0,
    0,
    0.009078504561375591,
    -0.002432882697858258,
    15.998374430612595,
    18.3189966085877,
    244.40685168629676,
    12.145303151286795,
    2.978378733136206,
    -0.04950497803175754,
    -0.05763565503933478,
    -0.1,
    0,
    0,
    0.004267701447136217,
    -0.12815845184124572,
    0,
    1,
    1.106382284475664
  ],
  "max_drawdown_threshold": 0.15,
  "strategy_name": "\u63a5\u529b\u5012\u63a5\u529b5"
}