{
  "generation": 10,
  "fitness": 1.3342678549070244,
  "total_return": 2.699309999999999,
  "max_drawdown": 0.22189116720540217,
  "sharpe_ratio": 3.416588432675485,
  "params": {
    "per_step_tick_gap": 23,
    "cold_start_steps": 16,
    "max_abserve_tick_steps": 960,
    "max_abserce_avg_price_down_steps": 15,
    "stop_profit_open_hc_pct": -0.1236562453417471,
    "dynamic_hc_stop_profit_thres": 0.01,
    "last_close_price_hc_pct": -0.01989048417739213,
    "last_day_sell_thres": 0.9770127014533666,
    "last_day_sell_huiche": 0.0020206614161630897,
    "fd_mount": 49774539,
    "fd_vol_pct": 0.149146221005021,
    "fd_ju_ticks": 50,
    "max_zb_times": 25,
    "stagnation_kline_ticks": 23,
    "decline_kline_ticks": 3,
    "yang_yin_threshold": 0.02545796560904728,
    "stagnation_n": 9,
    "stagnation_volume_ratio_threshold": 100.0,
    "stagnation_ratio_threshold": 779,
    "decline_volume_ratio_threshold": 26.394374634668655,
    "max_rebounds": 7,
    "decline_ratio_threshold": 15,
    "flxd_ticks": 498,
    "flzz_ticks": 100,
    "use_simiple_kline_strategy_flxd": true,
    "use_simiple_kline_strategy_flzz": true,
    "flzz_use_smooth_price": false,
    "flzz_zf_thresh": -0.07,
    "kline_sell_flxd_zy": true,
    "kline_sell_flxd_zs": false,
    "kline_sell_flzz_zs": true,
    "kline_sell_flzz_zy": false,
    "last_open_price_hc_pct": 0.0014150595635012532,
    "open_price_max_hc": -0.00419900298938597,
    "loss_per_step_tick_gap": 6,
    "loss_cold_start_steps": 13,
    "loss_max_abserve_tick_steps": 21,
    "loss_max_abserce_avg_price_down_steps": 6,
    "loss_dynamic_hc_stop_profit_thres": 8.0,
    "loss_last_close_price_hc_pct": -0.06599377470790815,
    "loss_last_open_price_hc_pct": -0.008303756561704624,
    "loss_open_price_max_hc": -0.025245026014147708,
    "loss_down_open_sell_wait_time": true,
    "down_open_sell_wait_time": false,
    "day_zy_line": 0.0,
    "day_zs_line": -0.06846741326214958,
    "sell_afternoon": true,
    "sell_half_afternoon": true,
    "sell_max_days": 1,
    "stop_profit_pct": 0.0,
    "static_hc_stop_profit_pct": 1.0,
    "loss_static_hc_stop_profit_pct": 1.0
  },
  "timestamp": "2025-09-06T15:31:13.166825",
  "individual": [
    22.64405744643497,
    15.952941442231559,
    960.1503137145721,
    15.0,
    -0.1236562453417471,
    0.01,
    -0.01989048417739213,
    0.9770127014533666,
    0.0020206614161630897,
    49774538.73750292,
    0.149146221005021,
    50.0,
    24.70675482242791,
    22.80660141814291,
    3.0,
    0.02545796560904728,
    8.749110556628697,
    100.0,
    779.0217877502979,
    26.394374634668655,
    7.446143178739648,
    15.0,
    498.42625681349,
    100.0,
    1,
    1,
    0,
    -0.07,
    1,
    0,
    1,
    0,
    0.0014150595635012532,
    -0.00419900298938597,
    5.611752506475388,
    13.003544988579819,
    20.82386908568354,
    5.756819365535146,
    8.0,
    -0.06599377470790815,
    -0.008303756561704624,
    -0.025245026014147708,
    1,
    0,
    0.0,
    -0.06846741326214958,
    1,
    1,
    1.0477774554559596
  ],
  "max_drawdown_threshold": 0.15,
  "strategy_name": "\u542f\u52a8\u4f4e\u5438"
}