{
  "generation": 20,
  "fitness": 1.6044034715651192,
  "total_return": 3.169614999999999,
  "max_drawdown": 0.19777465195123714,
  "sharpe_ratio": 3.4207970710014437,
  "params": {
    "per_step_tick_gap": 22,
    "cold_start_steps": 18,
    "max_abserve_tick_steps": 685,
    "max_abserce_avg_price_down_steps": 15,
    "stop_profit_open_hc_pct": -0.04511593128928928,
    "dynamic_hc_stop_profit_thres": 1.1256931235280674,
    "last_close_price_hc_pct": -0.03839147539723932,
    "last_day_sell_thres": 0.6884404015947296,
    "last_day_sell_huiche": 0.011013760488950326,
    "fd_mount": 137512654,
    "fd_vol_pct": 0.0,
    "fd_ju_ticks": 20,
    "max_zb_times": 27,
    "stagnation_kline_ticks": 49,
    "decline_kline_ticks": 6,
    "yang_yin_threshold": 0.008116439363857524,
    "stagnation_n": 14,
    "stagnation_volume_ratio_threshold": 91.90780707969725,
    "stagnation_ratio_threshold": 15,
    "decline_volume_ratio_threshold": 100.0,
    "max_rebounds": 8,
    "decline_ratio_threshold": 674,
    "flxd_ticks": 402,
    "flzz_ticks": 100,
    "use_simiple_kline_strategy_flxd": false,
    "use_simiple_kline_strategy_flzz": true,
    "flzz_use_smooth_price": true,
    "flzz_zf_thresh": 0.02451890257657355,
    "kline_sell_flxd_zy": false,
    "kline_sell_flxd_zs": false,
    "kline_sell_flzz_zs": true,
    "kline_sell_flzz_zy": true,
    "last_open_price_hc_pct": -0.08,
    "open_price_max_hc": -0.007043656686763058,
    "loss_per_step_tick_gap": 25,
    "loss_cold_start_steps": 6,
    "loss_max_abserve_tick_steps": 190,
    "loss_max_abserce_avg_price_down_steps": 4,
    "loss_dynamic_hc_stop_profit_thres": 0.01,
    "loss_last_close_price_hc_pct": -0.04323591725837842,
    "loss_last_open_price_hc_pct": -0.029665643892976594,
    "loss_open_price_max_hc": -0.01587519514639905,
    "loss_down_open_sell_wait_time": true,
    "down_open_sell_wait_time": true,
    "day_zy_line": 0.0,
    "day_zs_line": -0.07282029130532977,
    "sell_afternoon": false,
    "sell_half_afternoon": true,
    "sell_max_days": 1,
    "stop_profit_pct": 0.0,
    "static_hc_stop_profit_pct": 1.0,
    "loss_static_hc_stop_profit_pct": 1.0
  },
  "timestamp": "2025-09-06T15:34:58.800049",
  "individual": [
    21.676298672793607,
    17.816456038301943,
    685.2596558574422,
    14.672861365905304,
    -0.04511593128928928,
    1.1256931235280674,
    -0.03839147539723932,
    0.6884404015947296,
    0.011013760488950326,
    137512653.6069076,
    0.0,
    20.3423253797136,
    27.364183613295328,
    49.29455208818781,
    5.7315048335042444,
    0.008116439363857524,
    13.839147962030989,
    91.90780707969725,
    15.0,
    100.0,
    8.32207431162535,
    674.1274176207904,
    402.03516408730263,
    100.0,
    0,
    1,
    1,
    0.02451890257657355,
    0,
    0,
    1,
    1,
    -0.08,
    -0.007043656686763058,
    25.0,
    6.373045882244127,
    189.83047237584734,
    3.7652463104784424,
    0.01,
    -0.04323591725837842,
    -0.029665643892976594,
    -0.01587519514639905,
    1,
    1,
    0.0,
    -0.07282029130532977,
    0,
    1,
    1.146468745920367
  ],
  "max_drawdown_threshold": 0.15,
  "strategy_name": "\u542f\u52a8\u4f4e\u5438"
}