{
  "generation": 30,
  "fitness": 1.758457836036256,
  "total_return": 3.394874999999999,
  "max_drawdown": 0.1871740449337134,
  "sharpe_ratio": 3.542774313458206,
  "params": {
    "per_step_tick_gap": 24,
    "cold_start_steps": 20,
    "max_abserve_tick_steps": 678,
    "max_abserce_avg_price_down_steps": 15,
    "stop_profit_open_hc_pct": -0.04962561014758064,
    "dynamic_hc_stop_profit_thres": 1.0191943787624458,
    "last_close_price_hc_pct": -0.006417430303590787,
    "last_day_sell_thres": 0.8402792606965521,
    "last_day_sell_huiche": 0.009116339567193137,
    "fd_mount": 148844105,
    "fd_vol_pct": 0.566945596852954,
    "fd_ju_ticks": 25,
    "max_zb_times": 14,
    "stagnation_kline_ticks": 50,
    "decline_kline_ticks": 3,
    "yang_yin_threshold": 0.012856064688301205,
    "stagnation_n": 19,
    "stagnation_volume_ratio_threshold": 91.75996052233106,
    "stagnation_ratio_threshold": 525,
    "decline_volume_ratio_threshold": 49.33103302492898,
    "max_rebounds": 6,
    "decline_ratio_threshold": 628,
    "flxd_ticks": 369,
    "flzz_ticks": 100,
    "use_simiple_kline_strategy_flxd": true,
    "use_simiple_kline_strategy_flzz": true,
    "flzz_use_smooth_price": true,
    "flzz_zf_thresh": 0.029643190580451312,
    "kline_sell_flxd_zy": false,
    "kline_sell_flxd_zs": true,
    "kline_sell_flzz_zs": true,
    "kline_sell_flzz_zy": true,
    "last_open_price_hc_pct": -0.08,
    "open_price_max_hc": -2.18581873820374e-05,
    "loss_per_step_tick_gap": 25,
    "loss_cold_start_steps": 0,
    "loss_max_abserve_tick_steps": 115,
    "loss_max_abserce_avg_price_down_steps": 6,
    "loss_dynamic_hc_stop_profit_thres": 0.01,
    "loss_last_close_price_hc_pct": -0.0583177650404278,
    "loss_last_open_price_hc_pct": -0.04182895527822349,
    "loss_open_price_max_hc": -0.030555025917370714,
    "loss_down_open_sell_wait_time": true,
    "down_open_sell_wait_time": true,
    "day_zy_line": 8.328494380832297e-05,
    "day_zs_line": -0.0738908253270834,
    "sell_afternoon": false,
    "sell_half_afternoon": false,
    "sell_max_days": 1,
    "stop_profit_pct": 0.0,
    "static_hc_stop_profit_pct": 1.0,
    "loss_static_hc_stop_profit_pct": 1.0
  },
  "timestamp": "2025-09-06T15:38:55.677529",
  "individual": [
    23.500213827473956,
    20.02880378849191,
    678.2818381270769,
    14.69806639460408,
    -0.04962561014758064,
    1.0191943787624458,
    -0.006417430303590787,
    0.8402792606965521,
    0.009116339567193137,
    148844104.71208844,
    0.566945596852954,
    25.28242944565082,
    14.080040017114902,
    50.0,
    3.387789287854355,
    0.012856064688301205,
    18.63756379927959,
    91.75996052233106,
    525.2043373462753,
    49.33103302492898,
    5.625737394829856,
    627.6344211741118,
    368.6033575844783,
    100.0,
    1,
    1,
    1,
    0.029643190580451312,
    0,
    1,
    1,
    1,
    -0.08,
    -2.18581873820374e-05,
    25.0,
    0.27492172480123217,
    114.66271106307009,
    6.446022037244728,
    0.01,
    -0.0583177650404278,
    -0.04182895527822349,
    -0.030555025917370714,
    1,
    1,
    8.328494380832297e-05,
    -0.0738908253270834,
    0,
    0,
    1.106770671223483
  ],
  "max_drawdown_threshold": 0.15,
  "strategy_name": "\u542f\u52a8\u4f4e\u5438"
}