{
  "generation": 40,
  "fitness": 1.8180575128279535,
  "total_return": 3.602685,
  "max_drawdown": 0.18565094956335165,
  "sharpe_ratio": 3.602024354387429,
  "params": {
    "per_step_tick_gap": 25,
    "cold_start_steps": 24,
    "max_abserve_tick_steps": 971,
    "max_abserce_avg_price_down_steps": 15,
    "stop_profit_open_hc_pct": -0.08192145745943268,
    "dynamic_hc_stop_profit_thres": 3.057132800039927,
    "last_close_price_hc_pct": -0.009833434970352146,
    "last_day_sell_thres": 0.46518433833207506,
    "last_day_sell_huiche": 0.0015563630435661095,
    "fd_mount": 131669067,
    "fd_vol_pct": 0.5288417745488119,
    "fd_ju_ticks": 21,
    "max_zb_times": 19,
    "stagnation_kline_ticks": 39,
    "decline_kline_ticks": 6,
    "yang_yin_threshold": 0.017713604047124982,
    "stagnation_n": 30,
    "stagnation_volume_ratio_threshold": 82.29536678872199,
    "stagnation_ratio_threshold": 617,
    "decline_volume_ratio_threshold": 49.587176274199884,
    "max_rebounds": 3,
    "decline_ratio_threshold": 1252,
    "flxd_ticks": 495,
    "flzz_ticks": 1289,
    "use_simiple_kline_strategy_flxd": true,
    "use_simiple_kline_strategy_flzz": true,
    "flzz_use_smooth_price": true,
    "flzz_zf_thresh": 0.04449932547782918,
    "kline_sell_flxd_zy": false,
    "kline_sell_flxd_zs": false,
    "kline_sell_flzz_zs": true,
    "kline_sell_flzz_zy": true,
    "last_open_price_hc_pct": -0.07015578676872705,
    "open_price_max_hc": -0.0002664731144643183,
    "loss_per_step_tick_gap": 24,
    "loss_cold_start_steps": 0,
    "loss_max_abserve_tick_steps": 82,
    "loss_max_abserce_avg_price_down_steps": 8,
    "loss_dynamic_hc_stop_profit_thres": 0.010000000000000012,
    "loss_last_close_price_hc_pct": -0.04212580269123092,
    "loss_last_open_price_hc_pct": 0.008811743350542094,
    "loss_open_price_max_hc": -0.06073948563581777,
    "loss_down_open_sell_wait_time": false,
    "down_open_sell_wait_time": true,
    "day_zy_line": 1.8059932444973447e-06,
    "day_zs_line": -0.06882821311218999,
    "sell_afternoon": true,
    "sell_half_afternoon": false,
    "sell_max_days": 1,
    "stop_profit_pct": 0.0,
    "static_hc_stop_profit_pct": 1.0,
    "loss_static_hc_stop_profit_pct": 1.0
  },
  "timestamp": "2025-09-06T15:43:06.199662",
  "individual": [
    25.0,
    23.62396786689456,
    971.4839062562843,
    14.838941909015134,
    -0.08192145745943268,
    3.057132800039927,
    -0.009833434970352146,
    0.46518433833207506,
    0.0015563630435661095,
    131669067.04102741,
    0.5288417745488119,
    20.78577412514427,
    18.56734182671056,
    39.424079046527915,
    6.285184674158733,
    0.017713604047124982,
    30.0,
    82.29536678872199,
    617.4535743811352,
    49.587176274199884,
    2.922394796373756,
    1251.773176481308,
    495.1738013832539,
    1289.401187298226,
    1,
    1,
    1,
    0.04449932547782918,
    0,
    0,
    1,
    1,
    -0.07015578676872705,
    -0.0002664731144643183,
    23.8208431552812,
    0.0681965589686175,
    81.67728341947164,
    7.85951199587033,
    0.010000000000000012,
    -0.04212580269123092,
    0.008811743350542094,
    -0.06073948563581777,
    0,
    1,
    1.8059932444973447e-06,
    -0.06882821311218999,
    1,
    0,
    1.0155416120791072
  ],
  "max_drawdown_threshold": 0.15,
  "strategy_name": "\u542f\u52a8\u4f4e\u5438"
}