{
  "generation": 110,
  "fitness": 3.3743646386355777,
  "total_return": 10.898975,
  "max_drawdown": 0.21049459380479246,
  "sharpe_ratio": 4.666073107347547,
  "params": {
    "per_step_tick_gap": 19,
    "cold_start_steps": 50,
    "max_abserve_tick_steps": 827,
    "max_abserce_avg_price_down_steps": 14,
    "stop_profit_open_hc_pct": -0.030150072628605713,
    "dynamic_hc_stop_profit_thres": 7.9963670397252145,
    "last_close_price_hc_pct": -0.0220313081914861,
    "last_day_sell_thres": 0.9525588184747349,
    "last_day_sell_huiche": 0.003058140586590958,
    "fd_mount": 146367583,
    "fd_vol_pct": 0.12201196375467964,
    "fd_ju_ticks": 15,
    "max_zb_times": 28,
    "stagnation_kline_ticks": 17,
    "decline_kline_ticks": 27,
    "yang_yin_threshold": 0.004607012801075712,
    "stagnation_n": 14,
    "stagnation_volume_ratio_threshold": 60.37475845811208,
    "stagnation_ratio_threshold": 37,
    "decline_volume_ratio_threshold": 64.01102388207116,
    "max_rebounds": 10,
    "decline_ratio_threshold": 524,
    "flxd_ticks": 133,
    "flzz_ticks": 810,
    "use_simiple_kline_strategy_flxd": true,
    "use_simiple_kline_strategy_flzz": true,
    "flzz_use_smooth_price": false,
    "flzz_zf_thresh": 0.04413226418507282,
    "kline_sell_flxd_zy": true,
    "kline_sell_flxd_zs": true,
    "kline_sell_flzz_zs": false,
    "kline_sell_flzz_zy": true,
    "last_open_price_hc_pct": -0.06950565670325284,
    "open_price_max_hc": -0.08240993900014508,
    "loss_per_step_tick_gap": 21,
    "loss_cold_start_steps": 10,
    "loss_max_abserve_tick_steps": 499,
    "loss_max_abserce_avg_price_down_steps": 1,
    "loss_dynamic_hc_stop_profit_thres": 6.437325195569053,
    "loss_last_close_price_hc_pct": -0.06935346247454696,
    "loss_last_open_price_hc_pct": -0.07945751476040279,
    "loss_open_price_max_hc": -0.09943484128956435,
    "loss_down_open_sell_wait_time": false,
    "down_open_sell_wait_time": false,
    "day_zy_line": 0.0026680819006456085,
    "day_zs_line": -0.07770274015310824,
    "sell_afternoon": true,
    "sell_half_afternoon": false,
    "sell_max_days": 4,
    "stop_profit_pct": 0.0,
    "static_hc_stop_profit_pct": 1.0,
    "loss_static_hc_stop_profit_pct": 1.0
  },
  "timestamp": "2025-09-05T01:22:13.393531",
  "individual": [
    18.975633898703443,
    49.88353204441147,
    827.0325447922472,
    14.328681027226672,
    -0.030150072628605713,
    7.9963670397252145,
    -0.0220313081914861,
    0.9525588184747349,
    0.003058140586590958,
    146367582.51012874,
    0.12201196375467964,
    14.775821439239188,
    27.731487013521612,
    16.825885101602765,
    27.071760766077603,
    0.004607012801075712,
    14.034146981905646,
    60.37475845811208,
    37.35185204450865,
    64.01102388207116,
    9.92835320617263,
    523.6711926303503,
    132.77990104809493,
    810.462735570623,
    1,
    1,
    0,
    0.04413226418507282,
    1,
    1,
    0,
    1,
    -0.06950565670325284,
    -0.08240993900014508,
    21.426729235499774,
    9.75117000295641,
    498.995306423997,
    1.0000001068452442,
    6.437325195569053,
    -0.06935346247454696,
    -0.07945751476040279,
    -0.09943484128956435,
    0,
    0,
    0.0026680819006456085,
    -0.07770274015310824,
    1,
    0,
    3.7838578331461497
  ],
  "max_drawdown_threshold": 0.25
}