{
  "generation": 30,
  "fitness": 3.112336457927776,
  "total_return": 9.372380000000001,
  "max_drawdown": 0.23255419937069968,
  "sharpe_ratio": 4.373080144263168,
  "params": {
    "per_step_tick_gap": 20,
    "cold_start_steps": 25,
    "max_abserve_tick_steps": 831,
    "max_abserce_avg_price_down_steps": 13,
    "stop_profit_open_hc_pct": -0.029947530892300456,
    "dynamic_hc_stop_profit_thres": 7.994308092268306,
    "last_close_price_hc_pct": -0.03642828213369085,
    "last_day_sell_thres": 0.9719429817621512,
    "last_day_sell_huiche": 0.006915969031664167,
    "fd_mount": 146358362,
    "fd_vol_pct": 0.24280551948358708,
    "fd_ju_ticks": 8,
    "max_zb_times": 5,
    "stagnation_kline_ticks": 17,
    "decline_kline_ticks": 3,
    "yang_yin_threshold": 0.002492331256754155,
    "stagnation_n": 12,
    "stagnation_volume_ratio_threshold": 60.911404435076065,
    "stagnation_ratio_threshold": 52,
    "decline_volume_ratio_threshold": 49.44170643447625,
    "max_rebounds": 8,
    "decline_ratio_threshold": 670,
    "flxd_ticks": 213,
    "flzz_ticks": 937,
    "use_simiple_kline_strategy_flxd": true,
    "use_simiple_kline_strategy_flzz": true,
    "flzz_use_smooth_price": true,
    "flzz_zf_thresh": 0.04454718994285584,
    "kline_sell_flxd_zy": true,
    "kline_sell_flxd_zs": true,
    "kline_sell_flzz_zs": true,
    "kline_sell_flzz_zy": true,
    "last_open_price_hc_pct": -0.062952652035417,
    "open_price_max_hc": -0.07791730718901439,
    "loss_per_step_tick_gap": 24,
    "loss_cold_start_steps": 3,
    "loss_max_abserve_tick_steps": 496,
    "loss_max_abserce_avg_price_down_steps": 1,
    "loss_dynamic_hc_stop_profit_thres": 2.7537056420602193,
    "loss_last_close_price_hc_pct": -0.06741863252772684,
    "loss_last_open_price_hc_pct": -0.08,
    "loss_open_price_max_hc": -0.09979711274401509,
    "loss_down_open_sell_wait_time": false,
    "down_open_sell_wait_time": true,
    "day_zy_line": 0.002765753591799001,
    "day_zs_line": -0.49911695088211494,
    "sell_afternoon": true,
    "sell_half_afternoon": false,
    "sell_max_days": 4,
    "stop_profit_pct": 0.0,
    "static_hc_stop_profit_pct": 1.0,
    "loss_static_hc_stop_profit_pct": 1.0
  },
  "timestamp": "2025-09-05T00:31:49.435591",
  "individual": [
    20.113926151040666,
    25.393010580204994,
    831.12205315264,
    12.61056314035886,
    -0.029947530892300456,
    7.994308092268306,
    -0.03642828213369085,
    0.9719429817621512,
    0.006915969031664167,
    146358361.6274935,
    0.24280551948358708,
    8.361761215337062,
    5.499504070321617,
    16.778425183395886,
    3.0,
    0.002492331256754155,
    12.107224414043516,
    60.911404435076065,
    52.28612598680747,
    49.44170643447625,
    8.361421813233084,
    669.5568245430356,
    212.8378417088942,
    937.0996715471571,
    1,
    1,
    1,
    0.04454718994285584,
    1,
    1,
    1,
    1,
    -0.062952652035417,
    -0.07791730718901439,
    23.56691135907922,
    2.599510569734434,
    495.8752613322597,
    1.0,
    2.7537056420602193,
    -0.06741863252772684,
    -0.08,
    -0.09979711274401509,
    0,
    1,
    0.002765753591799001,
    -0.49911695088211494,
    1,
    0,
    3.719844315208057
  ],
  "max_drawdown_threshold": 0.25
}