{
  "generation": 100,
  "fitness": 3.342757292053468,
  "total_return": 10.681379999999997,
  "max_drawdown": 0.2104167241659536,
  "sharpe_ratio": 4.62679594379302,
  "params": {
    "per_step_tick_gap": 19,
    "cold_start_steps": 50,
    "max_abserve_tick_steps": 827,
    "max_abserce_avg_price_down_steps": 14,
    "stop_profit_open_hc_pct": -0.030151337796050833,
    "dynamic_hc_stop_profit_thres": 7.99684340737977,
    "last_close_price_hc_pct": -0.02211141860809935,
    "last_day_sell_thres": 0.9486711560732285,
    "last_day_sell_huiche": 0.003082578047961084,
    "fd_mount": 146250164,
    "fd_vol_pct": 0.18137698083001164,
    "fd_ju_ticks": 15,
    "max_zb_times": 28,
    "stagnation_kline_ticks": 17,
    "decline_kline_ticks": 28,
    "yang_yin_threshold": 0.004668833906196437,
    "stagnation_n": 14,
    "stagnation_volume_ratio_threshold": 61.59325277967106,
    "stagnation_ratio_threshold": 39,
    "decline_volume_ratio_threshold": 62.28227061512341,
    "max_rebounds": 10,
    "decline_ratio_threshold": 464,
    "flxd_ticks": 214,
    "flzz_ticks": 809,
    "use_simiple_kline_strategy_flxd": true,
    "use_simiple_kline_strategy_flzz": true,
    "flzz_use_smooth_price": false,
    "flzz_zf_thresh": 0.044133320697098744,
    "kline_sell_flxd_zy": true,
    "kline_sell_flxd_zs": true,
    "kline_sell_flzz_zs": false,
    "kline_sell_flzz_zy": true,
    "last_open_price_hc_pct": -0.06480435185943828,
    "open_price_max_hc": -0.07978687136559644,
    "loss_per_step_tick_gap": 21,
    "loss_cold_start_steps": 18,
    "loss_max_abserve_tick_steps": 499,
    "loss_max_abserce_avg_price_down_steps": 1,
    "loss_dynamic_hc_stop_profit_thres": 6.763170204340566,
    "loss_last_close_price_hc_pct": -0.07090018391162142,
    "loss_last_open_price_hc_pct": -0.07939756958689173,
    "loss_open_price_max_hc": -0.09942863702618851,
    "loss_down_open_sell_wait_time": false,
    "down_open_sell_wait_time": false,
    "day_zy_line": 0.0026666905387896134,
    "day_zs_line": -0.07776135066587436,
    "sell_afternoon": true,
    "sell_half_afternoon": false,
    "sell_max_days": 4,
    "stop_profit_pct": 0.0,
    "static_hc_stop_profit_pct": 1.0,
    "loss_static_hc_stop_profit_pct": 1.0
  },
  "timestamp": "2025-09-05T01:16:44.818187",
  "individual": [
    18.97807130192434,
    49.8788157087352,
    827.0731456121454,
    14.22408574449896,
    -0.030151337796050833,
    7.99684340737977,
    -0.02211141860809935,
    0.9486711560732285,
    0.003082578047961084,
    146250163.59217158,
    0.18137698083001164,
    14.952149824940266,
    27.852801847877444,
    16.800621492568695,
    28.327427680871093,
    0.004668833906196437,
    13.809544833928252,
    61.59325277967106,
    38.60268374902626,
    62.28227061512341,
    9.718331254802163,
    464.21704760874786,
    214.22237656565858,
    809.0427296278726,
    1,
    1,
    0,
    0.044133320697098744,
    1,
    1,
    0,
    1,
    -0.06480435185943828,
    -0.07978687136559644,
    21.464209390973636,
    18.190527282101716,
    498.9913586775423,
    1.0000001305963186,
    6.763170204340566,
    -0.07090018391162142,
    -0.07939756958689173,
    -0.09942863702618851,
    0,
    0,
    0.0026666905387896134,
    -0.07776135066587436,
    1,
    0,
    3.7839355663226124
  ],
  "max_drawdown_threshold": 0.25
}