{
  "generation": 90,
  "fitness": 3.2524894213893574,
  "total_return": 10.255045,
  "max_drawdown": 0.22935822078089582,
  "sharpe_ratio": 4.547869163256408,
  "params": {
    "per_step_tick_gap": 19,
    "cold_start_steps": 49,
    "max_abserve_tick_steps": 827,
    "max_abserce_avg_price_down_steps": 14,
    "stop_profit_open_hc_pct": -0.030149644393506606,
    "dynamic_hc_stop_profit_thres": 7.995261915151533,
    "last_close_price_hc_pct": -0.022343237974185033,
    "last_day_sell_thres": 0.9346702339520696,
    "last_day_sell_huiche": 0.0031630170716623125,
    "fd_mount": 146658398,
    "fd_vol_pct": 0.08349973979686709,
    "fd_ju_ticks": 14,
    "max_zb_times": 28,
    "stagnation_kline_ticks": 17,
    "decline_kline_ticks": 23,
    "yang_yin_threshold": 0.004335473524712003,
    "stagnation_n": 14,
    "stagnation_volume_ratio_threshold": 61.13661242296858,
    "stagnation_ratio_threshold": 37,
    "decline_volume_ratio_threshold": 52.058776976871485,
    "max_rebounds": 11,
    "decline_ratio_threshold": 486,
    "flxd_ticks": 259,
    "flzz_ticks": 858,
    "use_simiple_kline_strategy_flxd": true,
    "use_simiple_kline_strategy_flzz": true,
    "flzz_use_smooth_price": false,
    "flzz_zf_thresh": 0.04411085932706597,
    "kline_sell_flxd_zy": true,
    "kline_sell_flxd_zs": true,
    "kline_sell_flzz_zs": true,
    "kline_sell_flzz_zy": true,
    "last_open_price_hc_pct": -0.08,
    "open_price_max_hc": -0.07794221459739983,
    "loss_per_step_tick_gap": 21,
    "loss_cold_start_steps": 22,
    "loss_max_abserve_tick_steps": 499,
    "loss_max_abserce_avg_price_down_steps": 1,
    "loss_dynamic_hc_stop_profit_thres": 7.013261071960544,
    "loss_last_close_price_hc_pct": -0.0738736376562691,
    "loss_last_open_price_hc_pct": -0.0794713212721116,
    "loss_open_price_max_hc": -0.09942653456793846,
    "loss_down_open_sell_wait_time": false,
    "down_open_sell_wait_time": false,
    "day_zy_line": 0.0026766978011065223,
    "day_zs_line": -0.07652276720854814,
    "sell_afternoon": true,
    "sell_half_afternoon": false,
    "sell_max_days": 4,
    "stop_profit_pct": 0.0,
    "static_hc_stop_profit_pct": 1.0,
    "loss_static_hc_stop_profit_pct": 1.0
  },
  "timestamp": "2025-09-05T01:11:04.026680",
  "individual": [
    19.013483219565423,
    49.47343234602599,
    827.0282081685622,
    14.35492370647528,
    -0.030149644393506606,
    7.995261915151533,
    -0.022343237974185033,
    0.9346702339520696,
    0.0031630170716623125,
    146658397.65957227,
    0.08349973979686709,
    14.37185109152789,
    28.060115301665377,
    16.82467175437957,
    22.852866881582944,
    0.004335473524712003,
    14.393292826954724,
    61.13661242296858,
    37.33664229615258,
    52.058776976871485,
    10.782024520104551,
    486.0750739682327,
    259.0589258212003,
    857.965230368433,
    1,
    1,
    0,
    0.04411085932706597,
    1,
    1,
    1,
    1,
    -0.08,
    -0.07794221459739983,
    21.410726941117645,
    22.399860882838233,
    499.04151866608737,
    1.0000001380834953,
    7.013261071960544,
    -0.0738736376562691,
    -0.0794713212721116,
    -0.09942653456793846,
    0,
    0,
    0.0026766978011065223,
    -0.07652276720854814,
    1,
    0,
    3.791924630249947
  ],
  "max_drawdown_threshold": 0.25
}