{
  "generation": 80,
  "fitness": 3.1941056693012935,
  "total_return": 10.073190000000004,
  "max_drawdown": 0.24745219206680594,
  "sharpe_ratio": 4.491293336412722,
  "params": {
    "per_step_tick_gap": 19,
    "cold_start_steps": 50,
    "max_abserve_tick_steps": 827,
    "max_abserce_avg_price_down_steps": 14,
    "stop_profit_open_hc_pct": -0.03014786364046449,
    "dynamic_hc_stop_profit_thres": 7.996902287051681,
    "last_close_price_hc_pct": -0.022070669761981198,
    "last_day_sell_thres": 0.9385543748381284,
    "last_day_sell_huiche": 0.0030917274124988917,
    "fd_mount": 146243666,
    "fd_vol_pct": 0.1812490126437954,
    "fd_ju_ticks": 15,
    "max_zb_times": 28,
    "stagnation_kline_ticks": 17,
    "decline_kline_ticks": 28,
    "yang_yin_threshold": 0.004667062443763824,
    "stagnation_n": 14,
    "stagnation_volume_ratio_threshold": 61.71507374981185,
    "stagnation_ratio_threshold": 38,
    "decline_volume_ratio_threshold": 56.7972267760569,
    "max_rebounds": 10,
    "decline_ratio_threshold": 461,
    "flxd_ticks": 190,
    "flzz_ticks": 791,
    "use_simiple_kline_strategy_flxd": true,
    "use_simiple_kline_strategy_flzz": true,
    "flzz_use_smooth_price": false,
    "flzz_zf_thresh": 0.044134097503776996,
    "kline_sell_flxd_zy": true,
    "kline_sell_flxd_zs": true,
    "kline_sell_flzz_zs": false,
    "kline_sell_flzz_zy": true,
    "last_open_price_hc_pct": -0.06229746072042354,
    "open_price_max_hc": -0.0797854530311092,
    "loss_per_step_tick_gap": 21,
    "loss_cold_start_steps": 21,
    "loss_max_abserve_tick_steps": 499,
    "loss_max_abserce_avg_price_down_steps": 1,
    "loss_dynamic_hc_stop_profit_thres": 6.626360754214239,
    "loss_last_close_price_hc_pct": -0.07159811416013119,
    "loss_last_open_price_hc_pct": -0.07945014799487407,
    "loss_open_price_max_hc": -0.09942915386097616,
    "loss_down_open_sell_wait_time": false,
    "down_open_sell_wait_time": false,
    "day_zy_line": 0.0026705045363081565,
    "day_zs_line": -0.08210849191028652,
    "sell_afternoon": true,
    "sell_half_afternoon": false,
    "sell_max_days": 4,
    "stop_profit_pct": 0.0,
    "static_hc_stop_profit_pct": 1.0,
    "loss_static_hc_stop_profit_pct": 1.0
  },
  "timestamp": "2025-09-05T01:05:20.145315",
  "individual": [
    18.97563270884968,
    50.0,
    827.0307606574464,
    14.269230818973927,
    -0.03014786364046449,
    7.996902287051681,
    -0.022070669761981198,
    0.9385543748381284,
    0.0030917274124988917,
    146243665.81679213,
    0.1812490126437954,
    15.046624986938916,
    27.953341574546585,
    16.79967050196771,
    27.97307134333882,
    0.004667062443763824,
    14.114753167464594,
    61.71507374981185,
    38.28679689068624,
    56.7972267760569,
    10.069692646738478,
    461.48154220712837,
    190.42487621772253,
    791.4511865427218,
    1,
    1,
    0,
    0.044134097503776996,
    1,
    1,
    0,
    1,
    -0.06229746072042354,
    -0.0797854530311092,
    21.461131461981697,
    21.462628571867825,
    498.91888462402903,
    1.0000001189052332,
    6.626360754214239,
    -0.07159811416013119,
    -0.07945014799487407,
    -0.09942915386097616,
    0,
    0,
    0.0026705045363081565,
    -0.08210849191028652,
    1,
    0,
    3.789947764208882
  ],
  "max_drawdown_threshold": 0.25
}