{
  "generation": 50,
  "fitness": 4.393873924752587,
  "total_return": 192.76609000000008,
  "max_drawdown": 0.3799542639308447,
  "sharpe_ratio": 5.394937306805752,
  "params": {
    "per_step_tick_gap": 2,
    "cold_start_steps": 5,
    "max_abserve_tick_steps": 516,
    "max_abserce_avg_price_down_steps": 4,
    "stop_profit_open_hc_pct": -0.10228096592459977,
    "dynamic_hc_stop_profit_thres": 1.9099322938730094,
    "last_close_price_hc_pct": -0.022542686095656513,
    "last_day_sell_thres": 0.05351824894192476,
    "last_day_sell_huiche": 0.002494425496710957,
    "fd_mount": 98356788,
    "fd_vol_pct": 1.2167504835799064e-09,
    "fd_ju_ticks": 30,
    "max_zb_times": 22,
    "stagnation_kline_ticks": 31,
    "decline_kline_ticks": 15,
    "yang_yin_threshold": 0.014058053886485252,
    "stagnation_n": 3,
    "stagnation_volume_ratio_threshold": 99.33077156024243,
    "stagnation_ratio_threshold": 371,
    "decline_volume_ratio_threshold": 78.20517575562901,
    "max_rebounds": 1,
    "decline_ratio_threshold": 1433,
    "flxd_ticks": 58,
    "flzz_ticks": 105,
    "use_simiple_kline_strategy_flxd": true,
    "use_simiple_kline_strategy_flzz": false,
    "flzz_use_smooth_price": false,
    "flzz_zf_thresh": 0.07930641485679292,
    "kline_sell_flxd_zy": false,
    "kline_sell_flxd_zs": false,
    "kline_sell_flzz_zs": true,
    "kline_sell_flzz_zy": true,
    "last_open_price_hc_pct": 0.008771597072341847,
    "open_price_max_hc": -0.007364514249982854,
    "loss_per_step_tick_gap": 10,
    "loss_cold_start_steps": 7,
    "loss_max_abserve_tick_steps": 311,
    "loss_max_abserce_avg_price_down_steps": 12,
    "loss_dynamic_hc_stop_profit_thres": 5.099714348298283,
    "loss_last_close_price_hc_pct": -0.07196181720968885,
    "loss_last_open_price_hc_pct": -0.08,
    "loss_open_price_max_hc": -0.03423601667411243,
    "loss_down_open_sell_wait_time": false,
    "down_open_sell_wait_time": false,
    "day_zy_line": 0.0019711566544579205,
    "day_zs_line": -0.13082466424127848,
    "sell_afternoon": true,
    "sell_half_afternoon": false,
    "sell_max_days": 2,
    "stop_profit_pct": 0.0,
    "static_hc_stop_profit_pct": 1.0,
    "loss_static_hc_stop_profit_pct": 1.0
  },
  "timestamp": "2025-09-07T03:03:55.387207",
  "individual": [
    1.655698086077212,
    4.941701771888541,
    515.6890192999787,
    3.7570873091159207,
    -0.10228096592459977,
    1.9099322938730094,
    -0.022542686095656513,
    0.05351824894192476,
    0.002494425496710957,
    98356787.55076256,
    1.2167504835799064e-09,
    30.257376962317473,
    22.399848451860528,
    30.845781169512627,
    14.737340576309784,
    0.014058053886485252,
    3.1864788353408544,
    99.33077156024243,
    371.4195409804911,
    78.20517575562901,
    0.7261095863073297,
    1432.6364671491601,
    57.75839244001165,
    105.09074550395266,
    1,
    0,
    0,
    0.07930641485679292,
    0,
    0,
    1,
    1,
    0.008771597072341847,
    -0.007364514249982854,
    9.791159636703608,
    7.3988472708493775,
    311.3348572227669,
    11.874134716357597,
    5.099714348298283,
    -0.07196181720968885,
    -0.08,
    -0.03423601667411243,
    0,
    0,
    0.0019711566544579205,
    -0.13082466424127848,
    1,
    0,
    1.9471678422036796
  ],
  "max_drawdown_threshold": 0.25,
  "strategy_name": "\u5012\u63a5\u529b5"
}