{
  "generation": 80,
  "fitness": 4.407268815753536,
  "total_return": 194.47931000000008,
  "max_drawdown": 0.3799960145969189,
  "sharpe_ratio": 5.400754063677493,
  "params": {
    "per_step_tick_gap": 2,
    "cold_start_steps": 5,
    "max_abserve_tick_steps": 510,
    "max_abserce_avg_price_down_steps": 5,
    "stop_profit_open_hc_pct": -0.09779748092115662,
    "dynamic_hc_stop_profit_thres": 1.8381341244144886,
    "last_close_price_hc_pct": -0.0019799207582651026,
    "last_day_sell_thres": 0.03472631351803903,
    "last_day_sell_huiche": 0.005615736270670137,
    "fd_mount": 65412589,
    "fd_vol_pct": 2.918552514926069e-06,
    "fd_ju_ticks": 29,
    "max_zb_times": 24,
    "stagnation_kline_ticks": 32,
    "decline_kline_ticks": 14,
    "yang_yin_threshold": 0.019206566084229795,
    "stagnation_n": 11,
    "stagnation_volume_ratio_threshold": 93.22369218405207,
    "stagnation_ratio_threshold": 771,
    "decline_volume_ratio_threshold": 100.0,
    "max_rebounds": 1,
    "decline_ratio_threshold": 1398,
    "flxd_ticks": 177,
    "flzz_ticks": 103,
    "use_simiple_kline_strategy_flxd": true,
    "use_simiple_kline_strategy_flzz": false,
    "flzz_use_smooth_price": false,
    "flzz_zf_thresh": -0.015376845437306346,
    "kline_sell_flxd_zy": false,
    "kline_sell_flxd_zs": false,
    "kline_sell_flzz_zs": true,
    "kline_sell_flzz_zy": true,
    "last_open_price_hc_pct": 0.009211580803393715,
    "open_price_max_hc": -0.007277140381827019,
    "loss_per_step_tick_gap": 11,
    "loss_cold_start_steps": 30,
    "loss_max_abserve_tick_steps": 302,
    "loss_max_abserce_avg_price_down_steps": 10,
    "loss_dynamic_hc_stop_profit_thres": 6.971211236955299,
    "loss_last_close_price_hc_pct": -0.07073985623680619,
    "loss_last_open_price_hc_pct": -0.0710138574161666,
    "loss_open_price_max_hc": -0.07932502702581883,
    "loss_down_open_sell_wait_time": false,
    "down_open_sell_wait_time": false,
    "day_zy_line": 0.001958021620746698,
    "day_zs_line": -0.13087730146369272,
    "sell_afternoon": true,
    "sell_half_afternoon": false,
    "sell_max_days": 2,
    "stop_profit_pct": 0.0,
    "static_hc_stop_profit_pct": 1.0,
    "loss_static_hc_stop_profit_pct": 1.0
  },
  "timestamp": "2025-09-07T03:13:35.166555",
  "individual": [
    2.292495127971185,
    5.198312353390225,
    510.4000115890484,
    5.272771083640521,
    -0.09779748092115662,
    1.8381341244144886,
    -0.0019799207582651026,
    0.03472631351803903,
    0.005615736270670137,
    65412588.8018481,
    2.918552514926069e-06,
    29.403046520446992,
    23.504889004580193,
    31.524633228871107,
    13.836373315261575,
    0.019206566084229795,
    11.294012770939169,
    93.22369218405207,
    771.1677177088847,
    100.0,
    0.7084284435842935,
    1397.969160133064,
    177.14350913386752,
    102.72159440842313,
    1,
    0,
    0,
    -0.015376845437306346,
    0,
    0,
    1,
    1,
    0.009211580803393715,
    -0.007277140381827019,
    11.138424750059073,
    29.931554280894737,
    301.92725428042434,
    10.080353580483292,
    6.971211236955299,
    -0.07073985623680619,
    -0.0710138574161666,
    -0.07932502702581883,
    0,
    0,
    0.001958021620746698,
    -0.13087730146369272,
    1,
    0,
    1.973531652581889
  ],
  "max_drawdown_threshold": 0.25,
  "strategy_name": "\u5012\u63a5\u529b5"
}