{
  "generation": 70,
  "fitness": 3.0433455205975752,
  "total_return": 20.29698000000001,
  "max_drawdown": 0.2930324251787992,
  "sharpe_ratio": 3.94090827237376,
  "params": {
    "per_step_tick_gap": 7,
    "cold_start_steps": 3,
    "max_abserve_tick_steps": 487,
    "max_abserce_avg_price_down_steps": 8,
    "stop_profit_open_hc_pct": -0.033288880318652306,
    "dynamic_hc_stop_profit_thres": 0.4765229285221125,
    "last_close_price_hc_pct": -0.03999872366363307,
    "last_day_sell_thres": 0.07595658634249497,
    "last_day_sell_huiche": 0.011186021170719204,
    "fd_mount": 106903069,
    "fd_vol_pct": 0.4195352087715175,
    "fd_ju_ticks": 1,
    "max_zb_times": 17,
    "stagnation_kline_ticks": 37,
    "decline_kline_ticks": 33,
    "yang_yin_threshold": 0.01823300479627661,
    "stagnation_n": 26,
    "stagnation_volume_ratio_threshold": 67.42524904718707,
    "stagnation_ratio_threshold": 265,
    "decline_volume_ratio_threshold": 50.73705044559284,
    "max_rebounds": 10,
    "decline_ratio_threshold": 1262,
    "flxd_ticks": 261,
    "flzz_ticks": 1975,
    "use_simiple_kline_strategy_flxd": true,
    "use_simiple_kline_strategy_flzz": true,
    "flzz_use_smooth_price": true,
    "flzz_zf_thresh": 0.06596852331160091,
    "kline_sell_flxd_zy": false,
    "kline_sell_flxd_zs": true,
    "kline_sell_flzz_zs": true,
    "kline_sell_flzz_zy": true,
    "last_open_price_hc_pct": 0.008677266204875207,
    "open_price_max_hc": -0.002498659517214134,
    "loss_per_step_tick_gap": 12,
    "loss_cold_start_steps": 30,
    "loss_max_abserve_tick_steps": 481,
    "loss_max_abserce_avg_price_down_steps": 4,
    "loss_dynamic_hc_stop_profit_thres": 4.0884259942804615,
    "loss_last_close_price_hc_pct": -0.007713469369105644,
    "loss_last_open_price_hc_pct": -0.018286578378864833,
    "loss_open_price_max_hc": -0.001244725405557397,
    "loss_down_open_sell_wait_time": true,
    "down_open_sell_wait_time": false,
    "day_zy_line": 0.00022725838320211317,
    "day_zs_line": -0.14063734994076785,
    "sell_afternoon": false,
    "sell_half_afternoon": false,
    "sell_max_days": 1,
    "stop_profit_pct": 0.0,
    "static_hc_stop_profit_pct": 1.0,
    "loss_static_hc_stop_profit_pct": 1.0
  },
  "timestamp": "2025-09-08T23:26:38.083702",
  "individual": [
    7.248501245887837,
    2.5590748385820388,
    486.5849825548876,
    7.9689399581747145,
    -0.033288880318652306,
    0.4765229285221125,
    -0.03999872366363307,
    0.07595658634249497,
    0.011186021170719204,
    106903068.57791609,
    0.4195352087715175,
    1.1400616731608464,
    16.924189652570423,
    37.29246943551594,
    33.16678092834015,
    0.01823300479627661,
    26.11499157379568,
    67.42524904718707,
    265.41699739251385,
    50.73705044559284,
    10.387661024557463,
    1262.3947828316573,
    261.4989620099766,
    1974.6411745612081,
    1,
    1,
    1,
    0.06596852331160091,
    0,
    1,
    1,
    1,
    0.008677266204875207,
    -0.002498659517214134,
    12.393213622960875,
    29.981277559468147,
    481.0113884751887,
    3.7972255367119407,
    4.0884259942804615,
    -0.007713469369105644,
    -0.018286578378864833,
    -0.001244725405557397,
    1,
    0,
    0.00022725838320211317,
    -0.14063734994076785,
    0,
    0,
    1.068033724128289
  ],
  "max_drawdown_threshold": 0.25,
  "strategy_name": "X\u63a5\u529b\u5012\u63a5\u529b4"
}