{
  "generation": 60,
  "fitness": 3.0221347680742676,
  "total_return": 19.93377000000001,
  "max_drawdown": 0.2929410001287795,
  "sharpe_ratio": 3.9226043127088435,
  "params": {
    "per_step_tick_gap": 7,
    "cold_start_steps": 3,
    "max_abserve_tick_steps": 487,
    "max_abserce_avg_price_down_steps": 8,
    "stop_profit_open_hc_pct": -0.03317253697145624,
    "dynamic_hc_stop_profit_thres": 0.47383685769287126,
    "last_close_price_hc_pct": -0.03998623183538817,
    "last_day_sell_thres": 0.0540172444592989,
    "last_day_sell_huiche": 0.0122443576327364,
    "fd_mount": 108160057,
    "fd_vol_pct": 0.45936186971421744,
    "fd_ju_ticks": 1,
    "max_zb_times": 15,
    "stagnation_kline_ticks": 37,
    "decline_kline_ticks": 33,
    "yang_yin_threshold": 0.02867619839414582,
    "stagnation_n": 23,
    "stagnation_volume_ratio_threshold": 72.66648812624838,
    "stagnation_ratio_threshold": 609,
    "decline_volume_ratio_threshold": 46.88050063623435,
    "max_rebounds": 13,
    "decline_ratio_threshold": 1267,
    "flxd_ticks": 263,
    "flzz_ticks": 1934,
    "use_simiple_kline_strategy_flxd": true,
    "use_simiple_kline_strategy_flzz": true,
    "flzz_use_smooth_price": true,
    "flzz_zf_thresh": 0.0659048519067938,
    "kline_sell_flxd_zy": false,
    "kline_sell_flxd_zs": true,
    "kline_sell_flzz_zs": true,
    "kline_sell_flzz_zy": true,
    "last_open_price_hc_pct": 0.008654886707571835,
    "open_price_max_hc": -0.002427264337965869,
    "loss_per_step_tick_gap": 25,
    "loss_cold_start_steps": 30,
    "loss_max_abserve_tick_steps": 479,
    "loss_max_abserce_avg_price_down_steps": 3,
    "loss_dynamic_hc_stop_profit_thres": 4.548092119698207,
    "loss_last_close_price_hc_pct": -0.007763526593568626,
    "loss_last_open_price_hc_pct": -0.011680321036030812,
    "loss_open_price_max_hc": -0.005175430752389083,
    "loss_down_open_sell_wait_time": true,
    "down_open_sell_wait_time": false,
    "day_zy_line": 0.00016959680260541284,
    "day_zs_line": -0.13633537530570541,
    "sell_afternoon": false,
    "sell_half_afternoon": false,
    "sell_max_days": 1,
    "stop_profit_pct": 0.0,
    "static_hc_stop_profit_pct": 1.0,
    "loss_static_hc_stop_profit_pct": 1.0
  },
  "timestamp": "2025-09-08T23:24:12.659180",
  "individual": [
    7.2769714894467725,
    3.2094046194052783,
    486.89058885613383,
    8.029329366310963,
    -0.03317253697145624,
    0.47383685769287126,
    -0.03998623183538817,
    0.0540172444592989,
    0.0122443576327364,
    108160057.42904031,
    0.45936186971421744,
    1.3107495489140397,
    15.120510878079752,
    37.42383753542309,
    32.77237255889899,
    0.02867619839414582,
    23.195899504110102,
    72.66648812624838,
    609.3276209667295,
    46.88050063623435,
    12.865252361534932,
    1267.4555758220752,
    263.23600992097147,
    1933.790256737737,
    1,
    1,
    1,
    0.0659048519067938,
    0,
    1,
    1,
    1,
    0.008654886707571835,
    -0.002427264337965869,
    25.0,
    30.0,
    479.0991984713911,
    3.4262774152313025,
    4.548092119698207,
    -0.007763526593568626,
    -0.011680321036030812,
    -0.005175430752389083,
    1,
    0,
    0.00016959680260541284,
    -0.13633537530570541,
    0,
    0,
    1.0973412653518855
  ],
  "max_drawdown_threshold": 0.25,
  "strategy_name": "X\u63a5\u529b\u5012\u63a5\u529b4"
}