{
  "generation": 10,
  "fitness": 2.432611359616777,
  "total_return": 14.19763,
  "max_drawdown": 0.30646182336989924,
  "sharpe_ratio": 3.5725504859879873,
  "params": {
    "per_step_tick_gap": 7,
    "cold_start_steps": 0,
    "max_abserve_tick_steps": 386,
    "max_abserce_avg_price_down_steps": 11,
    "stop_profit_open_hc_pct": -0.029245786272201913,
    "dynamic_hc_stop_profit_thres": 3.6145515462075073,
    "last_close_price_hc_pct": -0.03880851217080917,
    "last_day_sell_thres": 0.6463836046150986,
    "last_day_sell_huiche": 0.016140531542080956,
    "fd_mount": 114546689,
    "fd_vol_pct": 0.29080854106674603,
    "fd_ju_ticks": 33,
    "max_zb_times": 18,
    "stagnation_kline_ticks": 38,
    "decline_kline_ticks": 36,
    "yang_yin_threshold": 0.019236589654135647,
    "stagnation_n": 27,
    "stagnation_volume_ratio_threshold": 44.408124004532624,
    "stagnation_ratio_threshold": 1020,
    "decline_volume_ratio_threshold": 71.46675750712457,
    "max_rebounds": 15,
    "decline_ratio_threshold": 414,
    "flxd_ticks": 453,
    "flzz_ticks": 1967,
    "use_simiple_kline_strategy_flxd": true,
    "use_simiple_kline_strategy_flzz": true,
    "flzz_use_smooth_price": true,
    "flzz_zf_thresh": 0.06520878019314358,
    "kline_sell_flxd_zy": false,
    "kline_sell_flxd_zs": true,
    "kline_sell_flzz_zs": false,
    "kline_sell_flzz_zy": true,
    "last_open_price_hc_pct": -0.024103071355249646,
    "open_price_max_hc": -0.0072680785433168246,
    "loss_per_step_tick_gap": 17,
    "loss_cold_start_steps": 27,
    "loss_max_abserve_tick_steps": 500,
    "loss_max_abserce_avg_price_down_steps": 1,
    "loss_dynamic_hc_stop_profit_thres": 1.2449725032023071,
    "loss_last_close_price_hc_pct": -0.015337320706621738,
    "loss_last_open_price_hc_pct": 0.01,
    "loss_open_price_max_hc": -0.054457055519643,
    "loss_down_open_sell_wait_time": true,
    "down_open_sell_wait_time": true,
    "day_zy_line": 0.0,
    "day_zs_line": -0.13462931955699023,
    "sell_afternoon": false,
    "sell_half_afternoon": true,
    "sell_max_days": 1,
    "stop_profit_pct": 0.0,
    "static_hc_stop_profit_pct": 1.0,
    "loss_static_hc_stop_profit_pct": 1.0
  },
  "timestamp": "2025-09-08T23:10:10.438020",
  "individual": [
    6.958350208456295,
    0.06591341046872651,
    385.7586583946484,
    10.502615976157886,
    -0.029245786272201913,
    3.6145515462075073,
    -0.03880851217080917,
    0.6463836046150986,
    0.016140531542080956,
    114546688.81418961,
    0.29080854106674603,
    32.70495892793033,
    18.278424007037465,
    38.18746122736226,
    36.30866858207552,
    0.019236589654135647,
    27.012514793077575,
    44.408124004532624,
    1020.1607096916168,
    71.46675750712457,
    14.663591848818527,
    413.89728445180907,
    452.95974658875923,
    1966.9866475630852,
    1,
    1,
    1,
    0.06520878019314358,
    0,
    1,
    0,
    1,
    -0.024103071355249646,
    -0.0072680785433168246,
    16.917993115134774,
    27.0838457880477,
    500.0,
    1.0,
    1.2449725032023071,
    -0.015337320706621738,
    0.01,
    -0.054457055519643,
    1,
    1,
    0.0,
    -0.13462931955699023,
    0,
    1,
    1.258445653256525
  ],
  "max_drawdown_threshold": 0.25,
  "strategy_name": "X\u63a5\u529b\u5012\u63a5\u529b4"
}