{
  "generation": 40,
  "fitness": 2.9131258429115583,
  "total_return": 18.301535,
  "max_drawdown": 0.2929532646553515,
  "sharpe_ratio": 3.8231177701271584,
  "params": {
    "per_step_tick_gap": 7,
    "cold_start_steps": 3,
    "max_abserve_tick_steps": 487,
    "max_abserce_avg_price_down_steps": 7,
    "stop_profit_open_hc_pct": -0.025824260678282904,
    "dynamic_hc_stop_profit_thres": 3.3143948539991204,
    "last_close_price_hc_pct": -0.0399574728315899,
    "last_day_sell_thres": 0.5100097609273317,
    "last_day_sell_huiche": 0.016191048985835586,
    "fd_mount": 88036879,
    "fd_vol_pct": 0.3346400646504095,
    "fd_ju_ticks": 1,
    "max_zb_times": 15,
    "stagnation_kline_ticks": 38,
    "decline_kline_ticks": 36,
    "yang_yin_threshold": 0.018405157764179777,
    "stagnation_n": 26,
    "stagnation_volume_ratio_threshold": 100.0,
    "stagnation_ratio_threshold": 554,
    "decline_volume_ratio_threshold": 66.08135625534234,
    "max_rebounds": 13,
    "decline_ratio_threshold": 1261,
    "flxd_ticks": 462,
    "flzz_ticks": 1967,
    "use_simiple_kline_strategy_flxd": true,
    "use_simiple_kline_strategy_flzz": true,
    "flzz_use_smooth_price": true,
    "flzz_zf_thresh": 0.06448968716702853,
    "kline_sell_flxd_zy": false,
    "kline_sell_flxd_zs": true,
    "kline_sell_flzz_zs": true,
    "kline_sell_flzz_zy": true,
    "last_open_price_hc_pct": 0.008088241874444953,
    "open_price_max_hc": -0.0023935181061675048,
    "loss_per_step_tick_gap": 16,
    "loss_cold_start_steps": 30,
    "loss_max_abserve_tick_steps": 494,
    "loss_max_abserce_avg_price_down_steps": 1,
    "loss_dynamic_hc_stop_profit_thres": 4.546249118338888,
    "loss_last_close_price_hc_pct": -0.020863016041521805,
    "loss_last_open_price_hc_pct": -0.0376125250288423,
    "loss_open_price_max_hc": -0.025165786661705297,
    "loss_down_open_sell_wait_time": true,
    "down_open_sell_wait_time": false,
    "day_zy_line": 5.7079758482680966e-05,
    "day_zs_line": -0.14693142727438213,
    "sell_afternoon": false,
    "sell_half_afternoon": false,
    "sell_max_days": 1,
    "stop_profit_pct": 0.0,
    "static_hc_stop_profit_pct": 1.0,
    "loss_static_hc_stop_profit_pct": 1.0
  },
  "timestamp": "2025-09-08T23:18:57.704027",
  "individual": [
    7.056068566668715,
    2.8227801428843877,
    487.3022288965981,
    7.119303592075445,
    -0.025824260678282904,
    3.3143948539991204,
    -0.0399574728315899,
    0.5100097609273317,
    0.016191048985835586,
    88036878.96507546,
    0.3346400646504095,
    1.0292527860748888,
    15.347890383111613,
    37.988346944332314,
    35.65331652260667,
    0.018405157764179777,
    26.207345261434156,
    100.0,
    553.6634823310775,
    66.08135625534234,
    12.607148082363768,
    1261.3415706916044,
    462.31999649052557,
    1967.3431028778018,
    1,
    1,
    1,
    0.06448968716702853,
    0,
    1,
    1,
    1,
    0.008088241874444953,
    -0.0023935181061675048,
    16.060208932242954,
    29.87058840353012,
    494.09474662070403,
    1.0,
    4.546249118338888,
    -0.020863016041521805,
    -0.0376125250288423,
    -0.025165786661705297,
    1,
    0,
    5.7079758482680966e-05,
    -0.14693142727438213,
    0,
    0,
    1.05041106521166
  ],
  "max_drawdown_threshold": 0.25,
  "strategy_name": "X\u63a5\u529b\u5012\u63a5\u529b4"
}