{
  "params": {
    "per_step_tick_gap": 2,
    "cold_start_steps": 5,
    "max_abserve_tick_steps": 416,
    "max_abserce_avg_price_down_steps": 1,
    "stop_profit_open_hc_pct": -0.027729521454822825,
    "dynamic_hc_stop_profit_thres": 1.983506782164489,
    "last_close_price_hc_pct": 0.008423217945937695,
    "last_day_sell_thres": 0.7416863572411743,
    "last_day_sell_huiche": 0.011575080456643795,
    "fd_mount": 63196814,
    "fd_vol_pct": 0.75,
    "fd_ju_ticks": 1,
    "max_zb_times": 1,
    "stagnation_kline_ticks": 42,
    "decline_kline_ticks": 12,
    "yang_yin_threshold": 0.02752908016856626,
    "stagnation_n": 20,
    "stagnation_volume_ratio_threshold": 98.28527852659023,
    "stagnation_ratio_threshold": 1068,
    "decline_volume_ratio_threshold": 65.87678592515394,
    "max_rebounds": 8,
    "decline_ratio_threshold": 1144,
    "flxd_ticks": 59,
    "flzz_ticks": 1526,
    "use_simiple_kline_strategy_flxd": true,
    "use_simiple_kline_strategy_flzz": true,
    "flzz_use_smooth_price": true,
    "flzz_zf_thresh": 0.03492036027201358,
    "kline_sell_flxd_zy": true,
    "kline_sell_flxd_zs": false,
    "kline_sell_flzz_zs": true,
    "kline_sell_flzz_zy": true,
    "last_open_price_hc_pct": 0.00960935810627956,
    "open_price_max_hc": -0.0069206317364454446,
    "loss_per_step_tick_gap": 12,
    "loss_cold_start_steps": 4,
    "loss_max_abserve_tick_steps": 8,
    "loss_max_abserce_avg_price_down_steps": 14,
    "loss_dynamic_hc_stop_profit_thres": 5.425841324415545,
    "loss_last_close_price_hc_pct": -0.009787134486941122,
    "loss_last_open_price_hc_pct": -0.03203986572304231,
    "loss_open_price_max_hc": -0.06892172364339663,
    "loss_down_open_sell_wait_time": true,
    "down_open_sell_wait_time": true,
    "stop_profit_pct": 0.0,
    "static_hc_stop_profit_pct": 1.0,
    "loss_static_hc_stop_profit_pct": 1.0
  },
  "fitness": 5.479014850284212,
  "return": 51.53983,
  "drawdown": 0.29998453746271075,
  "sharpe": 4.852163754759812,
  "individual": [
    2.0784368130440525,
    5.078610991690153,
    416.1392899982768,
    1.066315123597069,
    -0.027729521454822825,
    1.983506782164489,
    0.008423217945937695,
    0.7416863572411743,
    0.011575080456643795,
    63196813.91215077,
    0.75,
    1.2633425628233632,
    1.0519899182086032,
    41.9614204277738,
    11.810442842195954,
    0.02752908016856626,
    19.814853201954545,
    98.28527852659023,
    1068.3646885895796,
    65.87678592515394,
    8.315205841829254,
    1143.752623444625,
    59.33714647592145,
    1526.4491140950972,
    1,
    1,
    1,
    0.03492036027201358,
    1,
    0,
    1,
    1,
    0.00960935810627956,
    -0.0069206317364454446,
    12.21060985342038,
    4.312159814729448,
    8.347735235169592,
    14.369298695924748,
    5.425841324415545,
    -0.009787134486941122,
    -0.03203986572304231,
    -0.06892172364339663,
    1,
    1
  ]
}