{
  "generation": 20,
  "fitness": 4.523250872107974,
  "total_return": 31.726220000000005,
  "max_drawdown": 0.3012015445348059,
  "sharpe_ratio": 4.5478987908130755,
  "params": {
    "per_step_tick_gap": 2,
    "cold_start_steps": 2,
    "max_abserve_tick_steps": 495,
    "max_abserce_avg_price_down_steps": 1,
    "stop_profit_open_hc_pct": -0.11553568265041136,
    "dynamic_hc_stop_profit_thres": 3.9035290123456976,
    "last_close_price_hc_pct": -0.04,
    "last_day_sell_thres": 0.7707566834243451,
    "last_day_sell_huiche": 0.006047836514922022,
    "fd_mount": 59352773,
    "fd_vol_pct": 0.16103965580000107,
    "fd_ju_ticks": 50,
    "max_zb_times": 30,
    "stagnation_kline_ticks": 42,
    "decline_kline_ticks": 50,
    "yang_yin_threshold": 0.02034243883796899,
    "stagnation_n": 12,
    "stagnation_volume_ratio_threshold": 76.17572955847558,
    "stagnation_ratio_threshold": 1160,
    "decline_volume_ratio_threshold": 82.3737216267999,
    "max_rebounds": 9,
    "decline_ratio_threshold": 1279,
    "flxd_ticks": 78,
    "flzz_ticks": 1194,
    "use_simiple_kline_strategy_flxd": false,
    "use_simiple_kline_strategy_flzz": true,
    "flzz_use_smooth_price": true,
    "flzz_zf_thresh": 0.022744218675147955,
    "kline_sell_flxd_zy": false,
    "kline_sell_flxd_zs": false,
    "kline_sell_flzz_zs": true,
    "kline_sell_flzz_zy": true,
    "last_open_price_hc_pct": 0.01,
    "open_price_max_hc": 0.0,
    "loss_per_step_tick_gap": 15,
    "loss_cold_start_steps": 4,
    "loss_max_abserve_tick_steps": 6,
    "loss_max_abserce_avg_price_down_steps": 14,
    "loss_dynamic_hc_stop_profit_thres": 7.651211705555418,
    "loss_last_close_price_hc_pct": -0.02548377852656523,
    "loss_last_open_price_hc_pct": -0.05328843372582639,
    "loss_open_price_max_hc": -0.0686583191266566,
    "loss_down_open_sell_wait_time": true,
    "down_open_sell_wait_time": true,
    "stop_profit_pct": 0.0,
    "static_hc_stop_profit_pct": 1.0,
    "loss_static_hc_stop_profit_pct": 1.0
  },
  "timestamp": "2025-08-28T17:19:04.404498",
  "individual": [
    2.4017238347600585,
    1.7596464477572342,
    494.8074428324127,
    1.0,
    -0.11553568265041136,
    3.9035290123456976,
    -0.04,
    0.7707566834243451,
    0.006047836514922022,
    59352772.7003559,
    0.16103965580000107,
    50.0,
    30.0,
    41.819614153350926,
    50.0,
    0.02034243883796899,
    12.062717672661176,
    76.17572955847558,
    1159.9695392820051,
    82.3737216267999,
    8.583364103756368,
    1278.806167120123,
    77.59855828195931,
    1194.3929582015942,
    0,
    1,
    1,
    0.022744218675147955,
    0,
    0,
    1,
    1,
    0.01,
    0.0,
    14.58824449654177,
    3.6159345247939396,
    6.028975583168694,
    14.290649533422076,
    7.651211705555418,
    -0.02548377852656523,
    -0.05328843372582639,
    -0.0686583191266566,
    1,
    1
  ]
}