{
  "generation": 40,
  "fitness": 5.255750236900934,
  "total_return": 46.384545,
  "max_drawdown": 0.29907113876322644,
  "sharpe_ratio": 4.74647147261429,
  "params": {
    "per_step_tick_gap": 2,
    "cold_start_steps": 5,
    "max_abserve_tick_steps": 362,
    "max_abserce_avg_price_down_steps": 1,
    "stop_profit_open_hc_pct": -0.06863150738316515,
    "dynamic_hc_stop_profit_thres": 2.7621862824608234,
    "last_close_price_hc_pct": 0.007994657688012186,
    "last_day_sell_thres": 0.67825238417429,
    "last_day_sell_huiche": 0.012061922319362924,
    "fd_mount": 107609881,
    "fd_vol_pct": 0.5753376321944602,
    "fd_ju_ticks": 1,
    "max_zb_times": 1,
    "stagnation_kline_ticks": 42,
    "decline_kline_ticks": 27,
    "yang_yin_threshold": 0.02350923404770926,
    "stagnation_n": 18,
    "stagnation_volume_ratio_threshold": 96.69107040772388,
    "stagnation_ratio_threshold": 1281,
    "decline_volume_ratio_threshold": 36.608911525535135,
    "max_rebounds": 12,
    "decline_ratio_threshold": 1193,
    "flxd_ticks": 268,
    "flzz_ticks": 1151,
    "use_simiple_kline_strategy_flxd": true,
    "use_simiple_kline_strategy_flzz": true,
    "flzz_use_smooth_price": true,
    "flzz_zf_thresh": 0.029448449725650944,
    "kline_sell_flxd_zy": false,
    "kline_sell_flxd_zs": false,
    "kline_sell_flzz_zs": true,
    "kline_sell_flzz_zy": true,
    "last_open_price_hc_pct": 0.0028908333822233014,
    "open_price_max_hc": -0.007061808253850468,
    "loss_per_step_tick_gap": 12,
    "loss_cold_start_steps": 5,
    "loss_max_abserve_tick_steps": 6,
    "loss_max_abserce_avg_price_down_steps": 14,
    "loss_dynamic_hc_stop_profit_thres": 7.190250158497428,
    "loss_last_close_price_hc_pct": -0.057963297308124204,
    "loss_last_open_price_hc_pct": -0.0446574035621467,
    "loss_open_price_max_hc": -0.1,
    "loss_down_open_sell_wait_time": true,
    "down_open_sell_wait_time": true,
    "stop_profit_pct": 0.0,
    "static_hc_stop_profit_pct": 1.0,
    "loss_static_hc_stop_profit_pct": 1.0
  },
  "timestamp": "2025-08-28T17:27:36.295730",
  "individual": [
    1.7722560620757573,
    4.557778191292586,
    362.2978472923007,
    1.0284252185714782,
    -0.06863150738316515,
    2.7621862824608234,
    0.007994657688012186,
    0.67825238417429,
    0.012061922319362924,
    107609880.70584881,
    0.5753376321944602,
    1.0,
    1.0247929675554046,
    41.85964512908107,
    26.592671109009988,
    0.02350923404770926,
    17.81617173436812,
    96.69107040772388,
    1280.9278175074478,
    36.608911525535135,
    12.025818529624257,
    1192.6591408979955,
    268.280840128422,
    1151.101291486825,
    1,
    1,
    1,
    0.029448449725650944,
    0,
    0,
    1,
    1,
    0.0028908333822233014,
    -0.007061808253850468,
    12.11623578360134,
    5.270800814594754,
    6.010514454945273,
    13.668145566244373,
    7.190250158497428,
    -0.057963297308124204,
    -0.0446574035621467,
    -0.1,
    1,
    1
  ]
}