{
  "generation": 50,
  "fitness": 5.321476201297071,
  "total_return": 47.923935,
  "max_drawdown": 0.2995662285600625,
  "sharpe_ratio": 4.773793671754431,
  "params": {
    "per_step_tick_gap": 2,
    "cold_start_steps": 4,
    "max_abserve_tick_steps": 442,
    "max_abserce_avg_price_down_steps": 1,
    "stop_profit_open_hc_pct": -0.07877784528338413,
    "dynamic_hc_stop_profit_thres": 2.3784391257027218,
    "last_close_price_hc_pct": 0.008214846614739564,
    "last_day_sell_thres": 0.6955767149048329,
    "last_day_sell_huiche": 0.010971468750793398,
    "fd_mount": 56329134,
    "fd_vol_pct": 0.4641717839101116,
    "fd_ju_ticks": 1,
    "max_zb_times": 1,
    "stagnation_kline_ticks": 42,
    "decline_kline_ticks": 4,
    "yang_yin_threshold": 0.024758741872113126,
    "stagnation_n": 18,
    "stagnation_volume_ratio_threshold": 98.11034153637404,
    "stagnation_ratio_threshold": 1123,
    "decline_volume_ratio_threshold": 6.067013907910276,
    "max_rebounds": 8,
    "decline_ratio_threshold": 1485,
    "flxd_ticks": 181,
    "flzz_ticks": 1342,
    "use_simiple_kline_strategy_flxd": true,
    "use_simiple_kline_strategy_flzz": true,
    "flzz_use_smooth_price": true,
    "flzz_zf_thresh": 0.03365058776742856,
    "kline_sell_flxd_zy": false,
    "kline_sell_flxd_zs": false,
    "kline_sell_flzz_zs": true,
    "kline_sell_flzz_zy": true,
    "last_open_price_hc_pct": 0.006443589021226095,
    "open_price_max_hc": -0.007077904976928688,
    "loss_per_step_tick_gap": 12,
    "loss_cold_start_steps": 5,
    "loss_max_abserve_tick_steps": 6,
    "loss_max_abserce_avg_price_down_steps": 14,
    "loss_dynamic_hc_stop_profit_thres": 6.6379517541850515,
    "loss_last_close_price_hc_pct": -0.03581859654451203,
    "loss_last_open_price_hc_pct": -0.03854010014930577,
    "loss_open_price_max_hc": -0.0724769643997404,
    "loss_down_open_sell_wait_time": true,
    "down_open_sell_wait_time": true,
    "stop_profit_pct": 0.0,
    "static_hc_stop_profit_pct": 1.0,
    "loss_static_hc_stop_profit_pct": 1.0
  },
  "timestamp": "2025-08-28T17:32:19.710332",
  "individual": [
    1.6313380774620418,
    4.239175002995139,
    442.2641022761005,
    1.0436225467934932,
    -0.07877784528338413,
    2.3784391257027218,
    0.008214846614739564,
    0.6955767149048329,
    0.010971468750793398,
    56329134.026032105,
    0.4641717839101116,
    1.0656306004838232,
    1.0600789609629568,
    41.87413612425998,
    3.569756570029708,
    0.024758741872113126,
    17.744537837728377,
    98.11034153637404,
    1123.0015455906416,
    6.067013907910276,
    7.790286302749221,
    1484.917025695894,
    180.9710365601204,
    1342.051279317451,
    1,
    1,
    1,
    0.03365058776742856,
    0,
    0,
    1,
    1,
    0.006443589021226095,
    -0.007077904976928688,
    11.917243874313446,
    5.2202258506517065,
    6.428213986347474,
    13.683476636949017,
    6.6379517541850515,
    -0.03581859654451203,
    -0.03854010014930577,
    -0.0724769643997404,
    1,
    1
  ]
}