{
  "generation": 10,
  "fitness": 3.638522552990882,
  "total_return": 25.147415,
  "max_drawdown": 0.3147275386332127,
  "sharpe_ratio": 4.201911024092099,
  "params": {
    "per_step_tick_gap": 4,
    "cold_start_steps": 7,
    "max_abserve_tick_steps": 619,
    "max_abserce_avg_price_down_steps": 13,
    "stop_profit_open_hc_pct": -0.10474404581278281,
    "dynamic_hc_stop_profit_thres": 3.272155572999532,
    "last_close_price_hc_pct": -0.03166543103899137,
    "last_day_sell_thres": 0.2999484787454383,
    "last_day_sell_huiche": 0.007047092019232646,
    "fd_mount": 105117780,
    "fd_vol_pct": 0.14208911187812479,
    "fd_ju_ticks": 32,
    "max_zb_times": 23,
    "stagnation_kline_ticks": 42,
    "decline_kline_ticks": 47,
    "yang_yin_threshold": 0.02028076071558112,
    "stagnation_n": 11,
    "stagnation_volume_ratio_threshold": 99.45920347856739,
    "stagnation_ratio_threshold": 1151,
    "decline_volume_ratio_threshold": 1.1,
    "max_rebounds": 10,
    "decline_ratio_threshold": 1091,
    "flxd_ticks": 135,
    "flzz_ticks": 1317,
    "use_simiple_kline_strategy_flxd": true,
    "use_simiple_kline_strategy_flzz": true,
    "flzz_use_smooth_price": true,
    "flzz_zf_thresh": 0.014200649543732388,
    "kline_sell_flxd_zy": false,
    "kline_sell_flxd_zs": false,
    "kline_sell_flzz_zs": true,
    "kline_sell_flzz_zy": true,
    "last_open_price_hc_pct": 0.01,
    "open_price_max_hc": -0.0006087460574804518,
    "loss_per_step_tick_gap": 12,
    "loss_cold_start_steps": 6,
    "loss_max_abserve_tick_steps": 42,
    "loss_max_abserce_avg_price_down_steps": 14,
    "loss_dynamic_hc_stop_profit_thres": 5.138988312410341,
    "loss_last_close_price_hc_pct": -0.06685307658965707,
    "loss_last_open_price_hc_pct": -0.03755227522048765,
    "loss_open_price_max_hc": -0.06700986365389792,
    "loss_down_open_sell_wait_time": true,
    "down_open_sell_wait_time": true,
    "stop_profit_pct": 0.0,
    "static_hc_stop_profit_pct": 1.0,
    "loss_static_hc_stop_profit_pct": 1.0
  },
  "timestamp": "2025-08-28T17:14:51.320350",
  "individual": [
    3.7589304926369445,
    6.700529394695765,
    619.046375038392,
    12.957634242968584,
    -0.10474404581278281,
    3.272155572999532,
    -0.03166543103899137,
    0.2999484787454383,
    0.007047092019232646,
    105117780.05293676,
    0.14208911187812479,
    31.58601612697243,
    22.66128009678054,
    42.3458219737078,
    47.41714673385158,
    0.02028076071558112,
    10.86616614952131,
    99.45920347856739,
    1151.3028310216453,
    1.1,
    10.20904104398888,
    1090.7290306850537,
    134.63789875215275,
    1316.8562321817699,
    1,
    1,
    1,
    0.014200649543732388,
    0,
    0,
    1,
    1,
    0.01,
    -0.0006087460574804518,
    12.495592418143307,
    5.686652722676245,
    42.02538065949706,
    14.341907428448918,
    5.138988312410341,
    -0.06685307658965707,
    -0.03755227522048765,
    -0.06700986365389792,
    1,
    1
  ]
}