{
  "generation": 70,
  "fitness": 7.373194504684711,
  "total_return": 74.31886500000003,
  "max_drawdown": 0.20893589992285333,
  "sharpe_ratio": 7.2951364455024335,
  "params": {
    "per_step_tick_gap": 18,
    "cold_start_steps": 31,
    "max_abserve_tick_steps": 284,
    "max_abserce_avg_price_down_steps": 3,
    "stop_profit_open_hc_pct": -0.059392291503081805,
    "dynamic_hc_stop_profit_thres": 1.4751003444437591,
    "last_close_price_hc_pct": -0.006667427638065178,
    "last_day_sell_thres": 0.7326193924982488,
    "last_day_sell_huiche": 0.006780714772334839,
    "fd_mount": 83151717,
    "fd_vol_pct": 0.49101161549177574,
    "fd_ju_ticks": 8,
    "max_zb_times": 1,
    "stagnation_kline_ticks": 20,
    "decline_kline_ticks": 42,
    "yang_yin_threshold": 0.029882461692648812,
    "stagnation_n": 23,
    "stagnation_volume_ratio_threshold": 29.683339479243138,
    "stagnation_ratio_threshold": 492,
    "decline_volume_ratio_threshold": 88.48848364040562,
    "max_rebounds": 1,
    "decline_ratio_threshold": 481,
    "flxd_ticks": 296,
    "flzz_ticks": 269,
    "use_simiple_kline_strategy_flxd": true,
    "use_simiple_kline_strategy_flzz": true,
    "flzz_use_smooth_price": true,
    "flzz_zf_thresh": -0.031303949026504754,
    "kline_sell_flxd_zy": true,
    "kline_sell_flxd_zs": false,
    "kline_sell_flzz_zs": false,
    "kline_sell_flzz_zy": true,
    "last_open_price_hc_pct": 0.009171068182325463,
    "open_price_max_hc": -0.022575285445349227,
    "loss_per_step_tick_gap": 1,
    "loss_cold_start_steps": 0,
    "loss_max_abserve_tick_steps": 406,
    "loss_max_abserce_avg_price_down_steps": 4,
    "loss_dynamic_hc_stop_profit_thres": 5.214016744454005,
    "loss_last_close_price_hc_pct": -0.07178783889208795,
    "loss_last_open_price_hc_pct": -0.07581941031817402,
    "loss_open_price_max_hc": -0.0750702738915844,
    "loss_down_open_sell_wait_time": true,
    "down_open_sell_wait_time": true,
    "day_zy_line": 0.03482191087863452,
    "day_zs_line": -0.050413142171466016,
    "sell_afternoon": false,
    "sell_half_afternoon": true,
    "sell_max_days": 3,
    "stop_profit_pct": 0.0,
    "static_hc_stop_profit_pct": 1.0,
    "loss_static_hc_stop_profit_pct": 1.0
  },
  "timestamp": "2025-09-06T10:33:14.329107",
  "individual": [
    18.33626153554442,
    31.231936218747553,
    284.1477732335146,
    2.7548223407051933,
    -0.059392291503081805,
    1.4751003444437591,
    -0.006667427638065178,
    0.7326193924982488,
    0.006780714772334839,
    83151716.97460252,
    0.49101161549177574,
    8.000128411984878,
    1.0,
    19.65602849861918,
    42.220690721884004,
    0.029882461692648812,
    22.607224266835978,
    29.683339479243138,
    491.9287924035869,
    88.48848364040562,
    1.2595354713223443,
    481.31523035496025,
    295.95616670713395,
    269.1807021356832,
    1,
    1,
    1,
    -0.031303949026504754,
    1,
    0,
    0,
    1,
    0.009171068182325463,
    -0.022575285445349227,
    1.2346491070641143,
    0.018662058369658917,
    405.8571341186393,
    4.15182916473135,
    5.214016744454005,
    -0.07178783889208795,
    -0.07581941031817402,
    -0.0750702738915844,
    1,
    1,
    0.03482191087863452,
    -0.050413142171466016,
    0,
    1,
    3.1030373253891494
  ],
  "max_drawdown_threshold": 0.25,
  "strategy_name": "\u9ad8\u5f3a\u4e2d\u4f4e\u5f00\u4f4e\u5438\u524d2"
}