{
  "generation": 30,
  "fitness": 6.756807932050246,
  "total_return": 59.69925,
  "max_drawdown": 0.21120938250884347,
  "sharpe_ratio": 6.991335864517279,
  "params": {
    "per_step_tick_gap": 9,
    "cold_start_steps": 33,
    "max_abserve_tick_steps": 329,
    "max_abserce_avg_price_down_steps": 5,
    "stop_profit_open_hc_pct": -0.041655254292571664,
    "dynamic_hc_stop_profit_thres": 4.982910634948688,
    "last_close_price_hc_pct": 0.004294450277493846,
    "last_day_sell_thres": 1.0,
    "last_day_sell_huiche": 0.010834888008311554,
    "fd_mount": 91820683,
    "fd_vol_pct": 0.6111951057395888,
    "fd_ju_ticks": 20,
    "max_zb_times": 1,
    "stagnation_kline_ticks": 19,
    "decline_kline_ticks": 38,
    "yang_yin_threshold": 0.028979413084805478,
    "stagnation_n": 20,
    "stagnation_volume_ratio_threshold": 35.67001933885244,
    "stagnation_ratio_threshold": 647,
    "decline_volume_ratio_threshold": 90.27677690660643,
    "max_rebounds": 1,
    "decline_ratio_threshold": 817,
    "flxd_ticks": 330,
    "flzz_ticks": 219,
    "use_simiple_kline_strategy_flxd": true,
    "use_simiple_kline_strategy_flzz": true,
    "flzz_use_smooth_price": true,
    "flzz_zf_thresh": -0.02196289933290399,
    "kline_sell_flxd_zy": false,
    "kline_sell_flxd_zs": true,
    "kline_sell_flzz_zs": false,
    "kline_sell_flzz_zy": true,
    "last_open_price_hc_pct": 0.006897323768475468,
    "open_price_max_hc": -0.054176440946443985,
    "loss_per_step_tick_gap": 2,
    "loss_cold_start_steps": 1,
    "loss_max_abserve_tick_steps": 410,
    "loss_max_abserce_avg_price_down_steps": 4,
    "loss_dynamic_hc_stop_profit_thres": 3.915361367221215,
    "loss_last_close_price_hc_pct": -0.060569917701093615,
    "loss_last_open_price_hc_pct": -0.061818926614079006,
    "loss_open_price_max_hc": -0.1,
    "loss_down_open_sell_wait_time": true,
    "down_open_sell_wait_time": true,
    "day_zy_line": 0.03381422251095666,
    "day_zs_line": -0.052660844218634095,
    "sell_afternoon": false,
    "sell_half_afternoon": false,
    "sell_max_days": 3,
    "stop_profit_pct": 0.0,
    "static_hc_stop_profit_pct": 1.0,
    "loss_static_hc_stop_profit_pct": 1.0
  },
  "timestamp": "2025-09-06T10:25:35.623545",
  "individual": [
    8.707873298380715,
    33.34880395290931,
    328.87661663213737,
    4.776506268441739,
    -0.041655254292571664,
    4.982910634948688,
    0.004294450277493846,
    1.0,
    0.010834888008311554,
    91820683.16167635,
    0.6111951057395888,
    19.713835054200317,
    1.0,
    18.96430925236057,
    37.71560875948322,
    0.028979413084805478,
    19.757540058493497,
    35.67001933885244,
    646.6541955947114,
    90.27677690660643,
    0.7883965230911161,
    817.2743964637938,
    330.38570589132763,
    219.34997258171825,
    1,
    1,
    1,
    -0.02196289933290399,
    0,
    1,
    0,
    1,
    0.006897323768475468,
    -0.054176440946443985,
    2.12432471327978,
    0.6802665243778587,
    409.9776024469783,
    3.7758583493806555,
    3.915361367221215,
    -0.060569917701093615,
    -0.061818926614079006,
    -0.1,
    1,
    1,
    0.03381422251095666,
    -0.052660844218634095,
    0,
    0,
    2.567220573438123
  ],
  "max_drawdown_threshold": 0.25,
  "strategy_name": "\u9ad8\u5f3a\u4e2d\u4f4e\u5f00\u4f4e\u5438\u524d2"
}