{
  "generation": 40,
  "fitness": 7.128545641585759,
  "total_return": 68.11332999999999,
  "max_drawdown": 0.2089452554584161,
  "sharpe_ratio": 7.186167147265382,
  "params": {
    "per_step_tick_gap": 17,
    "cold_start_steps": 32,
    "max_abserve_tick_steps": 284,
    "max_abserce_avg_price_down_steps": 3,
    "stop_profit_open_hc_pct": -0.06210082355891325,
    "dynamic_hc_stop_profit_thres": 1.9776139411609126,
    "last_close_price_hc_pct": 0.0018281249713649756,
    "last_day_sell_thres": 0.8118309764164726,
    "last_day_sell_huiche": 0.008483904540743666,
    "fd_mount": 67721668,
    "fd_vol_pct": 0.5293589930425144,
    "fd_ju_ticks": 6,
    "max_zb_times": 13,
    "stagnation_kline_ticks": 20,
    "decline_kline_ticks": 37,
    "yang_yin_threshold": 0.03,
    "stagnation_n": 19,
    "stagnation_volume_ratio_threshold": 32.212059904131564,
    "stagnation_ratio_threshold": 472,
    "decline_volume_ratio_threshold": 94.06200762192483,
    "max_rebounds": 2,
    "decline_ratio_threshold": 1065,
    "flxd_ticks": 315,
    "flzz_ticks": 268,
    "use_simiple_kline_strategy_flxd": true,
    "use_simiple_kline_strategy_flzz": true,
    "flzz_use_smooth_price": true,
    "flzz_zf_thresh": -0.03593778109127542,
    "kline_sell_flxd_zy": false,
    "kline_sell_flxd_zs": false,
    "kline_sell_flzz_zs": false,
    "kline_sell_flzz_zy": true,
    "last_open_price_hc_pct": 0.008958857392083266,
    "open_price_max_hc": -0.022917534363257223,
    "loss_per_step_tick_gap": 1,
    "loss_cold_start_steps": 0,
    "loss_max_abserve_tick_steps": 408,
    "loss_max_abserce_avg_price_down_steps": 7,
    "loss_dynamic_hc_stop_profit_thres": 5.247700354550835,
    "loss_last_close_price_hc_pct": -0.07410432735519104,
    "loss_last_open_price_hc_pct": -0.07359082037964387,
    "loss_open_price_max_hc": -0.09145792864914618,
    "loss_down_open_sell_wait_time": true,
    "down_open_sell_wait_time": false,
    "day_zy_line": 0.03446612840768824,
    "day_zs_line": -0.05116254435413641,
    "sell_afternoon": false,
    "sell_half_afternoon": true,
    "sell_max_days": 3,
    "stop_profit_pct": 0.0,
    "static_hc_stop_profit_pct": 1.0,
    "loss_static_hc_stop_profit_pct": 1.0
  },
  "timestamp": "2025-09-06T10:27:45.220862",
  "individual": [
    16.739456312947798,
    31.76053501589886,
    283.9535731417468,
    3.0035689052531884,
    -0.06210082355891325,
    1.9776139411609126,
    0.0018281249713649756,
    0.8118309764164726,
    0.008483904540743666,
    67721668.35492383,
    0.5293589930425144,
    5.530377790327405,
    13.044155360254708,
    19.961642592339334,
    37.03408244893157,
    0.03,
    18.95984999938009,
    32.212059904131564,
    471.8264048482245,
    94.06200762192483,
    1.8728716712443076,
    1065.02539852526,
    315.0252495575562,
    268.007911020166,
    1,
    1,
    1,
    -0.03593778109127542,
    0,
    0,
    0,
    1,
    0.008958857392083266,
    -0.022917534363257223,
    1.0,
    0.2930764562141425,
    408.0356818190934,
    6.957005132624574,
    5.247700354550835,
    -0.07410432735519104,
    -0.07359082037964387,
    -0.09145792864914618,
    1,
    0,
    0.03446612840768824,
    -0.05116254435413641,
    0,
    1,
    2.7936097729042757
  ],
  "max_drawdown_threshold": 0.25,
  "strategy_name": "\u9ad8\u5f3a\u4e2d\u4f4e\u5f00\u4f4e\u5438\u524d2"
}