{
  "generation": 90,
  "fitness": 5.759594873037227,
  "total_return": 78.33681000000003,
  "max_drawdown": 0.20400524758345379,
  "sharpe_ratio": 7.374133611625246,
  "params": {
    "per_step_tick_gap": 11,
    "cold_start_steps": 22,
    "max_abserve_tick_steps": 158,
    "max_abserce_avg_price_down_steps": 6,
    "stop_profit_open_hc_pct": -0.08696085559269487,
    "dynamic_hc_stop_profit_thres": 1.5369206569214984,
    "last_close_price_hc_pct": 0.008934103429150592,
    "last_day_sell_thres": 0.5919603239729134,
    "last_day_sell_huiche": 0.005778466478878365,
    "fd_mount": 81764828,
    "fd_vol_pct": 0.5063678248153322,
    "fd_ju_ticks": 7,
    "max_zb_times": 25,
    "stagnation_kline_ticks": 16,
    "decline_kline_ticks": 8,
    "yang_yin_threshold": 0.0024394060125198895,
    "stagnation_n": 15,
    "stagnation_volume_ratio_threshold": 38.0879018779179,
    "stagnation_ratio_threshold": 296,
    "decline_volume_ratio_threshold": 20.560334529434307,
    "max_rebounds": 0,
    "decline_ratio_threshold": 80,
    "flxd_ticks": 491,
    "flzz_ticks": 949,
    "use_simiple_kline_strategy_flxd": true,
    "use_simiple_kline_strategy_flzz": true,
    "flzz_use_smooth_price": true,
    "flzz_zf_thresh": -0.019820714477632118,
    "kline_sell_flxd_zy": true,
    "kline_sell_flxd_zs": true,
    "kline_sell_flzz_zs": false,
    "kline_sell_flzz_zy": true,
    "last_open_price_hc_pct": 0.009448223552810942,
    "open_price_max_hc": -0.09438817153776682,
    "loss_per_step_tick_gap": 1,
    "loss_cold_start_steps": 1,
    "loss_max_abserve_tick_steps": 216,
    "loss_max_abserce_avg_price_down_steps": 1,
    "loss_dynamic_hc_stop_profit_thres": 7.205747087172538,
    "loss_last_close_price_hc_pct": -0.05365328833557881,
    "loss_last_open_price_hc_pct": -0.03782739813812457,
    "loss_open_price_max_hc": -0.012611795347402055,
    "loss_down_open_sell_wait_time": false,
    "down_open_sell_wait_time": true,
    "day_zy_line": 0.03282568373587132,
    "day_zs_line": -0.047231562105368094,
    "sell_afternoon": false,
    "sell_half_afternoon": true,
    "sell_max_days": 3,
    "stop_profit_pct": 0.0,
    "static_hc_stop_profit_pct": 1.0,
    "loss_static_hc_stop_profit_pct": 1.0
  },
  "timestamp": "2025-09-06T11:07:38.089084",
  "individual": [
    10.866185549003465,
    21.89361300984926,
    157.89711753786563,
    5.8313474530263525,
    -0.08696085559269487,
    1.5369206569214984,
    0.008934103429150592,
    0.5919603239729134,
    0.005778466478878365,
    81764827.80331866,
    0.5063678248153322,
    6.844110510490571,
    24.79933967697139,
    15.96738741607114,
    7.866321995189935,
    0.0024394060125198895,
    14.852275702780066,
    38.0879018779179,
    295.88741216298206,
    20.560334529434307,
    0.0,
    79.95393303177289,
    490.97321729665816,
    949.0241101696834,
    1,
    1,
    1,
    -0.019820714477632118,
    1,
    1,
    0,
    1,
    0.009448223552810942,
    -0.09438817153776682,
    1.070504440920348,
    0.8192637615674478,
    216.38024978523018,
    1.2553651558010657,
    7.205747087172538,
    -0.05365328833557881,
    -0.03782739813812457,
    -0.012611795347402055,
    0,
    1,
    0.03282568373587132,
    -0.047231562105368094,
    0,
    1,
    2.7736374284403014
  ],
  "max_drawdown_threshold": 0.15,
  "strategy_name": "\u9ad8\u5f3a\u4e2d\u4f4e\u5f00\u4f4e\u5438\u524d2"
}