{
  "generation": 20,
  "fitness": 4.730100228710971,
  "total_return": 48.860195,
  "max_drawdown": 0.20681552954240964,
  "sharpe_ratio": 6.817735768667758,
  "params": {
    "per_step_tick_gap": 1,
    "cold_start_steps": 24,
    "max_abserve_tick_steps": 683,
    "max_abserce_avg_price_down_steps": 7,
    "stop_profit_open_hc_pct": -0.10804326381044807,
    "dynamic_hc_stop_profit_thres": 1.3506869049908723,
    "last_close_price_hc_pct": -0.031530213504475886,
    "last_day_sell_thres": 1.0,
    "last_day_sell_huiche": 0.0067757710044576,
    "fd_mount": 79770095,
    "fd_vol_pct": 0.4582754310512812,
    "fd_ju_ticks": 41,
    "max_zb_times": 17,
    "stagnation_kline_ticks": 22,
    "decline_kline_ticks": 4,
    "yang_yin_threshold": 0.02523512454347091,
    "stagnation_n": 18,
    "stagnation_volume_ratio_threshold": 51.48763483623635,
    "stagnation_ratio_threshold": 212,
    "decline_volume_ratio_threshold": 51.89024617865489,
    "max_rebounds": 2,
    "decline_ratio_threshold": 121,
    "flxd_ticks": 500,
    "flzz_ticks": 294,
    "use_simiple_kline_strategy_flxd": false,
    "use_simiple_kline_strategy_flzz": true,
    "flzz_use_smooth_price": false,
    "flzz_zf_thresh": -0.022124082062693052,
    "kline_sell_flxd_zy": true,
    "kline_sell_flxd_zs": true,
    "kline_sell_flzz_zs": false,
    "kline_sell_flzz_zy": true,
    "last_open_price_hc_pct": -0.06221410492400159,
    "open_price_max_hc": -0.000923983709734886,
    "loss_per_step_tick_gap": 1,
    "loss_cold_start_steps": 1,
    "loss_max_abserve_tick_steps": 311,
    "loss_max_abserce_avg_price_down_steps": 15,
    "loss_dynamic_hc_stop_profit_thres": 4.407119382610737,
    "loss_last_close_price_hc_pct": -0.07907730538887899,
    "loss_last_open_price_hc_pct": -0.0013266160232045807,
    "loss_open_price_max_hc": -0.08595513147634043,
    "loss_down_open_sell_wait_time": true,
    "down_open_sell_wait_time": false,
    "day_zy_line": 0.032158174047993766,
    "day_zs_line": -0.04590971701435693,
    "sell_afternoon": false,
    "sell_half_afternoon": false,
    "sell_max_days": 3,
    "stop_profit_pct": 0.0,
    "static_hc_stop_profit_pct": 1.0,
    "loss_static_hc_stop_profit_pct": 1.0
  },
  "timestamp": "2025-09-06T10:52:47.769580",
  "individual": [
    1.0,
    24.179536892434285,
    682.93382279056,
    7.069001412904054,
    -0.10804326381044807,
    1.3506869049908723,
    -0.031530213504475886,
    1.0,
    0.0067757710044576,
    79770094.53731097,
    0.4582754310512812,
    40.660876844595286,
    16.895771996848488,
    21.9564349082429,
    3.9824000201126886,
    0.02523512454347091,
    17.76752928774897,
    51.48763483623635,
    211.88447225506587,
    51.89024617865489,
    1.804826798231776,
    121.43646908874604,
    500.0,
    294.1424420675671,
    0,
    1,
    0,
    -0.022124082062693052,
    1,
    1,
    0,
    1,
    -0.06221410492400159,
    -0.000923983709734886,
    1.0,
    1.0786108002842123,
    310.55161726264816,
    15.0,
    4.407119382610737,
    -0.07907730538887899,
    -0.0013266160232045807,
    -0.08595513147634043,
    1,
    0,
    0.032158174047993766,
    -0.04590971701435693,
    0,
    0,
    2.8095269227344075
  ],
  "max_drawdown_threshold": 0.15,
  "strategy_name": "\u9ad8\u5f3a\u4e2d\u4f4e\u5f00\u4f4e\u5438\u524d2"
}