{
  "generation": 30,
  "fitness": 5.037153514876261,
  "total_return": 58.852015,
  "max_drawdown": 0.20823106171657452,
  "sharpe_ratio": 7.010032633840668,
  "params": {
    "per_step_tick_gap": 14,
    "cold_start_steps": 20,
    "max_abserve_tick_steps": 202,
    "max_abserce_avg_price_down_steps": 7,
    "stop_profit_open_hc_pct": -0.07060418305318814,
    "dynamic_hc_stop_profit_thres": 1.7438349890301674,
    "last_close_price_hc_pct": 0.005743771298201064,
    "last_day_sell_thres": 0.7936869360733614,
    "last_day_sell_huiche": 0.006000169084116146,
    "fd_mount": 79989130,
    "fd_vol_pct": 0.5043052783042846,
    "fd_ju_ticks": 28,
    "max_zb_times": 22,
    "stagnation_kline_ticks": 22,
    "decline_kline_ticks": 14,
    "yang_yin_threshold": 0.010304917824679889,
    "stagnation_n": 17,
    "stagnation_volume_ratio_threshold": 74.557947908522,
    "stagnation_ratio_threshold": 200,
    "decline_volume_ratio_threshold": 70.5224900778738,
    "max_rebounds": 9,
    "decline_ratio_threshold": 818,
    "flxd_ticks": 397,
    "flzz_ticks": 958,
    "use_simiple_kline_strategy_flxd": false,
    "use_simiple_kline_strategy_flzz": true,
    "flzz_use_smooth_price": false,
    "flzz_zf_thresh": 0.021614800205373118,
    "kline_sell_flxd_zy": true,
    "kline_sell_flxd_zs": true,
    "kline_sell_flzz_zs": false,
    "kline_sell_flzz_zy": true,
    "last_open_price_hc_pct": 0.01,
    "open_price_max_hc": -0.06776364840254373,
    "loss_per_step_tick_gap": 3,
    "loss_cold_start_steps": 0,
    "loss_max_abserve_tick_steps": 411,
    "loss_max_abserce_avg_price_down_steps": 6,
    "loss_dynamic_hc_stop_profit_thres": 4.536438131021082,
    "loss_last_close_price_hc_pct": -0.07011865583965772,
    "loss_last_open_price_hc_pct": -0.022354994932373366,
    "loss_open_price_max_hc": -0.05258559516371863,
    "loss_down_open_sell_wait_time": false,
    "down_open_sell_wait_time": true,
    "day_zy_line": 0.032796041120493516,
    "day_zs_line": -0.045552212317455515,
    "sell_afternoon": false,
    "sell_half_afternoon": true,
    "sell_max_days": 3,
    "stop_profit_pct": 0.0,
    "static_hc_stop_profit_pct": 1.0,
    "loss_static_hc_stop_profit_pct": 1.0
  },
  "timestamp": "2025-09-06T10:55:17.496203",
  "individual": [
    13.848669696872768,
    19.899902664292988,
    202.24816054240512,
    7.321802188090539,
    -0.07060418305318814,
    1.7438349890301674,
    0.005743771298201064,
    0.7936869360733614,
    0.006000169084116146,
    79989129.72330518,
    0.5043052783042846,
    28.005745922031785,
    21.89830346494406,
    21.79188719656081,
    13.858338023215612,
    0.010304917824679889,
    17.108283694090833,
    74.557947908522,
    199.62215274831726,
    70.5224900778738,
    9.048877431475844,
    818.391146912177,
    397.2991794981235,
    957.9885173994865,
    0,
    1,
    0,
    0.021614800205373118,
    1,
    1,
    0,
    1,
    0.01,
    -0.06776364840254373,
    2.7703045042663357,
    0.37302756785259755,
    411.44177631977055,
    5.8459398123509,
    4.536438131021082,
    -0.07011865583965772,
    -0.022354994932373366,
    -0.05258559516371863,
    0,
    1,
    0.032796041120493516,
    -0.045552212317455515,
    0,
    1,
    2.7265526049101454
  ],
  "max_drawdown_threshold": 0.15,
  "strategy_name": "\u9ad8\u5f3a\u4e2d\u4f4e\u5f00\u4f4e\u5438\u524d2"
}