{
  "generation": 60,
  "fitness": 5.6763103174008736,
  "total_return": 75.27739000000003,
  "max_drawdown": 0.20400030094767804,
  "sharpe_ratio": 7.341890283946042,
  "params": {
    "per_step_tick_gap": 11,
    "cold_start_steps": 24,
    "max_abserve_tick_steps": 144,
    "max_abserce_avg_price_down_steps": 6,
    "stop_profit_open_hc_pct": -0.08296208718520501,
    "dynamic_hc_stop_profit_thres": 1.8311925204363586,
    "last_close_price_hc_pct": 0.009203363306992304,
    "last_day_sell_thres": 1.0,
    "last_day_sell_huiche": 0.015035344652327162,
    "fd_mount": 81896428,
    "fd_vol_pct": 0.4998714943377384,
    "fd_ju_ticks": 11,
    "max_zb_times": 21,
    "stagnation_kline_ticks": 16,
    "decline_kline_ticks": 16,
    "yang_yin_threshold": 0.0023231349600843,
    "stagnation_n": 15,
    "stagnation_volume_ratio_threshold": 37.27079660581187,
    "stagnation_ratio_threshold": 363,
    "decline_volume_ratio_threshold": 63.7514360005453,
    "max_rebounds": 10,
    "decline_ratio_threshold": 122,
    "flxd_ticks": 367,
    "flzz_ticks": 1114,
    "use_simiple_kline_strategy_flxd": true,
    "use_simiple_kline_strategy_flzz": true,
    "flzz_use_smooth_price": true,
    "flzz_zf_thresh": -0.013797910963025585,
    "kline_sell_flxd_zy": true,
    "kline_sell_flxd_zs": true,
    "kline_sell_flzz_zs": false,
    "kline_sell_flzz_zy": true,
    "last_open_price_hc_pct": 0.008615027812145229,
    "open_price_max_hc": -0.09396668191738991,
    "loss_per_step_tick_gap": 1,
    "loss_cold_start_steps": 0,
    "loss_max_abserve_tick_steps": 227,
    "loss_max_abserce_avg_price_down_steps": 2,
    "loss_dynamic_hc_stop_profit_thres": 3.279933236357461,
    "loss_last_close_price_hc_pct": -0.06588548665625299,
    "loss_last_open_price_hc_pct": -0.018362438703671585,
    "loss_open_price_max_hc": -0.014199721342656638,
    "loss_down_open_sell_wait_time": false,
    "down_open_sell_wait_time": true,
    "day_zy_line": 0.03231511268234797,
    "day_zs_line": -0.05008629974114843,
    "sell_afternoon": false,
    "sell_half_afternoon": true,
    "sell_max_days": 3,
    "stop_profit_pct": 0.0,
    "static_hc_stop_profit_pct": 1.0,
    "loss_static_hc_stop_profit_pct": 1.0
  },
  "timestamp": "2025-09-06T11:01:42.491895",
  "individual": [
    10.556254179837643,
    23.79693419751692,
    143.91075139104095,
    5.882950850924379,
    -0.08296208718520501,
    1.8311925204363586,
    0.009203363306992304,
    1.0,
    0.015035344652327162,
    81896427.97391853,
    0.4998714943377384,
    11.37179092829991,
    21.386523268180436,
    15.960591452159678,
    15.544760217737903,
    0.0023231349600843,
    14.665749899771873,
    37.27079660581187,
    362.9172812103511,
    63.7514360005453,
    10.427263554025075,
    121.50036448133538,
    367.10505512595535,
    1114.0531423627735,
    1,
    1,
    1,
    -0.013797910963025585,
    1,
    1,
    0,
    1,
    0.008615027812145229,
    -0.09396668191738991,
    1.2961355267712948,
    0.29832608054850723,
    227.1721226593762,
    2.4668135124904733,
    3.279933236357461,
    -0.06588548665625299,
    -0.018362438703671585,
    -0.014199721342656638,
    0,
    1,
    0.03231511268234797,
    -0.05008629974114843,
    0,
    1,
    2.714549940636041
  ],
  "max_drawdown_threshold": 0.15,
  "strategy_name": "\u9ad8\u5f3a\u4e2d\u4f4e\u5f00\u4f4e\u5438\u524d2"
}