{
  "generation": 40,
  "fitness": 5.206807622365027,
  "total_return": 60.3257,
  "max_drawdown": 0.2039985735008979,
  "sharpe_ratio": 7.052413068380022,
  "params": {
    "per_step_tick_gap": 11,
    "cold_start_steps": 23,
    "max_abserve_tick_steps": 140,
    "max_abserce_avg_price_down_steps": 6,
    "stop_profit_open_hc_pct": -0.08409303199415812,
    "dynamic_hc_stop_profit_thres": 3.391020653370126,
    "last_close_price_hc_pct": 0.01,
    "last_day_sell_thres": 0.9529655962572516,
    "last_day_sell_huiche": 0.001,
    "fd_mount": 79986105,
    "fd_vol_pct": 0.531050469114618,
    "fd_ju_ticks": 32,
    "max_zb_times": 22,
    "stagnation_kline_ticks": 16,
    "decline_kline_ticks": 24,
    "yang_yin_threshold": 0.004509302124261024,
    "stagnation_n": 17,
    "stagnation_volume_ratio_threshold": 88.98272872041241,
    "stagnation_ratio_threshold": 406,
    "decline_volume_ratio_threshold": 60.024961839237186,
    "max_rebounds": 13,
    "decline_ratio_threshold": 56,
    "flxd_ticks": 369,
    "flzz_ticks": 876,
    "use_simiple_kline_strategy_flxd": false,
    "use_simiple_kline_strategy_flzz": true,
    "flzz_use_smooth_price": true,
    "flzz_zf_thresh": 0.010762976276755792,
    "kline_sell_flxd_zy": true,
    "kline_sell_flxd_zs": true,
    "kline_sell_flzz_zs": false,
    "kline_sell_flzz_zy": true,
    "last_open_price_hc_pct": 0.00905654816668117,
    "open_price_max_hc": -0.09349221172847719,
    "loss_per_step_tick_gap": 1,
    "loss_cold_start_steps": 0,
    "loss_max_abserve_tick_steps": 201,
    "loss_max_abserce_avg_price_down_steps": 1,
    "loss_dynamic_hc_stop_profit_thres": 2.3172209025922714,
    "loss_last_close_price_hc_pct": -0.0641867467544658,
    "loss_last_open_price_hc_pct": -0.028968745942677197,
    "loss_open_price_max_hc": -0.022582694128334586,
    "loss_down_open_sell_wait_time": true,
    "down_open_sell_wait_time": true,
    "day_zy_line": 0.032362290711150626,
    "day_zs_line": -0.049198029043434566,
    "sell_afternoon": false,
    "sell_half_afternoon": true,
    "sell_max_days": 3,
    "stop_profit_pct": 0.0,
    "static_hc_stop_profit_pct": 1.0,
    "loss_static_hc_stop_profit_pct": 1.0
  },
  "timestamp": "2025-09-06T10:57:35.642337",
  "individual": [
    10.885523192922872,
    23.004189403170592,
    140.13783958715422,
    6.180484450946075,
    -0.08409303199415812,
    3.391020653370126,
    0.01,
    0.9529655962572516,
    0.001,
    79986104.56396252,
    0.531050469114618,
    31.846941214264643,
    21.84206009727996,
    15.833694385254075,
    24.258489286808942,
    0.004509302124261024,
    17.318192868913453,
    88.98272872041241,
    406.0953380386192,
    60.024961839237186,
    12.537740350721556,
    56.48839694683128,
    368.70528518837665,
    876.1505029881658,
    0,
    1,
    1,
    0.010762976276755792,
    1,
    1,
    0,
    1,
    0.00905654816668117,
    -0.09349221172847719,
    1.2621102545297713,
    0.00016658597778824728,
    201.40478708474387,
    1.0,
    2.3172209025922714,
    -0.0641867467544658,
    -0.028968745942677197,
    -0.022582694128334586,
    1,
    1,
    0.032362290711150626,
    -0.049198029043434566,
    0,
    1,
    2.7166515266532167
  ],
  "max_drawdown_threshold": 0.15,
  "strategy_name": "\u9ad8\u5f3a\u4e2d\u4f4e\u5f00\u4f4e\u5438\u524d2"
}