{
  "generation": 10,
  "fitness": 3.8538793804166747,
  "total_return": 26.79683500000001,
  "max_drawdown": 0.20309840279107752,
  "sharpe_ratio": 6.2856112943000895,
  "params": {
    "per_step_tick_gap": 1,
    "cold_start_steps": 32,
    "max_abserve_tick_steps": 1000,
    "max_abserce_avg_price_down_steps": 10,
    "stop_profit_open_hc_pct": -0.05859851671378766,
    "dynamic_hc_stop_profit_thres": 5.9691540089329065,
    "last_close_price_hc_pct": 0.01,
    "last_day_sell_thres": 0.663843866427023,
    "last_day_sell_huiche": 0.005085679387961889,
    "fd_mount": 127499429,
    "fd_vol_pct": 0.5701238633144747,
    "fd_ju_ticks": 50,
    "max_zb_times": 21,
    "stagnation_kline_ticks": 9,
    "decline_kline_ticks": 3,
    "yang_yin_threshold": 0.00899994771192039,
    "stagnation_n": 22,
    "stagnation_volume_ratio_threshold": 42.28833179666788,
    "stagnation_ratio_threshold": 851,
    "decline_volume_ratio_threshold": 54.09291651231495,
    "max_rebounds": 5,
    "decline_ratio_threshold": 170,
    "flxd_ticks": 406,
    "flzz_ticks": 456,
    "use_simiple_kline_strategy_flxd": true,
    "use_simiple_kline_strategy_flzz": true,
    "flzz_use_smooth_price": true,
    "flzz_zf_thresh": -0.06555884369346393,
    "kline_sell_flxd_zy": true,
    "kline_sell_flxd_zs": false,
    "kline_sell_flzz_zs": false,
    "kline_sell_flzz_zy": true,
    "last_open_price_hc_pct": -0.027152463751490837,
    "open_price_max_hc": -0.03398538259568189,
    "loss_per_step_tick_gap": 19,
    "loss_cold_start_steps": 17,
    "loss_max_abserve_tick_steps": 331,
    "loss_max_abserce_avg_price_down_steps": 13,
    "loss_dynamic_hc_stop_profit_thres": 4.203748791021282,
    "loss_last_close_price_hc_pct": -0.07548847360803711,
    "loss_last_open_price_hc_pct": 0.01,
    "loss_open_price_max_hc": -0.062462191247417816,
    "loss_down_open_sell_wait_time": true,
    "down_open_sell_wait_time": true,
    "day_zy_line": 0.01188953887875804,
    "day_zs_line": -0.008038041427503813,
    "sell_afternoon": false,
    "sell_half_afternoon": true,
    "sell_max_days": 2,
    "stop_profit_pct": 0.0,
    "static_hc_stop_profit_pct": 1.0,
    "loss_static_hc_stop_profit_pct": 1.0
  },
  "timestamp": "2025-09-06T10:49:34.828929",
  "individual": [
    1.0,
    31.76513653224017,
    1000.0,
    9.698754817158703,
    -0.05859851671378766,
    5.9691540089329065,
    0.01,
    0.663843866427023,
    0.005085679387961889,
    127499429.47730744,
    0.5701238633144747,
    50.0,
    20.792336061608392,
    9.4964358594397,
    3.0,
    0.00899994771192039,
    22.088022005702413,
    42.28833179666788,
    851.2304699553886,
    54.09291651231495,
    4.515365599050187,
    169.53704698367193,
    406.1830972720829,
    456.15145272394705,
    1,
    1,
    1,
    -0.06555884369346393,
    1,
    0,
    0,
    1,
    -0.027152463751490837,
    -0.03398538259568189,
    19.011519208076336,
    16.72744350618221,
    330.53991568372476,
    13.23747488250023,
    4.203748791021282,
    -0.07548847360803711,
    0.01,
    -0.062462191247417816,
    1,
    1,
    0.01188953887875804,
    -0.008038041427503813,
    0,
    1,
    1.6636715625723957
  ],
  "max_drawdown_threshold": 0.15,
  "strategy_name": "\u9ad8\u5f3a\u4e2d\u4f4e\u5f00\u4f4e\u5438\u524d2"
}