{
  "generation": 70,
  "fitness": 6.028347577592613,
  "total_return": 82.88028,
  "max_drawdown": 0.31084361668762983,
  "sharpe_ratio": 5.327618247300578,
  "params": {
    "per_step_tick_gap": 1,
    "cold_start_steps": 1,
    "max_abserve_tick_steps": 596,
    "max_abserce_avg_price_down_steps": 1,
    "stop_profit_open_hc_pct": -0.009542855771846687,
    "dynamic_hc_stop_profit_thres": 4.543639171443488,
    "last_close_price_hc_pct": -0.029470869785371775,
    "last_day_sell_thres": 0.8615599831155893,
    "last_day_sell_huiche": 0.005482179188313068,
    "fd_mount": 119731824,
    "fd_vol_pct": 0.5541009569799542,
    "fd_ju_ticks": 1,
    "max_zb_times": 1,
    "stagnation_kline_ticks": 7,
    "decline_kline_ticks": 34,
    "yang_yin_threshold": 0.01462733171246401,
    "stagnation_n": 30,
    "stagnation_volume_ratio_threshold": 47.26947273476728,
    "stagnation_ratio_threshold": 1496,
    "decline_volume_ratio_threshold": 13.374911962345928,
    "max_rebounds": 9,
    "decline_ratio_threshold": 17,
    "flxd_ticks": 74,
    "flzz_ticks": 611,
    "use_simiple_kline_strategy_flxd": true,
    "use_simiple_kline_strategy_flzz": true,
    "flzz_use_smooth_price": false,
    "flzz_zf_thresh": 0.06600947213882193,
    "kline_sell_flxd_zy": true,
    "kline_sell_flxd_zs": true,
    "kline_sell_flzz_zs": false,
    "kline_sell_flzz_zy": true,
    "last_open_price_hc_pct": -0.0001890052281137704,
    "open_price_max_hc": -0.01581241737586209,
    "loss_per_step_tick_gap": 1,
    "loss_cold_start_steps": 3,
    "loss_max_abserve_tick_steps": 405,
    "loss_max_abserce_avg_price_down_steps": 3,
    "loss_dynamic_hc_stop_profit_thres": 0.8211125336949854,
    "loss_last_close_price_hc_pct": -0.061197913672402494,
    "loss_last_open_price_hc_pct": -0.007995706753136819,
    "loss_open_price_max_hc": -0.06845880729173857,
    "loss_down_open_sell_wait_time": false,
    "down_open_sell_wait_time": true,
    "stop_profit_pct": 0.0,
    "static_hc_stop_profit_pct": 1.0,
    "loss_static_hc_stop_profit_pct": 1.0
  },
  "timestamp": "2025-08-28T20:58:03.904824",
  "individual": [
    1.1208688915794844,
    1.2552955847577218,
    596.4714567519885,
    1.0,
    -0.009542855771846687,
    4.543639171443488,
    -0.029470869785371775,
    0.8615599831155893,
    0.005482179188313068,
    119731823.53787217,
    0.5541009569799542,
    1.145058295437369,
    1.182481591707447,
    7.183849625018104,
    33.69981916892292,
    0.01462733171246401,
    29.891454275155354,
    47.26947273476728,
    1495.5038166617944,
    13.374911962345928,
    9.492199500337485,
    17.40267454277487,
    73.80260253524276,
    611.2234020739882,
    1,
    1,
    0,
    0.06600947213882193,
    1,
    1,
    0,
    1,
    -0.0001890052281137704,
    -0.01581241737586209,
    1.1964628957344945,
    2.6200330617574545,
    404.95320581837893,
    2.6158877895572465,
    0.8211125336949854,
    -0.061197913672402494,
    -0.007995706753136819,
    -0.06845880729173857,
    0,
    1
  ]
}