{
  "generation": 40,
  "fitness": 5.72801432791547,
  "total_return": 68.65946500000001,
  "max_drawdown": 0.30801184699448714,
  "sharpe_ratio": 5.121298227360437,
  "params": {
    "per_step_tick_gap": 1,
    "cold_start_steps": 1,
    "max_abserve_tick_steps": 569,
    "max_abserce_avg_price_down_steps": 7,
    "stop_profit_open_hc_pct": -0.06614238657045125,
    "dynamic_hc_stop_profit_thres": 6.2271557500852515,
    "last_close_price_hc_pct": -0.029416631722782985,
    "last_day_sell_thres": 0.7205289980527445,
    "last_day_sell_huiche": 0.0059721724883845025,
    "fd_mount": 126868749,
    "fd_vol_pct": 0.5153789471178404,
    "fd_ju_ticks": 1,
    "max_zb_times": 1,
    "stagnation_kline_ticks": 7,
    "decline_kline_ticks": 47,
    "yang_yin_threshold": 0.023281692856882717,
    "stagnation_n": 26,
    "stagnation_volume_ratio_threshold": 47.53195215355172,
    "stagnation_ratio_threshold": 1243,
    "decline_volume_ratio_threshold": 10.08882296325191,
    "max_rebounds": 9,
    "decline_ratio_threshold": 40,
    "flxd_ticks": 6,
    "flzz_ticks": 674,
    "use_simiple_kline_strategy_flxd": true,
    "use_simiple_kline_strategy_flzz": true,
    "flzz_use_smooth_price": false,
    "flzz_zf_thresh": 0.0620110193947231,
    "kline_sell_flxd_zy": true,
    "kline_sell_flxd_zs": true,
    "kline_sell_flzz_zs": false,
    "kline_sell_flzz_zy": true,
    "last_open_price_hc_pct": -0.002030761842313721,
    "open_price_max_hc": -0.016008479336605114,
    "loss_per_step_tick_gap": 1,
    "loss_cold_start_steps": 2,
    "loss_max_abserve_tick_steps": 400,
    "loss_max_abserce_avg_price_down_steps": 8,
    "loss_dynamic_hc_stop_profit_thres": 4.1255344872938355,
    "loss_last_close_price_hc_pct": -0.06401733002693312,
    "loss_last_open_price_hc_pct": -0.01055524964656541,
    "loss_open_price_max_hc": -0.06588951602503285,
    "loss_down_open_sell_wait_time": false,
    "down_open_sell_wait_time": true,
    "stop_profit_pct": 0.0,
    "static_hc_stop_profit_pct": 1.0,
    "loss_static_hc_stop_profit_pct": 1.0
  },
  "timestamp": "2025-08-28T20:42:20.538198",
  "individual": [
    1.307434883417598,
    1.1436329614013665,
    568.9201928414224,
    7.2445016403537394,
    -0.06614238657045125,
    6.2271557500852515,
    -0.029416631722782985,
    0.7205289980527445,
    0.0059721724883845025,
    126868748.64107937,
    0.5153789471178404,
    1.0488964194114063,
    1.0,
    6.55082112967089,
    47.489367767986735,
    0.023281692856882717,
    25.607864215462293,
    47.53195215355172,
    1242.8536032658847,
    10.08882296325191,
    8.698596461048938,
    40.3032688276454,
    5.714578345187934,
    673.693291050567,
    1,
    1,
    0,
    0.0620110193947231,
    1,
    1,
    0,
    1,
    -0.002030761842313721,
    -0.016008479336605114,
    1.1920026736576177,
    2.3652572107013974,
    400.13156447090387,
    7.525633730089844,
    4.1255344872938355,
    -0.06401733002693312,
    -0.01055524964656541,
    -0.06588951602503285,
    0,
    1
  ]
}