{
  "generation": 10,
  "fitness": 4.599426444658201,
  "total_return": 39.164910000000006,
  "max_drawdown": 0.30817418363377835,
  "sharpe_ratio": 4.636692811649506,
  "params": {
    "per_step_tick_gap": 5,
    "cold_start_steps": 0,
    "max_abserve_tick_steps": 526,
    "max_abserce_avg_price_down_steps": 10,
    "stop_profit_open_hc_pct": -0.023138960814115057,
    "dynamic_hc_stop_profit_thres": 6.198155956238153,
    "last_close_price_hc_pct": -0.03119082730540718,
    "last_day_sell_thres": 0.9079751311616553,
    "last_day_sell_huiche": 0.007602558492154875,
    "fd_mount": 138411086,
    "fd_vol_pct": 0.21411851253789976,
    "fd_ju_ticks": 7,
    "max_zb_times": 6,
    "stagnation_kline_ticks": 4,
    "decline_kline_ticks": 30,
    "yang_yin_threshold": 0.019740494182493688,
    "stagnation_n": 30,
    "stagnation_volume_ratio_threshold": 35.47104533952549,
    "stagnation_ratio_threshold": 1105,
    "decline_volume_ratio_threshold": 15.44814800739807,
    "max_rebounds": 10,
    "decline_ratio_threshold": 347,
    "flxd_ticks": 0,
    "flzz_ticks": 613,
    "use_simiple_kline_strategy_flxd": true,
    "use_simiple_kline_strategy_flzz": true,
    "flzz_use_smooth_price": true,
    "flzz_zf_thresh": 0.04777542864919438,
    "kline_sell_flxd_zy": false,
    "kline_sell_flxd_zs": true,
    "kline_sell_flzz_zs": true,
    "kline_sell_flzz_zy": true,
    "last_open_price_hc_pct": -0.007382717087906231,
    "open_price_max_hc": -0.014367349443677218,
    "loss_per_step_tick_gap": 1,
    "loss_cold_start_steps": 2,
    "loss_max_abserve_tick_steps": 355,
    "loss_max_abserce_avg_price_down_steps": 6,
    "loss_dynamic_hc_stop_profit_thres": 5.793187301235639,
    "loss_last_close_price_hc_pct": -0.053233201882862013,
    "loss_last_open_price_hc_pct": -0.008529268479277718,
    "loss_open_price_max_hc": -0.06749212005243585,
    "loss_down_open_sell_wait_time": true,
    "down_open_sell_wait_time": false,
    "stop_profit_pct": 0.0,
    "static_hc_stop_profit_pct": 1.0,
    "loss_static_hc_stop_profit_pct": 1.0
  },
  "timestamp": "2025-08-28T20:26:33.029411",
  "individual": [
    4.574457552145184,
    0.0,
    526.4575979255537,
    10.287083365104829,
    -0.023138960814115057,
    6.198155956238153,
    -0.03119082730540718,
    0.9079751311616553,
    0.007602558492154875,
    138411085.5140248,
    0.21411851253789976,
    6.728480691150429,
    6.011743247764883,
    3.7170671612453674,
    29.79418151942141,
    0.019740494182493688,
    30.0,
    35.47104533952549,
    1104.855814259278,
    15.44814800739807,
    9.517534857392125,
    346.6569382920082,
    0.0,
    613.3380415544356,
    1,
    1,
    1,
    0.04777542864919438,
    0,
    1,
    1,
    1,
    -0.007382717087906231,
    -0.014367349443677218,
    1.0323025877188543,
    2.2587438111058438,
    354.6764702177071,
    5.9703003260169165,
    5.793187301235639,
    -0.053233201882862013,
    -0.008529268479277718,
    -0.06749212005243585,
    1,
    0
  ]
}