{
  "generation": 30,
  "fitness": 5.608345436427057,
  "total_return": 65.00999500000002,
  "max_drawdown": 0.3081008310361467,
  "sharpe_ratio": 5.085209710851069,
  "params": {
    "per_step_tick_gap": 1,
    "cold_start_steps": 2,
    "max_abserve_tick_steps": 622,
    "max_abserce_avg_price_down_steps": 11,
    "stop_profit_open_hc_pct": -0.062740600018201,
    "dynamic_hc_stop_profit_thres": 4.6220758161448705,
    "last_close_price_hc_pct": -0.029111703772348264,
    "last_day_sell_thres": 0.5774781661393915,
    "last_day_sell_huiche": 0.005580904603411061,
    "fd_mount": 116737594,
    "fd_vol_pct": 0.5006899028632381,
    "fd_ju_ticks": 1,
    "max_zb_times": 3,
    "stagnation_kline_ticks": 5,
    "decline_kline_ticks": 50,
    "yang_yin_threshold": 0.022015178722360716,
    "stagnation_n": 30,
    "stagnation_volume_ratio_threshold": 48.54406914930995,
    "stagnation_ratio_threshold": 1162,
    "decline_volume_ratio_threshold": 6.854609646878,
    "max_rebounds": 9,
    "decline_ratio_threshold": 59,
    "flxd_ticks": 12,
    "flzz_ticks": 535,
    "use_simiple_kline_strategy_flxd": true,
    "use_simiple_kline_strategy_flzz": true,
    "flzz_use_smooth_price": true,
    "flzz_zf_thresh": 0.06362564453978123,
    "kline_sell_flxd_zy": true,
    "kline_sell_flxd_zs": true,
    "kline_sell_flzz_zs": false,
    "kline_sell_flzz_zy": true,
    "last_open_price_hc_pct": -0.002115935078786234,
    "open_price_max_hc": -0.016200103045530743,
    "loss_per_step_tick_gap": 1,
    "loss_cold_start_steps": 2,
    "loss_max_abserve_tick_steps": 391,
    "loss_max_abserce_avg_price_down_steps": 6,
    "loss_dynamic_hc_stop_profit_thres": 0.8233089129288278,
    "loss_last_close_price_hc_pct": -0.05954296531945825,
    "loss_last_open_price_hc_pct": -0.007935123916525486,
    "loss_open_price_max_hc": -0.07089530629496298,
    "loss_down_open_sell_wait_time": false,
    "down_open_sell_wait_time": true,
    "stop_profit_pct": 0.0,
    "static_hc_stop_profit_pct": 1.0,
    "loss_static_hc_stop_profit_pct": 1.0
  },
  "timestamp": "2025-08-28T20:37:03.258877",
  "individual": [
    1.0966676067104069,
    2.3133195273116174,
    621.8854025976264,
    10.589604595414148,
    -0.062740600018201,
    4.6220758161448705,
    -0.029111703772348264,
    0.5774781661393915,
    0.005580904603411061,
    116737594.20736602,
    0.5006899028632381,
    1.1729371745245483,
    2.7270047007744758,
    4.769209848361572,
    50.0,
    0.022015178722360716,
    30.0,
    48.54406914930995,
    1161.8233691958799,
    6.854609646878,
    8.967348519698966,
    59.30503578045485,
    12.469629684846465,
    534.5768951403434,
    1,
    1,
    1,
    0.06362564453978123,
    1,
    1,
    0,
    1,
    -0.002115935078786234,
    -0.016200103045530743,
    1.1360057979121316,
    2.4878303809335414,
    391.0363626132844,
    6.471224938148081,
    0.8233089129288278,
    -0.05954296531945825,
    -0.007935123916525486,
    -0.07089530629496298,
    0,
    1
  ]
}