{
  "generation": 70,
  "fitness": 2.381610700805951,
  "total_return": 4.431695,
  "max_drawdown": 0.19554688155796182,
  "sharpe_ratio": 3.9158464726027677,
  "params": {
    "per_step_tick_gap": 23,
    "cold_start_steps": 9,
    "max_abserve_tick_steps": 729,
    "max_abserce_avg_price_down_steps": 14,
    "stop_profit_open_hc_pct": -0.11708894645201344,
    "dynamic_hc_stop_profit_thres": 4.206657296380971,
    "last_close_price_hc_pct": -0.009130349655387698,
    "last_day_sell_thres": 0.9285497233352384,
    "last_day_sell_huiche": 0.014866836877843998,
    "fd_mount": 142823577,
    "fd_vol_pct": 0.36008151975566394,
    "fd_ju_ticks": 34,
    "max_zb_times": 1,
    "stagnation_kline_ticks": 25,
    "decline_kline_ticks": 50,
    "yang_yin_threshold": 0.008854777140557839,
    "stagnation_n": 27,
    "stagnation_volume_ratio_threshold": 38.60058950197815,
    "stagnation_ratio_threshold": 765,
    "decline_volume_ratio_threshold": 10.14764124725285,
    "max_rebounds": 11,
    "decline_ratio_threshold": 324,
    "flxd_ticks": 243,
    "flzz_ticks": 907,
    "use_simiple_kline_strategy_flxd": true,
    "use_simiple_kline_strategy_flzz": true,
    "flzz_use_smooth_price": true,
    "flzz_zf_thresh": 0.03843228518905137,
    "kline_sell_flxd_zy": true,
    "kline_sell_flxd_zs": false,
    "kline_sell_flzz_zs": true,
    "kline_sell_flzz_zy": true,
    "last_open_price_hc_pct": -0.033374594520511024,
    "open_price_max_hc": 0.0,
    "loss_per_step_tick_gap": 22,
    "loss_cold_start_steps": 10,
    "loss_max_abserve_tick_steps": 171,
    "loss_max_abserce_avg_price_down_steps": 3,
    "loss_dynamic_hc_stop_profit_thres": 0.01,
    "loss_last_close_price_hc_pct": -0.0049736079744542305,
    "loss_last_open_price_hc_pct": 0.006361246766659305,
    "loss_open_price_max_hc": -0.05877908760336918,
    "loss_down_open_sell_wait_time": true,
    "down_open_sell_wait_time": true,
    "day_zy_line": 5.34307454946599e-05,
    "day_zs_line": -0.0757673843766847,
    "sell_afternoon": true,
    "sell_half_afternoon": true,
    "sell_max_days": 1,
    "stop_profit_pct": 0.0,
    "static_hc_stop_profit_pct": 1.0,
    "loss_static_hc_stop_profit_pct": 1.0
  },
  "timestamp": "2025-09-07T20:01:35.770018",
  "individual": [
    23.459062462192925,
    9.01908050335017,
    728.8099369142083,
    13.609958572370479,
    -0.11708894645201344,
    4.206657296380971,
    -0.009130349655387698,
    0.9285497233352384,
    0.014866836877843998,
    142823577.39152497,
    0.36008151975566394,
    34.441771264678685,
    1.0,
    25.424365907819162,
    49.87051946231426,
    0.008854777140557839,
    26.5881142114047,
    38.60058950197815,
    764.764486893246,
    10.14764124725285,
    10.679765500515872,
    323.6604422404496,
    243.43453685719317,
    906.6582986587573,
    1,
    1,
    1,
    0.03843228518905137,
    1,
    0,
    1,
    1,
    -0.033374594520511024,
    0.0,
    21.84005420366631,
    9.507153408741551,
    170.59661250549544,
    2.755556009198902,
    0.01,
    -0.0049736079744542305,
    0.006361246766659305,
    -0.05877908760336918,
    1,
    1,
    5.34307454946599e-05,
    -0.0757673843766847,
    1,
    1,
    1.0288097928273436
  ],
  "max_drawdown_threshold": 0.25,
  "strategy_name": "\u542f\u52a8\u4f4e\u54387\u5929"
}