{
  "generation": 60,
  "fitness": 2.364127131375909,
  "total_return": 4.363145,
  "max_drawdown": 0.19464450600184666,
  "sharpe_ratio": 3.885057292961789,
  "params": {
    "per_step_tick_gap": 23,
    "cold_start_steps": 10,
    "max_abserve_tick_steps": 714,
    "max_abserce_avg_price_down_steps": 14,
    "stop_profit_open_hc_pct": -0.1239973180696678,
    "dynamic_hc_stop_profit_thres": 4.048985675773443,
    "last_close_price_hc_pct": -0.012805605538777451,
    "last_day_sell_thres": 0.9776118057841261,
    "last_day_sell_huiche": 0.016307205262286913,
    "fd_mount": 144916643,
    "fd_vol_pct": 0.38434966769096723,
    "fd_ju_ticks": 33,
    "max_zb_times": 20,
    "stagnation_kline_ticks": 25,
    "decline_kline_ticks": 50,
    "yang_yin_threshold": 0.0052199261073121,
    "stagnation_n": 28,
    "stagnation_volume_ratio_threshold": 37.05662185620308,
    "stagnation_ratio_threshold": 645,
    "decline_volume_ratio_threshold": 28.18137035523411,
    "max_rebounds": 11,
    "decline_ratio_threshold": 399,
    "flxd_ticks": 224,
    "flzz_ticks": 1916,
    "use_simiple_kline_strategy_flxd": false,
    "use_simiple_kline_strategy_flzz": true,
    "flzz_use_smooth_price": true,
    "flzz_zf_thresh": 0.03805465441062273,
    "kline_sell_flxd_zy": true,
    "kline_sell_flxd_zs": false,
    "kline_sell_flzz_zs": true,
    "kline_sell_flzz_zy": true,
    "last_open_price_hc_pct": -0.020347942334012353,
    "open_price_max_hc": 0.0,
    "loss_per_step_tick_gap": 22,
    "loss_cold_start_steps": 9,
    "loss_max_abserve_tick_steps": 175,
    "loss_max_abserce_avg_price_down_steps": 2,
    "loss_dynamic_hc_stop_profit_thres": 7.359964065204718,
    "loss_last_close_price_hc_pct": 0.00034674466133910106,
    "loss_last_open_price_hc_pct": 0.00632749728765312,
    "loss_open_price_max_hc": -0.05434230509603108,
    "loss_down_open_sell_wait_time": true,
    "down_open_sell_wait_time": true,
    "day_zy_line": 4.816650817780884e-05,
    "day_zs_line": -0.07753058105877426,
    "sell_afternoon": true,
    "sell_half_afternoon": true,
    "sell_max_days": 1,
    "stop_profit_pct": 0.0,
    "static_hc_stop_profit_pct": 1.0,
    "loss_static_hc_stop_profit_pct": 1.0
  },
  "timestamp": "2025-09-07T19:57:45.850875",
  "individual": [
    23.326992429148763,
    10.137148054834405,
    713.7146196215749,
    14.370713638961398,
    -0.1239973180696678,
    4.048985675773443,
    -0.012805605538777451,
    0.9776118057841261,
    0.016307205262286913,
    144916643.1441989,
    0.38434966769096723,
    33.354218096522956,
    19.565554825320703,
    25.326650506652893,
    49.82748000991549,
    0.0052199261073121,
    27.9142903334495,
    37.05662185620308,
    644.7845077924042,
    28.18137035523411,
    10.818506998173548,
    398.9310503740836,
    223.9611642576524,
    1915.657500427722,
    0,
    1,
    1,
    0.03805465441062273,
    1,
    0,
    1,
    1,
    -0.020347942334012353,
    0.0,
    21.837648281629043,
    9.180133362315626,
    174.8841139849638,
    1.9290432328427227,
    7.359964065204718,
    0.00034674466133910106,
    0.00632749728765312,
    -0.05434230509603108,
    1,
    1,
    4.816650817780884e-05,
    -0.07753058105877426,
    1,
    1,
    1.028415689339416
  ],
  "max_drawdown_threshold": 0.25,
  "strategy_name": "\u542f\u52a8\u4f4e\u54387\u5929"
}