{
  "params": {
    "per_step_tick_gap": 15,
    "cold_start_steps": 30,
    "max_abserve_tick_steps": 267,
    "max_abserce_avg_price_down_steps": 11,
    "stop_profit_open_hc_pct": -0.1323743557469863,
    "dynamic_hc_stop_profit_thres": 3.8683351506172112,
    "last_close_price_hc_pct": -0.010949400739614696,
    "last_day_sell_thres": 0.6572873738297137,
    "last_day_sell_huiche": 0.004570378536209046,
    "fd_mount": 68224484,
    "fd_vol_pct": 0.6348096197672634,
    "fd_ju_ticks": 15,
    "max_zb_times": 18,
    "stagnation_kline_ticks": 48,
    "decline_kline_ticks": 25,
    "yang_yin_threshold": 0.026442009169563806,
    "stagnation_n": 24,
    "stagnation_volume_ratio_threshold": 52.17736411052479,
    "stagnation_ratio_threshold": 740,
    "decline_volume_ratio_threshold": 9.417024640133093,
    "max_rebounds": 5,
    "decline_ratio_threshold": 457,
    "flxd_ticks": 205,
    "flzz_ticks": 1471,
    "use_simiple_kline_strategy_flxd": true,
    "use_simiple_kline_strategy_flzz": true,
    "flzz_use_smooth_price": true,
    "flzz_zf_thresh": 0.05066331520963483,
    "kline_sell_flxd_zy": false,
    "kline_sell_flxd_zs": true,
    "kline_sell_flzz_zs": true,
    "kline_sell_flzz_zy": false,
    "last_open_price_hc_pct": -0.005253735577482365,
    "open_price_max_hc": -0.08796521547633179,
    "loss_per_step_tick_gap": 10,
    "loss_cold_start_steps": 3,
    "loss_max_abserve_tick_steps": 381,
    "loss_max_abserce_avg_price_down_steps": 14,
    "loss_dynamic_hc_stop_profit_thres": 6.177075383085461,
    "loss_last_close_price_hc_pct": -0.03748823754656959,
    "loss_last_open_price_hc_pct": -0.05390628510640784,
    "loss_open_price_max_hc": -0.03643808828208933,
    "loss_down_open_sell_wait_time": false,
    "down_open_sell_wait_time": true,
    "day_zy_line": 0.9999834157012604,
    "day_zs_line": -0.010762575810320908,
    "sell_afternoon": false,
    "sell_half_afternoon": false,
    "sell_max_days": 4,
    "stop_profit_pct": 0.0,
    "static_hc_stop_profit_pct": 1.0,
    "loss_static_hc_stop_profit_pct": 1.0
  },
  "fitness": 4.7910014526038704,
  "return": 12.469695,
  "drawdown": 0.10719005913112703,
  "sharpe": 10.393819945670257,
  "individual": [
    14.717700863743278,
    29.845280014371813,
    267.16050696700177,
    10.759175368247911,
    -0.1323743557469863,
    3.8683351506172112,
    -0.010949400739614696,
    0.6572873738297137,
    0.004570378536209046,
    68224483.90959269,
    0.6348096197672634,
    15.299650873206101,
    17.9841186602689,
    47.881909119476,
    24.69705798717329,
    0.026442009169563806,
    23.874150646893735,
    52.17736411052479,
    739.5806780833814,
    9.417024640133093,
    5.029289756404831,
    456.9607829894765,
    204.76525840946184,
    1471.4563014714827,
    1,
    1,
    1,
    0.05066331520963483,
    0,
    1,
    1,
    0,
    -0.005253735577482365,
    -0.08796521547633179,
    9.7663801963935,
    3.1229640640777228,
    381.467463681221,
    14.439653536329917,
    6.177075383085461,
    -0.03748823754656959,
    -0.05390628510640784,
    -0.03643808828208933,
    0,
    1,
    0.9999834157012604,
    -0.010762575810320908,
    0,
    0,
    3.717218761331627
  ],
  "max_drawdown_threshold": 0.15,
  "strategy_name": "\u4e2d\u4f4d\u4e2d\u5f3a\u5c0f\u4f4e\u5f00\u4f4e\u5438"
}