{
  "generation": 40,
  "fitness": 4.625844006633685,
  "total_return": 11.667375,
  "max_drawdown": 0.11662804523480953,
  "sharpe_ratio": 10.09823563805194,
  "params": {
    "per_step_tick_gap": 13,
    "cold_start_steps": 31,
    "max_abserve_tick_steps": 813,
    "max_abserce_avg_price_down_steps": 10,
    "stop_profit_open_hc_pct": -0.1003864414902822,
    "dynamic_hc_stop_profit_thres": 4.970675033354994,
    "last_close_price_hc_pct": -0.02088148518733057,
    "last_day_sell_thres": 0.6126052164996373,
    "last_day_sell_huiche": 0.012206332824283593,
    "fd_mount": 66906495,
    "fd_vol_pct": 0.1254120772666318,
    "fd_ju_ticks": 17,
    "max_zb_times": 22,
    "stagnation_kline_ticks": 15,
    "decline_kline_ticks": 4,
    "yang_yin_threshold": 0.026105440149316088,
    "stagnation_n": 24,
    "stagnation_volume_ratio_threshold": 63.12351438354771,
    "stagnation_ratio_threshold": 673,
    "decline_volume_ratio_threshold": 8.220107959615513,
    "max_rebounds": 7,
    "decline_ratio_threshold": 766,
    "flxd_ticks": 304,
    "flzz_ticks": 803,
    "use_simiple_kline_strategy_flxd": true,
    "use_simiple_kline_strategy_flzz": true,
    "flzz_use_smooth_price": false,
    "flzz_zf_thresh": 0.06116600120707734,
    "kline_sell_flxd_zy": false,
    "kline_sell_flxd_zs": true,
    "kline_sell_flzz_zs": true,
    "kline_sell_flzz_zy": false,
    "last_open_price_hc_pct": 0.006031492415025065,
    "open_price_max_hc": -0.04108837719495371,
    "loss_per_step_tick_gap": 10,
    "loss_cold_start_steps": 7,
    "loss_max_abserve_tick_steps": 462,
    "loss_max_abserce_avg_price_down_steps": 15,
    "loss_dynamic_hc_stop_profit_thres": 4.801455652160287,
    "loss_last_close_price_hc_pct": -0.04025335494788121,
    "loss_last_open_price_hc_pct": -0.020177719943464494,
    "loss_open_price_max_hc": -0.03921021372772257,
    "loss_down_open_sell_wait_time": true,
    "down_open_sell_wait_time": false,
    "day_zy_line": 0.9999918776275045,
    "day_zs_line": -0.009996607799959253,
    "sell_afternoon": false,
    "sell_half_afternoon": true,
    "sell_max_days": 4,
    "stop_profit_pct": 0.0,
    "static_hc_stop_profit_pct": 1.0,
    "loss_static_hc_stop_profit_pct": 1.0
  },
  "timestamp": "2025-09-06T17:58:40.191497",
  "individual": [
    13.32765276053572,
    30.700596050760442,
    812.5479375393024,
    10.463541831528572,
    -0.1003864414902822,
    4.970675033354994,
    -0.02088148518733057,
    0.6126052164996373,
    0.012206332824283593,
    66906495.38400813,
    0.1254120772666318,
    16.565185633076272,
    21.771480104083846,
    14.571098092530644,
    4.374562007136248,
    0.026105440149316088,
    24.081575134662046,
    63.12351438354771,
    673.1146448797957,
    8.220107959615513,
    6.592643997700697,
    765.5712237843953,
    303.70999348330645,
    803.1117271882042,
    1,
    1,
    0,
    0.06116600120707734,
    0,
    1,
    1,
    0,
    0.006031492415025065,
    -0.04108837719495371,
    9.937414555314385,
    6.9375742321475995,
    462.3641085076794,
    14.956064264814156,
    4.801455652160287,
    -0.04025335494788121,
    -0.020177719943464494,
    -0.03921021372772257,
    1,
    0,
    0.9999918776275045,
    -0.009996607799959253,
    0,
    1,
    3.7143785825542777
  ],
  "max_drawdown_threshold": 0.15,
  "strategy_name": "\u4e2d\u4f4d\u4e2d\u5f3a\u5c0f\u4f4e\u5f00\u4f4e\u5438"
}