{
  "generation": 90,
  "fitness": 4.757513773639733,
  "total_return": 12.27949,
  "max_drawdown": 0.10723697114933609,
  "sharpe_ratio": 10.333397763833354,
  "params": {
    "per_step_tick_gap": 15,
    "cold_start_steps": 32,
    "max_abserve_tick_steps": 336,
    "max_abserce_avg_price_down_steps": 12,
    "stop_profit_open_hc_pct": -0.15,
    "dynamic_hc_stop_profit_thres": 1.2035481746758174,
    "last_close_price_hc_pct": -0.015721682184760128,
    "last_day_sell_thres": 0.6732110261492212,
    "last_day_sell_huiche": 0.01037521728668125,
    "fd_mount": 68566581,
    "fd_vol_pct": 0.5528013864648491,
    "fd_ju_ticks": 17,
    "max_zb_times": 16,
    "stagnation_kline_ticks": 48,
    "decline_kline_ticks": 20,
    "yang_yin_threshold": 0.023363054351048886,
    "stagnation_n": 24,
    "stagnation_volume_ratio_threshold": 68.78838810845127,
    "stagnation_ratio_threshold": 1025,
    "decline_volume_ratio_threshold": 1.9083911765982684,
    "max_rebounds": 4,
    "decline_ratio_threshold": 868,
    "flxd_ticks": 249,
    "flzz_ticks": 1683,
    "use_simiple_kline_strategy_flxd": true,
    "use_simiple_kline_strategy_flzz": true,
    "flzz_use_smooth_price": true,
    "flzz_zf_thresh": 0.042676190260530246,
    "kline_sell_flxd_zy": false,
    "kline_sell_flxd_zs": true,
    "kline_sell_flzz_zs": true,
    "kline_sell_flzz_zy": false,
    "last_open_price_hc_pct": 0.0014062470044927573,
    "open_price_max_hc": -0.055437528988557035,
    "loss_per_step_tick_gap": 10,
    "loss_cold_start_steps": 3,
    "loss_max_abserve_tick_steps": 420,
    "loss_max_abserce_avg_price_down_steps": 14,
    "loss_dynamic_hc_stop_profit_thres": 4.8310709723560255,
    "loss_last_close_price_hc_pct": -0.03632473136998387,
    "loss_last_open_price_hc_pct": -0.06233753206457807,
    "loss_open_price_max_hc": -0.03824818692462728,
    "loss_down_open_sell_wait_time": false,
    "down_open_sell_wait_time": false,
    "day_zy_line": 0.9991479310377667,
    "day_zs_line": -0.010821984094389798,
    "sell_afternoon": false,
    "sell_half_afternoon": false,
    "sell_max_days": 4,
    "stop_profit_pct": 0.0,
    "static_hc_stop_profit_pct": 1.0,
    "loss_static_hc_stop_profit_pct": 1.0
  },
  "timestamp": "2025-09-06T18:02:34.978451",
  "individual": [
    15.130758740697337,
    31.844692501139644,
    336.18151501057724,
    12.334583255925711,
    -0.15,
    1.2035481746758174,
    -0.015721682184760128,
    0.6732110261492212,
    0.01037521728668125,
    68566580.85753205,
    0.5528013864648491,
    16.69934039674698,
    16.053941427657165,
    48.043417266137155,
    19.80674379176736,
    0.023363054351048886,
    24.11232746087696,
    68.78838810845127,
    1024.62934506055,
    1.9083911765982684,
    4.441592069416463,
    867.6621783300998,
    249.372241112494,
    1683.0468353279489,
    1,
    1,
    1,
    0.042676190260530246,
    0,
    1,
    1,
    0,
    0.0014062470044927573,
    -0.055437528988557035,
    9.529531523492883,
    3.2865761707691874,
    420.4591018139093,
    14.021709026817863,
    4.8310709723560255,
    -0.03632473136998387,
    -0.06233753206457807,
    -0.03824818692462728,
    0,
    0,
    0.9991479310377667,
    -0.010821984094389798,
    0,
    0,
    3.702556513724209
  ],
  "max_drawdown_threshold": 0.15,
  "strategy_name": "\u4e2d\u4f4d\u4e2d\u5f3a\u5c0f\u4f4e\u5f00\u4f4e\u5438"
}