{
  "generation": 30,
  "fitness": 4.589077249582603,
  "total_return": 11.49291,
  "max_drawdown": 0.11867191774476324,
  "sharpe_ratio": 10.03051591813605,
  "params": {
    "per_step_tick_gap": 14,
    "cold_start_steps": 31,
    "max_abserve_tick_steps": 822,
    "max_abserce_avg_price_down_steps": 10,
    "stop_profit_open_hc_pct": -0.10919343815657834,
    "dynamic_hc_stop_profit_thres": 5.336207661045783,
    "last_close_price_hc_pct": -0.02045230247622608,
    "last_day_sell_thres": 0.6124687240757668,
    "last_day_sell_huiche": 0.01215718001333168,
    "fd_mount": 71144761,
    "fd_vol_pct": 0.3069720221461438,
    "fd_ju_ticks": 18,
    "max_zb_times": 25,
    "stagnation_kline_ticks": 12,
    "decline_kline_ticks": 10,
    "yang_yin_threshold": 0.024612524831467496,
    "stagnation_n": 24,
    "stagnation_volume_ratio_threshold": 67.81382664379024,
    "stagnation_ratio_threshold": 683,
    "decline_volume_ratio_threshold": 1.1589189881419135,
    "max_rebounds": 10,
    "decline_ratio_threshold": 1130,
    "flxd_ticks": 301,
    "flzz_ticks": 802,
    "use_simiple_kline_strategy_flxd": true,
    "use_simiple_kline_strategy_flzz": true,
    "flzz_use_smooth_price": false,
    "flzz_zf_thresh": 0.041643234409832745,
    "kline_sell_flxd_zy": false,
    "kline_sell_flxd_zs": true,
    "kline_sell_flzz_zs": true,
    "kline_sell_flzz_zy": true,
    "last_open_price_hc_pct": -0.0034892322420245147,
    "open_price_max_hc": -0.018339821734189715,
    "loss_per_step_tick_gap": 18,
    "loss_cold_start_steps": 7,
    "loss_max_abserve_tick_steps": 151,
    "loss_max_abserce_avg_price_down_steps": 14,
    "loss_dynamic_hc_stop_profit_thres": 4.990664531268796,
    "loss_last_close_price_hc_pct": -0.03984581906207672,
    "loss_last_open_price_hc_pct": -0.022687357860296756,
    "loss_open_price_max_hc": -0.03830447210044188,
    "loss_down_open_sell_wait_time": true,
    "down_open_sell_wait_time": false,
    "day_zy_line": 1.0,
    "day_zs_line": -0.01092591668297115,
    "sell_afternoon": false,
    "sell_half_afternoon": true,
    "sell_max_days": 4,
    "stop_profit_pct": 0.0,
    "static_hc_stop_profit_pct": 1.0,
    "loss_static_hc_stop_profit_pct": 1.0
  },
  "timestamp": "2025-09-06T17:57:49.609350",
  "individual": [
    13.662213080743733,
    31.022836909771026,
    822.3723140448269,
    9.59251747278258,
    -0.10919343815657834,
    5.336207661045783,
    -0.02045230247622608,
    0.6124687240757668,
    0.01215718001333168,
    71144761.08201945,
    0.3069720221461438,
    17.545029983860744,
    25.003175379340227,
    12.117807252807648,
    9.94714251426092,
    0.024612524831467496,
    24.097684399374582,
    67.81382664379024,
    683.1568511223733,
    1.1589189881419135,
    10.293386815333044,
    1130.3155785296453,
    300.7995385134092,
    802.4267610837576,
    1,
    1,
    0,
    0.041643234409832745,
    0,
    1,
    1,
    1,
    -0.0034892322420245147,
    -0.018339821734189715,
    18.148521057635026,
    6.6920161929302076,
    150.63533497493137,
    14.418898239470318,
    4.990664531268796,
    -0.03984581906207672,
    -0.022687357860296756,
    -0.03830447210044188,
    1,
    0,
    1.0,
    -0.01092591668297115,
    0,
    1,
    3.7290737322188727
  ],
  "max_drawdown_threshold": 0.15,
  "strategy_name": "\u4e2d\u4f4d\u4e2d\u5f3a\u5c0f\u4f4e\u5f00\u4f4e\u5438"
}