{
  "generation": 10,
  "fitness": 4.2378880562581775,
  "total_return": 8.61226,
  "max_drawdown": 0.15291546424637528,
  "sharpe_ratio": 11.449262640706982,
  "params": {
    "per_step_tick_gap": 15,
    "cold_start_steps": 33,
    "max_abserve_tick_steps": 1,
    "max_abserce_avg_price_down_steps": 12,
    "stop_profit_open_hc_pct": -0.1406972631980204,
    "dynamic_hc_stop_profit_thres": 4.7808331114314155,
    "last_close_price_hc_pct": -0.01275132689000864,
    "last_day_sell_thres": 0.2505578137222612,
    "last_day_sell_huiche": 0.007081864673340793,
    "fd_mount": 72540185,
    "fd_vol_pct": 0.2359677865033598,
    "fd_ju_ticks": 12,
    "max_zb_times": 2,
    "stagnation_kline_ticks": 3,
    "decline_kline_ticks": 34,
    "yang_yin_threshold": 0.025287512410057972,
    "stagnation_n": 18,
    "stagnation_volume_ratio_threshold": 56.159405495853285,
    "stagnation_ratio_threshold": 1500,
    "decline_volume_ratio_threshold": 83.78450572353967,
    "max_rebounds": 2,
    "decline_ratio_threshold": 1108,
    "flxd_ticks": 334,
    "flzz_ticks": 1592,
    "use_simiple_kline_strategy_flxd": false,
    "use_simiple_kline_strategy_flzz": true,
    "flzz_use_smooth_price": true,
    "flzz_zf_thresh": -0.003424731175436597,
    "kline_sell_flxd_zy": false,
    "kline_sell_flxd_zs": false,
    "kline_sell_flzz_zs": false,
    "kline_sell_flzz_zy": true,
    "last_open_price_hc_pct": -0.0039057807798159976,
    "open_price_max_hc": -0.0255548147706341,
    "loss_per_step_tick_gap": 25,
    "loss_cold_start_steps": 3,
    "loss_max_abserve_tick_steps": 371,
    "loss_max_abserce_avg_price_down_steps": 11,
    "loss_dynamic_hc_stop_profit_thres": 2.1947445909702563,
    "loss_last_close_price_hc_pct": -0.041189541140465816,
    "loss_last_open_price_hc_pct": -0.030171640158987732,
    "loss_open_price_max_hc": -0.015879059849383138,
    "loss_down_open_sell_wait_time": false,
    "down_open_sell_wait_time": false,
    "day_zy_line": 0.0713003141930044,
    "day_zs_line": -0.06220237667263705,
    "sell_afternoon": false,
    "sell_half_afternoon": false,
    "sell_max_days": 3,
    "stop_profit_pct": 0.0,
    "static_hc_stop_profit_pct": 1.0,
    "loss_static_hc_stop_profit_pct": 1.0
  },
  "timestamp": "2025-09-06T17:56:12.862757",
  "individual": [
    14.792774374882892,
    32.72069814653602,
    1.0,
    12.214848237139492,
    -0.1406972631980204,
    4.7808331114314155,
    -0.01275132689000864,
    0.2505578137222612,
    0.007081864673340793,
    72540184.93714128,
    0.2359677865033598,
    11.870893471046516,
    2.405014890272047,
    3.0,
    33.70127133548518,
    0.025287512410057972,
    17.70708571209242,
    56.159405495853285,
    1500.0,
    83.78450572353967,
    2.0382692901606214,
    1107.6260820855812,
    333.72542638792885,
    1592.1564203850685,
    0,
    1,
    1,
    -0.003424731175436597,
    0,
    0,
    0,
    1,
    -0.0039057807798159976,
    -0.0255548147706341,
    24.631664688046804,
    2.8203850874758385,
    370.71912418333443,
    11.15073587574743,
    2.1947445909702563,
    -0.041189541140465816,
    -0.030171640158987732,
    -0.015879059849383138,
    0,
    0,
    0.0713003141930044,
    -0.06220237667263705,
    0,
    0,
    3.3471585325101354
  ],
  "max_drawdown_threshold": 0.15,
  "strategy_name": "\u4e2d\u4f4d\u4e2d\u5f3a\u5c0f\u4f4e\u5f00\u4f4e\u5438"
}