{
  "generation": 60,
  "fitness": 4.6904430948106315,
  "total_return": 11.98509,
  "max_drawdown": 0.11374916586236228,
  "sharpe_ratio": 10.21815918495483,
  "params": {
    "per_step_tick_gap": 14,
    "cold_start_steps": 32,
    "max_abserve_tick_steps": 330,
    "max_abserce_avg_price_down_steps": 12,
    "stop_profit_open_hc_pct": -0.1281385863532402,
    "dynamic_hc_stop_profit_thres": 4.015444476287595,
    "last_close_price_hc_pct": -0.00040415682461563546,
    "last_day_sell_thres": 0.7103079843995936,
    "last_day_sell_huiche": 0.016830060193817727,
    "fd_mount": 68586760,
    "fd_vol_pct": 0.5578078306254797,
    "fd_ju_ticks": 18,
    "max_zb_times": 16,
    "stagnation_kline_ticks": 48,
    "decline_kline_ticks": 18,
    "yang_yin_threshold": 0.02431580151562893,
    "stagnation_n": 24,
    "stagnation_volume_ratio_threshold": 74.3069821388683,
    "stagnation_ratio_threshold": 1025,
    "decline_volume_ratio_threshold": 14.878191182639984,
    "max_rebounds": 5,
    "decline_ratio_threshold": 1079,
    "flxd_ticks": 256,
    "flzz_ticks": 1478,
    "use_simiple_kline_strategy_flxd": true,
    "use_simiple_kline_strategy_flzz": true,
    "flzz_use_smooth_price": true,
    "flzz_zf_thresh": 0.03992789104286569,
    "kline_sell_flxd_zy": false,
    "kline_sell_flxd_zs": true,
    "kline_sell_flzz_zs": true,
    "kline_sell_flzz_zy": false,
    "last_open_price_hc_pct": -0.0022918688146072517,
    "open_price_max_hc": -0.05237290200824983,
    "loss_per_step_tick_gap": 9,
    "loss_cold_start_steps": 6,
    "loss_max_abserve_tick_steps": 421,
    "loss_max_abserce_avg_price_down_steps": 15,
    "loss_dynamic_hc_stop_profit_thres": 4.728421769470377,
    "loss_last_close_price_hc_pct": -0.03633371446422426,
    "loss_last_open_price_hc_pct": -0.06709175140254947,
    "loss_open_price_max_hc": -0.03831182313977492,
    "loss_down_open_sell_wait_time": false,
    "down_open_sell_wait_time": false,
    "day_zy_line": 0.9997406219709274,
    "day_zs_line": -0.010730023597427881,
    "sell_afternoon": false,
    "sell_half_afternoon": true,
    "sell_max_days": 4,
    "stop_profit_pct": 0.0,
    "static_hc_stop_profit_pct": 1.0,
    "loss_static_hc_stop_profit_pct": 1.0
  },
  "timestamp": "2025-09-06T18:00:26.506521",
  "individual": [
    14.095891207237987,
    31.54129402525492,
    329.6458430271987,
    11.905777404009612,
    -0.1281385863532402,
    4.015444476287595,
    -0.00040415682461563546,
    0.7103079843995936,
    0.016830060193817727,
    68586759.6697824,
    0.5578078306254797,
    18.18480335843521,
    15.551764751144228,
    48,
    18,
    0.02431580151562893,
    24.075792089520277,
    74.3069821388683,
    1025,
    14.878191182639984,
    5.1260964888806715,
    1079.3339916718242,
    255.74736510052452,
    1478,
    1,
    1,
    1,
    0.03992789104286569,
    0,
    1,
    1,
    0,
    -0.0022918688146072517,
    -0.05237290200824983,
    9.372922769891733,
    5.6606740652896725,
    420.70731465058293,
    14.731312313933175,
    4.728421769470377,
    -0.03633371446422426,
    -0.06709175140254947,
    -0.03831182313977492,
    0,
    0,
    0.9997406219709274,
    -0.010730023597427881,
    0,
    1,
    3.7024508034052372
  ],
  "max_drawdown_threshold": 0.15,
  "strategy_name": "\u4e2d\u4f4d\u4e2d\u5f3a\u5c0f\u4f4e\u5f00\u4f4e\u5438"
}