{
  "generation": 60,
  "fitness": 5.448010208738194,
  "total_return": 50.86301,
  "max_drawdown": 0.3000108963489584,
  "sharpe_ratio": 4.83436642412804,
  "params": {
    "per_step_tick_gap": 2,
    "cold_start_steps": 5,
    "max_abserve_tick_steps": 416,
    "max_abserce_avg_price_down_steps": 1,
    "stop_profit_open_hc_pct": -0.025211264812416825,
    "dynamic_hc_stop_profit_thres": 1.9420730461746385,
    "last_close_price_hc_pct": 0.008409091727353938,
    "last_day_sell_thres": 0.7170359694012701,
    "last_day_sell_huiche": 0.013413376165516824,
    "fd_mount": 66282070,
    "fd_vol_pct": 0.75,
    "fd_ju_ticks": 1,
    "max_zb_times": 1,
    "stagnation_kline_ticks": 42,
    "decline_kline_ticks": 4,
    "yang_yin_threshold": 0.026209700776041542,
    "stagnation_n": 20,
    "stagnation_volume_ratio_threshold": 98.41052305611096,
    "stagnation_ratio_threshold": 1061,
    "decline_volume_ratio_threshold": 59.61978929957162,
    "max_rebounds": 8,
    "decline_ratio_threshold": 1404,
    "flxd_ticks": 117,
    "flzz_ticks": 1492,
    "use_simiple_kline_strategy_flxd": true,
    "use_simiple_kline_strategy_flzz": true,
    "flzz_use_smooth_price": true,
    "flzz_zf_thresh": 0.03477988640986264,
    "kline_sell_flxd_zy": true,
    "kline_sell_flxd_zs": false,
    "kline_sell_flzz_zs": true,
    "kline_sell_flzz_zy": true,
    "last_open_price_hc_pct": 0.01,
    "open_price_max_hc": -0.006912618922735739,
    "loss_per_step_tick_gap": 12,
    "loss_cold_start_steps": 4,
    "loss_max_abserve_tick_steps": 8,
    "loss_max_abserce_avg_price_down_steps": 14,
    "loss_dynamic_hc_stop_profit_thres": 5.52316873055948,
    "loss_last_close_price_hc_pct": -0.03268076907249909,
    "loss_last_open_price_hc_pct": -0.02965796897588772,
    "loss_open_price_max_hc": -0.0745612554665592,
    "loss_down_open_sell_wait_time": true,
    "down_open_sell_wait_time": true,
    "stop_profit_pct": 0.0,
    "static_hc_stop_profit_pct": 1.0,
    "loss_static_hc_stop_profit_pct": 1.0
  },
  "timestamp": "2025-08-28T17:37:16.018109",
  "individual": [
    1.968100467956302,
    5.195325209355006,
    416.2848663073439,
    1.0599116892169156,
    -0.025211264812416825,
    1.9420730461746385,
    0.008409091727353938,
    0.7170359694012701,
    0.013413376165516824,
    66282070.34970994,
    0.75,
    1.087918261685289,
    1.041646380947789,
    41.95272150186161,
    4.423135338354021,
    0.026209700776041542,
    19.961047007200367,
    98.41052305611096,
    1060.9728566963354,
    59.61978929957162,
    7.9775632411145585,
    1403.8154616126349,
    116.7398534904126,
    1492.3171868418435,
    1,
    1,
    1,
    0.03477988640986264,
    1,
    0,
    1,
    1,
    0.01,
    -0.006912618922735739,
    12.267237793927405,
    4.473269207125391,
    7.948972381313696,
    13.935340090224095,
    5.52316873055948,
    -0.03268076907249909,
    -0.02965796897588772,
    -0.0745612554665592,
    1,
    1
  ]
}