{
  "params": {
    "per_step_tick_gap": 21,
    "cold_start_steps": 7,
    "max_abserve_tick_steps": 343,
    "max_abserce_avg_price_down_steps": 4,
    "stop_profit_open_hc_pct": -0.05823835425784925,
    "dynamic_hc_stop_profit_thres": 2.4223838714865384,
    "last_close_price_hc_pct": 0.009985892096609605,
    "last_day_sell_thres": 0.466629144051694,
    "last_day_sell_huiche": 0.008352366341437751,
    "fd_mount": 116647436,
    "fd_vol_pct": 0.29968201060958444,
    "fd_ju_ticks": 34,
    "max_zb_times": 10,
    "stagnation_kline_ticks": 13,
    "decline_kline_ticks": 31,
    "yang_yin_threshold": 0.023215946289017436,
    "stagnation_n": 27,
    "stagnation_volume_ratio_threshold": 32.13811823702836,
    "stagnation_ratio_threshold": 700,
    "decline_volume_ratio_threshold": 52.65023306840987,
    "max_rebounds": 7,
    "decline_ratio_threshold": 390,
    "flxd_ticks": 293,
    "flzz_ticks": 1631,
    "kline_sell_only_zy": false,
    "window_size": 14,
    "use_simiple_kline_strategy_flxd": false,
    "use_simiple_kline_strategy_flzz": false,
    "flzz_use_smooth_price": true,
    "flzz_zf_thresh": -0.05174517387553999,
    "stop_profit_pct": 0.0,
    "static_hc_stop_profit_pct": 1.0
  },
  "fitness": 0.5516997017888284,
  "return": 8.135990000000005,
  "drawdown": 0.3949702505495351,
  "sharpe": 3.273602466427157,
  "individual": [
    21,
    7,
    343,
    4,
    -0.05823835425784925,
    2.4223838714865384,
    0.009985892096609605,
    0.466629144051694,
    0.008352366341437751,
    116647436,
    0.29968201060958444,
    34,
    10,
    13,
    31,
    0.023215946289017436,
    27,
    32.13811823702836,
    700,
    52.65023306840987,
    7,
    390,
    293,
    1631,
    0,
    14,
    0,
    0,
    1,
    -0.05174517387553999
  ]
}