{
  "params": {
    "per_step_tick_gap": 9,
    "cold_start_steps": 8,
    "max_abserve_tick_steps": 160,
    "max_abserce_avg_price_down_steps": 8,
    "stop_profit_open_hc_pct": -0.03780388383587395,
    "dynamic_hc_stop_profit_thres": 2.0757698052403946,
    "last_close_price_hc_pct": -0.0032443755723451876,
    "last_day_sell_thres": 0.010344327679956399,
    "last_day_sell_huiche": 0.0010091275572694514,
    "fd_mount": 50000000,
    "fd_vol_pct": 0.4165288583623663,
    "fd_ju_ticks": 17,
    "max_zb_times": 11,
    "stagnation_kline_ticks": 13,
    "decline_kline_ticks": 5,
    "yang_yin_threshold": 0.0019706919707861625,
    "stagnation_n": 7,
    "stagnation_volume_ratio_threshold": 17,
    "stagnation_ratio_threshold": 230,
    "decline_volume_ratio_threshold": 1,
    "max_rebounds": 5,
    "decline_ratio_threshold": 600,
    "flxd_ticks": 600,
    "kline_sell_only_zy": true,
    "window_size": 7,
    "stop_profit_pct": 0.0,
    "static_hc_stop_profit_pct": 1.0
  },
  "fitness": 2.47000275080907,
  "return": 0.4398899999999997,
  "drawdown": 0.020662871445380784,
  "sharpe": 12.792442766030387,
  "individual": [
    8.854381449975193,
    8.411323035025774,
    16.184236905314506,
    8.165777131538205,
    -0.03780388383587395,
    2.0757698052403946,
    -0.0032443755723451876,
    0.010344327679956399,
    0.0010091275572694514,
    5.155445770867111,
    0.4165288583623663,
    16.570331293126923,
    10.83327072487558,
    13.001788696246178,
    0.11293181263586259,
    0.0019706919707861625,
    6.57976546168171,
    16.613405985975298,
    22.916638525873502,
    -11.972476102302572,
    5.098370716328212,
    60.11992875933287,
    6.29921627466636,
    1.0,
    6.930263867941008
  ]
}