{
  "remaining_buy_down_min_pct": 0.09770343677815668,
  "max_strategy_down_pct": 5.7194752823476165,
  "base_buy_gap_ticks": 15,
  "base_buy_down_min_pct": -0.023031257490312644,
  "base_buy_times": 3,
  "base_max_buy_ticks": 1874,
  "max_buy_ticks": 2400,
  "base_budget_pct": 0.6655530415456794
}