{
  "optimization_date": "2025-08-24T04:45:34.756573",
  "total_generations": 31,
  "best_fitness": 2.47000275080907,
  "total_return": 0.4398899999999997,
  "max_drawdown": 0.020662871445380784,
  "sharpe_ratio": 12.792442766030387,
  "optimized_parameters": {
    "per_step_tick_gap": 9,
    "cold_start_steps": 8,
    "max_abserve_tick_steps": 160,
    "max_abserce_avg_price_down_steps": 8,
    "stop_profit_open_hc_pct": -0.03780388383587395,
    "dynamic_hc_stop_profit_thres": 2.0757698052403946,
    "last_close_price_hc_pct": -0.0032443755723451876,
    "last_day_sell_thres": 0.010344327679956399,
    "last_day_sell_huiche": 0.0010091275572694514,
    "fd_mount": 50000000,
    "fd_vol_pct": 0.4165288583623663,
    "fd_ju_ticks": 17,
    "max_zb_times": 11,
    "stagnation_kline_ticks": 13,
    "decline_kline_ticks": 5,
    "yang_yin_threshold": 0.0019706919707861625,
    "stagnation_n": 7,
    "stagnation_volume_ratio_threshold": 17,
    "stagnation_ratio_threshold": 230,
    "decline_volume_ratio_threshold": 1,
    "max_rebounds": 5,
    "decline_ratio_threshold": 600,
    "flxd_ticks": 600,
    "kline_sell_only_zy": true,
    "window_size": 7,
    "stop_profit_pct": 0.0,
    "static_hc_stop_profit_pct": 1.0
  },
  "optimization_history": {
    "generations": [
      0,
      1,
      2,
      3,
      4,
      5,
      6,
      7,
      8,
      9,
      10,
      11,
      12,
      13,
      14,
      15,
      16,
      17,
      18,
      19,
      20,
      21,
      22,
      23,
      24,
      25,
      26,
      27,
      28,
      29,
      30
    ],
    "best_fitness": [
      2.198563537515135,
      2.198563537515135,
      2.198563537515135,
      2.198563537515135,
      2.3037238164459097,
      2.3037238164459097,
      2.3037238164459097,
      2.3037238164459097,
      2.343909689062765,
      2.343909689062765,
      2.343909689062765,
      2.343909689062765,
      2.343909689062765,
      2.343909689062765,
      2.343909689062765,
      2.343909689062765,
      2.350397116185755,
      2.361197003657732,
      2.361197003657732,
      2.361197003657732,
      2.361197003657732,
      2.368143546795735,
      2.368143546795735,
      2.3756126350764637,
      2.3756126350764637,
      2.3756126350764637,
      2.3756126350764637,
      2.3756126350764637,
      2.466865438348839,
      2.466865438348839,
      2.47000275080907
    ],
    "best_return": [
      0.40681,
      0.40681,
      0.40681,
      0.40681,
      0.39578,
      0.39578,
      0.39578,
      0.39578,
      0.412225,
      0.412225,
      0.412225,
      0.412225,
      0.412225,
      0.412225,
      0.412225,
      0.412225,
      0.4085099999999997,
      0.4120199999999997,
      0.4120199999999997,
      0.4120199999999997,
      0.4120199999999997,
      0.4232050000000003,
      0.4232050000000003,
      0.42641500000000027,
      0.42641500000000027,
      0.42641500000000027,
      0.42641500000000027,
      0.42641500000000027,
      0.4388899999999997,
      0.4388899999999997,
      0.4398899999999997
    ],
    "best_drawdown": [
      0.0592667683048507,
      0.0592667683048507,
      0.0592667683048507,
      0.0592667683048507,
      0.04134672179562906,
      0.04134672179562906,
      0.04134672179562906,
      0.04134672179562906,
      0.04134068731438269,
      0.04134068731438269,
      0.04134068731438269,
      0.04134068731438269,
      0.04134068731438269,
      0.04134068731438269,
      0.04134068731438269,
      0.04134068731438269,
      0.041353869608717266,
      0.04134644108301878,
      0.04134644108301878,
      0.04134644108301878,
      0.04134644108301878,
      0.04130614169515501,
      0.04130614169515501,
      0.041307233470553636,
      0.041307233470553636,
      0.041307233470553636,
      0.041307233470553636,
      0.041307233470553636,
      0.020676934804358633,
      0.020676934804358633,
      0.020662871445380784
    ],
    "best_sharpe": [
      9.318578226157328,
      9.318578226157328,
      9.318578226157328,
      9.318578226157328,
      10.798178875457161,
      10.798178875457161,
      10.798178875457161,
      10.798178875457161,
      11.261599845934555,
      11.261599845934555,
      11.261599845934555,
      11.261599845934555,
      11.261599845934555,
      11.261599845934555,
      11.261599845934555,
      11.261599845934555,
      11.405979380609995,
      11.543156710041176,
      11.543156710041176,
      11.543156710041176,
      11.543156710041176,
      11.534271951065517,
      11.534271951065517,
      11.62103407926944,
      11.62103407926944,
      11.62103407926944,
      11.62103407926944,
      11.62103407926944,
      12.75034958697622,
      12.75034958697622,
      12.792442766030387
    ],
    "avg_fitness": [
      2.183475303030257,
      2.1969640382157443,
      2.198030371082005,
      2.1969640382157443,
      2.2010025472799004,
      2.1830175803075833,
      2.203287750996712,
      2.218615035214095,
      2.2505577137218324,
      2.242246600093725,
      2.2527921762399776,
      2.2480307882071457,
      2.293202634001397,
      2.2895180584639863,
      2.286863884390162,
      2.2883432335037184,
      2.309351537756067,
      2.3063120130495056,
      2.2997894063967323,
      2.3186174613810753,
      2.2951943157293617,
      2.2962329922314666,
      2.3310663674703664,
      2.3214568579829904,
      2.3348707413308443,
      2.3310669460580518,
      2.3199429248660874,
      2.3414431629121735,
      2.3252317698403346,
      2.3476670682618286,
      2.341653714702613
    ],
    "min_fitness": [
      2.001836390871362,
      2.1825685445212244,
      2.1825685445212244,
      2.1825685445212244,
      2.1825685445212244,
      1.999629312213679,
      2.1148422530914663,
      2.1825685445212244,
      2.1825685445212244,
      2.0147070459133674,
      2.0672042727048288,
      2.0077193996253935,
      2.1825685445212244,
      2.044408956396067,
      2.0077193996253935,
      2.0158491441330137,
      2.0778098293472884,
      2.03985174750238,
      2.023041014890668,
      2.076275640293696,
      2.0836816931728257,
      2.076275640293696,
      2.1825685445212244,
      2.080549938634131,
      2.080549938634131,
      2.0929342792873395,
      2.0543173603274187,
      2.0929342792873395,
      2.0929342792873395,
      2.0781248477640077,
      2.109685611969504
    ],
    "max_fitness": [
      2.198563537515135,
      2.198563537515135,
      2.198563537515135,
      2.198563537515135,
      2.3037238164459097,
      2.25828087256709,
      2.267275722311539,
      2.292735192901585,
      2.343909689062765,
      2.336818285283772,
      2.337935412333232,
      2.337935412333232,
      2.337935412333232,
      2.3412059184013088,
      2.343909689062765,
      2.343909689062765,
      2.350397116185755,
      2.361197003657732,
      2.361197003657732,
      2.361197003657732,
      2.361197003657732,
      2.368143546795735,
      2.368143546795735,
      2.3756126350764637,
      2.3756126350764637,
      2.3756126350764637,
      2.3756126350764637,
      2.3756126350764637,
      2.466865438348839,
      2.466865438348839,
      2.47000275080907
    ],