{
  "optimization_date": "2025-08-25T00:47:34.659049",
  "total_generations": 11,
  "best_fitness": 0.5516997017888284,
  "total_return": 8.135990000000005,
  "max_drawdown": 0.3949702505495351,
  "sharpe_ratio": 3.273602466427157,
  "optimized_parameters": {
    "per_step_tick_gap": 21,
    "cold_start_steps": 7,
    "max_abserve_tick_steps": 343,
    "max_abserce_avg_price_down_steps": 4,
    "stop_profit_open_hc_pct": -0.05823835425784925,
    "dynamic_hc_stop_profit_thres": 2.4223838714865384,
    "last_close_price_hc_pct": 0.009985892096609605,
    "last_day_sell_thres": 0.466629144051694,
    "last_day_sell_huiche": 0.008352366341437751,
    "fd_mount": 116647436,
    "fd_vol_pct": 0.29968201060958444,
    "fd_ju_ticks": 34,
    "max_zb_times": 10,
    "stagnation_kline_ticks": 13,
    "decline_kline_ticks": 31,
    "yang_yin_threshold": 0.023215946289017436,
    "stagnation_n": 27,
    "stagnation_volume_ratio_threshold": 32.13811823702836,
    "stagnation_ratio_threshold": 700,
    "decline_volume_ratio_threshold": 52.65023306840987,
    "max_rebounds": 7,
    "decline_ratio_threshold": 390,
    "flxd_ticks": 293,
    "flzz_ticks": 1631,
    "kline_sell_only_zy": false,
    "window_size": 14,
    "use_simiple_kline_strategy_flxd": false,
    "use_simiple_kline_strategy_flzz": false,
    "flzz_use_smooth_price": true,
    "flzz_zf_thresh": -0.05174517387553999,
    "stop_profit_pct": 0.0,
    "static_hc_stop_profit_pct": 1.0
  },
  "optimization_history": {
    "generations": [
      0,
      1,
      2,
      3,
      4,
      5,
      6,
      7,
      8,
      9,
      10
    ],
    "best_fitness": [
      0.5516997017888284,
      0.5516997017888284,
      0.5516997017888284,
      0.5516997017888284,
      0.5516997017888284,
      0.5516997017888284,
      0.5516997017888284,
      0.5516997017888284,
      0.5516997017888284,
      0.5516997017888284,
      0.5516997017888284
    ],
    "best_return": [
      8.135990000000005,
      8.135990000000005,
      8.135990000000005,
      8.135990000000005,
      8.135990000000005,
      8.135990000000005,
      8.135990000000005,
      8.135990000000005,
      8.135990000000005,
      8.135990000000005,
      8.135990000000005
    ],
    "best_drawdown": [
      0.3949702505495351,
      0.3949702505495351,
      0.3949702505495351,
      0.3949702505495351,
      0.3949702505495351,
      0.3949702505495351,
      0.3949702505495351,
      0.3949702505495351,
      0.3949702505495351,
      0.3949702505495351,
      0.3949702505495351
    ],
    "best_sharpe": [
      3.273602466427157,
      3.273602466427157,
      3.273602466427157,
      3.273602466427157,
      3.273602466427157,
      3.273602466427157,
      3.273602466427157,
      3.273602466427157,
      3.273602466427157,
      3.273602466427157,
      3.273602466427157
    ],
    "avg_fitness": [
      0.5516997017888283,
      0.5516997017888283,
      0.5516997017888283,
      0.5516997017888283,
      0.5516997017888283,
      0.5516997017888283,
      0.5516997017888283,
      0.5516997017888283,
      0.5516997017888283,
      0.5516997017888283,
      0.5516997017888283
    ],
    "min_fitness": [
      0.5516997017888284,
      0.5516997017888284,
      0.5516997017888284,
      0.5516997017888284,
      0.5516997017888284,
      0.5516997017888284,
      0.5516997017888284,
      0.5516997017888284,
      0.5516997017888284,
      0.5516997017888284,
      0.5516997017888284
    ],
    "max_fitness": [
      0.5516997017888284,
      0.5516997017888284,
      0.5516997017888284,
      0.5516997017888284,
      0.5516997017888284,
      0.5516997017888284,
      0.5516997017888284,
      0.5516997017888284,
      0.5516997017888284,
      0.5516997017888284,
      0.5516997017888284
    ],
    "diversity": [
      2.5918099618605517,
      2.5182660741209144,
      2.456650078385206,
      2.315995703795495,
      2.124510164810264,
      1.9585428759346906,
      2.054749047035616,
      2.0404660969868553,
      2.093566633526879,
      2.045976806374582,
      1.9573105400361883
    ]
  }
}