{
  "optimization_date": "2025-08-18T01:47:46.695591",
  "total_generations": 11,
  "best_fitness": 2.7717033162838707,
  "total_return": 3.142284999999999,
  "max_drawdown": 0.20769507150869296,
  "sharpe_ratio": 6.641944321724472,
  "optimized_parameters": {
    "per_step_tick_gap": 6,
    "cold_start_steps": 9,
    "max_abserve_tick_steps": 160,
    "max_abserce_avg_price_down_steps": 12,
    "stop_profit_open_hc_pct": -0.03557692806013123,
    "dynamic_hc_stop_profit_thres": 2.569086679170656,
    "last_close_price_hc_pct": -0.011860625665103942,
    "last_day_sell_thres": 0.8048167190849184,
    "last_day_sell_huiche": 0.011434055472287173,
    "stop_profit_pct": 0.0,
    "static_hc_stop_profit_pct": 1.0
  },
  "optimization_history": {
    "generations": [
      0,
      1,
      2,
      3,
      4,
      5,
      6,
      7,
      8,
      9,
      10
    ],
    "best_fitness": [
      2.7368795223107005,
      2.7368795223107005,
      2.7717033162838707,
      2.7717033162838707,
      2.7717033162838707,
      2.7717033162838707,
      2.7717033162838707,
      2.7717033162838707,
      2.7717033162838707,
      2.7717033162838707,
      2.7717033162838707
    ],
    "best_return": [
      3.059139999999999,
      3.059139999999999,
      3.142284999999999,
      3.142284999999999,
      3.142284999999999,
      3.142284999999999,
      3.142284999999999,
      3.142284999999999,
      3.142284999999999,
      3.142284999999999,
      3.142284999999999
    ],
    "best_drawdown": [
      0.20779181078153938,
      0.20779181078153938,
      0.20769507150869296,
      0.20769507150869296,
      0.20769507150869296,
      0.20769507150869296,
      0.20769507150869296,
      0.20769507150869296,
      0.20769507150869296,
      0.20769507150869296,
      0.20769507150869296
    ],
    "best_sharpe": [
      6.560460628101313,
      6.560460628101313,
      6.641944321724472,
      6.641944321724472,
      6.641944321724472,
      6.641944321724472,
      6.641944321724472,
      6.641944321724472,
      6.641944321724472,
      6.641944321724472,
      6.641944321724472
    ],
    "avg_fitness": [
      2.7311263329346205,
      2.7361856631689543,
      2.7518040054420587,
      2.7667284885734174,
      2.771703316283871,
      2.771703316283871,
      2.771703316283871,
      2.771703316283871,
      2.771703316283871,
      2.771703316283871,
      2.771703316283871
    ],
    "min_fitness": [
      2.7200882001566082,
      2.7352605176466263,
      2.7368795223107005,
      2.7368795223107005,
      2.7717033162838707,
      2.7717033162838707,
      2.7717033162838707,
      2.7717033162838707,
      2.7717033162838707,
      2.7717033162838707,
      2.7717033162838707
    ]
  }
}