{
  "generation": 5,
  "fitness": 2.3037238164459097,
  "total_return": 0.39578,
  "max_drawdown": 0.04134672179562906,
  "sharpe_ratio": 10.798178875457161,
  "params": {
    "per_step_tick_gap": 25,
    "cold_start_steps": 8,
    "max_abserve_tick_steps": 200,
    "max_abserce_avg_price_down_steps": 15,
    "stop_profit_open_hc_pct": -0.09690822377752209,
    "dynamic_hc_stop_profit_thres": 3.6386924732378616,
    "last_close_price_hc_pct": -0.04,
    "last_day_sell_thres": 0.01474301221319077,
    "last_day_sell_huiche": 0.004242644177864543,
    "fd_mount": 140000000,
    "fd_vol_pct": 0.5009866144139957,
    "fd_ju_ticks": 22,
    "max_zb_times": 8,
    "stagnation_kline_ticks": 10,
    "decline_kline_ticks": 10,
    "yang_yin_threshold": 0.005434175781785854,
    "stagnation_n": 1,
    "stagnation_volume_ratio_threshold": 15,
    "stagnation_ratio_threshold": 960,
    "decline_volume_ratio_threshold": 8,
    "max_rebounds": 3,
    "decline_ratio_threshold": 30,
    "flxd_ticks": 300,
    "kline_sell_only_zy": true,
    "window_size": 6,
    "stop_profit_pct": 0.0,
    "static_hc_stop_profit_pct": 1.0
  },
  "timestamp": "2025-08-24T04:45:10.757874",
  "individual": [
    24.76907866725643,
    7.695362533611855,
    20.11791494572644,
    16.834102894222713,
    -0.09690822377752209,
    3.6386924732378616,
    -0.04419919476898893,
    0.01474301221319077,
    0.004242644177864543,
    13.781020407715374,
    0.5009866144139957,
    22.131913526951013,
    8.049501132571883,
    10.267022894869076,
    10.136429263181306,
    0.005434175781785854,
    -0.8233253816340551,
    15.402234064344515,
    95.96007009559,
    8.379757939083676,
    2.523893397809782,
    -7.249149049492765,
    2.680461349389454,
    1.0,
    6.051106724838966
  ]
}