{
  "generation": 20,
  "fitness": 3.2537375395389585,
  "total_return": 4.884295,
  "max_drawdown": 0.059254633490684445,
  "sharpe_ratio": 11.337319596556405,
  "params": {
    "per_step_tick_gap": 3,
    "cold_start_steps": 10,
    "max_abserve_tick_steps": 99,
    "max_abserce_avg_price_down_steps": 8,
    "stop_profit_open_hc_pct": -0.01149616996913142,
    "dynamic_hc_stop_profit_thres": 0.3824777503663579,
    "last_close_price_hc_pct": -0.015543517035983606,
    "last_day_sell_thres": 0.5683476544576562,
    "last_day_sell_huiche": 0.008009374465093397,
    "fd_mount": 140982803,
    "fd_vol_pct": 0.0014965470080719647,
    "fd_ju_ticks": 3,
    "max_zb_times": 17,
    "stagnation_kline_ticks": 49,
    "decline_kline_ticks": 27,
    "yang_yin_threshold": 0.009812232385806283,
    "stagnation_n": 12,
    "stagnation_volume_ratio_threshold": 32,
    "stagnation_ratio_threshold": 98,
    "decline_volume_ratio_threshold": 50,
    "max_rebounds": 6,
    "decline_ratio_threshold": 990,
    "flxd_ticks": 0,
    "kline_sell_only_zy": false,
    "window_size": 5,
    "use_simiple_kline_strategy_flxd": false,
    "use_simiple_kline_strategy_flzz": false,
    "stop_profit_pct": 0.0,
    "static_hc_stop_profit_pct": 1.0
  },
  "timestamp": "2025-08-24T13:25:31.695612",
  "individual": [
    3,
    10,
    99.15039922552401,
    7.730252772257752,
    -0.01149616996913142,
    0.3824777503663579,
    -0.015543517035983606,
    0.5683476544576562,
    0.008009374465093397,
    140982803.383322,
    0.0014965470080719647,
    2.5102605025690847,
    16.933038161115427,
    48.58825816799424,
    27,
    0.009812232385806283,
    12,
    32,
    98,
    50.0,
    6,
    990.217150307221,
    0.0,
    0,
    5.462752920405333,
    0,
    0
  ]
}