{
  "generation": 90,
  "fitness": 0.7356220282614441,
  "total_return": 9.47333,
  "max_drawdown": 0.4519071819004307,
  "sharpe_ratio": 3.074767541182239,
  "params": {
    "per_step_tick_gap": 1,
    "cold_start_steps": 20,
    "max_abserve_tick_steps": 235,
    "max_abserce_avg_price_down_steps": 12,
    "stop_profit_open_hc_pct": -0.10161003959879814,
    "dynamic_hc_stop_profit_thres": 4.795165084702576,
    "last_close_price_hc_pct": -0.02105467888196996,
    "last_day_sell_thres": 0.048004125918342466,
    "last_day_sell_huiche": 0.006765952826293206,
    "fd_mount": 129724816,
    "fd_vol_pct": 0.7452114898376254,
    "fd_ju_ticks": 43,
    "max_zb_times": 2,
    "stagnation_kline_ticks": 37,
    "decline_kline_ticks": 49,
    "yang_yin_threshold": 0.01310879987471461,
    "stagnation_n": 5,
    "stagnation_volume_ratio_threshold": 44.81929426369592,
    "stagnation_ratio_threshold": 1435,
    "decline_volume_ratio_threshold": 72.23615070251176,
    "max_rebounds": 0,
    "decline_ratio_threshold": 1346,
    "flxd_ticks": 162,
    "flzz_ticks": 1666,
    "use_simiple_kline_strategy_flxd": false,
    "use_simiple_kline_strategy_flzz": true,
    "flzz_use_smooth_price": true,
    "flzz_zf_thresh": 0.054807089942372156,
    "kline_sell_flxd_zy": true,
    "kline_sell_flxd_zs": true,
    "kline_sell_flzz_zs": false,
    "kline_sell_flzz_zy": true,
    "last_open_price_hc_pct": 0.01,
    "open_price_max_hc": -0.06775334221268606,
    "loss_per_step_tick_gap": 1,
    "loss_cold_start_steps": 5,
    "loss_max_abserve_tick_steps": 290,
    "loss_max_abserce_avg_price_down_steps": 1,
    "loss_dynamic_hc_stop_profit_thres": 5.450957535925763,
    "loss_last_close_price_hc_pct": 0.009602463137194714,
    "loss_last_open_price_hc_pct": 0.01,
    "loss_open_price_max_hc": -0.048110304516216486,
    "loss_down_open_sell_wait_time": false,
    "down_open_sell_wait_time": true,
    "stop_profit_pct": 0.0,
    "static_hc_stop_profit_pct": 1.0,
    "loss_static_hc_stop_profit_pct": 1.0
  },
  "timestamp": "2025-08-31T23:07:59.413145",
  "individual": [
    1.01619293362561,
    19.841096868862117,
    234.89123702350332,
    11.941976637506109,
    -0.10161003959879814,
    4.795165084702576,
    -0.02105467888196996,
    0.048004125918342466,
    0.006765952826293206,
    129724816.02215293,
    0.7452114898376254,
    42.921135594772615,
    2.0940430286974463,
    37.181657990046965,
    49.47170584199401,
    0.01310879987471461,
    5.358331972907896,
    44.81929426369592,
    1434.5156251882754,
    72.23615070251176,
    0,
    1345.554543480825,
    161.62467247381784,
    1665.5220173078833,
    0,
    1,
    1,
    0.054807089942372156,
    1,
    1,
    0,
    1,
    0.01,
    -0.06775334221268606,
    1,
    5.1441523473701904,
    290.3494175983626,
    1.0010930270208527,
    5.450957535925763,
    0.009602463137194714,
    0.01,
    -0.048110304516216486,
    0,
    1
  ]
}