{
  "generation": 140,
  "fitness": 0.8090512862610618,
  "total_return": 10.114105000000004,
  "max_drawdown": 0.44408057149910485,
  "sharpe_ratio": 3.1322613889369464,
  "params": {
    "per_step_tick_gap": 1,
    "cold_start_steps": 20,
    "max_abserve_tick_steps": 235,
    "max_abserce_avg_price_down_steps": 12,
    "stop_profit_open_hc_pct": -0.015062969455384247,
    "dynamic_hc_stop_profit_thres": 5.90900177852883,
    "last_close_price_hc_pct": -0.020240933581394047,
    "last_day_sell_thres": 0.17206336859488403,
    "last_day_sell_huiche": 0.003931563427138069,
    "fd_mount": 128215307,
    "fd_vol_pct": 0.73854033052001,
    "fd_ju_ticks": 49,
    "max_zb_times": 1,
    "stagnation_kline_ticks": 37,
    "decline_kline_ticks": 49,
    "yang_yin_threshold": 0.015253398439491573,
    "stagnation_n": 5,
    "stagnation_volume_ratio_threshold": 40.19971586983173,
    "stagnation_ratio_threshold": 1234,
    "decline_volume_ratio_threshold": 72.02128423069584,
    "max_rebounds": 0,
    "decline_ratio_threshold": 1245,
    "flxd_ticks": 400,
    "flzz_ticks": 1731,
    "use_simiple_kline_strategy_flxd": true,
    "use_simiple_kline_strategy_flzz": true,
    "flzz_use_smooth_price": true,
    "flzz_zf_thresh": 0.05499348967067028,
    "kline_sell_flxd_zy": false,
    "kline_sell_flxd_zs": false,
    "kline_sell_flzz_zs": false,
    "kline_sell_flzz_zy": true,
    "last_open_price_hc_pct": 0.009996626389223884,
    "open_price_max_hc": -0.06764026599520095,
    "loss_per_step_tick_gap": 1,
    "loss_cold_start_steps": 5,
    "loss_max_abserve_tick_steps": 290,
    "loss_max_abserce_avg_price_down_steps": 1,
    "loss_dynamic_hc_stop_profit_thres": 0.8120575076798704,
    "loss_last_close_price_hc_pct": 0.009547731926210966,
    "loss_last_open_price_hc_pct": 0.009950447545790601,
    "loss_open_price_max_hc": -0.05772026374671886,
    "loss_down_open_sell_wait_time": false,
    "down_open_sell_wait_time": true,
    "stop_profit_pct": 0.0,
    "static_hc_stop_profit_pct": 1.0,
    "loss_static_hc_stop_profit_pct": 1.0
  },
  "timestamp": "2025-08-31T23:38:08.166031",
  "individual": [
    1.0089931033677506,
    20.230212510691658,
    235.05726892812334,
    11.93821322670797,
    -0.015062969455384247,
    5.90900177852883,
    -0.020240933581394047,
    0.17206336859488403,
    0.003931563427138069,
    128215306.59782706,
    0.73854033052001,
    49.3230944422577,
    1.0156876852556993,
    37.34542910255051,
    49.12749005464975,
    0.015253398439491573,
    5.3211741837497675,
    40.19971586983173,
    1234.2660309657747,
    72.02128423069584,
    0.02199722925873345,
    1244.8715889499194,
    399.5374066825269,
    1731.2033258026418,
    1,
    1,
    1,
    0.05499348967067028,
    0,
    0,
    0,
    1,
    0.009996626389223884,
    -0.06764026599520095,
    1.2268978648928432,
    4.991309975785637,
    290.4328432658422,
    1.0009791522411584,
    0.8120575076798704,
    0.009547731926210966,
    0.009950447545790601,
    -0.05772026374671886,
    0,
    1
  ]
}