{
  "generation": 60,
  "fitness": 0.725294639181759,
  "total_return": 9.525095000000004,
  "max_drawdown": 0.4537953632123908,
  "sharpe_ratio": 3.077955774257407,
  "params": {
    "per_step_tick_gap": 1,
    "cold_start_steps": 21,
    "max_abserve_tick_steps": 235,
    "max_abserce_avg_price_down_steps": 12,
    "stop_profit_open_hc_pct": -0.10954877429490104,
    "dynamic_hc_stop_profit_thres": 4.615730240552837,
    "last_close_price_hc_pct": -0.020958922365457724,
    "last_day_sell_thres": 0.09750280227883414,
    "last_day_sell_huiche": 0.005718279819197734,
    "fd_mount": 131481398,
    "fd_vol_pct": 0.75,
    "fd_ju_ticks": 45,
    "max_zb_times": 1,
    "stagnation_kline_ticks": 37,
    "decline_kline_ticks": 50,
    "yang_yin_threshold": 0.006358194056901913,
    "stagnation_n": 5,
    "stagnation_volume_ratio_threshold": 38.17601941909929,
    "stagnation_ratio_threshold": 1481,
    "decline_volume_ratio_threshold": 63.46991015869103,
    "max_rebounds": 0,
    "decline_ratio_threshold": 1169,
    "flxd_ticks": 57,
    "flzz_ticks": 1714,
    "use_simiple_kline_strategy_flxd": true,
    "use_simiple_kline_strategy_flzz": true,
    "flzz_use_smooth_price": true,
    "flzz_zf_thresh": 0.04524095379492592,
    "kline_sell_flxd_zy": false,
    "kline_sell_flxd_zs": false,
    "kline_sell_flzz_zs": false,
    "kline_sell_flzz_zy": true,
    "last_open_price_hc_pct": 0.01,
    "open_price_max_hc": -0.06766141267981765,
    "loss_per_step_tick_gap": 1,
    "loss_cold_start_steps": 7,
    "loss_max_abserve_tick_steps": 290,
    "loss_max_abserce_avg_price_down_steps": 1,
    "loss_dynamic_hc_stop_profit_thres": 4.94920128036346,
    "loss_last_close_price_hc_pct": 0.009827753674871507,
    "loss_last_open_price_hc_pct": 0.01,
    "loss_open_price_max_hc": -0.05097610443876966,
    "loss_down_open_sell_wait_time": false,
    "down_open_sell_wait_time": true,
    "stop_profit_pct": 0.0,
    "static_hc_stop_profit_pct": 1.0,
    "loss_static_hc_stop_profit_pct": 1.0
  },
  "timestamp": "2025-08-31T22:54:48.595363",
  "individual": [
    1.0010764492919721,
    20.56746113463755,
    234.9227994524674,
    11.955916353528853,
    -0.10954877429490104,
    4.615730240552837,
    -0.020958922365457724,
    0.09750280227883414,
    0.005718279819197734,
    131481398.03791043,
    0.75,
    45.237464710573605,
    1.0,
    37.33159668431181,
    50.0,
    0.006358194056901913,
    5.345317885062714,
    38.17601941909929,
    1481.2559126829985,
    63.46991015869103,
    0.03807966908942649,
    1168.9859116305383,
    56.76531235226906,
    1713.7187845285168,
    1,
    1,
    1,
    0.04524095379492592,
    0,
    0,
    0,
    1,
    0.01,
    -0.06766141267981765,
    1.238417256685785,
    7.154117350570383,
    290.341084441234,
    1.0017380474672002,
    4.94920128036346,
    0.009827753674871507,
    0.01,
    -0.05097610443876966,
    0,
    1
  ]
}