{
  "generation": 10,
  "fitness": 0.31571932953388065,
  "total_return": 7.60272,
  "max_drawdown": 0.5378292008754716,
  "sharpe_ratio": 2.8253102703666064,
  "params": {
    "per_step_tick_gap": 4,
    "cold_start_steps": 49,
    "max_abserve_tick_steps": 431,
    "max_abserce_avg_price_down_steps": 15,
    "stop_profit_open_hc_pct": -0.10698392201983911,
    "dynamic_hc_stop_profit_thres": 3.5298167179184645,
    "last_close_price_hc_pct": -0.015628414460251126,
    "last_day_sell_thres": 0.07741166827833341,
    "last_day_sell_huiche": 0.0060227509297360055,
    "fd_mount": 97570459,
    "fd_vol_pct": 0.45558669776536903,
    "fd_ju_ticks": 14,
    "max_zb_times": 21,
    "stagnation_kline_ticks": 33,
    "decline_kline_ticks": 34,
    "yang_yin_threshold": 0.026595986758156512,
    "stagnation_n": 27,
    "stagnation_volume_ratio_threshold": 100.0,
    "stagnation_ratio_threshold": 194,
    "decline_volume_ratio_threshold": 63.142931836069145,
    "max_rebounds": 10,
    "decline_ratio_threshold": 1029,
    "flxd_ticks": 352,
    "flzz_ticks": 989,
    "use_simiple_kline_strategy_flxd": true,
    "use_simiple_kline_strategy_flzz": true,
    "flzz_use_smooth_price": true,
    "flzz_zf_thresh": 0.07496764437582386,
    "kline_sell_flxd_zy": true,
    "kline_sell_flxd_zs": true,
    "kline_sell_flzz_zs": true,
    "kline_sell_flzz_zy": true,
    "last_open_price_hc_pct": -0.018989673790948732,
    "open_price_max_hc": -0.09990281552865604,
    "loss_per_step_tick_gap": 8,
    "loss_cold_start_steps": 9,
    "loss_max_abserve_tick_steps": 86,
    "loss_max_abserce_avg_price_down_steps": 13,
    "loss_dynamic_hc_stop_profit_thres": 8.0,
    "loss_last_close_price_hc_pct": -0.08,
    "loss_last_open_price_hc_pct": -0.0055341910351252065,
    "loss_open_price_max_hc": -0.07298251977120426,
    "loss_down_open_sell_wait_time": false,
    "down_open_sell_wait_time": true,
    "stop_profit_pct": 0.0,
    "static_hc_stop_profit_pct": 1.0,
    "loss_static_hc_stop_profit_pct": 1.0
  },
  "timestamp": "2025-08-31T22:31:06.363104",
  "individual": [
    3.5473108986324937,
    48.6564946523839,
    430.93472011844455,
    14.897197330307423,
    -0.10698392201983911,
    3.5298167179184645,
    -0.015628414460251126,
    0.07741166827833341,
    0.0060227509297360055,
    97570458.5508659,
    0.45558669776536903,
    14.33405588951594,
    20.678212782123918,
    33.311658130139975,
    34.043896597834475,
    0.026595986758156512,
    26.964514438593255,
    100.0,
    194.16972126606888,
    63.142931836069145,
    9.545062174905707,
    1028.7151228365146,
    352.07853492910016,
    989.2845643246511,
    1,
    1,
    1,
    0.07496764437582386,
    1,
    1,
    1,
    1,
    -0.018989673790948732,
    -0.09990281552865604,
    7.691140925645736,
    9.225521172382722,
    85.6628090154006,
    13.399841650214881,
    8.0,
    -0.08,
    -0.0055341910351252065,
    -0.07298251977120426,
    0,
    1
  ]
}