{
  "generation": 25,
  "fitness": 2.3756126350764637,
  "total_return": 0.42641500000000027,
  "max_drawdown": 0.041307233470553636,
  "sharpe_ratio": 11.62103407926944,
  "params": {
    "per_step_tick_gap": 9,
    "cold_start_steps": 10,
    "max_abserve_tick_steps": 160,
    "max_abserce_avg_price_down_steps": 10,
    "stop_profit_open_hc_pct": -0.030793998671183192,
    "dynamic_hc_stop_profit_thres": 2.312586469765126,
    "last_close_price_hc_pct": 0.0,
    "last_day_sell_thres": 0.026382516054046803,
    "last_day_sell_huiche": 0.0016608992793678717,
    "fd_mount": 20000000,
    "fd_vol_pct": 0.43566765713034095,
    "fd_ju_ticks": 16,
    "max_zb_times": 11,
    "stagnation_kline_ticks": 14,
    "decline_kline_ticks": 5,
    "yang_yin_threshold": 0.001968504917723604,
    "stagnation_n": 9,
    "stagnation_volume_ratio_threshold": 29,
    "stagnation_ratio_threshold": 310,
    "decline_volume_ratio_threshold": 1,
    "max_rebounds": 9,
    "decline_ratio_threshold": 600,
    "flxd_ticks": 500,
    "kline_sell_only_zy": true,
    "window_size": 8,
    "stop_profit_pct": 0.0,
    "static_hc_stop_profit_pct": 1.0
  },
  "timestamp": "2025-08-24T04:45:29.491472",
  "individual": [
    8.984562979408555,
    10.136986430245273,
    15.553272377255244,
    9.720531865018199,
    -0.030793998671183192,
    2.312586469765126,
    0.004527510124347228,
    0.026382516054046803,
    0.0016608992793678717,
    2.154113415871648,
    0.43566765713034095,
    15.574622148299571,
    10.932260463296517,
    13.865918841339047,
    -4.178783543868608,
    0.001968504917723604,
    8.983912885425068,
    28.806539062575904,
    31.44874177597798,
    -6.505788938934608,
    9.21395043611963,
    59.993329401721184,
    5.471475579057638,
    1.0,
    7.705673181162241
  ]
}