{
  "generation": 20,
  "fitness": 0.39989029579967117,
  "total_return": 6.992090000000001,
  "max_drawdown": 0.5074391920313264,
  "sharpe_ratio": 2.8184178054731124,
  "params": {
    "per_step_tick_gap": 13,
    "cold_start_steps": 47,
    "max_abserve_tick_steps": 260,
    "max_abserce_avg_price_down_steps": 10,
    "stop_profit_open_hc_pct": -0.12133523223196724,
    "dynamic_hc_stop_profit_thres": 5.63650367494505,
    "last_close_price_hc_pct": -0.021503838191404168,
    "last_day_sell_thres": 0.01,
    "last_day_sell_huiche": 0.006543842004557439,
    "fd_mount": 88326715,
    "fd_vol_pct": 0.5958499681160543,
    "fd_ju_ticks": 50,
    "max_zb_times": 19,
    "stagnation_kline_ticks": 45,
    "decline_kline_ticks": 44,
    "yang_yin_threshold": 0.027785334053188206,
    "stagnation_n": 4,
    "stagnation_volume_ratio_threshold": 45.873985705050615,
    "stagnation_ratio_threshold": 1035,
    "decline_volume_ratio_threshold": 45.10893217107472,
    "max_rebounds": 4,
    "decline_ratio_threshold": 997,
    "flxd_ticks": 370,
    "flzz_ticks": 1030,
    "use_simiple_kline_strategy_flxd": true,
    "use_simiple_kline_strategy_flzz": true,
    "flzz_use_smooth_price": false,
    "flzz_zf_thresh": 0.046356704922160444,
    "kline_sell_flxd_zy": true,
    "kline_sell_flxd_zs": true,
    "kline_sell_flzz_zs": false,
    "kline_sell_flzz_zy": true,
    "last_open_price_hc_pct": 0.004377442662288391,
    "open_price_max_hc": -0.1,
    "loss_per_step_tick_gap": 4,
    "loss_cold_start_steps": 7,
    "loss_max_abserve_tick_steps": 300,
    "loss_max_abserce_avg_price_down_steps": 4,
    "loss_dynamic_hc_stop_profit_thres": 6.188281713885738,
    "loss_last_close_price_hc_pct": -0.019218833942353353,
    "loss_last_open_price_hc_pct": 0.01,
    "loss_open_price_max_hc": -0.06767110924386079,
    "loss_down_open_sell_wait_time": false,
    "down_open_sell_wait_time": true,
    "stop_profit_pct": 0.0,
    "static_hc_stop_profit_pct": 1.0,
    "loss_static_hc_stop_profit_pct": 1.0
  },
  "timestamp": "2025-08-31T22:35:48.642249",
  "individual": [
    13.128197547218138,
    47.314725891125036,
    260.04398171274215,
    9.640225503210388,
    -0.12133523223196724,
    5.63650367494505,
    -0.021503838191404168,
    0.01,
    0.006543842004557439,
    88326715.01154426,
    0.5958499681160543,
    50.0,
    19.442599844804697,
    44.67170537590508,
    43.609419042014224,
    0.027785334053188206,
    3.620509761641406,
    45.873985705050615,
    1035.085074329623,
    45.10893217107472,
    3.809830820889,
    997.2935485739708,
    369.65694630341585,
    1030.428306697918,
    1,
    1,
    0,
    0.046356704922160444,
    1,
    1,
    0,
    1,
    0.004377442662288391,
    -0.1,
    4.0947924674278084,
    7.0264896559134655,
    300.1111427030389,
    3.866886356386006,
    6.188281713885738,
    -0.019218833942353353,
    0.01,
    -0.06767110924386079,
    0,
    1
  ]
}