{
  "generation": 100,
  "fitness": 0.751492032408835,
  "total_return": 9.672465000000003,
  "max_drawdown": 0.4504163319684173,
  "sharpe_ratio": 3.0899823760412075,
  "params": {
    "per_step_tick_gap": 1,
    "cold_start_steps": 20,
    "max_abserve_tick_steps": 235,
    "max_abserce_avg_price_down_steps": 12,
    "stop_profit_open_hc_pct": -0.1000805643562246,
    "dynamic_hc_stop_profit_thres": 5.448217234404963,
    "last_close_price_hc_pct": -0.020969180712989127,
    "last_day_sell_thres": 0.044528018208804726,
    "last_day_sell_huiche": 0.005710857825501073,
    "fd_mount": 129652003,
    "fd_vol_pct": 0.741816622705119,
    "fd_ju_ticks": 46,
    "max_zb_times": 1,
    "stagnation_kline_ticks": 37,
    "decline_kline_ticks": 49,
    "yang_yin_threshold": 0.015810452449627543,
    "stagnation_n": 5,
    "stagnation_volume_ratio_threshold": 42.035858124732535,
    "stagnation_ratio_threshold": 1437,
    "decline_volume_ratio_threshold": 73.95375363597805,
    "max_rebounds": 0,
    "decline_ratio_threshold": 1203,
    "flxd_ticks": 262,
    "flzz_ticks": 1677,
    "use_simiple_kline_strategy_flxd": true,
    "use_simiple_kline_strategy_flzz": true,
    "flzz_use_smooth_price": true,
    "flzz_zf_thresh": 0.054961563515306455,
    "kline_sell_flxd_zy": false,
    "kline_sell_flxd_zs": false,
    "kline_sell_flzz_zs": false,
    "kline_sell_flzz_zy": true,
    "last_open_price_hc_pct": 0.01,
    "open_price_max_hc": -0.0677020588166929,
    "loss_per_step_tick_gap": 1,
    "loss_cold_start_steps": 5,
    "loss_max_abserve_tick_steps": 290,
    "loss_max_abserce_avg_price_down_steps": 1,
    "loss_dynamic_hc_stop_profit_thres": 5.089188591486695,
    "loss_last_close_price_hc_pct": 0.009177395309394758,
    "loss_last_open_price_hc_pct": 0.00999798996782187,
    "loss_open_price_max_hc": -0.05184352427724877,
    "loss_down_open_sell_wait_time": false,
    "down_open_sell_wait_time": true,
    "stop_profit_pct": 0.0,
    "static_hc_stop_profit_pct": 1.0,
    "loss_static_hc_stop_profit_pct": 1.0
  },
  "timestamp": "2025-08-31T23:14:07.271780",
  "individual": [
    1.0197989082479502,
    20.079628048876188,
    235.0536970153074,
    11.889403510843255,
    -0.1000805643562246,
    5.448217234404963,
    -0.020969180712989127,
    0.044528018208804726,
    0.005710857825501073,
    129652003.14099911,
    0.741816622705119,
    45.72537700444467,
    1.0,
    37.3093462828522,
    49.37650931588824,
    0.015810452449627543,
    5.350065552629232,
    42.035858124732535,
    1436.7189285873283,
    73.95375363597805,
    0.0017696989164038997,
    1202.7664107514026,
    262.3700471985205,
    1677.1493514936158,
    1,
    1,
    1,
    0.054961563515306455,
    0,
    0,
    0,
    1,
    0.01,
    -0.0677020588166929,
    1.2093532391427921,
    4.743297539322385,
    290.3625851889899,
    1.000727763441816,
    5.089188591486695,
    0.009177395309394758,
    0.00999798996782187,
    -0.05184352427724877,
    0,
    1
  ]
}