{
  "generation": 80,
  "fitness": 0.7292722953381557,
  "total_return": 9.585350000000005,
  "max_drawdown": 0.45342519530483216,
  "sharpe_ratio": 3.079789521747096,
  "params": {
    "per_step_tick_gap": 1,
    "cold_start_steps": 20,
    "max_abserve_tick_steps": 235,
    "max_abserce_avg_price_down_steps": 12,
    "stop_profit_open_hc_pct": -0.09628384360294667,
    "dynamic_hc_stop_profit_thres": 4.6955010916107724,
    "last_close_price_hc_pct": -0.020971471881118142,
    "last_day_sell_thres": 0.04408295571084288,
    "last_day_sell_huiche": 0.006843016930799325,
    "fd_mount": 129697898,
    "fd_vol_pct": 0.7434244242689729,
    "fd_ju_ticks": 46,
    "max_zb_times": 1,
    "stagnation_kline_ticks": 37,
    "decline_kline_ticks": 49,
    "yang_yin_threshold": 0.013505861645315708,
    "stagnation_n": 5,
    "stagnation_volume_ratio_threshold": 44.74918725765731,
    "stagnation_ratio_threshold": 1437,
    "decline_volume_ratio_threshold": 73.11157965055584,
    "max_rebounds": 0,
    "decline_ratio_threshold": 1198,
    "flxd_ticks": 284,
    "flzz_ticks": 1647,
    "use_simiple_kline_strategy_flxd": true,
    "use_simiple_kline_strategy_flzz": true,
    "flzz_use_smooth_price": true,
    "flzz_zf_thresh": 0.05486153087617535,
    "kline_sell_flxd_zy": false,
    "kline_sell_flxd_zs": false,
    "kline_sell_flzz_zs": false,
    "kline_sell_flzz_zy": true,
    "last_open_price_hc_pct": 0.009419711298513987,
    "open_price_max_hc": -0.06764196852291252,
    "loss_per_step_tick_gap": 1,
    "loss_cold_start_steps": 7,
    "loss_max_abserve_tick_steps": 290,
    "loss_max_abserce_avg_price_down_steps": 1,
    "loss_dynamic_hc_stop_profit_thres": 5.390231494323894,
    "loss_last_close_price_hc_pct": 0.00949902713543797,
    "loss_last_open_price_hc_pct": 0.00999980329066254,
    "loss_open_price_max_hc": -0.049756455036851804,
    "loss_down_open_sell_wait_time": false,
    "down_open_sell_wait_time": true,
    "stop_profit_pct": 0.0,
    "static_hc_stop_profit_pct": 1.0,
    "loss_static_hc_stop_profit_pct": 1.0
  },
  "timestamp": "2025-08-31T23:01:07.800418",
  "individual": [
    1.0185809633292724,
    20.02244477096445,
    234.88022021596544,
    11.886587468736494,
    -0.09628384360294667,
    4.6955010916107724,
    -0.020971471881118142,
    0.04408295571084288,
    0.006843016930799325,
    129697897.84117748,
    0.7434244242689729,
    45.793363514790144,
    1.104148195147605,
    37.32523907913016,
    49.454174707598774,
    0.013505861645315708,
    5.351355078768545,
    44.74918725765731,
    1437.0835237283027,
    73.11157965055584,
    0.0037442917504483097,
    1197.5941197142715,
    283.74824086564183,
    1647.0338043990416,
    1,
    1,
    1,
    0.05486153087617535,
    0,
    0,
    0,
    1,
    0.009419711298513987,
    -0.06764196852291252,
    1.2185813008640043,
    7.181116826865766,
    290.369064891587,
    1.0011744639931006,
    5.390231494323894,
    0.00949902713543797,
    0.00999980329066254,
    -0.049756455036851804,
    0,
    1
  ]
}