{
  "generation": 10,
  "fitness": 3.245651588411518,
  "total_return": 4.858985,
  "max_drawdown": 0.05924646427471247,
  "sharpe_ratio": 11.302112388802506,
  "params": {
    "per_step_tick_gap": 8,
    "cold_start_steps": 9,
    "max_abserve_tick_steps": 95,
    "max_abserce_avg_price_down_steps": 15,
    "stop_profit_open_hc_pct": 0.0,
    "dynamic_hc_stop_profit_thres": 0.3747984826820472,
    "last_close_price_hc_pct": -0.008806701691218357,
    "last_day_sell_thres": 0.6318548612554167,
    "last_day_sell_huiche": 0.00973738446245951,
    "fd_mount": 140348739,
    "fd_vol_pct": 0.001772121212853934,
    "fd_ju_ticks": 31,
    "max_zb_times": 16,
    "stagnation_kline_ticks": 49,
    "decline_kline_ticks": 28,
    "yang_yin_threshold": 0.01,
    "stagnation_n": 15,
    "stagnation_volume_ratio_threshold": 21,
    "stagnation_ratio_threshold": 647,
    "decline_volume_ratio_threshold": 50,
    "max_rebounds": 1,
    "decline_ratio_threshold": 985,
    "flxd_ticks": 0,
    "kline_sell_only_zy": false,
    "window_size": 6,
    "use_simiple_kline_strategy_flxd": false,
    "use_simiple_kline_strategy_flzz": false,
    "stop_profit_pct": 0.0,
    "static_hc_stop_profit_pct": 1.0
  },
  "timestamp": "2025-08-24T13:25:07.416259",
  "individual": [
    7.54498053794556,
    9,
    95.26523561227434,
    14.748439517787403,
    0.0,
    0.3747984826820472,
    -0.008806701691218357,
    0.6318548612554167,
    0.00973738446245951,
    140348739,
    0.001772121212853934,
    31,
    15.536564926747158,
    48.849983377159035,
    28.067867715804386,
    0.01,
    15,
    20.655978900089757,
    646.9253524792141,
    50.0,
    1,
    984.8228941364647,
    0.0,
    0,
    6,
    0,
    0
  ]
}