{
  "generation": 15,
  "fitness": 2.343909689062765,
  "total_return": 0.412225,
  "max_drawdown": 0.04134068731438269,
  "sharpe_ratio": 11.261599845934555,
  "params": {
    "per_step_tick_gap": 30,
    "cold_start_steps": 12,
    "max_abserve_tick_steps": 150,
    "max_abserce_avg_price_down_steps": 15,
    "stop_profit_open_hc_pct": -0.02884995446973034,
    "dynamic_hc_stop_profit_thres": 2.817258101294664,
    "last_close_price_hc_pct": -0.011817937161421875,
    "last_day_sell_thres": 0.02251578160713193,
    "last_day_sell_huiche": 0.006707518029147579,
    "fd_mount": 40000000,
    "fd_vol_pct": 0.43394930898676976,
    "fd_ju_ticks": 12,
    "max_zb_times": 15,
    "stagnation_kline_ticks": 12,
    "decline_kline_ticks": 5,
    "yang_yin_threshold": 0.0024083954689646915,
    "stagnation_n": 1,
    "stagnation_volume_ratio_threshold": 1,
    "stagnation_ratio_threshold": 540,
    "decline_volume_ratio_threshold": 1,
    "max_rebounds": 7,
    "decline_ratio_threshold": 620,
    "flxd_ticks": 100,
    "kline_sell_only_zy": true,
    "window_size": 8,
    "stop_profit_pct": 0.0,
    "static_hc_stop_profit_pct": 1.0
  },
  "timestamp": "2025-08-24T04:45:19.939139",
  "individual": [
    33.523123789140726,
    11.803685510234391,
    15.450269367494565,
    15.324620852544507,
    -0.02884995446973034,
    2.817258101294664,
    -0.011817937161421875,
    0.02251578160713193,
    0.006707518029147579,
    4.152802700172046,
    0.43394930898676976,
    11.503908041209094,
    14.862691205216764,
    12.327277615072509,
    -3.3567991372605164,
    0.0024083954689646915,
    1.0455476899626643,
    -2.7564290445629798,
    54.231242829770224,
    -5.6991674389062466,
    6.551231473191184,
    61.62158994834061,
    1.4547458760114325,
    1.0,
    7.505299385946833
  ]
}