{
  "generation": 130,
  "fitness": 0.7942988021312148,
  "total_return": 9.902740000000003,
  "max_drawdown": 0.4451674148321237,
  "sharpe_ratio": 3.112646294496823,
  "params": {
    "per_step_tick_gap": 1,
    "cold_start_steps": 20,
    "max_abserve_tick_steps": 235,
    "max_abserce_avg_price_down_steps": 12,
    "stop_profit_open_hc_pct": 0.0,
    "dynamic_hc_stop_profit_thres": 5.513856573900803,
    "last_close_price_hc_pct": -0.020815376221049932,
    "last_day_sell_thres": 0.05995304583021232,
    "last_day_sell_huiche": 0.0038725087197121547,
    "fd_mount": 129896543,
    "fd_vol_pct": 0.7402999066907465,
    "fd_ju_ticks": 49,
    "max_zb_times": 1,
    "stagnation_kline_ticks": 37,
    "decline_kline_ticks": 49,
    "yang_yin_threshold": 0.014047484196666066,
    "stagnation_n": 5,
    "stagnation_volume_ratio_threshold": 40.36543890226844,
    "stagnation_ratio_threshold": 1487,
    "decline_volume_ratio_threshold": 73.86367094484581,
    "max_rebounds": 0,
    "decline_ratio_threshold": 1110,
    "flxd_ticks": 397,
    "flzz_ticks": 1703,
    "use_simiple_kline_strategy_flxd": true,
    "use_simiple_kline_strategy_flzz": true,
    "flzz_use_smooth_price": true,
    "flzz_zf_thresh": 0.054926898094450734,
    "kline_sell_flxd_zy": false,
    "kline_sell_flxd_zs": false,
    "kline_sell_flzz_zs": false,
    "kline_sell_flzz_zy": true,
    "last_open_price_hc_pct": 0.009998812081645016,
    "open_price_max_hc": -0.06770715260741929,
    "loss_per_step_tick_gap": 1,
    "loss_cold_start_steps": 5,
    "loss_max_abserve_tick_steps": 290,
    "loss_max_abserce_avg_price_down_steps": 1,
    "loss_dynamic_hc_stop_profit_thres": 0.8110070980058208,
    "loss_last_close_price_hc_pct": 0.00959348291184937,
    "loss_last_open_price_hc_pct": 0.00995732996137363,
    "loss_open_price_max_hc": -0.06037024309368742,
    "loss_down_open_sell_wait_time": false,
    "down_open_sell_wait_time": true,
    "stop_profit_pct": 0.0,
    "static_hc_stop_profit_pct": 1.0,
    "loss_static_hc_stop_profit_pct": 1.0
  },
  "timestamp": "2025-08-31T23:29:02.928106",
  "individual": [
    1.0190602739071648,
    20.055201749786562,
    235.06808857473607,
    12.07332075566368,
    0.0,
    5.513856573900803,
    -0.020815376221049932,
    0.05995304583021232,
    0.0038725087197121547,
    129896542.7783493,
    0.7402999066907465,
    49.42063694120366,
    1.0951317860839316,
    37.35220324833188,
    49.36028379631887,
    0.014047484196666066,
    5.331611874393224,
    40.36543890226844,
    1487.2216593672313,
    73.86367094484581,
    0.011261101707604469,
    1110.14543883147,
    397.1324104004062,
    1702.6536778288205,
    1,
    1,
    1,
    0.054926898094450734,
    0,
    0,
    0,
    1,
    0.009998812081645016,
    -0.06770715260741929,
    1.2505587861166692,
    5.158284639792897,
    290.3935642108105,
    1.0013236822626432,
    0.8110070980058208,
    0.00959348291184937,
    0.00995732996137363,
    -0.06037024309368742,
    0,
    1
  ]
}