{
  "generation": 30,
  "fitness": 0.5287512926352722,
  "total_return": 7.057014999999999,
  "max_drawdown": 0.4759335647064106,
  "sharpe_ratio": 2.8454725461229544,
  "params": {
    "per_step_tick_gap": 1,
    "cold_start_steps": 16,
    "max_abserve_tick_steps": 188,
    "max_abserce_avg_price_down_steps": 12,
    "stop_profit_open_hc_pct": -0.11336321273391459,
    "dynamic_hc_stop_profit_thres": 5.669214689555966,
    "last_close_price_hc_pct": -0.022407681250256363,
    "last_day_sell_thres": 0.7828297945181633,
    "last_day_sell_huiche": 0.0034730374124403666,
    "fd_mount": 137574868,
    "fd_vol_pct": 0.7314970386070753,
    "fd_ju_ticks": 43,
    "max_zb_times": 14,
    "stagnation_kline_ticks": 36,
    "decline_kline_ticks": 50,
    "yang_yin_threshold": 0.012904192279441083,
    "stagnation_n": 6,
    "stagnation_volume_ratio_threshold": 46.43527170273723,
    "stagnation_ratio_threshold": 1488,
    "decline_volume_ratio_threshold": 58.940708755349306,
    "max_rebounds": 0,
    "decline_ratio_threshold": 1066,
    "flxd_ticks": 261,
    "flzz_ticks": 1463,
    "use_simiple_kline_strategy_flxd": true,
    "use_simiple_kline_strategy_flzz": true,
    "flzz_use_smooth_price": true,
    "flzz_zf_thresh": 0.04726408673134802,
    "kline_sell_flxd_zy": false,
    "kline_sell_flxd_zs": true,
    "kline_sell_flzz_zs": false,
    "kline_sell_flzz_zy": true,
    "last_open_price_hc_pct": 0.004663106369956076,
    "open_price_max_hc": -0.07800229460242358,
    "loss_per_step_tick_gap": 1,
    "loss_cold_start_steps": 7,
    "loss_max_abserve_tick_steps": 307,
    "loss_max_abserce_avg_price_down_steps": 1,
    "loss_dynamic_hc_stop_profit_thres": 6.07474371614105,
    "loss_last_close_price_hc_pct": 0.009714705973070281,
    "loss_last_open_price_hc_pct": 0.007680846189686414,
    "loss_open_price_max_hc": -0.054901956107526934,
    "loss_down_open_sell_wait_time": false,
    "down_open_sell_wait_time": true,
    "stop_profit_pct": 0.0,
    "static_hc_stop_profit_pct": 1.0,
    "loss_static_hc_stop_profit_pct": 1.0
  },
  "timestamp": "2025-08-31T22:43:30.359909",
  "individual": [
    1.0,
    15.828511429642592,
    188.2200294037744,
    12.051503643399567,
    -0.11336321273391459,
    5.669214689555966,
    -0.022407681250256363,
    0.7828297945181633,
    0.0034730374124403666,
    137574867.7943967,
    0.7314970386070753,
    43.10315998514574,
    13.503644538912123,
    36.43818071533488,
    50.0,
    0.012904192279441083,
    6.019972489675009,
    46.43527170273723,
    1488.294214460117,
    58.940708755349306,
    0.34336808355604975,
    1065.8671134340361,
    260.77070803753986,
    1463.1686524720913,
    1,
    1,
    1,
    0.04726408673134802,
    0,
    1,
    0,
    1,
    0.004663106369956076,
    -0.07800229460242358,
    1.0,
    6.9963260198190405,
    306.68375565142225,
    1.0,
    6.07474371614105,
    0.009714705973070281,
    0.007680846189686414,
    -0.054901956107526934,
    0,
    1
  ]
}