{
  "generation": 40,
  "fitness": 0.6586491398708559,
  "total_return": 8.60794,
  "max_drawdown": 0.4600768007090576,
  "sharpe_ratio": 2.9970345313456495,
  "params": {
    "per_step_tick_gap": 1,
    "cold_start_steps": 20,
    "max_abserve_tick_steps": 235,
    "max_abserce_avg_price_down_steps": 12,
    "stop_profit_open_hc_pct": -0.10137756642013028,
    "dynamic_hc_stop_profit_thres": 4.716791709273009,
    "last_close_price_hc_pct": -0.01838446360271132,
    "last_day_sell_thres": 0.01,
    "last_day_sell_huiche": 0.0038124217344203425,
    "fd_mount": 117633630,
    "fd_vol_pct": 0.7124908138829332,
    "fd_ju_ticks": 46,
    "max_zb_times": 15,
    "stagnation_kline_ticks": 37,
    "decline_kline_ticks": 50,
    "yang_yin_threshold": 0.007858360072065612,
    "stagnation_n": 5,
    "stagnation_volume_ratio_threshold": 42.545268579199885,
    "stagnation_ratio_threshold": 1496,
    "decline_volume_ratio_threshold": 70.57797674962636,
    "max_rebounds": 0,
    "decline_ratio_threshold": 1206,
    "flxd_ticks": 173,
    "flzz_ticks": 1435,
    "use_simiple_kline_strategy_flxd": true,
    "use_simiple_kline_strategy_flzz": true,
    "flzz_use_smooth_price": true,
    "flzz_zf_thresh": 0.046724049137764165,
    "kline_sell_flxd_zy": false,
    "kline_sell_flxd_zs": false,
    "kline_sell_flzz_zs": false,
    "kline_sell_flzz_zy": true,
    "last_open_price_hc_pct": 0.00876795974969907,
    "open_price_max_hc": -0.06426899434213229,
    "loss_per_step_tick_gap": 1,
    "loss_cold_start_steps": 7,
    "loss_max_abserve_tick_steps": 287,
    "loss_max_abserce_avg_price_down_steps": 1,
    "loss_dynamic_hc_stop_profit_thres": 6.611120813173979,
    "loss_last_close_price_hc_pct": 0.01,
    "loss_last_open_price_hc_pct": 0.00971105778591459,
    "loss_open_price_max_hc": -0.052291284516659944,
    "loss_down_open_sell_wait_time": false,
    "down_open_sell_wait_time": true,
    "stop_profit_pct": 0.0,
    "static_hc_stop_profit_pct": 1.0,
    "loss_static_hc_stop_profit_pct": 1.0
  },
  "timestamp": "2025-08-31T22:46:41.051395",
  "individual": [
    1.0,
    20.013482190431493,
    234.69967474001245,
    12.432842921448032,
    -0.10137756642013028,
    4.716791709273009,
    -0.01838446360271132,
    0.01,
    0.0038124217344203425,
    117633629.55246884,
    0.7124908138829332,
    45.54454524602559,
    14.703142037170041,
    36.77430506223912,
    49.97654775646288,
    0.007858360072065612,
    5.4568427595858,
    42.545268579199885,
    1495.5740036647896,
    70.57797674962636,
    0.0,
    1205.8451751140342,
    173.1603470686712,
    1435.4994960828124,
    1,
    1,
    1,
    0.046724049137764165,
    0,
    0,
    0,
    1,
    0.00876795974969907,
    -0.06426899434213229,
    1.2404811551880173,
    7.07947692360907,
    287.3043268772915,
    1.00015704622448,
    6.611120813173979,
    0.01,
    0.00971105778591459,
    -0.052291284516659944,
    0,
    1
  ]
}