{
  "generation": 0,
  "fitness": 3.653285353309952,
  "total_return": 2.9863500000000007,
  "max_drawdown": 0.042137410377313715,
  "sharpe_ratio": 12.403422518375598,
  "params": {
    "per_step_tick_gap": 14,
    "cold_start_steps": 17,
    "max_abserve_tick_steps": 290,
    "max_abserce_avg_price_down_steps": 9,
    "stop_profit_open_hc_pct": -0.05654335767362132,
    "dynamic_hc_stop_profit_thres": 3.4635290160139736,
    "last_close_price_hc_pct": -0.027626243205651206,
    "last_day_sell_thres": 0.7969956665135149,
    "last_day_sell_huiche": 0.015980892318446186,
    "fd_mount": 110000000,
    "fd_vol_pct": 0.28033951007333335,
    "fd_ju_ticks": 26,
    "max_zb_times": 13,
    "stagnation_kline_ticks": 17,
    "decline_kline_ticks": 5,
    "yang_yin_threshold": 0.009592848054202852,
    "stagnation_n": 11,
    "stagnation_volume_ratio_threshold": 3,
    "stagnation_ratio_threshold": 280,
    "decline_volume_ratio_threshold": 15,
    "max_rebounds": 5,
    "decline_ratio_threshold": 490,
    "flxd_ticks": 700,
    "kline_sell_only_zy": false,
    "window_size": 3,
    "stop_profit_pct": 0.0,
    "static_hc_stop_profit_pct": 1.0
  },
  "timestamp": "2025-08-24T04:14:34.906474",
  "individual": [
    14,
    17,
    29,
    9,
    -0.05654335767362132,
    3.4635290160139736,
    -0.027626243205651206,
    0.7969956665135149,
    0.015980892318446186,
    11,
    0.28033951007333335,
    26,
    13,
    17,
    5,
    0.009592848054202852,
    11,
    3,
    28,
    15,
    5,
    49,
    7,
    0,
    3
  ]
}