{
  "generation": 20,
  "fitness": 2.361197003657732,
  "total_return": 0.4120199999999997,
  "max_drawdown": 0.04134644108301878,
  "sharpe_ratio": 11.543156710041176,
  "params": {
    "per_step_tick_gap": 9,
    "cold_start_steps": 12,
    "max_abserve_tick_steps": 150,
    "max_abserce_avg_price_down_steps": 12,
    "stop_profit_open_hc_pct": -0.038807786380132936,
    "dynamic_hc_stop_profit_thres": 2.362429776118938,
    "last_close_price_hc_pct": -0.010226899560315035,
    "last_day_sell_thres": 0.01084182317263048,
    "last_day_sell_huiche": 0.004275377830206329,
    "fd_mount": 20000000,
    "fd_vol_pct": 0.3993926349147397,
    "fd_ju_ticks": 11,
    "max_zb_times": 11,
    "stagnation_kline_ticks": 13,
    "decline_kline_ticks": 5,
    "yang_yin_threshold": 0.0016280357970699863,
    "stagnation_n": 8,
    "stagnation_volume_ratio_threshold": 35,
    "stagnation_ratio_threshold": 450,
    "decline_volume_ratio_threshold": 1,
    "max_rebounds": 9,
    "decline_ratio_threshold": 610,
    "flxd_ticks": 400,
    "kline_sell_only_zy": true,
    "window_size": 5,
    "stop_profit_pct": 0.0,
    "static_hc_stop_profit_pct": 1.0
  },
  "timestamp": "2025-08-24T04:45:24.783304",
  "individual": [
    9.379909659253837,
    11.559742470996373,
    14.776843021189848,
    12.074536785138823,
    -0.038807786380132936,
    2.362429776118938,
    -0.010226899560315035,
    0.01084182317263048,
    0.004275377830206329,
    1.0628158256871263,
    0.3993926349147397,
    11.462286522754665,
    11.234110970868253,
    13.064306892324348,
    4.0282350177006725,
    0.0016280357970699863,
    8.0587714426101,
    34.503414830697054,
    44.770178756547054,
    -16.161402627531743,
    8.63716896631503,
    61.08995653203935,
    4.201531127745526,
    1.0,
    5.493909542402346
  ]
}