{
  "generation": 50,
  "fitness": 0.7066829576873741,
  "total_return": 9.285330000000002,
  "max_drawdown": 0.4555614087139394,
  "sharpe_ratio": 3.056084313450468,
  "params": {
    "per_step_tick_gap": 1,
    "cold_start_steps": 20,
    "max_abserve_tick_steps": 235,
    "max_abserce_avg_price_down_steps": 13,
    "stop_profit_open_hc_pct": -0.10381263655089834,
    "dynamic_hc_stop_profit_thres": 5.359662790078257,
    "last_close_price_hc_pct": -0.02097707366317831,
    "last_day_sell_thres": 0.0793258968364822,
    "last_day_sell_huiche": 0.008410297167556589,
    "fd_mount": 130838465,
    "fd_vol_pct": 0.7410069512191487,
    "fd_ju_ticks": 44,
    "max_zb_times": 1,
    "stagnation_kline_ticks": 37,
    "decline_kline_ticks": 50,
    "yang_yin_threshold": 0.006025475823067082,
    "stagnation_n": 5,
    "stagnation_volume_ratio_threshold": 38.95472075544369,
    "stagnation_ratio_threshold": 1478,
    "decline_volume_ratio_threshold": 73.61936048315071,
    "max_rebounds": 0,
    "decline_ratio_threshold": 1232,
    "flxd_ticks": 215,
    "flzz_ticks": 1506,
    "use_simiple_kline_strategy_flxd": true,
    "use_simiple_kline_strategy_flzz": true,
    "flzz_use_smooth_price": true,
    "flzz_zf_thresh": 0.04589552063186129,
    "kline_sell_flxd_zy": false,
    "kline_sell_flxd_zs": false,
    "kline_sell_flzz_zs": false,
    "kline_sell_flzz_zy": true,
    "last_open_price_hc_pct": 0.007549364191730063,
    "open_price_max_hc": -0.06774743034182054,
    "loss_per_step_tick_gap": 1,
    "loss_cold_start_steps": 7,
    "loss_max_abserve_tick_steps": 290,
    "loss_max_abserce_avg_price_down_steps": 1,
    "loss_dynamic_hc_stop_profit_thres": 6.741318908120982,
    "loss_last_close_price_hc_pct": 0.01,
    "loss_last_open_price_hc_pct": 0.01,
    "loss_open_price_max_hc": -0.05138760696700592,
    "loss_down_open_sell_wait_time": false,
    "down_open_sell_wait_time": true,
    "stop_profit_pct": 0.0,
    "static_hc_stop_profit_pct": 1.0,
    "loss_static_hc_stop_profit_pct": 1.0
  },
  "timestamp": "2025-08-31T22:51:39.057222",
  "individual": [
    1.0026002199306367,
    19.729505255473008,
    234.80017752136524,
    13.121726436636646,
    -0.10381263655089834,
    5.359662790078257,
    -0.02097707366317831,
    0.0793258968364822,
    0.008410297167556589,
    130838464.65778556,
    0.7410069512191487,
    44.4500085344056,
    1.0,
    36.67077252571039,
    50.0,
    0.006025475823067082,
    5.3672756068392715,
    38.95472075544369,
    1477.9675967655921,
    73.61936048315071,
    0.014026366600383559,
    1231.6532977469476,
    214.6924731582593,
    1505.9710910844015,
    1,
    1,
    1,
    0.04589552063186129,
    0,
    0,
    0,
    1,
    0.007549364191730063,
    -0.06774743034182054,
    1.2426423034431044,
    7.071886773788509,
    290.271852395539,
    1.0,
    6.741318908120982,
    0.01,
    0.01,
    -0.05138760696700592,
    0,
    1
  ]
}