{
  "generation": 120,
  "fitness": 0.7788580720522812,
  "total_return": 9.811785000000002,
  "max_drawdown": 0.44698874968684366,
  "sharpe_ratio": 3.104194647952542,
  "params": {
    "per_step_tick_gap": 1,
    "cold_start_steps": 20,
    "max_abserve_tick_steps": 235,
    "max_abserce_avg_price_down_steps": 12,
    "stop_profit_open_hc_pct": -0.12244646429052239,
    "dynamic_hc_stop_profit_thres": 5.652948587151746,
    "last_close_price_hc_pct": -0.02100417943850747,
    "last_day_sell_thres": 0.08018030121241722,
    "last_day_sell_huiche": 0.0033223082794324984,
    "fd_mount": 129373942,
    "fd_vol_pct": 0.7415186270108217,
    "fd_ju_ticks": 44,
    "max_zb_times": 1,
    "stagnation_kline_ticks": 37,
    "decline_kline_ticks": 49,
    "yang_yin_threshold": 0.015746266253976907,
    "stagnation_n": 5,
    "stagnation_volume_ratio_threshold": 40.48018074364765,
    "stagnation_ratio_threshold": 1500,
    "decline_volume_ratio_threshold": 73.82218341703722,
    "max_rebounds": 0,
    "decline_ratio_threshold": 1214,
    "flxd_ticks": 382,
    "flzz_ticks": 1706,
    "use_simiple_kline_strategy_flxd": true,
    "use_simiple_kline_strategy_flzz": true,
    "flzz_use_smooth_price": true,
    "flzz_zf_thresh": 0.05497396078327588,
    "kline_sell_flxd_zy": false,
    "kline_sell_flxd_zs": false,
    "kline_sell_flzz_zs": false,
    "kline_sell_flzz_zy": true,
    "last_open_price_hc_pct": 0.009951777907953336,
    "open_price_max_hc": -0.06751081521163989,
    "loss_per_step_tick_gap": 1,
    "loss_cold_start_steps": 5,
    "loss_max_abserve_tick_steps": 290,
    "loss_max_abserce_avg_price_down_steps": 1,
    "loss_dynamic_hc_stop_profit_thres": 0.8345051873638123,
    "loss_last_close_price_hc_pct": 0.009616929767939719,
    "loss_last_open_price_hc_pct": 0.009974094228548395,
    "loss_open_price_max_hc": -0.06545569742933302,
    "loss_down_open_sell_wait_time": false,
    "down_open_sell_wait_time": true,
    "stop_profit_pct": 0.0,
    "static_hc_stop_profit_pct": 1.0,
    "loss_static_hc_stop_profit_pct": 1.0
  },
  "timestamp": "2025-08-31T23:21:57.630003",
  "individual": [
    1.0153141786523545,
    20.202064610259576,
    235.04193145732802,
    11.73855627717011,
    -0.12244646429052239,
    5.652948587151746,
    -0.02100417943850747,
    0.08018030121241722,
    0.0033223082794324984,
    129373941.81462812,
    0.7415186270108217,
    44.37687409519549,
    1.0881625430763886,
    37.1356848138186,
    48.857460161847264,
    0.015746266253976907,
    5.339844247920446,
    40.48018074364765,
    1499.5065329647462,
    73.82218341703722,
    0.016019360590506366,
    1214.2980814269192,
    382.10840610381723,
    1706.0992089795159,
    1,
    1,
    1,
    0.05497396078327588,
    0,
    0,
    0,
    1,
    0.009951777907953336,
    -0.06751081521163989,
    1.2667060985978764,
    5.1321333867035515,
    290.42295281904046,
    1.0015475406617709,
    0.8345051873638123,
    0.009616929767939719,
    0.009974094228548395,
    -0.06545569742933302,
    0,
    1
  ]
}