{
  "gen": [
    0,
    1,
    2,
    3,
    4,
    5,
    6,
    7,
    8,
    9,
    10,
    11,
    12,
    13,
    14,
    15,
    16,
    17,
    18,
    19,
    20,
    21,
    22,
    23,
    24,
    25,
    26,
    27,
    28,
    29,
    30
  ],
  "best_fitness": [
    3.1507921194696284,
    3.226710029930288,
    3.226710029930288,
    3.233553663734202,
    3.233553663734202,
    3.242566404352497,
    3.242566404352497,
    3.242566404352497,
    3.245651588411518,
    3.245651588411518,
    3.245651588411518,
    3.245651588411518,
    3.245651588411518,
    3.245651588411518,
    3.245651588411518,
    3.245651588411518,
    3.2515990788773808,
    3.2515990788773808,
    3.2515990788773808,
    3.2515990788773808,
    3.2537375395389585,
    3.2537375395389585,
    3.2537375395389585,
    3.2563549160043177,
    3.2563549160043177,
    3.2563549160043177,
    3.2563549160043177,
    3.2563549160043177,
    3.2563549160043177,
    3.2563549160043177,
    3.2563549160043177
  ],
  "best_return": [
    4.482625,
    4.794465,
    4.794465,
    4.814395,
    4.814395,
    4.84951,
    4.84951,
    4.84951,
    4.858985,
    4.858985,
    4.858985,
    4.858985,
    4.858985,
    4.858985,
    4.858985,
    4.858985,
    4.880385,
    4.880385,
    4.880385,
    4.880385,
    4.884295,
    4.884295,
    4.884295,
    4.89531,
    4.89531,
    4.89531,
    4.89531,
    4.89531,
    4.89531,
    4.89531,
    4.89531
  ],
  "best_drawdown": [
    0.05924249518222511,
    0.05925562720300488,
    0.05925562720300488,
    0.05924249518222511,
    0.05924249518222511,
    0.05924495142596189,
    0.05924495142596189,
    0.05924495142596189,
    0.05924646427471247,
    0.05924646427471247,
    0.05924646427471247,
    0.05924646427471247,
    0.05924646427471247,
    0.05924646427471247,
    0.05924646427471247,
    0.05924646427471247,
    0.05925706830466035,
    0.05925706830466035,
    0.05925706830466035,
    0.05925706830466035,
    0.059254633490684445,
    0.059254633490684445,
    0.059254633490684445,
    0.059277158090604756,
    0.059277158090604756,
    0.059277158090604756,
    0.059277158090604756,
    0.059277158090604756,
    0.059277158090604756,
    0.059277158090604756,
    0.059277158090604756
  ],
  "best_sharpe": [
    11.097619688238977,
    11.23304430866194,
    11.23304430866194,
    11.265615765383192,
    11.265615765383192,
    11.28832903191266,
    11.28832903191266,
    11.28832903191266,
    11.302112388802506,
    11.302112388802506,
    11.302112388802506,
    11.302112388802506,
    11.302112388802506,
    11.302112388802506,
    11.302112388802506,
    11.302112388802506,
    11.321603399940185,
    11.321603399940185,
    11.321603399940185,
    11.321603399940185,
    11.337319596556405,
    11.337319596556405,
    11.337319596556405,
    11.342531469401349,
    11.342531469401349,
    11.342531469401349,
    11.342531469401349,
    11.342531469401349,
    11.342531469401349,
    11.342531469401349,
    11.342531469401349
  ],
  "avg_fitness": [
    3.012082737809964,
    3.1221506565227783,
    3.1369054364361353,
    3.164373581722605,
    3.1784843978746102,
    3.2113191191071304,
    3.222103139458519,
    3.2331375856185565,
    3.2417325695949986,
    3.2365085472403825,
    3.2422636394213717,
    3.2453430700056165,
    3.2454459094742503,
    3.2454459094742503,
    3.2447756095903797,
    3.245240230536982,
    3.2455099506911957,
    3.245614295931396,
    3.245833921089746,
    3.2479440166145137,
    3.2506791124884553,
    3.250373367640322,
    3.2492136158168776,
    3.2518444851876267,
    3.2232500094989875,
    3.250514993381207,
    3.2504358495023644,
    3.2534094788978463,
    3.2558575568663164,
    3.256354916004317,
    3.2558575568663164
  ],
  "min_fitness": [
    2.65758103319325,
    3.0909080717793977,
    3.0458717171637066,
    3.0973443412065014,
    3.1081551542951793,
    3.1507921194696284,
    3.1734247892873695,
    3.213198279239474,
    3.23497854688054,
    3.193074615381501,
    3.1925656878004807,
    3.242566404352497,
    3.242566404352497,
    3.242566404352497,
    3.2224574078363943,
    3.242566404352497,
    3.2354549663359897,
    3.2354549663359897,
    3.2354549663359897,
    3.236960760373099,
    3.245651588411518,
    3.2294710604036956,
    3.2383977848781904,
    3.245651588411518,
    2.8217950018701643,
    3.2383977848781904,
    3.2383977848781904,
    3.2383977848781904,
    3.2414341418643,
    3.2563549160043177,
    3.2414341418643
  ],
  "max_fitness": [
    3.1507921194696284,
    3.226710029930288,
    3.226710029930288,
    3.233553663734202,
    3.233553663734202,
    3.242566404352497,
    3.242566404352497,
    3.242566404352497,
    3.245651588411518,
    3.245651588411518,
    3.245651588411518,
    3.245651588411518,
    3.245651588411518,
    3.245651588411518,
    3.245651588411518,
    3.245651588411518,
    3.2515990788773808,
    3.2515990788773808,
    3.2515990788773808,
    3.2515990788773808,
    3.2537375395389585,
    3.2537375395389585,
    3.2537375395389585,
    3.2563549160043177,
    3.2563549160043177,
    3.2563549160043177,
    3.2563549160043177,
    3.2563549160043177,
    3.2563549160043177,
    3.2563549160043177,
    3.2563549160043177
  ],
  "diversity": [
    2.2358754916939625,
    2.156408299998297,
    2.0825171323754055,
    1.9741713970887853,
    1.8690295541656463,
    1.836626683574911,
    1.7167244113861333,
    1.4716661329007188,
    1.1312938848571104,
    1.1466634910576026,
    1.2478151845521344,
    1.0946520724829012,
    0.971302680860575,
    0.9420688055020953,
    0.9418653356150799,
    0.879775735141363,
    1.008089053525613,
    1.1190277280926593,
    1.1479141503550376,
    1.1075418508117367,
    0.9554459588526949,
    0.966844413435301,
    1.0750970332398526,
    1.1906880687179489,
    1.3625975293815131,
    1.3496452411150235,
    1.2984972406988555,
    0.915646203124268,
    0.8781553397772498,
    1.0849023233745647,
    1.1496037416674385
  ],
  "cx_prob": [
    0.7,
    0.84,
    0.9,
    0.9,
    0.9,
    0.9,
    0.9,
    0.9,
    0.9,
    0.9,
    0.9,
    0.9,
    0.9,
    0.9,
    0.9,
    0.9,
    0.9,
    0.9,
    0.9,
    0.9,
    0.9,
    0.9,
    0.9,
    0.9,
    0.9,
    0.9,
    0.9,
    0.9,
    0.9,
    0.9,
    0.9
  ],
  "mut_prob": [
    0.3,
    0.24,
    0.192,
    0.15360000000000001,
    0.12288000000000002,
    0.1,
    0.1,
    0.1,
    0.1,
    0.1,
    0.1,
    0.1,
    0.1,
    0.1,
    0.1,
    0.1,
    0.1,
    0.1,
    0.1,
    0.1,
    0.1,
    0.1,
    0.1,
    0.1,
    0.1,
    0.1,
    0.1,
    0.1,
    0.1,
    0.1,
    0.1
  ]
}