{
  "gen": [
    0,
    1,
    2,
    3,
    4,
    5,
    6,
    7,
    8,
    9,
    10
  ],
  "best_fitness": [
    0.5516997017888284,
    0.5516997017888284,
    0.5516997017888284,
    0.5516997017888284,
    0.5516997017888284,
    0.5516997017888284,
    0.5516997017888284,
    0.5516997017888284,
    0.5516997017888284,
    0.5516997017888284,
    0.5516997017888284
  ],
  "best_return": [
    8.135990000000005,
    8.135990000000005,
    8.135990000000005,
    8.135990000000005,
    8.135990000000005,
    8.135990000000005,
    8.135990000000005,
    8.135990000000005,
    8.135990000000005,
    8.135990000000005,
    8.135990000000005
  ],
  "best_drawdown": [
    0.3949702505495351,
    0.3949702505495351,
    0.3949702505495351,
    0.3949702505495351,
    0.3949702505495351,
    0.3949702505495351,
    0.3949702505495351,
    0.3949702505495351,
    0.3949702505495351,
    0.3949702505495351,
    0.3949702505495351
  ],
  "best_sharpe": [
    3.273602466427157,
    3.273602466427157,
    3.273602466427157,
    3.273602466427157,
    3.273602466427157,
    3.273602466427157,
    3.273602466427157,
    3.273602466427157,
    3.273602466427157,
    3.273602466427157,
    3.273602466427157
  ],
  "avg_fitness": [
    0.5516997017888283,
    0.5516997017888283,
    0.5516997017888283,
    0.5516997017888283,
    0.5516997017888283,
    0.5516997017888283,
    0.5516997017888283,
    0.5516997017888283,
    0.5516997017888283,
    0.5516997017888283,
    0.5516997017888283
  ],
  "min_fitness": [
    0.5516997017888284,
    0.5516997017888284,
    0.5516997017888284,
    0.5516997017888284,
    0.5516997017888284,
    0.5516997017888284,
    0.5516997017888284,
    0.5516997017888284,
    0.5516997017888284,
    0.5516997017888284,
    0.5516997017888284
  ],
  "max_fitness": [
    0.5516997017888284,
    0.5516997017888284,
    0.5516997017888284,
    0.5516997017888284,
    0.5516997017888284,
    0.5516997017888284,
    0.5516997017888284,
    0.5516997017888284,
    0.5516997017888284,
    0.5516997017888284,
    0.5516997017888284
  ],
  "diversity": [
    2.5918099618605517,
    2.5182660741209144,
    2.456650078385206,
    2.315995703795495,
    2.124510164810264,
    1.9585428759346906,
    2.054749047035616,
    2.0404660969868553,
    2.093566633526879,
    2.045976806374582,
    1.9573105400361883
  ],
  "cx_prob": [
    0.7,
    0.84,
    0.9,
    0.9,
    0.9,
    0.9,
    0.9,
    0.9,
    0.9,
    0.9,
    0.9
  ],
  "mut_prob": [
    0.3,
    0.24,
    0.192,
    0.15360000000000001,
    0.12288000000000002,
    0.1,
    0.1,
    0.1,
    0.1,
    0.1,
    0.1
  ]
}