{
  "train_performance": {
    "fitness": 0.9776788230264407,
    "return": 32.51483500000001,
    "drawdown": 0.42446525840308236,
    "sharpe": 4.318294868036708
  },
  "test_performance": {
    "fitness": 1.4277305940562737,
    "return": 26.728365000000014,
    "drawdown": 0.3836575336136399,
    "sharpe": 4.327604628143056
  },
  "overfitting_ratio": {
    "fitness": 0.6847782257357061,
    "return": 1.2164917307886207,
    "sharpe": 0.9978487498497888
  }
}