{
  "train_performance": {
    "fitness": 1.7062817195317501,
    "return": 21.59677499999999,
    "drawdown": 0.36030169422617264,
    "sharpe": 4.220830421132537
  },
  "test_performance": {
    "fitness": 1.0601941856185713,
    "return": 17.955579999999998,
    "drawdown": 0.39820236098363776,
    "sharpe": 3.989061996117932
  },
  "overfitting_ratio": {
    "fitness": 1.6094049021182082,
    "return": 1.2027890494208482,
    "sharpe": 1.0581009834492814
  }
}