{
  "generation": 50,
  "fitness": 1.2392554839195453,
  "total_return": 6.212520000000002,
  "max_drawdown": 0.3229195440990739,
  "sharpe_ratio": 6.329627929204772,
  "params": {
    "per_step_tick_gap": 24,
    "cold_start_steps": 14,
    "max_abserve_tick_steps": 1000,
    "max_abserce_avg_price_down_steps": 9,
    "stop_profit_open_hc_pct": -0.015049529362742765,
    "dynamic_hc_stop_profit_thres": 0.8947736124706064,
    "last_close_price_hc_pct": -0.03657657946714861,
    "last_day_sell_thres": 0.46254064301195263,
    "last_day_sell_huiche": 0.01999631879246633,
    "fd_mount": 71327300,
    "fd_vol_pct": 0.38787443608949634,
    "fd_ju_ticks": 49,
    "max_zb_times": 12,
    "stagnation_kline_ticks": 30,
    "decline_kline_ticks": 13,
    "yang_yin_threshold": 0.016526023769212483,
    "stagnation_n": 1,
    "stagnation_volume_ratio_threshold": 31.794517027272203,
    "stagnation_ratio_threshold": 922,
    "decline_volume_ratio_threshold": 66.24598679361398,
    "max_rebounds": 1,
    "decline_ratio_threshold": 1401,
    "flxd_ticks": 427,
    "flzz_ticks": 752,
    "use_simiple_kline_strategy_flxd": false,
    "use_simiple_kline_strategy_flzz": true,
    "flzz_use_smooth_price": true,
    "flzz_zf_thresh": -0.03332363327522572,
    "kline_sell_flxd_zy": false,
    "kline_sell_flxd_zs": false,
    "kline_sell_flzz_zs": false,
    "kline_sell_flzz_zy": true,
    "last_open_price_hc_pct": -0.003625255585047588,
    "open_price_max_hc": -0.0914098576372221,
    "loss_per_step_tick_gap": 10,
    "loss_cold_start_steps": 2,
    "loss_max_abserve_tick_steps": 463,
    "loss_max_abserce_avg_price_down_steps": 2,
    "loss_dynamic_hc_stop_profit_thres": 3.911749819010843,
    "loss_last_close_price_hc_pct": -0.0004112947571392144,
    "loss_last_open_price_hc_pct": -0.039497783660681705,
    "loss_open_price_max_hc": 0.0,
    "loss_down_open_sell_wait_time": false,
    "down_open_sell_wait_time": false,
    "day_zy_line": 0.06624949593224222,
    "day_zs_line": -0.47136375557111515,
    "sell_afternoon": true,
    "sell_half_afternoon": true,
    "sell_max_days": 1,
    "stop_profit_pct": 0.0,
    "static_hc_stop_profit_pct": 1.0,
    "loss_static_hc_stop_profit_pct": 1.0
  },
  "timestamp": "2025-09-06T13:23:00.040099",
  "individual": [
    23.760739919296824,
    14,
    1000.0,
    9.348584139537508,
    -0.015049529362742765,
    0.8947736124706064,
    -0.03657657946714861,
    0.46254064301195263,
    0.01999631879246633,
    71327300,
    0.38787443608949634,
    48.87080946015418,
    12.293379872441971,
    29.841530453580557,
    12.568070908838763,
    0.016526023769212483,
    1.0,
    31.794517027272203,
    922.4407380605849,
    66.24598679361398,
    1.1089599223498436,
    1400.8951368711,
    427,
    751.5377516320909,
    0,
    1,
    1,
    -0.03332363327522572,
    0,
    0,
    0,
    1,
    -0.003625255585047588,
    -0.0914098576372221,
    10.017836046907679,
    2,
    462.79567316658165,
    2.021656922777982,
    3.911749819010843,
    -0.0004112947571392144,
    -0.039497783660681705,
    0.0,
    0,
    0,
    0.06624949593224222,
    -0.47136375557111515,
    1,
    1,
    1
  ],
  "max_drawdown_threshold": 0.15,
  "strategy_name": "\u9ad8\u4f4d\u9ad8\u5f3a\u8ffd\u6da8"
}