{
  "generation": 30,
  "fitness": 1.2289388637945353,
  "total_return": 6.090735000000002,
  "max_drawdown": 0.3228619391134703,
  "sharpe_ratio": 6.288650035394571,
  "params": {
    "per_step_tick_gap": 25,
    "cold_start_steps": 40,
    "max_abserve_tick_steps": 1000,
    "max_abserce_avg_price_down_steps": 8,
    "stop_profit_open_hc_pct": -0.0103140731379732,
    "dynamic_hc_stop_profit_thres": 5.828154151245011,
    "last_close_price_hc_pct": -0.036638756282745766,
    "last_day_sell_thres": 0.8731019343580645,
    "last_day_sell_huiche": 0.02,
    "fd_mount": 96782733,
    "fd_vol_pct": 0.39005629698111227,
    "fd_ju_ticks": 50,
    "max_zb_times": 12,
    "stagnation_kline_ticks": 30,
    "decline_kline_ticks": 12,
    "yang_yin_threshold": 0.01650279634912546,
    "stagnation_n": 1,
    "stagnation_volume_ratio_threshold": 35.290151374294915,
    "stagnation_ratio_threshold": 909,
    "decline_volume_ratio_threshold": 68.15968883671447,
    "max_rebounds": 9,
    "decline_ratio_threshold": 1426,
    "flxd_ticks": 343,
    "flzz_ticks": 649,
    "use_simiple_kline_strategy_flxd": false,
    "use_simiple_kline_strategy_flzz": true,
    "flzz_use_smooth_price": false,
    "flzz_zf_thresh": -0.03780911585741213,
    "kline_sell_flxd_zy": false,
    "kline_sell_flxd_zs": false,
    "kline_sell_flzz_zs": true,
    "kline_sell_flzz_zy": true,
    "last_open_price_hc_pct": -0.0025292958152903226,
    "open_price_max_hc": -0.09064154602346128,
    "loss_per_step_tick_gap": 11,
    "loss_cold_start_steps": 21,
    "loss_max_abserve_tick_steps": 385,
    "loss_max_abserce_avg_price_down_steps": 2,
    "loss_dynamic_hc_stop_profit_thres": 2.7414155856989524,
    "loss_last_close_price_hc_pct": -0.0005524025137457118,
    "loss_last_open_price_hc_pct": -0.02930508660693288,
    "loss_open_price_max_hc": 0.0,
    "loss_down_open_sell_wait_time": false,
    "down_open_sell_wait_time": true,
    "day_zy_line": 0.06597922420460846,
    "day_zs_line": -0.447838517371131,
    "sell_afternoon": true,
    "sell_half_afternoon": true,
    "sell_max_days": 1,
    "stop_profit_pct": 0.0,
    "static_hc_stop_profit_pct": 1.0,
    "loss_static_hc_stop_profit_pct": 1.0
  },
  "timestamp": "2025-09-06T13:21:37.010984",
  "individual": [
    25.0,
    39.58118230403418,
    1000.0,
    7.708488650961031,
    -0.0103140731379732,
    5.828154151245011,
    -0.036638756282745766,
    0.8731019343580645,
    0.02,
    96782732.88552065,
    0.39005629698111227,
    50.0,
    12.185814638002437,
    29.889821775252326,
    12.258846659059,
    0.01650279634912546,
    1.0,
    35.290151374294915,
    909.3657772495955,
    68.15968883671447,
    8.88314422798958,
    1425.8261024143706,
    342.9982238596509,
    648.6131519817097,
    0,
    1,
    0,
    -0.03780911585741213,
    0,
    0,
    1,
    1,
    -0.0025292958152903226,
    -0.09064154602346128,
    10.50277639884127,
    20.85945173451287,
    384.8502663350134,
    2.133886447366913,
    2.7414155856989524,
    -0.0005524025137457118,
    -0.02930508660693288,
    0.0,
    0,
    1,
    0.06597922420460846,
    -0.447838517371131,
    1,
    1,
    1.1496890140146843
  ],
  "max_drawdown_threshold": 0.15,
  "strategy_name": "\u9ad8\u4f4d\u9ad8\u5f3a\u8ffd\u6da8"
}