{
  "generation": 60,
  "fitness": 1.2547807365550887,
  "total_return": 6.39945,
  "max_drawdown": 0.3229906964519033,
  "sharpe_ratio": 6.388565946427859,
  "params": {
    "per_step_tick_gap": 25,
    "cold_start_steps": 38,
    "max_abserve_tick_steps": 1000,
    "max_abserce_avg_price_down_steps": 9,
    "stop_profit_open_hc_pct": -0.025183859513721266,
    "dynamic_hc_stop_profit_thres": 0.01,
    "last_close_price_hc_pct": -0.036561763009931095,
    "last_day_sell_thres": 0.43575129829899195,
    "last_day_sell_huiche": 0.01997338120039915,
    "fd_mount": 99291085,
    "fd_vol_pct": 0.38814268646760486,
    "fd_ju_ticks": 50,
    "max_zb_times": 12,
    "stagnation_kline_ticks": 29,
    "decline_kline_ticks": 11,
    "yang_yin_threshold": 0.01639898903867086,
    "stagnation_n": 1,
    "stagnation_volume_ratio_threshold": 38.428929836286535,
    "stagnation_ratio_threshold": 959,
    "decline_volume_ratio_threshold": 92.82777764155341,
    "max_rebounds": 13,
    "decline_ratio_threshold": 1427,
    "flxd_ticks": 354,
    "flzz_ticks": 813,
    "use_simiple_kline_strategy_flxd": false,
    "use_simiple_kline_strategy_flzz": true,
    "flzz_use_smooth_price": false,
    "flzz_zf_thresh": -0.03553043545329947,
    "kline_sell_flxd_zy": false,
    "kline_sell_flxd_zs": true,
    "kline_sell_flzz_zs": false,
    "kline_sell_flzz_zy": true,
    "last_open_price_hc_pct": -0.00031223979836419026,
    "open_price_max_hc": -0.095071781234802,
    "loss_per_step_tick_gap": 11,
    "loss_cold_start_steps": 16,
    "loss_max_abserve_tick_steps": 378,
    "loss_max_abserce_avg_price_down_steps": 2,
    "loss_dynamic_hc_stop_profit_thres": 6.810453991102854,
    "loss_last_close_price_hc_pct": -0.004665736292092232,
    "loss_last_open_price_hc_pct": -0.03661915085282416,
    "loss_open_price_max_hc": -0.01171004601190008,
    "loss_down_open_sell_wait_time": true,
    "down_open_sell_wait_time": false,
    "day_zy_line": 0.06613263493385445,
    "day_zs_line": -0.46156951123987966,
    "sell_afternoon": false,
    "sell_half_afternoon": true,
    "sell_max_days": 1,
    "stop_profit_pct": 0.0,
    "static_hc_stop_profit_pct": 1.0,
    "loss_static_hc_stop_profit_pct": 1.0
  },
  "timestamp": "2025-09-06T13:23:44.808783",
  "individual": [
    24.92383957562723,
    37.58807320647461,
    1000.0,
    9.321509621637297,
    -0.025183859513721266,
    0.01,
    -0.036561763009931095,
    0.43575129829899195,
    0.01997338120039915,
    99291085.01131074,
    0.38814268646760486,
    50.0,
    12.183182789235804,
    29.11866942755418,
    11.022248892744756,
    0.01639898903867086,
    1.0,
    38.428929836286535,
    959.3276777823219,
    92.82777764155341,
    12.57246215103875,
    1427.2235952321112,
    354.2850585072712,
    813.0056764374663,
    0,
    1,
    0,
    -0.03553043545329947,
    0,
    1,
    0,
    1,
    -0.00031223979836419026,
    -0.095071781234802,
    10.939460503412713,
    16.309676122988385,
    378.34673156463026,
    2.371970039700268,
    6.810453991102854,
    -0.004665736292092232,
    -0.03661915085282416,
    -0.01171004601190008,
    1,
    0,
    0.06613263493385445,
    -0.46156951123987966,
    0,
    1,
    1.0
  ],
  "max_drawdown_threshold": 0.15,
  "strategy_name": "\u9ad8\u4f4d\u9ad8\u5f3a\u8ffd\u6da8"
}