{
  "generation": 20,
  "fitness": 2.202412382689303,
  "total_return": 8.182495,
  "max_drawdown": 0.21027795079175624,
  "sharpe_ratio": 4.2508497916927706,
  "params": {
    "per_step_tick_gap": 13,
    "cold_start_steps": 7,
    "max_abserve_tick_steps": 975,
    "max_abserce_avg_price_down_steps": 15,
    "stop_profit_open_hc_pct": -0.09028632993786687,
    "dynamic_hc_stop_profit_thres": 3.9025173332983063,
    "last_close_price_hc_pct": -0.02419520531425785,
    "last_day_sell_thres": 0.21682780039399824,
    "last_day_sell_huiche": 0.008895621868206693,
    "fd_mount": 76630683,
    "fd_vol_pct": 0.4240617012127838,
    "fd_ju_ticks": 4,
    "max_zb_times": 23,
    "stagnation_kline_ticks": 31,
    "decline_kline_ticks": 37,
    "yang_yin_threshold": 0.02569704196956647,
    "stagnation_n": 8,
    "stagnation_volume_ratio_threshold": 29.15040405466302,
    "stagnation_ratio_threshold": 444,
    "decline_volume_ratio_threshold": 7.835887493473441,
    "max_rebounds": 3,
    "decline_ratio_threshold": 333,
    "flxd_ticks": 500,
    "flzz_ticks": 1880,
    "use_simiple_kline_strategy_flxd": false,
    "use_simiple_kline_strategy_flzz": false,
    "flzz_use_smooth_price": false,
    "flzz_zf_thresh": -0.002885866330041398,
    "kline_sell_flxd_zy": false,
    "kline_sell_flxd_zs": true,
    "kline_sell_flzz_zs": false,
    "kline_sell_flzz_zy": false,
    "last_open_price_hc_pct": -0.04692825638350394,
    "open_price_max_hc": -0.029452529943517828,
    "loss_per_step_tick_gap": 7,
    "loss_cold_start_steps": 12,
    "loss_max_abserve_tick_steps": 283,
    "loss_max_abserce_avg_price_down_steps": 11,
    "loss_dynamic_hc_stop_profit_thres": 8.0,
    "loss_last_close_price_hc_pct": -0.008427309875677792,
    "loss_last_open_price_hc_pct": -0.04553631291681583,
    "loss_open_price_max_hc": 0.0,
    "loss_down_open_sell_wait_time": false,
    "down_open_sell_wait_time": true,
    "day_zy_line": 0.0014008257559235495,
    "day_zs_line": -0.07848713540858458,
    "sell_afternoon": true,
    "sell_half_afternoon": false,
    "sell_max_days": 4,
    "stop_profit_pct": 0.0,
    "static_hc_stop_profit_pct": 1.0,
    "loss_static_hc_stop_profit_pct": 1.0
  },
  "timestamp": "2025-09-05T01:52:10.880006",
  "individual": [
    13.463745839235116,
    7.185810480555119,
    974.9158917580617,
    15.0,
    -0.09028632993786687,
    3.9025173332983063,
    -0.02419520531425785,
    0.21682780039399824,
    0.008895621868206693,
    76630683.4579342,
    0.4240617012127838,
    3.6949608888486996,
    23.123901734307225,
    30.66728546792559,
    37.31842098390442,
    0.02569704196956647,
    7.531842445255851,
    29.15040405466302,
    444.49380638092197,
    7.835887493473441,
    2.9909854325369825,
    332.77479978543215,
    500.0,
    1879.525177683975,
    0,
    0,
    0,
    -0.002885866330041398,
    0,
    1,
    0,
    0,
    -0.04692825638350394,
    -0.029452529943517828,
    7.312638877916309,
    12.113108161141467,
    283.44227722092535,
    10.878631253598824,
    8.0,
    -0.008427309875677792,
    -0.04553631291681583,
    0.0,
    0,
    1,
    0.0014008257559235495,
    -0.07848713540858458,
    1,
    0,
    3.971835036620951
  ],
  "max_drawdown_threshold": 0.15
}