{
  "generation": 50,
  "fitness": 2.6954104842681366,
  "total_return": 9.930615,
  "max_drawdown": 0.1892307293033396,
  "sharpe_ratio": 4.57044040129813,
  "params": {
    "per_step_tick_gap": 13,
    "cold_start_steps": 4,
    "max_abserve_tick_steps": 912,
    "max_abserce_avg_price_down_steps": 14,
    "stop_profit_open_hc_pct": -0.09280068965023443,
    "dynamic_hc_stop_profit_thres": 1.7751170601312867,
    "last_close_price_hc_pct": -0.02522726515620815,
    "last_day_sell_thres": 0.13964725873435768,
    "last_day_sell_huiche": 0.012231830915079484,
    "fd_mount": 72428934,
    "fd_vol_pct": 0.6349289487830786,
    "fd_ju_ticks": 1,
    "max_zb_times": 28,
    "stagnation_kline_ticks": 15,
    "decline_kline_ticks": 34,
    "yang_yin_threshold": 0.02655030228249798,
    "stagnation_n": 19,
    "stagnation_volume_ratio_threshold": 91.96680114396223,
    "stagnation_ratio_threshold": 339,
    "decline_volume_ratio_threshold": 26.373389123449815,
    "max_rebounds": 11,
    "decline_ratio_threshold": 399,
    "flxd_ticks": 291,
    "flzz_ticks": 901,
    "use_simiple_kline_strategy_flxd": false,
    "use_simiple_kline_strategy_flzz": false,
    "flzz_use_smooth_price": true,
    "flzz_zf_thresh": -0.0006969805652278563,
    "kline_sell_flxd_zy": false,
    "kline_sell_flxd_zs": false,
    "kline_sell_flzz_zs": false,
    "kline_sell_flzz_zy": false,
    "last_open_price_hc_pct": -0.04510445694165078,
    "open_price_max_hc": -0.03143749569339842,
    "loss_per_step_tick_gap": 6,
    "loss_cold_start_steps": 0,
    "loss_max_abserve_tick_steps": 245,
    "loss_max_abserce_avg_price_down_steps": 14,
    "loss_dynamic_hc_stop_profit_thres": 0.15588162142732376,
    "loss_last_close_price_hc_pct": -0.0008898129984609602,
    "loss_last_open_price_hc_pct": -0.04536569844191884,
    "loss_open_price_max_hc": 0.0,
    "loss_down_open_sell_wait_time": false,
    "down_open_sell_wait_time": true,
    "day_zy_line": 0.0019290909225277617,
    "day_zs_line": -0.07768124792789519,
    "sell_afternoon": true,
    "sell_half_afternoon": false,
    "sell_max_days": 4,
    "stop_profit_pct": 0.0,
    "static_hc_stop_profit_pct": 1.0,
    "loss_static_hc_stop_profit_pct": 1.0
  },
  "timestamp": "2025-09-05T02:09:12.243662",
  "individual": [
    12.746378459821866,
    4.3987699264861435,
    912.0749021557367,
    14.429986443436832,
    -0.09280068965023443,
    1.7751170601312867,
    -0.02522726515620815,
    0.13964725873435768,
    0.012231830915079484,
    72428934.38345082,
    0.6349289487830786,
    1.0867557022557306,
    27.508437290548198,
    14.804714734603976,
    34.454990345153476,
    0.02655030228249798,
    19.015374017031753,
    91.96680114396223,
    339.26031676964504,
    26.373389123449815,
    11.333608664090331,
    399.44341546743556,
    290.57326025798477,
    900.7567809745331,
    0,
    0,
    1,
    -0.0006969805652278563,
    0,
    0,
    0,
    0,
    -0.04510445694165078,
    -0.03143749569339842,
    5.967077950038907,
    0.0,
    245.39371665536422,
    13.592578043910839,
    0.15588162142732376,
    -0.0008898129984609602,
    -0.04536569844191884,
    0.0,
    0,
    1,
    0.0019290909225277617,
    -0.07768124792789519,
    1,
    0,
    3.971173637868281
  ],
  "max_drawdown_threshold": 0.15
}