{
  "generation": 90,
  "fitness": 2.922338457569443,
  "total_return": 11.033335,
  "max_drawdown": 0.18227205428028495,
  "sharpe_ratio": 4.68807290323468,
  "params": {
    "per_step_tick_gap": 20,
    "cold_start_steps": 0,
    "max_abserve_tick_steps": 467,
    "max_abserce_avg_price_down_steps": 14,
    "stop_profit_open_hc_pct": -0.09115136703126278,
    "dynamic_hc_stop_profit_thres": 1.520876376834389,
    "last_close_price_hc_pct": -0.023216492433459638,
    "last_day_sell_thres": 0.1872437095758531,
    "last_day_sell_huiche": 0.001323811338781121,
    "fd_mount": 33243994,
    "fd_vol_pct": 0.6238345857116678,
    "fd_ju_ticks": 1,
    "max_zb_times": 17,
    "stagnation_kline_ticks": 13,
    "decline_kline_ticks": 36,
    "yang_yin_threshold": 0.02695532295346456,
    "stagnation_n": 2,
    "stagnation_volume_ratio_threshold": 70.97737977156739,
    "stagnation_ratio_threshold": 100,
    "decline_volume_ratio_threshold": 49.205506775251926,
    "max_rebounds": 13,
    "decline_ratio_threshold": 435,
    "flxd_ticks": 148,
    "flzz_ticks": 1106,
    "use_simiple_kline_strategy_flxd": false,
    "use_simiple_kline_strategy_flzz": true,
    "flzz_use_smooth_price": false,
    "flzz_zf_thresh": -0.05232231718941221,
    "kline_sell_flxd_zy": false,
    "kline_sell_flxd_zs": false,
    "kline_sell_flzz_zs": false,
    "kline_sell_flzz_zy": true,
    "last_open_price_hc_pct": -0.035111146178333434,
    "open_price_max_hc": -0.03551318251652413,
    "loss_per_step_tick_gap": 6,
    "loss_cold_start_steps": 0,
    "loss_max_abserve_tick_steps": 265,
    "loss_max_abserce_avg_price_down_steps": 4,
    "loss_dynamic_hc_stop_profit_thres": 0.15771210585075224,
    "loss_last_close_price_hc_pct": -0.007483188702266036,
    "loss_last_open_price_hc_pct": -0.04628974572455875,
    "loss_open_price_max_hc": -0.0629892170086103,
    "loss_down_open_sell_wait_time": false,
    "down_open_sell_wait_time": true,
    "day_zy_line": 0.0026989791236389374,
    "day_zs_line": -0.07765537263390264,
    "sell_afternoon": true,
    "sell_half_afternoon": false,
    "sell_max_days": 4,
    "stop_profit_pct": 0.0,
    "static_hc_stop_profit_pct": 1.0,
    "loss_static_hc_stop_profit_pct": 1.0
  },
  "timestamp": "2025-09-05T02:29:49.017619",
  "individual": [
    19.882508616774526,
    0.06487610790777411,
    466.8571833494749,
    14.323476544210298,
    -0.09115136703126278,
    1.520876376834389,
    -0.023216492433459638,
    0.1872437095758531,
    0.001323811338781121,
    33243994.012742486,
    0.6238345857116678,
    1.329971429552117,
    17.057563736376082,
    12.822363786266845,
    36.39510374717477,
    0.02695532295346456,
    1.8534667196548373,
    70.97737977156739,
    100.10563584095323,
    49.205506775251926,
    12.537249094441771,
    434.6598468630335,
    147.9734397743901,
    1106.3818902400242,
    0,
    1,
    0,
    -0.05232231718941221,
    0,
    0,
    0,
    1,
    -0.035111146178333434,
    -0.03551318251652413,
    5.739035458791704,
    0.1934323184179353,
    265.09350252071715,
    3.891913279972609,
    0.15771210585075224,
    -0.007483188702266036,
    -0.04628974572455875,
    -0.0629892170086103,
    0,
    1,
    0.0026989791236389374,
    -0.07765537263390264,
    1,
    0,
    3.996560310430141
  ],
  "max_drawdown_threshold": 0.15
}