{
  "generation": 40,
  "fitness": 2.6542723284962135,
  "total_return": 9.599835000000002,
  "max_drawdown": 0.18934319531728178,
  "sharpe_ratio": 4.5209722585971415,
  "params": {
    "per_step_tick_gap": 13,
    "cold_start_steps": 3,
    "max_abserve_tick_steps": 974,
    "max_abserce_avg_price_down_steps": 14,
    "stop_profit_open_hc_pct": -0.09360532045472911,
    "dynamic_hc_stop_profit_thres": 1.8674181029371235,
    "last_close_price_hc_pct": -0.024570739847903027,
    "last_day_sell_thres": 0.24896630247456414,
    "last_day_sell_huiche": 0.01161673731340174,
    "fd_mount": 49456562,
    "fd_vol_pct": 0.6374845525644833,
    "fd_ju_ticks": 1,
    "max_zb_times": 30,
    "stagnation_kline_ticks": 13,
    "decline_kline_ticks": 37,
    "yang_yin_threshold": 0.026125743666744437,
    "stagnation_n": 18,
    "stagnation_volume_ratio_threshold": 71.38473283480245,
    "stagnation_ratio_threshold": 349,
    "decline_volume_ratio_threshold": 45.9617392206063,
    "max_rebounds": 11,
    "decline_ratio_threshold": 380,
    "flxd_ticks": 135,
    "flzz_ticks": 1073,
    "use_simiple_kline_strategy_flxd": false,
    "use_simiple_kline_strategy_flzz": true,
    "flzz_use_smooth_price": true,
    "flzz_zf_thresh": 0.004648225441346562,
    "kline_sell_flxd_zy": false,
    "kline_sell_flxd_zs": false,
    "kline_sell_flzz_zs": false,
    "kline_sell_flzz_zy": false,
    "last_open_price_hc_pct": -0.04483596536114677,
    "open_price_max_hc": -0.03161699096187212,
    "loss_per_step_tick_gap": 6,
    "loss_cold_start_steps": 0,
    "loss_max_abserve_tick_steps": 252,
    "loss_max_abserce_avg_price_down_steps": 12,
    "loss_dynamic_hc_stop_profit_thres": 0.16088412687504527,
    "loss_last_close_price_hc_pct": -0.0022098309752716623,
    "loss_last_open_price_hc_pct": -0.044107532480267234,
    "loss_open_price_max_hc": 0.0,
    "loss_down_open_sell_wait_time": false,
    "down_open_sell_wait_time": true,
    "day_zy_line": 0.0018931672113343054,
    "day_zs_line": -0.07769958457326501,
    "sell_afternoon": true,
    "sell_half_afternoon": false,
    "sell_max_days": 4,
    "stop_profit_pct": 0.0,
    "static_hc_stop_profit_pct": 1.0,
    "loss_static_hc_stop_profit_pct": 1.0
  },
  "timestamp": "2025-09-05T02:03:26.880492",
  "individual": [
    12.746269919444112,
    3.3384512172208716,
    973.5013340542238,
    14.475447264027297,
    -0.09360532045472911,
    1.8674181029371235,
    -0.024570739847903027,
    0.24896630247456414,
    0.01161673731340174,
    49456562,
    0.6374845525644833,
    1.1364485885170774,
    30,
    12.514850773512366,
    36.65631457650073,
    0.026125743666744437,
    18,
    71.38473283480245,
    348.8445971757783,
    45.9617392206063,
    11.024641884255391,
    379.7534316786963,
    135,
    1073,
    0,
    1,
    1,
    0.004648225441346562,
    0,
    0,
    0,
    0,
    -0.04483596536114677,
    -0.03161699096187212,
    6,
    0.0728398507476043,
    252,
    11.627769258763498,
    0.16088412687504527,
    -0.0022098309752716623,
    -0.044107532480267234,
    0.0,
    0,
    1,
    0.0018931672113343054,
    -0.07769958457326501,
    1,
    0,
    3.9707545267011164
  ],
  "max_drawdown_threshold": 0.15
}