{
  "generation": 30,
  "fitness": 2.422958448872136,
  "total_return": 9.210200000000002,
  "max_drawdown": 0.20267339673335608,
  "sharpe_ratio": 4.45002713275731,
  "params": {
    "per_step_tick_gap": 13,
    "cold_start_steps": 0,
    "max_abserve_tick_steps": 964,
    "max_abserce_avg_price_down_steps": 15,
    "stop_profit_open_hc_pct": -0.08722914220892618,
    "dynamic_hc_stop_profit_thres": 7.034569074445484,
    "last_close_price_hc_pct": -0.0226162389123514,
    "last_day_sell_thres": 0.23036263880696733,
    "last_day_sell_huiche": 0.008343288832608714,
    "fd_mount": 76483427,
    "fd_vol_pct": 0.548736225284709,
    "fd_ju_ticks": 2,
    "max_zb_times": 24,
    "stagnation_kline_ticks": 12,
    "decline_kline_ticks": 38,
    "yang_yin_threshold": 0.02607873304389519,
    "stagnation_n": 8,
    "stagnation_volume_ratio_threshold": 33.927306177765956,
    "stagnation_ratio_threshold": 353,
    "decline_volume_ratio_threshold": 7.642287567277724,
    "max_rebounds": 10,
    "decline_ratio_threshold": 641,
    "flxd_ticks": 498,
    "flzz_ticks": 1878,
    "use_simiple_kline_strategy_flxd": false,
    "use_simiple_kline_strategy_flzz": false,
    "flzz_use_smooth_price": false,
    "flzz_zf_thresh": 0.005668349824754447,
    "kline_sell_flxd_zy": false,
    "kline_sell_flxd_zs": true,
    "kline_sell_flzz_zs": false,
    "kline_sell_flzz_zy": false,
    "last_open_price_hc_pct": -0.048576409547026855,
    "open_price_max_hc": -0.03151293843293709,
    "loss_per_step_tick_gap": 8,
    "loss_cold_start_steps": 6,
    "loss_max_abserve_tick_steps": 304,
    "loss_max_abserce_avg_price_down_steps": 12,
    "loss_dynamic_hc_stop_profit_thres": 8.0,
    "loss_last_close_price_hc_pct": -0.005091596670602103,
    "loss_last_open_price_hc_pct": -0.05540373381063002,
    "loss_open_price_max_hc": 0.0,
    "loss_down_open_sell_wait_time": false,
    "down_open_sell_wait_time": true,
    "day_zy_line": 0.0017803145263452565,
    "day_zs_line": -0.07754873409222568,
    "sell_afternoon": true,
    "sell_half_afternoon": false,
    "sell_max_days": 4,
    "stop_profit_pct": 0.0,
    "static_hc_stop_profit_pct": 1.0,
    "loss_static_hc_stop_profit_pct": 1.0
  },
  "timestamp": "2025-09-05T01:57:44.777280",
  "individual": [
    12.896040035657904,
    0.0,
    964.1897219345119,
    14.617891547295615,
    -0.08722914220892618,
    7.034569074445484,
    -0.0226162389123514,
    0.23036263880696733,
    0.008343288832608714,
    76483426.67168146,
    0.548736225284709,
    1.6371526507155734,
    24.074906137608952,
    12.11567075170006,
    38.44400457518634,
    0.02607873304389519,
    8.428621676448174,
    33.927306177765956,
    352.77773651009124,
    7.642287567277724,
    10.475513599097736,
    641.3287358277702,
    498.16915734147494,
    1877.7729641344959,
    0,
    0,
    0,
    0.005668349824754447,
    0,
    1,
    0,
    0,
    -0.048576409547026855,
    -0.03151293843293709,
    8.412477982531906,
    6.432993165451535,
    303.93311913317086,
    11.633511021704413,
    8.0,
    -0.005091596670602103,
    -0.05540373381063002,
    0.0,
    0,
    1,
    0.0017803145263452565,
    -0.07754873409222568,
    1,
    0,
    3.969034696903064
  ],
  "max_drawdown_threshold": 0.15
}