{
  "generation": 10,
  "fitness": 2.040861669752902,
  "total_return": 8.111630000000002,
  "max_drawdown": 0.2244770722279373,
  "sharpe_ratio": 4.300780884172794,
  "params": {
    "per_step_tick_gap": 12,
    "cold_start_steps": 0,
    "max_abserve_tick_steps": 975,
    "max_abserce_avg_price_down_steps": 14,
    "stop_profit_open_hc_pct": -0.09037282832612872,
    "dynamic_hc_stop_profit_thres": 5.282605328757232,
    "last_close_price_hc_pct": -0.025096531582670376,
    "last_day_sell_thres": 0.2049542745032835,
    "last_day_sell_huiche": 0.008993107101421618,
    "fd_mount": 76605551,
    "fd_vol_pct": 0.5708027999858492,
    "fd_ju_ticks": 49,
    "max_zb_times": 23,
    "stagnation_kline_ticks": 50,
    "decline_kline_ticks": 36,
    "yang_yin_threshold": 0.025757904240584745,
    "stagnation_n": 2,
    "stagnation_volume_ratio_threshold": 32.20854492661175,
    "stagnation_ratio_threshold": 440,
    "decline_volume_ratio_threshold": 7.763765984160907,
    "max_rebounds": 7,
    "decline_ratio_threshold": 349,
    "flxd_ticks": 500,
    "flzz_ticks": 1918,
    "use_simiple_kline_strategy_flxd": false,
    "use_simiple_kline_strategy_flzz": true,
    "flzz_use_smooth_price": false,
    "flzz_zf_thresh": -0.0023120249902340373,
    "kline_sell_flxd_zy": false,
    "kline_sell_flxd_zs": true,
    "kline_sell_flzz_zs": false,
    "kline_sell_flzz_zy": false,
    "last_open_price_hc_pct": -0.04659876457437722,
    "open_price_max_hc": -0.0293496428488993,
    "loss_per_step_tick_gap": 6,
    "loss_cold_start_steps": 5,
    "loss_max_abserve_tick_steps": 296,
    "loss_max_abserce_avg_price_down_steps": 11,
    "loss_dynamic_hc_stop_profit_thres": 8.0,
    "loss_last_close_price_hc_pct": -0.014429066956875377,
    "loss_last_open_price_hc_pct": -0.04510996216978657,
    "loss_open_price_max_hc": 0.0,
    "loss_down_open_sell_wait_time": false,
    "down_open_sell_wait_time": true,
    "day_zy_line": 0.002383180261353531,
    "day_zs_line": -0.07645480225764022,
    "sell_afternoon": true,
    "sell_half_afternoon": false,
    "sell_max_days": 4,
    "stop_profit_pct": 0.0,
    "static_hc_stop_profit_pct": 1.0,
    "loss_static_hc_stop_profit_pct": 1.0
  },
  "timestamp": "2025-09-05T01:46:44.640695",
  "individual": [
    12.19516331384585,
    0.0,
    974.5672123450624,
    14.01764330107967,
    -0.09037282832612872,
    5.282605328757232,
    -0.025096531582670376,
    0.2049542745032835,
    0.008993107101421618,
    76605551.41893871,
    0.5708027999858492,
    49.00227127521777,
    23.252480393316198,
    50.0,
    36.39917563436825,
    0.025757904240584745,
    2.3360895961261434,
    32.20854492661175,
    439.53065670738437,
    7.763765984160907,
    6.568718117113301,
    349.09955214887725,
    500.0,
    1918.4656539175353,
    0,
    1,
    0,
    -0.0023120249902340373,
    0,
    1,
    0,
    0,
    -0.04659876457437722,
    -0.0293496428488993,
    5.94022604481502,
    5.0048374671521465,
    296.2733653786366,
    11.216141532706178,
    8.0,
    -0.014429066956875377,
    -0.04510996216978657,
    0.0,
    0,
    1,
    0.002383180261353531,
    -0.07645480225764022,
    1,
    0,
    3.971481166356927
  ],
  "max_drawdown_threshold": 0.15
}