{
  "optimization_date": "2025-08-24T03:15:04.594060",
  "total_generations": 31,
  "best_fitness": 2.8330833770956065,
  "total_return": 1.1571950000000006,
  "max_drawdown": 0.04131270956889623,
  "sharpe_ratio": 12.041160442315658,
  "optimized_parameters": {
    "per_step_tick_gap": 20,
    "cold_start_steps": 9,
    "max_abserve_tick_steps": 160,
    "max_abserce_avg_price_down_steps": 12,
    "stop_profit_open_hc_pct": -0.06016643907984855,
    "dynamic_hc_stop_profit_thres": 0.40970141338683375,
    "last_close_price_hc_pct": -0.02191993891042821,
    "last_day_sell_thres": 0.01,
    "last_day_sell_huiche": 0.00434882640504548,
    "fd_mount": 30000000,
    "fd_vol_pct": 0.11280358748891078,
    "fd_ju_ticks": 12,
    "max_zb_times": 3,
    "stagnation_kline_ticks": 50,
    "decline_kline_ticks": 5,
    "yang_yin_threshold": 0.008255408741882013,
    "stagnation_n": 3,
    "stagnation_volume_ratio_threshold": 3,
    "stagnation_ratio_threshold": 270,
    "decline_volume_ratio_threshold": 8,
    "max_rebounds": 9,
    "decline_ratio_threshold": 310,
    "flxd_ticks": 1000,
    "kline_sell_only_zy": true,
    "window_size": 7,
    "stop_profit_pct": 0.0,
    "static_hc_stop_profit_pct": 1.0
  },
  "optimization_history": {
    "generations": [
      0,
      1,
      2,
      3,
      4,
      5,
      6,
      7,
      8,
      9,
      10,
      11,
      12,
      13,
      14,
      15,
      16,
      17,
      18,
      19,
      20,
      21,
      22,
      23,
      24,
      25,
      26,
      27,
      28,
      29,
      30
    ],
    "best_fitness": [
      2.65892629902525,
      2.65892629902525,
      2.65892629902525,
      2.65892629902525,
      2.65892629902525,
      2.65892629902525,
      2.65892629902525,
      2.65892629902525,
      2.65892629902525,
      2.65892629902525,
      2.65892629902525,
      2.65892629902525,
      2.65892629902525,
      2.65892629902525,
      2.65892629902525,
      2.65892629902525,
      2.65892629902525,
      2.65892629902525,
      2.65892629902525,
      2.65892629902525,
      2.65892629902525,
      2.65892629902525,
      2.693784894381441,
      2.693784894381441,
      2.7728876009573025,
      2.7728876009573025,
      2.8330833770956065,
      2.8330833770956065,
      2.8330833770956065,
      2.8330833770956065,
      2.8330833770956065
    ],
    "best_return": [
      1.1035000000000004,
      1.1035000000000004,
      1.1035000000000004,
      1.1035000000000004,
      1.1035000000000004,
      1.1035000000000004,
      1.1035000000000004,
      1.1035000000000004,
      1.1035000000000004,
      1.1035000000000004,
      1.1035000000000004,
      1.1035000000000004,
      1.1035000000000004,
      1.1035000000000004,
      1.1035000000000004,
      1.1035000000000004,
      1.1035000000000004,
      1.1035000000000004,
      1.1035000000000004,
      1.1035000000000004,
      1.1035000000000004,
      1.1035000000000004,
      1.0569800000000003,
      1.0569800000000003,
      1.1129300000000006,
      1.1129300000000006,
      1.1571950000000006,
      1.1571950000000006,
      1.1571950000000006,
      1.1571950000000006,
      1.1571950000000006
    ],
    "best_drawdown": [
      0.05924705367086038,
      0.05924705367086038,
      0.05924705367086038,
      0.05924705367086038,
      0.05924705367086038,
      0.05924705367086038,
      0.05924705367086038,
      0.05924705367086038,
      0.05924705367086038,
      0.05924705367086038,
      0.05924705367086038,
      0.05924705367086038,
      0.05924705367086038,
      0.05924705367086038,
      0.05924705367086038,
      0.05924705367086038,
      0.05924705367086038,
      0.05924705367086038,
      0.05924705367086038,
      0.05924705367086038,
      0.05924705367086038,
      0.05924705367086038,
      0.04130313199105132,
      0.04130313199105132,
      0.04135077379575045,
      0.04135077379575045,
      0.04131270956889623,
      0.04131270956889623,
      0.04131270956889623,
      0.04131270956889623,
      0.04131270956889623
    ],
    "best_sharpe": [
      10.271220586975161,
      10.271220586975161,
      10.271220586975161,
      10.271220586975161,
      10.271220586975161,
      10.271220586975161,
      10.271220586975161,
      10.271220586975161,
      10.271220586975161,
      10.271220586975161,
      10.271220586975161,
      10.271220586975161,
      10.271220586975161,
      10.271220586975161,
      10.271220586975161,
      10.271220586975161,
      10.271220586975161,
      10.271220586975161,
      10.271220586975161,
      10.271220586975161,
      10.271220586975161,
      10.271220586975161,
      10.844802405479287,
      10.844802405479287,
      11.52394068063931,
      11.52394068063931,
      12.041160442315658,
      12.041160442315658,
      12.041160442315658,
      12.041160442315658,
      12.041160442315658
    ],
    "avg_fitness": [
      2.640400680157778,
      2.6554527454875996,
      2.658926299025251,
      2.658926299025251,
      2.658926299025251,
      2.658926299025251,
      2.658926299025251,
      2.658926299025251,
      2.658926299025251,
      2.658926299025251,
      2.6577684478460335,
      2.658926299025251,
      2.658926299025251,
      2.658926299025251,
      2.658926299025251,
      2.658926299025251,
      2.658926299025251,
      2.658926299025251,
      2.658926299025251,
      2.658926299025251,
      2.658926299025251,
      2.658926299025251,
      2.6612502053823297,
      2.667059971275028,
      2.6954779913386147,
      2.731622275844266,
      2.770911539935026,
      2.787188944989087,
      2.7952464534133634,
      2.8148872751279934,
      2.811748215929705
    ],
    "min_fitness": [
      2.6241907636487394,
      2.6241907636487394,
      2.65892629902525,
      2.65892629902525,
      2.65892629902525,
      2.65892629902525,
      2.65892629902525,
      2.65892629902525,
      2.65892629902525,
      2.65892629902525,
      2.6241907636487394,
      2.65892629902525,
      2.65892629902525,
      2.65892629902525,
      2.65892629902525,
      2.65892629902525,
      2.65892629902525,
      2.65892629902525,
      2.65892629902525,
      2.65892629902525,
      2.65892629902525,
      2.65892629902525,
      2.65892629902525,
      2.65892629902525,
      2.65892629902525,
      2.65892629902525,
      2.693784894381441,
      2.767367414491645,
      2.767367414491645,
      2.7728876009573025,
      2.6108137690123043
    ]
  }
}