{
  "generation": 40,
  "fitness": 2.0580022294185807,
  "total_return": 6.339205000000002,
  "max_drawdown": 0.3227098701417287,
  "sharpe_ratio": 6.3183150325232225,
  "params": {
    "per_step_tick_gap": 23,
    "cold_start_steps": 50,
    "max_abserve_tick_steps": 443,
    "max_abserce_avg_price_down_steps": 15,
    "stop_profit_open_hc_pct": -0.08624424359210048,
    "dynamic_hc_stop_profit_thres": 4.064676930299369,
    "last_close_price_hc_pct": -0.02360264886109201,
    "last_day_sell_thres": 0.6098967802720695,
    "last_day_sell_huiche": 0.00799636028329254,
    "fd_mount": 44412166,
    "fd_vol_pct": 0.3120993183202091,
    "fd_ju_ticks": 50,
    "max_zb_times": 8,
    "stagnation_kline_ticks": 40,
    "decline_kline_ticks": 28,
    "yang_yin_threshold": 0.02228241811270642,
    "stagnation_n": 22,
    "stagnation_volume_ratio_threshold": 57.72263494995596,
    "stagnation_ratio_threshold": 280,
    "decline_volume_ratio_threshold": 52.40010872906919,
    "max_rebounds": 4,
    "decline_ratio_threshold": 1494,
    "flxd_ticks": 223,
    "flzz_ticks": 497,
    "use_simiple_kline_strategy_flxd": true,
    "use_simiple_kline_strategy_flzz": true,
    "flzz_use_smooth_price": true,
    "flzz_zf_thresh": 0.07632277218932082,
    "kline_sell_flxd_zy": true,
    "kline_sell_flxd_zs": true,
    "kline_sell_flzz_zs": true,
    "kline_sell_flzz_zy": true,
    "last_open_price_hc_pct": -0.04395988588685157,
    "open_price_max_hc": -0.06992408369873805,
    "loss_per_step_tick_gap": 11,
    "loss_cold_start_steps": 17,
    "loss_max_abserve_tick_steps": 498,
    "loss_max_abserce_avg_price_down_steps": 3,
    "loss_dynamic_hc_stop_profit_thres": 5.8410675989104694,
    "loss_last_close_price_hc_pct": -0.03433746778656839,
    "loss_last_open_price_hc_pct": -0.030089478310122705,
    "loss_open_price_max_hc": -0.015296698243178336,
    "loss_down_open_sell_wait_time": false,
    "down_open_sell_wait_time": true,
    "day_zy_line": 0.06765287847116232,
    "day_zs_line": -0.2872333192679989,
    "sell_afternoon": true,
    "sell_half_afternoon": false,
    "sell_max_days": 1,
    "stop_profit_pct": 0.0,
    "static_hc_stop_profit_pct": 1.0,
    "loss_static_hc_stop_profit_pct": 1.0
  },
  "timestamp": "2025-09-06T13:18:37.684248",
  "individual": [
    22.947855305731366,
    49.915209159338744,
    443.27057274663724,
    14.607455939092898,
    -0.08624424359210048,
    4.064676930299369,
    -0.02360264886109201,
    0.6098967802720695,
    0.00799636028329254,
    44412165.91729319,
    0.3120993183202091,
    50.0,
    8.298937443823917,
    40.2342540522519,
    27.88483521549744,
    0.02228241811270642,
    22.31476073752107,
    57.72263494995596,
    280.0431660916674,
    52.40010872906919,
    3.9680833360769823,
    1494.0840979840368,
    222.5258308171332,
    496.9952542735681,
    1,
    1,
    1,
    0.07632277218932082,
    1,
    1,
    1,
    1,
    -0.04395988588685157,
    -0.06992408369873805,
    11.337891538591439,
    17.37588065052965,
    497.77802514118605,
    3.1173138651668033,
    5.8410675989104694,
    -0.03433746778656839,
    -0.030089478310122705,
    -0.015296698243178336,
    0,
    1,
    0.06765287847116232,
    -0.2872333192679989,
    1,
    0,
    1.0094714659204183
  ],
  "max_drawdown_threshold": 0.25,
  "strategy_name": "\u9ad8\u4f4d\u9ad8\u5f3a\u8ffd\u6da8"
}