{
  "generation": 30,
  "fitness": 3.1434006483128356,
  "total_return": 13.234284999999995,
  "max_drawdown": 0.26293930364504725,
  "sharpe_ratio": 4.710086715453008,
  "params": {
    "per_step_tick_gap": 4,
    "cold_start_steps": 0,
    "max_abserve_tick_steps": 685,
    "max_abserce_avg_price_down_steps": 8,
    "stop_profit_open_hc_pct": -0.12072712479553278,
    "dynamic_hc_stop_profit_thres": 0.22450138849554863,
    "last_close_price_hc_pct": -0.04,
    "last_day_sell_thres": 0.5286561716330636,
    "last_day_sell_huiche": 0.013608115499212486,
    "fd_mount": 133571479,
    "fd_vol_pct": 0.04216087239639344,
    "fd_ju_ticks": 1,
    "max_zb_times": 30,
    "stagnation_kline_ticks": 46,
    "decline_kline_ticks": 48,
    "yang_yin_threshold": 0.020664132023773672,
    "stagnation_n": 27,
    "stagnation_volume_ratio_threshold": 81.13946309963494,
    "stagnation_ratio_threshold": 910,
    "decline_volume_ratio_threshold": 71.08329296994916,
    "max_rebounds": 13,
    "decline_ratio_threshold": 626,
    "flxd_ticks": 31,
    "flzz_ticks": 551,
    "use_simiple_kline_strategy_flxd": true,
    "use_simiple_kline_strategy_flzz": true,
    "flzz_use_smooth_price": true,
    "flzz_zf_thresh": 0.07595672689204072,
    "kline_sell_flxd_zy": false,
    "kline_sell_flxd_zs": false,
    "kline_sell_flzz_zs": false,
    "kline_sell_flzz_zy": true,
    "last_open_price_hc_pct": 0.006718496435802668,
    "open_price_max_hc": -0.08174221782958048,
    "loss_per_step_tick_gap": 1,
    "loss_cold_start_steps": 1,
    "loss_max_abserve_tick_steps": 102,
    "loss_max_abserce_avg_price_down_steps": 12,
    "loss_dynamic_hc_stop_profit_thres": 0.010000000000000002,
    "loss_last_close_price_hc_pct": 0.009864288106225012,
    "loss_last_open_price_hc_pct": -0.027263818423277658,
    "loss_open_price_max_hc": 0.0,
    "loss_down_open_sell_wait_time": true,
    "down_open_sell_wait_time": true,
    "day_zy_line": 0.09316602394811559,
    "day_zs_line": -3.1272148731373023e-06,
    "sell_afternoon": true,
    "sell_half_afternoon": false,
    "sell_max_days": 3,
    "stop_profit_pct": 0.0,
    "static_hc_stop_profit_pct": 1.0,
    "loss_static_hc_stop_profit_pct": 1.0
  },
  "timestamp": "2025-09-04T23:31:48.440068",
  "individual": [
    3.549884101090896,
    0.3875674032199399,
    684.7063142128852,
    8.154843930552927,
    -0.12072712479553278,
    0.22450138849554863,
    -0.04,
    0.5286561716330636,
    0.013608115499212486,
    133571479.33989315,
    0.04216087239639344,
    1.1568852616531908,
    30.0,
    46.0338892963915,
    47.56346930469567,
    0.020664132023773672,
    27.13765403462005,
    81.13946309963494,
    910.283071778201,
    71.08329296994916,
    13.489515846119629,
    625.9971829510287,
    30.63203856627908,
    551.0139902375039,
    1,
    1,
    1,
    0.07595672689204072,
    0,
    0,
    0,
    1,
    0.006718496435802668,
    -0.08174221782958048,
    1.1094445625214677,
    1.100290380987242,
    102.0489136488378,
    12.069439474529156,
    0.010000000000000002,
    0.009864288106225012,
    -0.027263818423277658,
    0.0,
    1,
    1,
    0.09316602394811559,
    -3.1272148731373023e-06,
    1,
    0,
    3.040696106092828
  ]
}