{
  "generation": 40,
  "fitness": 3.6980311923625324,
  "total_return": 14.510999999999996,
  "max_drawdown": 0.23636459006822458,
  "sharpe_ratio": 4.787275776601322,
  "params": {
    "per_step_tick_gap": 4,
    "cold_start_steps": 2,
    "max_abserve_tick_steps": 619,
    "max_abserce_avg_price_down_steps": 10,
    "stop_profit_open_hc_pct": -0.13358634785064033,
    "dynamic_hc_stop_profit_thres": 0.9476730270670405,
    "last_close_price_hc_pct": -0.03474964802719453,
    "last_day_sell_thres": 0.5114638968148878,
    "last_day_sell_huiche": 0.001,
    "fd_mount": 138210942,
    "fd_vol_pct": 0.2602295710454582,
    "fd_ju_ticks": 2,
    "max_zb_times": 17,
    "stagnation_kline_ticks": 49,
    "decline_kline_ticks": 41,
    "yang_yin_threshold": 0.013084847816473026,
    "stagnation_n": 30,
    "stagnation_volume_ratio_threshold": 74.61278055745663,
    "stagnation_ratio_threshold": 398,
    "decline_volume_ratio_threshold": 23.621183560113362,
    "max_rebounds": 13,
    "decline_ratio_threshold": 510,
    "flxd_ticks": 3,
    "flzz_ticks": 984,
    "use_simiple_kline_strategy_flxd": true,
    "use_simiple_kline_strategy_flzz": true,
    "flzz_use_smooth_price": true,
    "flzz_zf_thresh": 0.07551600988146995,
    "kline_sell_flxd_zy": false,
    "kline_sell_flxd_zs": false,
    "kline_sell_flzz_zs": false,
    "kline_sell_flzz_zy": true,
    "last_open_price_hc_pct": -0.01326257308321821,
    "open_price_max_hc": -0.09229345482117624,
    "loss_per_step_tick_gap": 1,
    "loss_cold_start_steps": 1,
    "loss_max_abserve_tick_steps": 86,
    "loss_max_abserce_avg_price_down_steps": 13,
    "loss_dynamic_hc_stop_profit_thres": 0.16224461539152973,
    "loss_last_close_price_hc_pct": 0.009890683000872612,
    "loss_last_open_price_hc_pct": 0.008129295301969852,
    "loss_open_price_max_hc": 0.0,
    "loss_down_open_sell_wait_time": false,
    "down_open_sell_wait_time": true,
    "day_zy_line": 0.09911365575334251,
    "day_zs_line": 0.0,
    "sell_afternoon": true,
    "sell_half_afternoon": false,
    "sell_max_days": 3,
    "stop_profit_pct": 0.0,
    "static_hc_stop_profit_pct": 1.0,
    "loss_static_hc_stop_profit_pct": 1.0
  },
  "timestamp": "2025-09-04T23:32:29.883113",
  "individual": [
    3.7460222696474594,
    1.8694485621952734,
    619.3527274685869,
    9.816876018966193,
    -0.13358634785064033,
    0.9476730270670405,
    -0.03474964802719453,
    0.5114638968148878,
    0.001,
    138210942.34127364,
    0.2602295710454582,
    2.4632710286956794,
    16.999269274485798,
    48.625348420286,
    40.855887885628476,
    0.013084847816473026,
    30.0,
    74.61278055745663,
    397.87352396619576,
    23.621183560113362,
    13.315345978258833,
    510.4168806748137,
    2.6186577997802516,
    983.5310908589425,
    1,
    1,
    1,
    0.07551600988146995,
    0,
    0,
    0,
    1,
    -0.01326257308321821,
    -0.09229345482117624,
    1.2093574391159796,
    0.8371060044014651,
    86.02971204477865,
    13.301889570658089,
    0.16224461539152973,
    0.009890683000872612,
    0.008129295301969852,
    0.0,
    0,
    1,
    0.09911365575334251,
    0.0,
    1,
    0,
    2.582670607873319
  ]
}