{
  "generation": 10,
  "fitness": 2.5947241043888836,
  "total_return": 5.917149999999999,
  "max_drawdown": 0.21069984406797596,
  "sharpe_ratio": 3.8777596069743403,
  "params": {
    "per_step_tick_gap": 6,
    "cold_start_steps": 38,
    "max_abserve_tick_steps": 694,
    "max_abserce_avg_price_down_steps": 8,
    "stop_profit_open_hc_pct": -0.14958707687804382,
    "dynamic_hc_stop_profit_thres": 7.79108208829931,
    "last_close_price_hc_pct": 0.01,
    "last_day_sell_thres": 0.8821929030452993,
    "last_day_sell_huiche": 0.004425379304312342,
    "fd_mount": 99337537,
    "fd_vol_pct": 0.3106854132699745,
    "fd_ju_ticks": 31,
    "max_zb_times": 20,
    "stagnation_kline_ticks": 20,
    "decline_kline_ticks": 26,
    "yang_yin_threshold": 0.00995701263747107,
    "stagnation_n": 18,
    "stagnation_volume_ratio_threshold": 94.75011982092946,
    "stagnation_ratio_threshold": 1500,
    "decline_volume_ratio_threshold": 47.299067824044776,
    "max_rebounds": 2,
    "decline_ratio_threshold": 822,
    "flxd_ticks": 334,
    "flzz_ticks": 611,
    "use_simiple_kline_strategy_flxd": true,
    "use_simiple_kline_strategy_flzz": true,
    "flzz_use_smooth_price": true,
    "flzz_zf_thresh": 0.081154418829823,
    "kline_sell_flxd_zy": true,
    "kline_sell_flxd_zs": true,
    "kline_sell_flzz_zs": false,
    "kline_sell_flzz_zy": true,
    "last_open_price_hc_pct": -0.043073184738218175,
    "open_price_max_hc": -0.1,
    "loss_per_step_tick_gap": 2,
    "loss_cold_start_steps": 0,
    "loss_max_abserve_tick_steps": 16,
    "loss_max_abserce_avg_price_down_steps": 13,
    "loss_dynamic_hc_stop_profit_thres": 7.883665574008923,
    "loss_last_close_price_hc_pct": 0.01,
    "loss_last_open_price_hc_pct": -0.030542280298261382,
    "loss_open_price_max_hc": -0.1,
    "loss_down_open_sell_wait_time": true,
    "down_open_sell_wait_time": true,
    "day_zy_line": 0.15210297897305153,
    "day_zs_line": -0.0009229497295559025,
    "sell_afternoon": false,
    "sell_half_afternoon": true,
    "sell_max_days": 1,
    "stop_profit_pct": 0.0,
    "static_hc_stop_profit_pct": 1.0,
    "loss_static_hc_stop_profit_pct": 1.0
  },
  "timestamp": "2025-09-04T23:30:23.670413",
  "individual": [
    5.544940501807413,
    37.660454198377614,
    693.6477231454166,
    7.788112569935143,
    -0.14958707687804382,
    7.79108208829931,
    0.01,
    0.8821929030452993,
    0.004425379304312342,
    99337537.33395335,
    0.3106854132699745,
    31.346485957694604,
    19.98106177213094,
    19.95332156930347,
    26.259347780775833,
    0.00995701263747107,
    18.13026129085188,
    94.75011982092946,
    1500.0,
    47.299067824044776,
    1.6993449152748836,
    822.1130739240584,
    333.7189313911954,
    610.8843354377434,
    1,
    1,
    1,
    0.081154418829823,
    1,
    1,
    0,
    1,
    -0.043073184738218175,
    -0.1,
    2.0445409251944753,
    0.3887064353511728,
    15.547799573527229,
    12.623468738436657,
    7.883665574008923,
    0.01,
    -0.030542280298261382,
    -0.1,
    1,
    1,
    0.15210297897305153,
    -0.0009229497295559025,
    0,
    1,
    1.0
  ]
}