{
  "generation": 60,
  "fitness": 3.896192961928888,
  "total_return": 16.30625,
  "max_drawdown": 0.22658997715826887,
  "sharpe_ratio": 4.925351132555944,
  "params": {
    "per_step_tick_gap": 4,
    "cold_start_steps": 2,
    "max_abserve_tick_steps": 626,
    "max_abserce_avg_price_down_steps": 9,
    "stop_profit_open_hc_pct": -0.15,
    "dynamic_hc_stop_profit_thres": 2.3811836161917244,
    "last_close_price_hc_pct": -0.03983679284175876,
    "last_day_sell_thres": 0.36771942558269827,
    "last_day_sell_huiche": 0.009913011493236737,
    "fd_mount": 134573096,
    "fd_vol_pct": 0.21590536258232407,
    "fd_ju_ticks": 1,
    "max_zb_times": 13,
    "stagnation_kline_ticks": 46,
    "decline_kline_ticks": 34,
    "yang_yin_threshold": 0.008030709365462444,
    "stagnation_n": 24,
    "stagnation_volume_ratio_threshold": 65.65736696597074,
    "stagnation_ratio_threshold": 173,
    "decline_volume_ratio_threshold": 21.785329381411987,
    "max_rebounds": 12,
    "decline_ratio_threshold": 864,
    "flxd_ticks": 49,
    "flzz_ticks": 481,
    "use_simiple_kline_strategy_flxd": true,
    "use_simiple_kline_strategy_flzz": true,
    "flzz_use_smooth_price": false,
    "flzz_zf_thresh": 0.07589069657459944,
    "kline_sell_flxd_zy": false,
    "kline_sell_flxd_zs": false,
    "kline_sell_flzz_zs": false,
    "kline_sell_flzz_zy": true,
    "last_open_price_hc_pct": -0.05823436822288465,
    "open_price_max_hc": -0.07367562456954993,
    "loss_per_step_tick_gap": 1,
    "loss_cold_start_steps": 1,
    "loss_max_abserve_tick_steps": 5,
    "loss_max_abserce_avg_price_down_steps": 13,
    "loss_dynamic_hc_stop_profit_thres": 0.12667193320175862,
    "loss_last_close_price_hc_pct": 0.009946791847438172,
    "loss_last_open_price_hc_pct": 0.009864413238848084,
    "loss_open_price_max_hc": 0.0,
    "loss_down_open_sell_wait_time": true,
    "down_open_sell_wait_time": true,
    "day_zy_line": 0.09666581003687055,
    "day_zs_line": -0.00012205896979819467,
    "sell_afternoon": true,
    "sell_half_afternoon": false,
    "sell_max_days": 3,
    "stop_profit_pct": 0.0,
    "static_hc_stop_profit_pct": 1.0,
    "loss_static_hc_stop_profit_pct": 1.0
  },
  "timestamp": "2025-09-04T23:34:21.373045",
  "individual": [
    3.552689917629679,
    1.8994814466891792,
    626.0873012448947,
    9.176788033048766,
    -0.15,
    2.3811836161917244,
    -0.03983679284175876,
    0.36771942558269827,
    0.009913011493236737,
    134573096.18985677,
    0.21590536258232407,
    1.182640635207824,
    12.53474448778002,
    45.975345259721855,
    34.13828773726046,
    0.008030709365462444,
    23.676137523266146,
    65.65736696597074,
    172.99767961144084,
    21.785329381411987,
    11.978832655920419,
    864.1051189283326,
    49.480882608134785,
    481.07161730285225,
    1,
    1,
    0,
    0.07589069657459944,
    0,
    0,
    0,
    1,
    -0.05823436822288465,
    -0.07367562456954993,
    1.2565305095832184,
    1.2755105328490781,
    5.188741645717695,
    12.84215532041728,
    0.12667193320175862,
    0.009946791847438172,
    0.009864413238848084,
    0.0,
    1,
    1,
    0.09666581003687055,
    -0.00012205896979819467,
    1,
    0,
    2.961063331902875
  ]
}