{
  "params": {
    "per_step_tick_gap": 1,
    "cold_start_steps": 0,
    "max_abserve_tick_steps": 1,
    "max_abserce_avg_price_down_steps": 6,
    "stop_profit_open_hc_pct": -0.010185734494977849,
    "dynamic_hc_stop_profit_thres": 0.01,
    "last_close_price_hc_pct": 0.01,
    "last_day_sell_thres": 0.896096009606402,
    "last_day_sell_huiche": 0.004263665786392549,
    "fd_mount": 144416879,
    "fd_vol_pct": 0.41509953352042117,
    "fd_ju_ticks": 45,
    "max_zb_times": 5,
    "stagnation_kline_ticks": 4,
    "decline_kline_ticks": 47,
    "yang_yin_threshold": 0.02954042808390192,
    "stagnation_n": 21,
    "stagnation_volume_ratio_threshold": 5.122719597869991,
    "stagnation_ratio_threshold": 15,
    "decline_volume_ratio_threshold": 46.476852444261745,
    "max_rebounds": 6,
    "decline_ratio_threshold": 1070,
    "flxd_ticks": 406,
    "flzz_ticks": 600,
    "use_simiple_kline_strategy_flxd": true,
    "use_simiple_kline_strategy_flzz": true,
    "flzz_use_smooth_price": false,
    "flzz_zf_thresh": -0.039145066511175636,
    "kline_sell_flxd_zy": true,
    "kline_sell_flxd_zs": true,
    "kline_sell_flzz_zs": false,
    "kline_sell_flzz_zy": true,
    "last_open_price_hc_pct": -0.00021872540445190574,
    "open_price_max_hc": -0.002618984333826593,
    "loss_per_step_tick_gap": 2,
    "loss_cold_start_steps": 10,
    "loss_max_abserve_tick_steps": 97,
    "loss_max_abserce_avg_price_down_steps": 15,
    "loss_dynamic_hc_stop_profit_thres": 1.3355490511361945,
    "loss_last_close_price_hc_pct": -0.03174792025879773,
    "loss_last_open_price_hc_pct": -0.055311048178135536,
    "loss_open_price_max_hc": -0.03201496723752149,
    "loss_down_open_sell_wait_time": true,
    "down_open_sell_wait_time": false,
    "day_zy_line": 0.08637244007467595,
    "day_zs_line": -0.6635267917745663,
    "sell_afternoon": false,
    "sell_half_afternoon": false,
    "sell_max_days": 3,
    "stop_profit_pct": 0.0,
    "static_hc_stop_profit_pct": 1.0,
    "loss_static_hc_stop_profit_pct": 1.0
  },
  "fitness": 2.992718257716691,
  "return": 8.901064999999997,
  "drawdown": 0.18774781123018,
  "sharpe": 6.833078253260806,
  "individual": [
    1.1027781479345236,
    0.003838361937616455,
    1.0,
    5.908922920314431,
    -0.010185734494977849,
    0.01,
    0.01,
    0.896096009606402,
    0.004263665786392549,
    144416879.02652985,
    0.41509953352042117,
    45.04253944788431,
    4.5433466072204585,
    3.531664302791055,
    47.10968621394311,
    0.02954042808390192,
    20.639296564446095,
    5.122719597869991,
    15.0,
    46.476852444261745,
    5.6410224203071575,
    1069.8202466589657,
    405.5368158713917,
    600.1555014723474,
    1,
    1,
    0,
    -0.039145066511175636,
    1,
    1,
    0,
    1,
    -0.00021872540445190574,
    -0.002618984333826593,
    1.8892014226165144,
    10.212794566778804,
    96.93970144422593,
    15.0,
    1.3355490511361945,
    -0.03174792025879773,
    -0.055311048178135536,
    -0.03201496723752149,
    1,
    0,
    0.08637244007467595,
    -0.6635267917745663,
    0,
    0,
    3.109921647794147
  ],
  "max_drawdown_threshold": 0.15,
  "strategy_name": "\u4e2d\u4f4d\u5c0f\u4f4e\u5f00\u4f4e\u5438"
}