{
  "generation": 10,
  "fitness": 2.849992458614888,
  "total_return": 7.831879999999996,
  "max_drawdown": 0.187762856456101,
  "sharpe_ratio": 6.698694467306455,
  "params": {
    "per_step_tick_gap": 13,
    "cold_start_steps": 18,
    "max_abserve_tick_steps": 783,
    "max_abserce_avg_price_down_steps": 10,
    "stop_profit_open_hc_pct": -0.013390759930335222,
    "dynamic_hc_stop_profit_thres": 7.822288516388568,
    "last_close_price_hc_pct": -0.0201926024239657,
    "last_day_sell_thres": 0.4791261965512509,
    "last_day_sell_huiche": 0.005267114144173891,
    "fd_mount": 125740943,
    "fd_vol_pct": 0.1595774835574448,
    "fd_ju_ticks": 26,
    "max_zb_times": 24,
    "stagnation_kline_ticks": 4,
    "decline_kline_ticks": 33,
    "yang_yin_threshold": 0.019567691581169694,
    "stagnation_n": 21,
    "stagnation_volume_ratio_threshold": 1.1,
    "stagnation_ratio_threshold": 572,
    "decline_volume_ratio_threshold": 61.25650948582242,
    "max_rebounds": 7,
    "decline_ratio_threshold": 828,
    "flxd_ticks": 414,
    "flzz_ticks": 1267,
    "use_simiple_kline_strategy_flxd": true,
    "use_simiple_kline_strategy_flzz": true,
    "flzz_use_smooth_price": false,
    "flzz_zf_thresh": -0.00865636598552331,
    "kline_sell_flxd_zy": true,
    "kline_sell_flxd_zs": false,
    "kline_sell_flzz_zs": false,
    "kline_sell_flzz_zy": true,
    "last_open_price_hc_pct": -0.0315512177405024,
    "open_price_max_hc": 0.0,
    "loss_per_step_tick_gap": 1,
    "loss_cold_start_steps": 17,
    "loss_max_abserve_tick_steps": 113,
    "loss_max_abserce_avg_price_down_steps": 4,
    "loss_dynamic_hc_stop_profit_thres": 2.0736490827594873,
    "loss_last_close_price_hc_pct": 0.01,
    "loss_last_open_price_hc_pct": -0.05099778748258805,
    "loss_open_price_max_hc": -0.06219920980806669,
    "loss_down_open_sell_wait_time": false,
    "down_open_sell_wait_time": true,
    "day_zy_line": 0.08620482998402174,
    "day_zs_line": -0.8902314563077939,
    "sell_afternoon": false,
    "sell_half_afternoon": true,
    "sell_max_days": 3,
    "stop_profit_pct": 0.0,
    "static_hc_stop_profit_pct": 1.0,
    "loss_static_hc_stop_profit_pct": 1.0
  },
  "timestamp": "2025-09-06T17:37:13.662959",
  "individual": [
    13.111572278388206,
    17.668874365544887,
    783.3678266827569,
    10.440821885688266,
    -0.013390759930335222,
    7.822288516388568,
    -0.0201926024239657,
    0.4791261965512509,
    0.005267114144173891,
    125740943.01544008,
    0.1595774835574448,
    25.689734131719796,
    24.06073365089821,
    4.117466161683801,
    33.11437392309448,
    0.019567691581169694,
    20.793552770444663,
    1.1,
    572.3134479727144,
    61.25650948582242,
    7.351979358405578,
    828.3207349063457,
    413.91634894068466,
    1267.0193568047703,
    1,
    1,
    0,
    -0.00865636598552331,
    1,
    0,
    0,
    1,
    -0.0315512177405024,
    0.0,
    1.0,
    16.966199996684594,
    113.20011419694556,
    3.9918407364018744,
    2.0736490827594873,
    0.01,
    -0.05099778748258805,
    -0.06219920980806669,
    0,
    1,
    0.08620482998402174,
    -0.8902314563077939,
    0,
    1,
    3.1096582057107716
  ],
  "max_drawdown_threshold": 0.15,
  "strategy_name": "\u4e2d\u4f4d\u5c0f\u4f4e\u5f00\u4f4e\u5438"
}