{
  "generation": 20,
  "fitness": 2.972508334458855,
  "total_return": 8.762589999999998,
  "max_drawdown": 0.1878354861799723,
  "sharpe_ratio": 6.809789162656429,
  "params": {
    "per_step_tick_gap": 1,
    "cold_start_steps": 0,
    "max_abserve_tick_steps": 1,
    "max_abserce_avg_price_down_steps": 13,
    "stop_profit_open_hc_pct": -0.006898515007902998,
    "dynamic_hc_stop_profit_thres": 0.01,
    "last_close_price_hc_pct": 0.00988089043886859,
    "last_day_sell_thres": 0.6506560237328605,
    "last_day_sell_huiche": 0.008836084689390069,
    "fd_mount": 150000000,
    "fd_vol_pct": 0.4396964560889446,
    "fd_ju_ticks": 46,
    "max_zb_times": 7,
    "stagnation_kline_ticks": 3,
    "decline_kline_ticks": 36,
    "yang_yin_threshold": 0.01600388540906599,
    "stagnation_n": 24,
    "stagnation_volume_ratio_threshold": 1.9501648480366065,
    "stagnation_ratio_threshold": 340,
    "decline_volume_ratio_threshold": 47.260605779259905,
    "max_rebounds": 6,
    "decline_ratio_threshold": 1134,
    "flxd_ticks": 475,
    "flzz_ticks": 252,
    "use_simiple_kline_strategy_flxd": true,
    "use_simiple_kline_strategy_flzz": true,
    "flzz_use_smooth_price": true,
    "flzz_zf_thresh": -0.06475621443577576,
    "kline_sell_flxd_zy": true,
    "kline_sell_flxd_zs": true,
    "kline_sell_flzz_zs": false,
    "kline_sell_flzz_zy": true,
    "last_open_price_hc_pct": 0.009250247201495226,
    "open_price_max_hc": 0.0,
    "loss_per_step_tick_gap": 5,
    "loss_cold_start_steps": 18,
    "loss_max_abserve_tick_steps": 48,
    "loss_max_abserce_avg_price_down_steps": 15,
    "loss_dynamic_hc_stop_profit_thres": 0.5254169296108155,
    "loss_last_close_price_hc_pct": -0.02760062952068923,
    "loss_last_open_price_hc_pct": -0.06920919131923595,
    "loss_open_price_max_hc": -0.039210801865299856,
    "loss_down_open_sell_wait_time": true,
    "down_open_sell_wait_time": false,
    "day_zy_line": 0.08612818848966164,
    "day_zs_line": -0.7411304708371952,
    "sell_afternoon": false,
    "sell_half_afternoon": false,
    "sell_max_days": 3,
    "stop_profit_pct": 0.0,
    "static_hc_stop_profit_pct": 1.0,
    "loss_static_hc_stop_profit_pct": 1.0
  },
  "timestamp": "2025-09-06T17:37:28.534286",
  "individual": [
    1.0,
    0.0,
    1.0,
    12.817171287021223,
    -0.006898515007902998,
    0.01,
    0.00988089043886859,
    0.6506560237328605,
    0.008836084689390069,
    150000000.0,
    0.4396964560889446,
    46.472513318925266,
    7.367985063768755,
    3.0,
    36.40424205940506,
    0.01600388540906599,
    23.734284150034853,
    1.9501648480366065,
    339.76090856591,
    47.260605779259905,
    6.468161790151753,
    1133.5060681857533,
    474.80451794416297,
    251.6425751612,
    1,
    1,
    1,
    -0.06475621443577576,
    1,
    1,
    0,
    1,
    0.009250247201495226,
    0.0,
    4.995919674873064,
    18.409366536720867,
    48.0078527351477,
    15.0,
    0.5254169296108155,
    -0.02760062952068923,
    -0.06920919131923595,
    -0.039210801865299856,
    1,
    0,
    0.08612818848966164,
    -0.7411304708371952,
    0,
    0,
    3.103477052705535
  ],
  "max_drawdown_threshold": 0.15,
  "strategy_name": "\u4e2d\u4f4d\u5c0f\u4f4e\u5f00\u4f4e\u5438"
}