{
  "generation": 80,
  "fitness": 3.0865595195344935,
  "total_return": 21.03253500000001,
  "max_drawdown": 0.29317982138743787,
  "sharpe_ratio": 3.9788271156392985,
  "params": {
    "per_step_tick_gap": 7,
    "cold_start_steps": 3,
    "max_abserve_tick_steps": 487,
    "max_abserce_avg_price_down_steps": 8,
    "stop_profit_open_hc_pct": -0.03333476387027681,
    "dynamic_hc_stop_profit_thres": 0.4778886078786174,
    "last_close_price_hc_pct": -0.039990827841525134,
    "last_day_sell_thres": 0.10668782450114678,
    "last_day_sell_huiche": 0.006812053671697448,
    "fd_mount": 125406082,
    "fd_vol_pct": 0.43023316032561437,
    "fd_ju_ticks": 1,
    "max_zb_times": 6,
    "stagnation_kline_ticks": 37,
    "decline_kline_ticks": 19,
    "yang_yin_threshold": 0.007795982943185805,
    "stagnation_n": 29,
    "stagnation_volume_ratio_threshold": 74.50207711856235,
    "stagnation_ratio_threshold": 504,
    "decline_volume_ratio_threshold": 54.16444458466798,
    "max_rebounds": 13,
    "decline_ratio_threshold": 1201,
    "flxd_ticks": 234,
    "flzz_ticks": 1917,
    "use_simiple_kline_strategy_flxd": true,
    "use_simiple_kline_strategy_flzz": true,
    "flzz_use_smooth_price": true,
    "flzz_zf_thresh": 0.06249598066026574,
    "kline_sell_flxd_zy": false,
    "kline_sell_flxd_zs": true,
    "kline_sell_flzz_zs": false,
    "kline_sell_flzz_zy": true,
    "last_open_price_hc_pct": 0.008712938026723679,
    "open_price_max_hc": -0.0024707707538370793,
    "loss_per_step_tick_gap": 17,
    "loss_cold_start_steps": 30,
    "loss_max_abserve_tick_steps": 475,
    "loss_max_abserce_avg_price_down_steps": 4,
    "loss_dynamic_hc_stop_profit_thres": 5.738888525109303,
    "loss_last_close_price_hc_pct": -0.0012164636884028114,
    "loss_last_open_price_hc_pct": -0.03856342866141402,
    "loss_open_price_max_hc": -0.005931362296499965,
    "loss_down_open_sell_wait_time": true,
    "down_open_sell_wait_time": false,
    "day_zy_line": 0.003591565729799281,
    "day_zs_line": -0.13252110119247723,
    "sell_afternoon": false,
    "sell_half_afternoon": false,
    "sell_max_days": 1,
    "stop_profit_pct": 0.0,
    "static_hc_stop_profit_pct": 1.0,
    "loss_static_hc_stop_profit_pct": 1.0
  },
  "timestamp": "2025-09-08T23:29:06.036245",
  "individual": [
    6.90129894134979,
    3.220944162409784,
    486.957656630334,
    7.738019123634116,
    -0.03333476387027681,
    0.4778886078786174,
    -0.039990827841525134,
    0.10668782450114678,
    0.006812053671697448,
    125406081.79253617,
    0.43023316032561437,
    1.254232069783107,
    5.7303461764390615,
    37.35788914694913,
    19.43716251530862,
    0.007795982943185805,
    28.866146787203455,
    74.50207711856235,
    503.7602052089193,
    54.16444458466798,
    12.943673913169508,
    1200.5525548483672,
    233.76747117579274,
    1916.5787655617864,
    1,
    1,
    1,
    0.06249598066026574,
    0,
    1,
    0,
    1,
    0.008712938026723679,
    -0.0024707707538370793,
    17.462685418828976,
    29.825858746774504,
    475.10288250663405,
    3.6062262108335337,
    5.738888525109303,
    -0.0012164636884028114,
    -0.03856342866141402,
    -0.005931362296499965,
    1,
    0,
    0.003591565729799281,
    -0.13252110119247723,
    0,
    0,
    1.033936301763871
  ],
  "max_drawdown_threshold": 0.25,
  "strategy_name": "X\u63a5\u529b\u5012\u63a5\u529b4"
}