{
  "generation": 50,
  "fitness": 3.009203028836445,
  "total_return": 19.71335500000001,
  "max_drawdown": 0.2929410001287795,
  "sharpe_ratio": 3.915254130241893,
  "params": {
    "per_step_tick_gap": 7,
    "cold_start_steps": 3,
    "max_abserve_tick_steps": 486,
    "max_abserce_avg_price_down_steps": 8,
    "stop_profit_open_hc_pct": -0.032180228364334026,
    "dynamic_hc_stop_profit_thres": 0.4738640601322774,
    "last_close_price_hc_pct": -0.0399995274065698,
    "last_day_sell_thres": 0.5244400454257072,
    "last_day_sell_huiche": 0.017223799307548637,
    "fd_mount": 134200493,
    "fd_vol_pct": 0.26183143976400924,
    "fd_ju_ticks": 1,
    "max_zb_times": 14,
    "stagnation_kline_ticks": 38,
    "decline_kline_ticks": 35,
    "yang_yin_threshold": 0.021015906553295233,
    "stagnation_n": 27,
    "stagnation_volume_ratio_threshold": 55.13290655643597,
    "stagnation_ratio_threshold": 976,
    "decline_volume_ratio_threshold": 79.13393668216308,
    "max_rebounds": 14,
    "decline_ratio_threshold": 1173,
    "flxd_ticks": 395,
    "flzz_ticks": 1969,
    "use_simiple_kline_strategy_flxd": true,
    "use_simiple_kline_strategy_flzz": true,
    "flzz_use_smooth_price": true,
    "flzz_zf_thresh": 0.06654283677172715,
    "kline_sell_flxd_zy": false,
    "kline_sell_flxd_zs": true,
    "kline_sell_flzz_zs": false,
    "kline_sell_flzz_zy": true,
    "last_open_price_hc_pct": 0.008588645090956415,
    "open_price_max_hc": -0.0020397549346320275,
    "loss_per_step_tick_gap": 10,
    "loss_cold_start_steps": 30,
    "loss_max_abserve_tick_steps": 474,
    "loss_max_abserce_avg_price_down_steps": 3,
    "loss_dynamic_hc_stop_profit_thres": 4.234891806986019,
    "loss_last_close_price_hc_pct": -0.013395397436899662,
    "loss_last_open_price_hc_pct": -0.048990421986206296,
    "loss_open_price_max_hc": -0.025978695941516666,
    "loss_down_open_sell_wait_time": true,
    "down_open_sell_wait_time": false,
    "day_zy_line": 0.0,
    "day_zs_line": -0.13602075274488695,
    "sell_afternoon": false,
    "sell_half_afternoon": false,
    "sell_max_days": 1,
    "stop_profit_pct": 0.0,
    "static_hc_stop_profit_pct": 1.0,
    "loss_static_hc_stop_profit_pct": 1.0
  },
  "timestamp": "2025-09-08T23:21:46.480251",
  "individual": [
    7.312650845553605,
    2.8208098880857686,
    486.4645481373149,
    7.602430692497277,
    -0.032180228364334026,
    0.4738640601322774,
    -0.0399995274065698,
    0.5244400454257072,
    0.017223799307548637,
    134200493.09128626,
    0.26183143976400924,
    1.0,
    14.045758692268235,
    38.18064449438564,
    35.37256420206759,
    0.021015906553295233,
    26.900740772077143,
    55.13290655643597,
    976.2283611618103,
    79.13393668216308,
    13.819548035063498,
    1172.8007807615486,
    395.4891105443099,
    1968.8261511168819,
    1,
    1,
    1,
    0.06654283677172715,
    0,
    1,
    0,
    1,
    0.008588645090956415,
    -0.0020397549346320275,
    10.33423033177169,
    30.0,
    473.7089980670205,
    3.160228604420886,
    4.234891806986019,
    -0.013395397436899662,
    -0.048990421986206296,
    -0.025978695941516666,
    1,
    0,
    0.0,
    -0.13602075274488695,
    0,
    0,
    1.0
  ],
  "max_drawdown_threshold": 0.25,
  "strategy_name": "X\u63a5\u529b\u5012\u63a5\u529b4"
}