{
  "generation": 100,
  "fitness": 3.137853758977135,
  "total_return": 21.778630000000003,
  "max_drawdown": 0.2927197036745668,
  "sharpe_ratio": 4.008559299994504,
  "params": {
    "per_step_tick_gap": 7,
    "cold_start_steps": 0,
    "max_abserve_tick_steps": 487,
    "max_abserce_avg_price_down_steps": 7,
    "stop_profit_open_hc_pct": -0.03322437836949761,
    "dynamic_hc_stop_profit_thres": 0.47352903317692036,
    "last_close_price_hc_pct": -0.03983838472607942,
    "last_day_sell_thres": 0.15078565264982885,
    "last_day_sell_huiche": 0.0077243235111064176,
    "fd_mount": 134801178,
    "fd_vol_pct": 0.49269010402782837,
    "fd_ju_ticks": 1,
    "max_zb_times": 5,
    "stagnation_kline_ticks": 37,
    "decline_kline_ticks": 20,
    "yang_yin_threshold": 0.011519313878393458,
    "stagnation_n": 23,
    "stagnation_volume_ratio_threshold": 81.3882338724292,
    "stagnation_ratio_threshold": 254,
    "decline_volume_ratio_threshold": 51.824964482716325,
    "max_rebounds": 12,
    "decline_ratio_threshold": 1193,
    "flxd_ticks": 185,
    "flzz_ticks": 1954,
    "use_simiple_kline_strategy_flxd": true,
    "use_simiple_kline_strategy_flzz": true,
    "flzz_use_smooth_price": true,
    "flzz_zf_thresh": 0.06149696008421436,
    "kline_sell_flxd_zy": false,
    "kline_sell_flxd_zs": true,
    "kline_sell_flzz_zs": false,
    "kline_sell_flzz_zy": true,
    "last_open_price_hc_pct": 0.008962465526798203,
    "open_price_max_hc": -0.0024707851266381376,
    "loss_per_step_tick_gap": 16,
    "loss_cold_start_steps": 30,
    "loss_max_abserve_tick_steps": 463,
    "loss_max_abserce_avg_price_down_steps": 4,
    "loss_dynamic_hc_stop_profit_thres": 4.669426344996276,
    "loss_last_close_price_hc_pct": -0.009062282778046894,
    "loss_last_open_price_hc_pct": -0.012877988576685446,
    "loss_open_price_max_hc": -0.00482501552386019,
    "loss_down_open_sell_wait_time": true,
    "down_open_sell_wait_time": false,
    "day_zy_line": 0.0037731928462358096,
    "day_zs_line": -0.14204101574132544,
    "sell_afternoon": false,
    "sell_half_afternoon": false,
    "sell_max_days": 1,
    "stop_profit_pct": 0.0,
    "static_hc_stop_profit_pct": 1.0,
    "loss_static_hc_stop_profit_pct": 1.0
  },
  "timestamp": "2025-09-08T23:34:03.959462",
  "individual": [
    7.319069775574404,
    0.0,
    486.7715637375545,
    7.2199931068280865,
    -0.03322437836949761,
    0.47352903317692036,
    -0.03983838472607942,
    0.15078565264982885,
    0.0077243235111064176,
    134801177.53650695,
    0.49269010402782837,
    1.2737501568078562,
    5.326067746711115,
    37.33544509326779,
    19.611407521941256,
    0.011519313878393458,
    23.45759418171912,
    81.3882338724292,
    254.45148443297106,
    51.824964482716325,
    11.795189909549366,
    1193.0644079738124,
    185.23263627953918,
    1954.2339913910837,
    1,
    1,
    1,
    0.06149696008421436,
    0,
    1,
    0,
    1,
    0.008962465526798203,
    -0.0024707851266381376,
    15.708912746482971,
    29.8249737141827,
    462.7395758398427,
    3.556599670300774,
    4.669426344996276,
    -0.009062282778046894,
    -0.012877988576685446,
    -0.00482501552386019,
    1,
    0,
    0.0037731928462358096,
    -0.14204101574132544,
    0,
    0,
    1.1472483423064797
  ],
  "max_drawdown_threshold": 0.25,
  "strategy_name": "X\u63a5\u529b\u5012\u63a5\u529b4"
}