{
  "generation": 90,
  "fitness": 3.136113004508594,
  "total_return": 21.863030000000006,
  "max_drawdown": 0.2930833959061085,
  "sharpe_ratio": 4.010527962929326,
  "params": {
    "per_step_tick_gap": 7,
    "cold_start_steps": 3,
    "max_abserve_tick_steps": 486,
    "max_abserce_avg_price_down_steps": 7,
    "stop_profit_open_hc_pct": -0.033739768603186,
    "dynamic_hc_stop_profit_thres": 0.4739752812064739,
    "last_close_price_hc_pct": -0.039892222404565233,
    "last_day_sell_thres": 0.07960544608541045,
    "last_day_sell_huiche": 0.009862830385786028,
    "fd_mount": 131032906,
    "fd_vol_pct": 0.4880222690968836,
    "fd_ju_ticks": 1,
    "max_zb_times": 6,
    "stagnation_kline_ticks": 37,
    "decline_kline_ticks": 29,
    "yang_yin_threshold": 0.010151370827745374,
    "stagnation_n": 26,
    "stagnation_volume_ratio_threshold": 88.19143878724307,
    "stagnation_ratio_threshold": 258,
    "decline_volume_ratio_threshold": 1.1,
    "max_rebounds": 13,
    "decline_ratio_threshold": 1500,
    "flxd_ticks": 208,
    "flzz_ticks": 1957,
    "use_simiple_kline_strategy_flxd": true,
    "use_simiple_kline_strategy_flzz": true,
    "flzz_use_smooth_price": true,
    "flzz_zf_thresh": 0.059531712404511626,
    "kline_sell_flxd_zy": false,
    "kline_sell_flxd_zs": true,
    "kline_sell_flzz_zs": false,
    "kline_sell_flzz_zy": true,
    "last_open_price_hc_pct": 0.008831702921338917,
    "open_price_max_hc": -0.002410459500563464,
    "loss_per_step_tick_gap": 18,
    "loss_cold_start_steps": 30,
    "loss_max_abserve_tick_steps": 480,
    "loss_max_abserce_avg_price_down_steps": 3,
    "loss_dynamic_hc_stop_profit_thres": 5.856855127135481,
    "loss_last_close_price_hc_pct": -0.010982405429745448,
    "loss_last_open_price_hc_pct": -0.01468866194235902,
    "loss_open_price_max_hc": 0.0,
    "loss_down_open_sell_wait_time": true,
    "down_open_sell_wait_time": false,
    "day_zy_line": 0.003790326455553921,
    "day_zs_line": -0.14423243375019085,
    "sell_afternoon": false,
    "sell_half_afternoon": false,
    "sell_max_days": 1,
    "stop_profit_pct": 0.0,
    "static_hc_stop_profit_pct": 1.0,
    "loss_static_hc_stop_profit_pct": 1.0
  },
  "timestamp": "2025-09-08T23:31:36.749514",
  "individual": [
    7.035274177627906,
    2.8869843098185055,
    486.44696800132226,
    7.4110715869547406,
    -0.033739768603186,
    0.4739752812064739,
    -0.039892222404565233,
    0.07960544608541045,
    0.009862830385786028,
    131032906.30443494,
    0.4880222690968836,
    1.1510834804345498,
    5.504971441390981,
    37.17573626457545,
    29.325766543114813,
    0.010151370827745374,
    25.659196665055415,
    88.19143878724307,
    257.5794698808513,
    1.1,
    12.930705741443186,
    1500.0,
    208.2045158172311,
    1956.823871849183,
    1,
    1,
    1,
    0.059531712404511626,
    0,
    1,
    0,
    1,
    0.008831702921338917,
    -0.002410459500563464,
    17.88232421997815,
    29.81843107656683,
    480.06169698319684,
    3.364759229375771,
    5.856855127135481,
    -0.010982405429745448,
    -0.01468866194235902,
    0.0,
    1,
    0,
    0.003790326455553921,
    -0.14423243375019085,
    0,
    0,
    1.0246851685693805
  ],
  "max_drawdown_threshold": 0.25,
  "strategy_name": "X\u63a5\u529b\u5012\u63a5\u529b4"
}