{
  "generation": 30,
  "fitness": 2.827424572886996,
  "total_return": 17.020865000000008,
  "max_drawdown": 0.2930087782156937,
  "sharpe_ratio": 3.7586021761368293,
  "params": {
    "per_step_tick_gap": 7,
    "cold_start_steps": 2,
    "max_abserve_tick_steps": 478,
    "max_abserce_avg_price_down_steps": 7,
    "stop_profit_open_hc_pct": -0.05392033042969291,
    "dynamic_hc_stop_profit_thres": 4.069476101543712,
    "last_close_price_hc_pct": -0.04,
    "last_day_sell_thres": 0.4961680164776344,
    "last_day_sell_huiche": 0.012945049987137764,
    "fd_mount": 63634350,
    "fd_vol_pct": 0.2620534361513355,
    "fd_ju_ticks": 2,
    "max_zb_times": 14,
    "stagnation_kline_ticks": 38,
    "decline_kline_ticks": 32,
    "yang_yin_threshold": 0.019069655423791777,
    "stagnation_n": 25,
    "stagnation_volume_ratio_threshold": 41.26379775550338,
    "stagnation_ratio_threshold": 703,
    "decline_volume_ratio_threshold": 83.09792427275202,
    "max_rebounds": 13,
    "decline_ratio_threshold": 1447,
    "flxd_ticks": 478,
    "flzz_ticks": 1995,
    "use_simiple_kline_strategy_flxd": true,
    "use_simiple_kline_strategy_flzz": true,
    "flzz_use_smooth_price": true,
    "flzz_zf_thresh": 0.06405801875670912,
    "kline_sell_flxd_zy": false,
    "kline_sell_flxd_zs": true,
    "kline_sell_flzz_zs": true,
    "kline_sell_flzz_zy": true,
    "last_open_price_hc_pct": 0.01,
    "open_price_max_hc": -0.0020040318303531646,
    "loss_per_step_tick_gap": 25,
    "loss_cold_start_steps": 30,
    "loss_max_abserve_tick_steps": 480,
    "loss_max_abserce_avg_price_down_steps": 4,
    "loss_dynamic_hc_stop_profit_thres": 1.7341852939400393,
    "loss_last_close_price_hc_pct": -0.017869182962482553,
    "loss_last_open_price_hc_pct": -0.040168353956413674,
    "loss_open_price_max_hc": -0.011027849408335904,
    "loss_down_open_sell_wait_time": true,
    "down_open_sell_wait_time": false,
    "day_zy_line": 2.875976215588927e-05,
    "day_zs_line": -0.1388001422990632,
    "sell_afternoon": false,
    "sell_half_afternoon": false,
    "sell_max_days": 1,
    "stop_profit_pct": 0.0,
    "static_hc_stop_profit_pct": 1.0,
    "loss_static_hc_stop_profit_pct": 1.0
  },
  "timestamp": "2025-09-08T23:16:05.983781",
  "individual": [
    7.098149239572923,
    2.4556091219143372,
    477.519579424015,
    7.4438670034828345,
    -0.05392033042969291,
    4.069476101543712,
    -0.04,
    0.4961680164776344,
    0.012945049987137764,
    63634349.9343982,
    0.2620534361513355,
    1.861688109221289,
    13.69725478513335,
    38.11732913986269,
    32.104061315384314,
    0.019069655423791777,
    25.25855519171395,
    41.26379775550338,
    702.9110810085685,
    83.09792427275202,
    13.219057003134271,
    1447.284632628237,
    477.66652839319795,
    1994.762736732066,
    1,
    1,
    1,
    0.06405801875670912,
    0,
    1,
    1,
    1,
    0.01,
    -0.0020040318303531646,
    25.0,
    30.0,
    480.1521188141612,
    3.543644868256937,
    1.7341852939400393,
    -0.017869182962482553,
    -0.040168353956413674,
    -0.011027849408335904,
    1,
    0,
    2.875976215588927e-05,
    -0.1388001422990632,
    0,
    0,
    1.2801447687024927
  ],
  "max_drawdown_threshold": 0.25,
  "strategy_name": "X\u63a5\u529b\u5012\u63a5\u529b4"
}