{
  "generation": 20,
  "fitness": 2.7004308054082333,
  "total_return": 16.201975,
  "max_drawdown": 0.29748262280160587,
  "sharpe_ratio": 3.7003320128350774,
  "params": {
    "per_step_tick_gap": 7,
    "cold_start_steps": 3,
    "max_abserve_tick_steps": 470,
    "max_abserce_avg_price_down_steps": 10,
    "stop_profit_open_hc_pct": -0.02052041742989238,
    "dynamic_hc_stop_profit_thres": 2.656583942211093,
    "last_close_price_hc_pct": -0.04,
    "last_day_sell_thres": 0.5941064303289885,
    "last_day_sell_huiche": 0.01614231070078147,
    "fd_mount": 102271526,
    "fd_vol_pct": 0.46516185699051016,
    "fd_ju_ticks": 30,
    "max_zb_times": 11,
    "stagnation_kline_ticks": 38,
    "decline_kline_ticks": 38,
    "yang_yin_threshold": 0.01580046969324434,
    "stagnation_n": 20,
    "stagnation_volume_ratio_threshold": 43.35087843350087,
    "stagnation_ratio_threshold": 1500,
    "decline_volume_ratio_threshold": 75.3157872753861,
    "max_rebounds": 14,
    "decline_ratio_threshold": 407,
    "flxd_ticks": 406,
    "flzz_ticks": 1954,
    "use_simiple_kline_strategy_flxd": true,
    "use_simiple_kline_strategy_flzz": true,
    "flzz_use_smooth_price": true,
    "flzz_zf_thresh": 0.06577877697219027,
    "kline_sell_flxd_zy": false,
    "kline_sell_flxd_zs": true,
    "kline_sell_flzz_zs": true,
    "kline_sell_flzz_zy": true,
    "last_open_price_hc_pct": -0.018848839047276383,
    "open_price_max_hc": -0.007397042838056354,
    "loss_per_step_tick_gap": 6,
    "loss_cold_start_steps": 29,
    "loss_max_abserve_tick_steps": 450,
    "loss_max_abserce_avg_price_down_steps": 1,
    "loss_dynamic_hc_stop_profit_thres": 4.865003830297609,
    "loss_last_close_price_hc_pct": -0.0130783587588242,
    "loss_last_open_price_hc_pct": 0.003719439327415346,
    "loss_open_price_max_hc": -0.05406682686385092,
    "loss_down_open_sell_wait_time": false,
    "down_open_sell_wait_time": true,
    "day_zy_line": 0.0002045028065634914,
    "day_zs_line": -0.12946799356385127,
    "sell_afternoon": false,
    "sell_half_afternoon": true,
    "sell_max_days": 1,
    "stop_profit_pct": 0.0,
    "static_hc_stop_profit_pct": 1.0,
    "loss_static_hc_stop_profit_pct": 1.0
  },
  "timestamp": "2025-09-08T23:13:06.871892",
  "individual": [
    6.92339490631068,
    3.283446067310625,
    470.4659628300106,
    10.470645479174227,
    -0.02052041742989238,
    2.656583942211093,
    -0.04,
    0.5941064303289885,
    0.01614231070078147,
    102271525.8559152,
    0.46516185699051016,
    29.920094908867014,
    10.884753244233302,
    38.391875519538644,
    37.79778539716434,
    0.01580046969324434,
    19.52909614352648,
    43.35087843350087,
    1500.0,
    75.3157872753861,
    14.228297254894091,
    406.88486377706903,
    405.71567710571867,
    1953.6794123318766,
    1,
    1,
    1,
    0.06577877697219027,
    0,
    1,
    1,
    1,
    -0.018848839047276383,
    -0.007397042838056354,
    5.7526336278492245,
    28.710618244699045,
    450.3006351483889,
    1.0,
    4.865003830297609,
    -0.0130783587588242,
    0.003719439327415346,
    -0.05406682686385092,
    0,
    1,
    0.0002045028065634914,
    -0.12946799356385127,
    0,
    1,
    1.3492381033111915
  ],
  "max_drawdown_threshold": 0.25,
  "strategy_name": "X\u63a5\u529b\u5012\u63a5\u529b4"
}