{
  "generation": 10,
  "fitness": 0.7171191934217159,
  "total_return": 28.968025,
  "max_drawdown": 0.5684618748187533,
  "sharpe_ratio": 3.7330946519062005,
  "params": {
    "per_step_tick_gap": 1,
    "cold_start_steps": 18,
    "max_abserve_tick_steps": 581,
    "max_abserce_avg_price_down_steps": 5,
    "stop_profit_open_hc_pct": -0.15,
    "dynamic_hc_stop_profit_thres": 5.2043116434209145,
    "last_close_price_hc_pct": 0.008994046102246862,
    "last_day_sell_thres": 0.8158035198071041,
    "last_day_sell_huiche": 0.0036652599577482016,
    "fd_mount": 69735705,
    "fd_vol_pct": 0.75,
    "fd_ju_ticks": 30,
    "max_zb_times": 10,
    "stagnation_kline_ticks": 23,
    "decline_kline_ticks": 30,
    "yang_yin_threshold": 0.009783071260992083,
    "stagnation_n": 30,
    "stagnation_volume_ratio_threshold": 43.63322745025695,
    "stagnation_ratio_threshold": 997,
    "decline_volume_ratio_threshold": 61.80430097032952,
    "max_rebounds": 11,
    "decline_ratio_threshold": 548,
    "flxd_ticks": 500,
    "flzz_ticks": 431,
    "use_simiple_kline_strategy_flxd": false,
    "use_simiple_kline_strategy_flzz": true,
    "flzz_use_smooth_price": false,
    "flzz_zf_thresh": 0.05927606723809528,
    "kline_sell_flxd_zy": true,
    "kline_sell_flxd_zs": true,
    "kline_sell_flzz_zs": true,
    "kline_sell_flzz_zy": true,
    "last_open_price_hc_pct": -0.08,
    "open_price_max_hc": -0.06227955442109697,
    "loss_per_step_tick_gap": 21,
    "loss_cold_start_steps": 18,
    "loss_max_abserve_tick_steps": 268,
    "loss_max_abserce_avg_price_down_steps": 9,
    "loss_dynamic_hc_stop_profit_thres": 4.729938291994406,
    "loss_last_close_price_hc_pct": -0.0008684149898727284,
    "loss_last_open_price_hc_pct": -0.07528946894411548,
    "loss_open_price_max_hc": -0.05039027824220192,
    "loss_down_open_sell_wait_time": false,
    "down_open_sell_wait_time": false,
    "day_zy_line": 0.0,
    "day_zs_line": -0.10409912687721817,
    "sell_afternoon": true,
    "sell_half_afternoon": false,
    "sell_max_days": 4,
    "stop_profit_pct": 0.0,
    "static_hc_stop_profit_pct": 1.0,
    "loss_static_hc_stop_profit_pct": 1.0
  },
  "timestamp": "2025-09-08T18:26:46.624139",
  "individual": [
    1.0901654953440405,
    18.339024127828047,
    580.9214760106396,
    5.4428029578560215,
    -0.15,
    5.2043116434209145,
    0.008994046102246862,
    0.8158035198071041,
    0.0036652599577482016,
    69735704.96547042,
    0.75,
    29.55350300260978,
    9.908375310904972,
    22.954382592976508,
    30.000688823685838,
    0.009783071260992083,
    30.0,
    43.63322745025695,
    996.6688367526083,
    61.80430097032952,
    10.570445074551593,
    548.1891333245042,
    500.0,
    431.0816259492042,
    0,
    1,
    0,
    0.05927606723809528,
    1,
    1,
    1,
    1,
    -0.08,
    -0.06227955442109697,
    21.139095126063637,
    17.762412715614527,
    268.2290396193231,
    9.126043821255655,
    4.729938291994406,
    -0.0008684149898727284,
    -0.07528946894411548,
    -0.05039027824220192,
    0,
    0,
    0.0,
    -0.10409912687721817,
    1,
    0,
    3.642218419236375
  ],
  "max_drawdown_threshold": 0.25,
  "strategy_name": "X\u63a5\u529b\u5012\u63a5\u529b1"
}