{
  "generation": 50,
  "fitness": 1.6631744357325902,
  "total_return": 59.37306499999998,
  "max_drawdown": 0.4720433152628317,
  "sharpe_ratio": 4.393600588714163,
  "params": {
    "per_step_tick_gap": 1,
    "cold_start_steps": 2,
    "max_abserve_tick_steps": 445,
    "max_abserce_avg_price_down_steps": 1,
    "stop_profit_open_hc_pct": -0.11253108263268788,
    "dynamic_hc_stop_profit_thres": 6.568913977562306,
    "last_close_price_hc_pct": 0.009424205154795858,
    "last_day_sell_thres": 0.8363902749666471,
    "last_day_sell_huiche": 0.007731883624855865,
    "fd_mount": 89022908,
    "fd_vol_pct": 0.75,
    "fd_ju_ticks": 1,
    "max_zb_times": 2,
    "stagnation_kline_ticks": 29,
    "decline_kline_ticks": 3,
    "yang_yin_threshold": 0.01007233229641358,
    "stagnation_n": 21,
    "stagnation_volume_ratio_threshold": 100.0,
    "stagnation_ratio_threshold": 261,
    "decline_volume_ratio_threshold": 47.07757735988847,
    "max_rebounds": 9,
    "decline_ratio_threshold": 788,
    "flxd_ticks": 478,
    "flzz_ticks": 1811,
    "use_simiple_kline_strategy_flxd": false,
    "use_simiple_kline_strategy_flzz": true,
    "flzz_use_smooth_price": true,
    "flzz_zf_thresh": 0.0605327529786346,
    "kline_sell_flxd_zy": true,
    "kline_sell_flxd_zs": false,
    "kline_sell_flzz_zs": false,
    "kline_sell_flzz_zy": true,
    "last_open_price_hc_pct": 0.004533717581592536,
    "open_price_max_hc": -0.023279192223725414,
    "loss_per_step_tick_gap": 5,
    "loss_cold_start_steps": 0,
    "loss_max_abserve_tick_steps": 33,
    "loss_max_abserce_avg_price_down_steps": 1,
    "loss_dynamic_hc_stop_profit_thres": 5.161134884437505,
    "loss_last_close_price_hc_pct": -0.048281209484793676,
    "loss_last_open_price_hc_pct": -0.062143592682204075,
    "loss_open_price_max_hc": -0.027981705534594573,
    "loss_down_open_sell_wait_time": true,
    "down_open_sell_wait_time": true,
    "day_zy_line": 4.6360831517516887e-05,
    "day_zs_line": -0.09859697205690125,
    "sell_afternoon": true,
    "sell_half_afternoon": false,
    "sell_max_days": 4,
    "stop_profit_pct": 0.0,
    "static_hc_stop_profit_pct": 1.0,
    "loss_static_hc_stop_profit_pct": 1.0
  },
  "timestamp": "2025-09-08T18:38:25.631761",
  "individual": [
    1.0418618099005241,
    2.0332906196368152,
    445.09831006780047,
    1.2348059393539061,
    -0.11253108263268788,
    6.568913977562306,
    0.009424205154795858,
    0.8363902749666471,
    0.007731883624855865,
    89022908.37499231,
    0.75,
    1.0033429638322653,
    2.422663018868468,
    29.22436380290189,
    3.34939526741574,
    0.01007233229641358,
    20.644239612920114,
    100.0,
    260.9622657152398,
    47.07757735988847,
    8.560735924366814,
    787.9450087806604,
    477.9639769213684,
    1810.5959833890292,
    0,
    1,
    1,
    0.0605327529786346,
    1,
    0,
    0,
    1,
    0.004533717581592536,
    -0.023279192223725414,
    5.084678287390523,
    0.0,
    33.07068524811553,
    1.0,
    5.161134884437505,
    -0.048281209484793676,
    -0.062143592682204075,
    -0.027981705534594573,
    1,
    1,
    4.6360831517516887e-05,
    -0.09859697205690125,
    1,
    0,
    3.8215320288937416
  ],
  "max_drawdown_threshold": 0.25,
  "strategy_name": "X\u63a5\u529b\u5012\u63a5\u529b1"
}