{
  "generation": 110,
  "fitness": 1.7716492378877866,
  "total_return": 67.1337,
  "max_drawdown": 0.46940090611351687,
  "sharpe_ratio": 4.49779076826091,
  "params": {
    "per_step_tick_gap": 1,
    "cold_start_steps": 1,
    "max_abserve_tick_steps": 445,
    "max_abserce_avg_price_down_steps": 4,
    "stop_profit_open_hc_pct": -0.1309400165643049,
    "dynamic_hc_stop_profit_thres": 4.972546365112845,
    "last_close_price_hc_pct": 0.008205050815696387,
    "last_day_sell_thres": 0.9371355273745019,
    "last_day_sell_huiche": 0.009809372143209686,
    "fd_mount": 97983279,
    "fd_vol_pct": 0.7190752814351193,
    "fd_ju_ticks": 1,
    "max_zb_times": 1,
    "stagnation_kline_ticks": 29,
    "decline_kline_ticks": 18,
    "yang_yin_threshold": 0.012471686110565797,
    "stagnation_n": 18,
    "stagnation_volume_ratio_threshold": 86.872983862084,
    "stagnation_ratio_threshold": 261,
    "decline_volume_ratio_threshold": 43.90160364515086,
    "max_rebounds": 6,
    "decline_ratio_threshold": 1237,
    "flxd_ticks": 394,
    "flzz_ticks": 1493,
    "use_simiple_kline_strategy_flxd": false,
    "use_simiple_kline_strategy_flzz": true,
    "flzz_use_smooth_price": false,
    "flzz_zf_thresh": 0.0603541451046421,
    "kline_sell_flxd_zy": true,
    "kline_sell_flxd_zs": false,
    "kline_sell_flzz_zs": false,
    "kline_sell_flzz_zy": true,
    "last_open_price_hc_pct": 0.009758092263021776,
    "open_price_max_hc": -0.023634057773194425,
    "loss_per_step_tick_gap": 6,
    "loss_cold_start_steps": 1,
    "loss_max_abserve_tick_steps": 9,
    "loss_max_abserce_avg_price_down_steps": 1,
    "loss_dynamic_hc_stop_profit_thres": 7.298629181139944,
    "loss_last_close_price_hc_pct": -0.06610901505558786,
    "loss_last_open_price_hc_pct": -0.0604339108217931,
    "loss_open_price_max_hc": -0.09573523925012709,
    "loss_down_open_sell_wait_time": true,
    "down_open_sell_wait_time": true,
    "day_zy_line": 2.2748110027620017e-05,
    "day_zs_line": -0.09859294554897827,
    "sell_afternoon": true,
    "sell_half_afternoon": false,
    "sell_max_days": 4,
    "stop_profit_pct": 0.0,
    "static_hc_stop_profit_pct": 1.0,
    "loss_static_hc_stop_profit_pct": 1.0
  },
  "timestamp": "2025-09-08T18:54:36.969379",
  "individual": [
    1.0086135095365532,
    0.9410101884989412,
    444.8254202799924,
    3.980018751598508,
    -0.1309400165643049,
    4.972546365112845,
    0.008205050815696387,
    0.9371355273745019,
    0.009809372143209686,
    97983278.91102767,
    0.7190752814351193,
    1.0658369595445618,
    1.4363407037443703,
    28.745248146890745,
    17.70360727517769,
    0.012471686110565797,
    18.364901918149833,
    86.872983862084,
    261.0639948381156,
    43.90160364515086,
    6.4855686414975615,
    1237.3230010583463,
    393.9822895548301,
    1492.5440041950299,
    0,
    1,
    0,
    0.0603541451046421,
    1,
    0,
    0,
    1,
    0.009758092263021776,
    -0.023634057773194425,
    6.439012098851544,
    0.5521072356550414,
    9.398314164355826,
    1.0,
    7.298629181139944,
    -0.06610901505558786,
    -0.0604339108217931,
    -0.09573523925012709,
    1,
    1,
    2.2748110027620017e-05,
    -0.09859294554897827,
    1,
    0,
    3.9273974156267792
  ],
  "max_drawdown_threshold": 0.25,
  "strategy_name": "X\u63a5\u529b\u5012\u63a5\u529b1"
}