{
  "generation": 70,
  "fitness": 1.7559342806318392,
  "total_return": 66.05093,
  "max_drawdown": 0.46978196847390435,
  "sharpe_ratio": 4.4788253269107985,
  "params": {
    "per_step_tick_gap": 1,
    "cold_start_steps": 1,
    "max_abserve_tick_steps": 445,
    "max_abserce_avg_price_down_steps": 1,
    "stop_profit_open_hc_pct": -0.11921719361933256,
    "dynamic_hc_stop_profit_thres": 5.092162137536524,
    "last_close_price_hc_pct": 0.008319742361129367,
    "last_day_sell_thres": 0.929894527137868,
    "last_day_sell_huiche": 0.0037660195063572936,
    "fd_mount": 84847757,
    "fd_vol_pct": 0.6996949520981415,
    "fd_ju_ticks": 1,
    "max_zb_times": 4,
    "stagnation_kline_ticks": 29,
    "decline_kline_ticks": 18,
    "yang_yin_threshold": 0.014107356549058321,
    "stagnation_n": 20,
    "stagnation_volume_ratio_threshold": 86.77216686192125,
    "stagnation_ratio_threshold": 272,
    "decline_volume_ratio_threshold": 71.61827415033882,
    "max_rebounds": 9,
    "decline_ratio_threshold": 774,
    "flxd_ticks": 438,
    "flzz_ticks": 1790,
    "use_simiple_kline_strategy_flxd": false,
    "use_simiple_kline_strategy_flzz": true,
    "flzz_use_smooth_price": false,
    "flzz_zf_thresh": 0.06057526634510802,
    "kline_sell_flxd_zy": true,
    "kline_sell_flxd_zs": false,
    "kline_sell_flzz_zs": false,
    "kline_sell_flzz_zy": true,
    "last_open_price_hc_pct": 0.009281901167137244,
    "open_price_max_hc": -0.02490220734078595,
    "loss_per_step_tick_gap": 6,
    "loss_cold_start_steps": 1,
    "loss_max_abserve_tick_steps": 8,
    "loss_max_abserce_avg_price_down_steps": 1,
    "loss_dynamic_hc_stop_profit_thres": 3.864722270788334,
    "loss_last_close_price_hc_pct": -0.06873095048982644,
    "loss_last_open_price_hc_pct": -0.06104395587105269,
    "loss_open_price_max_hc": -0.07957730622156857,
    "loss_down_open_sell_wait_time": true,
    "down_open_sell_wait_time": true,
    "day_zy_line": 3.426747655731276e-06,
    "day_zs_line": -0.09861527684892879,
    "sell_afternoon": true,
    "sell_half_afternoon": false,
    "sell_max_days": 4,
    "stop_profit_pct": 0.0,
    "static_hc_stop_profit_pct": 1.0,
    "loss_static_hc_stop_profit_pct": 1.0
  },
  "timestamp": "2025-09-08T18:44:15.726628",
  "individual": [
    1.013591370549305,
    1.0152002540411504,
    444.7609317727647,
    1.2192450261316379,
    -0.11921719361933256,
    5.092162137536524,
    0.008319742361129367,
    0.929894527137868,
    0.0037660195063572936,
    84847757.13919048,
    0.6996949520981415,
    1.0,
    4.46294085779028,
    28.552317966777956,
    17.527287542678962,
    0.014107356549058321,
    20.16227088886744,
    86.77216686192125,
    272.05170848970937,
    71.61827415033882,
    9.355181077224612,
    773.9056961073877,
    437.76607787009306,
    1790.261437743648,
    0,
    1,
    0,
    0.06057526634510802,
    1,
    0,
    0,
    1,
    0.009281901167137244,
    -0.02490220734078595,
    6.054126040498478,
    0.5094795068734221,
    7.962675463798304,
    1.212700849681796,
    3.864722270788334,
    -0.06873095048982644,
    -0.06104395587105269,
    -0.07957730622156857,
    1,
    1,
    3.426747655731276e-06,
    -0.09861527684892879,
    1,
    0,
    3.721341324451874
  ],
  "max_drawdown_threshold": 0.25,
  "strategy_name": "X\u63a5\u529b\u5012\u63a5\u529b1"
}