{
  "generation": 90,
  "fitness": 1.7710900024919374,
  "total_return": 67.07803,
  "max_drawdown": 0.46940090611351687,
  "sharpe_ratio": 4.497219108974938,
  "params": {
    "per_step_tick_gap": 1,
    "cold_start_steps": 1,
    "max_abserve_tick_steps": 445,
    "max_abserce_avg_price_down_steps": 4,
    "stop_profit_open_hc_pct": -0.13610015447712273,
    "dynamic_hc_stop_profit_thres": 5.078604992184868,
    "last_close_price_hc_pct": 0.00826126851455292,
    "last_day_sell_thres": 0.9719353450637604,
    "last_day_sell_huiche": 0.007168972743584485,
    "fd_mount": 102208309,
    "fd_vol_pct": 0.7402525418777117,
    "fd_ju_ticks": 1,
    "max_zb_times": 1,
    "stagnation_kline_ticks": 29,
    "decline_kline_ticks": 39,
    "yang_yin_threshold": 0.013701613410854976,
    "stagnation_n": 20,
    "stagnation_volume_ratio_threshold": 86.95246118792193,
    "stagnation_ratio_threshold": 259,
    "decline_volume_ratio_threshold": 17.2957724594996,
    "max_rebounds": 6,
    "decline_ratio_threshold": 802,
    "flxd_ticks": 283,
    "flzz_ticks": 1573,
    "use_simiple_kline_strategy_flxd": false,
    "use_simiple_kline_strategy_flzz": true,
    "flzz_use_smooth_price": false,
    "flzz_zf_thresh": 0.06019348010223814,
    "kline_sell_flxd_zy": true,
    "kline_sell_flxd_zs": false,
    "kline_sell_flzz_zs": false,
    "kline_sell_flzz_zy": true,
    "last_open_price_hc_pct": 0.00934215948630523,
    "open_price_max_hc": -0.02344458268773655,
    "loss_per_step_tick_gap": 6,
    "loss_cold_start_steps": 1,
    "loss_max_abserve_tick_steps": 10,
    "loss_max_abserce_avg_price_down_steps": 1,
    "loss_dynamic_hc_stop_profit_thres": 4.6673752743390775,
    "loss_last_close_price_hc_pct": -0.07161722645366189,
    "loss_last_open_price_hc_pct": -0.06064567898421627,
    "loss_open_price_max_hc": -0.0784724560997477,
    "loss_down_open_sell_wait_time": false,
    "down_open_sell_wait_time": true,
    "day_zy_line": 2.4126101328237327e-05,
    "day_zs_line": -0.09856574048561308,
    "sell_afternoon": true,
    "sell_half_afternoon": false,
    "sell_max_days": 4,
    "stop_profit_pct": 0.0,
    "static_hc_stop_profit_pct": 1.0,
    "loss_static_hc_stop_profit_pct": 1.0
  },
  "timestamp": "2025-09-08T18:49:55.880781",
  "individual": [
    1.0156540969708476,
    1.0505449544679704,
    444.8410997120101,
    3.643706238783349,
    -0.13610015447712273,
    5.078604992184868,
    0.00826126851455292,
    0.9719353450637604,
    0.007168972743584485,
    102208309.01783887,
    0.7402525418777117,
    1.0,
    1.4839654637903426,
    28.87971405432738,
    38.75869098963758,
    0.013701613410854976,
    20.37120616860014,
    86.95246118792193,
    259.3657748557655,
    17.2957724594996,
    5.960643548535771,
    801.9019714739684,
    283.48406085326195,
    1573.3199136325964,
    0,
    1,
    0,
    0.06019348010223814,
    1,
    0,
    0,
    1,
    0.00934215948630523,
    -0.02344458268773655,
    6.214081451967491,
    0.8318806920651028,
    9.502978668026724,
    1.3566791378284653,
    4.6673752743390775,
    -0.07161722645366189,
    -0.06064567898421627,
    -0.0784724560997477,
    0,
    1,
    2.4126101328237327e-05,
    -0.09856574048561308,
    1,
    0,
    3.8966408878880845
  ],
  "max_drawdown_threshold": 0.25,
  "strategy_name": "X\u63a5\u529b\u5012\u63a5\u529b1"
}