{
  "generation": 30,
  "fitness": 2.2191550065348746,
  "total_return": 7.4548900000000025,
  "max_drawdown": 0.2022497243846055,
  "sharpe_ratio": 4.183440793845304,
  "params": {
    "per_step_tick_gap": 12,
    "cold_start_steps": 48,
    "max_abserve_tick_steps": 79,
    "max_abserce_avg_price_down_steps": 15,
    "stop_profit_open_hc_pct": -0.1251116831863253,
    "dynamic_hc_stop_profit_thres": 8.0,
    "last_close_price_hc_pct": -0.006314672051331207,
    "last_day_sell_thres": 0.038484256251593324,
    "last_day_sell_huiche": 0.009039143429882998,
    "fd_mount": 110152565,
    "fd_vol_pct": 0.12172857755362254,
    "fd_ju_ticks": 2,
    "max_zb_times": 2,
    "stagnation_kline_ticks": 28,
    "decline_kline_ticks": 23,
    "yang_yin_threshold": 0.009977501060070774,
    "stagnation_n": 13,
    "stagnation_volume_ratio_threshold": 1.1,
    "stagnation_ratio_threshold": 955,
    "decline_volume_ratio_threshold": 1.1,
    "max_rebounds": 3,
    "decline_ratio_threshold": 1346,
    "flxd_ticks": 376,
    "flzz_ticks": 100,
    "use_simiple_kline_strategy_flxd": false,
    "use_simiple_kline_strategy_flzz": true,
    "flzz_use_smooth_price": false,
    "flzz_zf_thresh": -0.009248395877983123,
    "kline_sell_flxd_zy": false,
    "kline_sell_flxd_zs": true,
    "kline_sell_flzz_zs": true,
    "kline_sell_flzz_zy": false,
    "last_open_price_hc_pct": -0.010327084177912383,
    "open_price_max_hc": -0.0005223737657147656,
    "loss_per_step_tick_gap": 2,
    "loss_cold_start_steps": 0,
    "loss_max_abserve_tick_steps": 114,
    "loss_max_abserce_avg_price_down_steps": 7,
    "loss_dynamic_hc_stop_profit_thres": 6.860355561458307,
    "loss_last_close_price_hc_pct": 0.008352620092943044,
    "loss_last_open_price_hc_pct": 0.01,
    "loss_open_price_max_hc": 0.0,
    "loss_down_open_sell_wait_time": false,
    "down_open_sell_wait_time": true,
    "day_zy_line": 0.11330705893799531,
    "day_zs_line": -3.011978016652501e-05,
    "sell_afternoon": true,
    "sell_half_afternoon": false,
    "sell_max_days": 1,
    "stop_profit_pct": 0.0,
    "static_hc_stop_profit_pct": 1.0,
    "loss_static_hc_stop_profit_pct": 1.0
  },
  "timestamp": "2025-09-04T22:57:01.035109",
  "individual": [
    12.059318545278956,
    48.17323176299681,
    79.27173993338897,
    15,
    -0.1251116831863253,
    8.0,
    -0.006314672051331207,
    0.038484256251593324,
    0.009039143429882998,
    110152564.79202317,
    0.12172857755362254,
    2.1716240835151535,
    2.0,
    28.47104448116029,
    22.834332971776536,
    0.009977501060070774,
    12.917642879341571,
    1.1,
    954.9399223907445,
    1.1,
    3.3813126676310548,
    1345.9686710727647,
    376.4985786693105,
    100,
    0,
    1,
    0,
    -0.009248395877983123,
    0,
    1,
    1,
    0,
    -0.010327084177912383,
    -0.0005223737657147656,
    2.044881470024117,
    0.1682200210356904,
    113.60825414571345,
    6.833044113273923,
    6.860355561458307,
    0.008352620092943044,
    0.01,
    0.0,
    0,
    1,
    0.11330705893799531,
    -3.011978016652501e-05,
    1,
    0,
    1.0886859203918222
  ]
}