{
  "generation": 60,
  "fitness": 2.306375713879735,
  "total_return": 7.995880000000005,
  "max_drawdown": 0.20043157822038127,
  "sharpe_ratio": 4.254619900348276,
  "params": {
    "per_step_tick_gap": 12,
    "cold_start_steps": 44,
    "max_abserve_tick_steps": 19,
    "max_abserce_avg_price_down_steps": 7,
    "stop_profit_open_hc_pct": 0.0,
    "dynamic_hc_stop_profit_thres": 3.6608340168408464,
    "last_close_price_hc_pct": 0.0021948891277136745,
    "last_day_sell_thres": 0.017051296056180706,
    "last_day_sell_huiche": 0.008020646354612481,
    "fd_mount": 112673635,
    "fd_vol_pct": 0.6487494481991388,
    "fd_ju_ticks": 1,
    "max_zb_times": 5,
    "stagnation_kline_ticks": 26,
    "decline_kline_ticks": 13,
    "yang_yin_threshold": 0.011399711490002367,
    "stagnation_n": 16,
    "stagnation_volume_ratio_threshold": 19.136325673721185,
    "stagnation_ratio_threshold": 793,
    "decline_volume_ratio_threshold": 1.7761247305251022,
    "max_rebounds": 0,
    "decline_ratio_threshold": 1126,
    "flxd_ticks": 378,
    "flzz_ticks": 100,
    "use_simiple_kline_strategy_flxd": false,
    "use_simiple_kline_strategy_flzz": true,
    "flzz_use_smooth_price": true,
    "flzz_zf_thresh": -0.013975133773592718,
    "kline_sell_flxd_zy": false,
    "kline_sell_flxd_zs": true,
    "kline_sell_flzz_zs": true,
    "kline_sell_flzz_zy": true,
    "last_open_price_hc_pct": 0.007387455418970194,
    "open_price_max_hc": -0.1,
    "loss_per_step_tick_gap": 2,
    "loss_cold_start_steps": 0,
    "loss_max_abserve_tick_steps": 5,
    "loss_max_abserce_avg_price_down_steps": 3,
    "loss_dynamic_hc_stop_profit_thres": 6.847924368735969,
    "loss_last_close_price_hc_pct": 0.008481024594147743,
    "loss_last_open_price_hc_pct": 0.009951454087997379,
    "loss_open_price_max_hc": 0.0,
    "loss_down_open_sell_wait_time": false,
    "down_open_sell_wait_time": true,
    "day_zy_line": 0.09091862632896806,
    "day_zs_line": -7.272887804093682e-05,
    "sell_afternoon": true,
    "sell_half_afternoon": false,
    "sell_max_days": 1,
    "stop_profit_pct": 0.0,
    "static_hc_stop_profit_pct": 1.0,
    "loss_static_hc_stop_profit_pct": 1.0
  },
  "timestamp": "2025-09-04T22:58:34.104184",
  "individual": [
    12.186486019041679,
    44.204338828006335,
    18.816086263910538,
    6.924175659372442,
    0.0,
    3.6608340168408464,
    0.0021948891277136745,
    0.017051296056180706,
    0.008020646354612481,
    112673635.49191162,
    0.6487494481991388,
    1.1532864644952936,
    5.414492030448845,
    25.901088947869866,
    12.605444321859972,
    0.011399711490002367,
    15.547250842152707,
    19.136325673721185,
    793.2499468571134,
    1.7761247305251022,
    0.0,
    1126.317296257575,
    377.79850330445487,
    100.00000000000011,
    0,
    1,
    1,
    -0.013975133773592718,
    0,
    1,
    1,
    1,
    0.007387455418970194,
    -0.1,
    2.088501103832435,
    0.015338295802534985,
    5.3056652593616835,
    2.711073148290779,
    6.847924368735969,
    0.008481024594147743,
    0.009951454087997379,
    0.0,
    0,
    1,
    0.09091862632896806,
    -7.272887804093682e-05,
    1,
    0,
    1.0145848969014715
  ]
}