{
  "generation": 80,
  "fitness": 2.3130917943141807,
  "total_return": 8.051105000000003,
  "max_drawdown": 0.20042220394944213,
  "sharpe_ratio": 4.262175373863768,
  "params": {
    "per_step_tick_gap": 12,
    "cold_start_steps": 42,
    "max_abserve_tick_steps": 37,
    "max_abserce_avg_price_down_steps": 15,
    "stop_profit_open_hc_pct": 0.0,
    "dynamic_hc_stop_profit_thres": 0.01,
    "last_close_price_hc_pct": 0.01,
    "last_day_sell_thres": 0.012431387604399819,
    "last_day_sell_huiche": 0.007425258334991436,
    "fd_mount": 111176318,
    "fd_vol_pct": 0.7449615989874553,
    "fd_ju_ticks": 1,
    "max_zb_times": 1,
    "stagnation_kline_ticks": 26,
    "decline_kline_ticks": 11,
    "yang_yin_threshold": 0.012699295051735691,
    "stagnation_n": 20,
    "stagnation_volume_ratio_threshold": 19.701846746890944,
    "stagnation_ratio_threshold": 774,
    "decline_volume_ratio_threshold": 1.1,
    "max_rebounds": 9,
    "decline_ratio_threshold": 1029,
    "flxd_ticks": 385,
    "flzz_ticks": 100,
    "use_simiple_kline_strategy_flxd": false,
    "use_simiple_kline_strategy_flzz": true,
    "flzz_use_smooth_price": true,
    "flzz_zf_thresh": -0.013250696251601898,
    "kline_sell_flxd_zy": false,
    "kline_sell_flxd_zs": true,
    "kline_sell_flzz_zs": true,
    "kline_sell_flzz_zy": true,
    "last_open_price_hc_pct": 0.01,
    "open_price_max_hc": -0.061383929178470686,
    "loss_per_step_tick_gap": 2,
    "loss_cold_start_steps": 0,
    "loss_max_abserve_tick_steps": 5,
    "loss_max_abserce_avg_price_down_steps": 3,
    "loss_dynamic_hc_stop_profit_thres": 6.741844817354282,
    "loss_last_close_price_hc_pct": 0.008614474950277904,
    "loss_last_open_price_hc_pct": 0.01,
    "loss_open_price_max_hc": 0.0,
    "loss_down_open_sell_wait_time": false,
    "down_open_sell_wait_time": true,
    "day_zy_line": 0.08354812814541135,
    "day_zs_line": -8.742007513392604e-05,
    "sell_afternoon": true,
    "sell_half_afternoon": true,
    "sell_max_days": 1,
    "stop_profit_pct": 0.0,
    "static_hc_stop_profit_pct": 1.0,
    "loss_static_hc_stop_profit_pct": 1.0
  },
  "timestamp": "2025-09-04T22:59:34.415241",
  "individual": [
    12.248188475670698,
    41.60608217240338,
    36.945981923062575,
    15.0,
    0.0,
    0.01,
    0.01,
    0.012431387604399819,
    0.007425258334991436,
    111176317.75682269,
    0.7449615989874553,
    1.0,
    1.0,
    25.98676063438532,
    11.259840862268405,
    0.012699295051735691,
    19.762906210131785,
    19.701846746890944,
    774.0301336494292,
    1.1,
    9.393848451010593,
    1029.3349765704838,
    384.9538490954981,
    100.00000000000024,
    0,
    1,
    1,
    -0.013250696251601898,
    0,
    1,
    1,
    1,
    0.01,
    -0.061383929178470686,
    2.082866419673637,
    0.09080706409073952,
    5.0,
    2.590348150293466,
    6.741844817354282,
    0.008614474950277904,
    0.01,
    0.0,
    0,
    1,
    0.08354812814541135,
    -8.742007513392604e-05,
    1,
    1,
    1.0410527409030645
  ]
}