{
  "generation": 10,
  "fitness": 1.9156472936834903,
  "total_return": 5.385810000000002,
  "max_drawdown": 0.3228781921047713,
  "sharpe_ratio": 6.001635871120995,
  "params": {
    "per_step_tick_gap": 23,
    "cold_start_steps": 47,
    "max_abserve_tick_steps": 870,
    "max_abserce_avg_price_down_steps": 15,
    "stop_profit_open_hc_pct": -0.0889920545249428,
    "dynamic_hc_stop_profit_thres": 2.82501579598836,
    "last_close_price_hc_pct": -0.02310690069766442,
    "last_day_sell_thres": 0.593460459745592,
    "last_day_sell_huiche": 0.008736896163656903,
    "fd_mount": 53726629,
    "fd_vol_pct": 0.3146752112497306,
    "fd_ju_ticks": 1,
    "max_zb_times": 11,
    "stagnation_kline_ticks": 40,
    "decline_kline_ticks": 29,
    "yang_yin_threshold": 0.025504796654713828,
    "stagnation_n": 29,
    "stagnation_volume_ratio_threshold": 63.05087662160602,
    "stagnation_ratio_threshold": 238,
    "decline_volume_ratio_threshold": 38.958052047346214,
    "max_rebounds": 0,
    "decline_ratio_threshold": 1500,
    "flxd_ticks": 187,
    "flzz_ticks": 920,
    "use_simiple_kline_strategy_flxd": true,
    "use_simiple_kline_strategy_flzz": true,
    "flzz_use_smooth_price": true,
    "flzz_zf_thresh": 0.08007054431397803,
    "kline_sell_flxd_zy": true,
    "kline_sell_flxd_zs": true,
    "kline_sell_flzz_zs": false,
    "kline_sell_flzz_zy": true,
    "last_open_price_hc_pct": -0.04432188806108449,
    "open_price_max_hc": -0.07025478694643522,
    "loss_per_step_tick_gap": 12,
    "loss_cold_start_steps": 18,
    "loss_max_abserve_tick_steps": 500,
    "loss_max_abserce_avg_price_down_steps": 3,
    "loss_dynamic_hc_stop_profit_thres": 5.624504126934171,
    "loss_last_close_price_hc_pct": -0.048791241114151084,
    "loss_last_open_price_hc_pct": -0.02953683865563072,
    "loss_open_price_max_hc": -0.004329285347184722,
    "loss_down_open_sell_wait_time": true,
    "down_open_sell_wait_time": true,
    "day_zy_line": 0.06462659607657448,
    "day_zs_line": -0.3820240002907891,
    "sell_afternoon": true,
    "sell_half_afternoon": false,
    "sell_max_days": 1,
    "stop_profit_pct": 0.0,
    "static_hc_stop_profit_pct": 1.0,
    "loss_static_hc_stop_profit_pct": 1.0
  },
  "timestamp": "2025-09-06T13:16:47.634185",
  "individual": [
    23.3977717452051,
    47.49697279153624,
    869.5984638840532,
    15.0,
    -0.0889920545249428,
    2.82501579598836,
    -0.02310690069766442,
    0.593460459745592,
    0.008736896163656903,
    53726629.463327274,
    0.3146752112497306,
    1.0,
    11.35192533011236,
    39.61289526163974,
    29.48507252030561,
    0.025504796654713828,
    29.262204574279515,
    63.05087662160602,
    238.28728576852185,
    38.958052047346214,
    0.0,
    1500.0,
    186.61984660960826,
    920.2871449494249,
    1,
    1,
    1,
    0.08007054431397803,
    1,
    1,
    0,
    1,
    -0.04432188806108449,
    -0.07025478694643522,
    11.557062775164793,
    17.858994527706987,
    500.0,
    2.683742263271595,
    5.624504126934171,
    -0.048791241114151084,
    -0.02953683865563072,
    -0.004329285347184722,
    1,
    1,
    0.06462659607657448,
    -0.3820240002907891,
    1,
    0,
    1.0011666709289926
  ],
  "max_drawdown_threshold": 0.25,
  "strategy_name": "\u9ad8\u4f4d\u9ad8\u5f3a\u8ffd\u6da8"
}