{
  "generation": 60,
  "fitness": 4.381065647090502,
  "total_return": 27.995890000000006,
  "max_drawdown": 0.2503923608213217,
  "sharpe_ratio": 4.252335679855601,
  "params": {
    "per_step_tick_gap": 1,
    "cold_start_steps": 6,
    "max_abserve_tick_steps": 394,
    "max_abserce_avg_price_down_steps": 2,
    "stop_profit_open_hc_pct": -0.09711276962439275,
    "dynamic_hc_stop_profit_thres": 4.876976228162821,
    "last_close_price_hc_pct": 0.009475834491161798,
    "last_day_sell_thres": 0.43962436235112023,
    "last_day_sell_huiche": 0.013868264494930727,
    "fd_mount": 81405746,
    "fd_vol_pct": 0.6524375759654409,
    "fd_ju_ticks": 1,
    "max_zb_times": 10,
    "stagnation_kline_ticks": 43,
    "decline_kline_ticks": 27,
    "yang_yin_threshold": 0.011907894613878901,
    "stagnation_n": 21,
    "stagnation_volume_ratio_threshold": 46.34662933068576,
    "stagnation_ratio_threshold": 256,
    "decline_volume_ratio_threshold": 67.7204981257744,
    "max_rebounds": 13,
    "decline_ratio_threshold": 1163,
    "flxd_ticks": 335,
    "flzz_ticks": 694,
    "use_simiple_kline_strategy_flxd": false,
    "use_simiple_kline_strategy_flzz": true,
    "flzz_use_smooth_price": true,
    "flzz_zf_thresh": 0.03738608163887547,
    "kline_sell_flxd_zy": true,
    "kline_sell_flxd_zs": true,
    "kline_sell_flzz_zs": true,
    "kline_sell_flzz_zy": true,
    "last_open_price_hc_pct": -0.001587640545790948,
    "open_price_max_hc": -0.0012145706413541316,
    "loss_per_step_tick_gap": 22,
    "loss_cold_start_steps": 4,
    "loss_max_abserve_tick_steps": 88,
    "loss_max_abserce_avg_price_down_steps": 1,
    "loss_dynamic_hc_stop_profit_thres": 6.064268306291846,
    "loss_last_close_price_hc_pct": 0.01,
    "loss_last_open_price_hc_pct": -0.012546273318091931,
    "loss_open_price_max_hc": -0.018706449263720757,
    "loss_down_open_sell_wait_time": false,
    "down_open_sell_wait_time": false,
    "day_zy_line": 0.0009789094887476665,
    "day_zs_line": -0.11221586563268714,
    "sell_afternoon": true,
    "sell_half_afternoon": false,
    "sell_max_days": 1,
    "stop_profit_pct": 0.0,
    "static_hc_stop_profit_pct": 1.0,
    "loss_static_hc_stop_profit_pct": 1.0
  },
  "timestamp": "2025-09-06T06:01:36.984912",
  "individual": [
    1.2247937911143163,
    6.331170864867986,
    393.6163090095251,
    2.1070520473611696,
    -0.09711276962439275,
    4.876976228162821,
    0.009475834491161798,
    0.43962436235112023,
    0.013868264494930727,
    81405745.8766913,
    0.6524375759654409,
    1.2353795696784649,
    9.738090513764867,
    43.274984124908904,
    27.336099364926035,
    0.011907894613878901,
    20.974153970028972,
    46.34662933068576,
    256.18561774968094,
    67.7204981257744,
    13.418280672793436,
    1163.2462463568545,
    335.2956604725954,
    693.8645273820838,
    0,
    1,
    1,
    0.03738608163887547,
    1,
    1,
    1,
    1,
    -0.001587640545790948,
    -0.0012145706413541316,
    21.7307354410655,
    4.033419450605816,
    88.04305273062832,
    1.0,
    6.064268306291846,
    0.01,
    -0.012546273318091931,
    -0.018706449263720757,
    0,
    0,
    0.0009789094887476665,
    -0.11221586563268714,
    1,
    0,
    1.0490887441140198
  ],
  "max_drawdown_threshold": 0.25,
  "strategy_name": "\u63a5\u529b\u5012\u63a5\u529b4"
}