{
  "generation": 70,
  "fitness": 4.389863730554938,
  "total_return": 28.138185000000004,
  "max_drawdown": 0.2503923608213217,
  "sharpe_ratio": 4.256630726041302,
  "params": {
    "per_step_tick_gap": 1,
    "cold_start_steps": 6,
    "max_abserve_tick_steps": 394,
    "max_abserce_avg_price_down_steps": 2,
    "stop_profit_open_hc_pct": -0.09633798917252757,
    "dynamic_hc_stop_profit_thres": 4.8507424006811934,
    "last_close_price_hc_pct": 0.009567588531949368,
    "last_day_sell_thres": 0.40444671991881687,
    "last_day_sell_huiche": 0.014312946825064787,
    "fd_mount": 84355907,
    "fd_vol_pct": 0.6589242576699247,
    "fd_ju_ticks": 1,
    "max_zb_times": 7,
    "stagnation_kline_ticks": 43,
    "decline_kline_ticks": 27,
    "yang_yin_threshold": 0.012360612703617359,
    "stagnation_n": 23,
    "stagnation_volume_ratio_threshold": 46.3476408258907,
    "stagnation_ratio_threshold": 257,
    "decline_volume_ratio_threshold": 67.45785657780199,
    "max_rebounds": 14,
    "decline_ratio_threshold": 1048,
    "flxd_ticks": 387,
    "flzz_ticks": 689,
    "use_simiple_kline_strategy_flxd": false,
    "use_simiple_kline_strategy_flzz": true,
    "flzz_use_smooth_price": true,
    "flzz_zf_thresh": 0.03758768692825059,
    "kline_sell_flxd_zy": true,
    "kline_sell_flxd_zs": true,
    "kline_sell_flzz_zs": true,
    "kline_sell_flzz_zy": true,
    "last_open_price_hc_pct": -0.001503941529603874,
    "open_price_max_hc": -0.0011771052883901337,
    "loss_per_step_tick_gap": 21,
    "loss_cold_start_steps": 4,
    "loss_max_abserve_tick_steps": 53,
    "loss_max_abserce_avg_price_down_steps": 1,
    "loss_dynamic_hc_stop_profit_thres": 5.833644367428285,
    "loss_last_close_price_hc_pct": 0.01,
    "loss_last_open_price_hc_pct": -0.027330046672374535,
    "loss_open_price_max_hc": -0.02183542626889719,
    "loss_down_open_sell_wait_time": false,
    "down_open_sell_wait_time": false,
    "day_zy_line": 0.0012192545712542292,
    "day_zs_line": -0.10926441871700464,
    "sell_afternoon": true,
    "sell_half_afternoon": false,
    "sell_max_days": 1,
    "stop_profit_pct": 0.0,
    "static_hc_stop_profit_pct": 1.0,
    "loss_static_hc_stop_profit_pct": 1.0
  },
  "timestamp": "2025-09-06T06:03:38.305887",
  "individual": [
    1.1891601134799183,
    6.355452634002199,
    393.7246406564458,
    2.105333300068693,
    -0.09633798917252757,
    4.8507424006811934,
    0.009567588531949368,
    0.40444671991881687,
    0.014312946825064787,
    84355906.80466585,
    0.6589242576699247,
    1.288412481733039,
    7.399130132105059,
    43.15312071139134,
    26.880080656366424,
    0.012360612703617359,
    22.5302843893733,
    46.3476408258907,
    257.09664347774316,
    67.45785657780199,
    13.502406792065322,
    1048.1614012605833,
    386.9096028137512,
    689.2652228683535,
    0,
    1,
    1,
    0.03758768692825059,
    1,
    1,
    1,
    1,
    -0.001503941529603874,
    -0.0011771052883901337,
    21.408954431240797,
    4.014019994224117,
    53.422675864622335,
    1.2494420813651155,
    5.833644367428285,
    0.01,
    -0.027330046672374535,
    -0.02183542626889719,
    0,
    0,
    0.0012192545712542292,
    -0.10926441871700464,
    1,
    0,
    1.0593406728827885
  ],
  "max_drawdown_threshold": 0.25,
  "strategy_name": "\u63a5\u529b\u5012\u63a5\u529b4"
}