{
  "generation": 50,
  "fitness": 4.349518458275581,
  "total_return": 27.657005000000005,
  "max_drawdown": 0.25082675174104196,
  "sharpe_ratio": 4.241540060601925,
  "params": {
    "per_step_tick_gap": 1,
    "cold_start_steps": 6,
    "max_abserve_tick_steps": 394,
    "max_abserce_avg_price_down_steps": 2,
    "stop_profit_open_hc_pct": -0.10954880602040623,
    "dynamic_hc_stop_profit_thres": 5.253629635323262,
    "last_close_price_hc_pct": 0.008998512959221997,
    "last_day_sell_thres": 0.5017282534977611,
    "last_day_sell_huiche": 0.018607818637864402,
    "fd_mount": 83505810,
    "fd_vol_pct": 0.7198670178794304,
    "fd_ju_ticks": 1,
    "max_zb_times": 7,
    "stagnation_kline_ticks": 43,
    "decline_kline_ticks": 30,
    "yang_yin_threshold": 0.011378432472765225,
    "stagnation_n": 16,
    "stagnation_volume_ratio_threshold": 47.200184719384296,
    "stagnation_ratio_threshold": 255,
    "decline_volume_ratio_threshold": 61.48670871887574,
    "max_rebounds": 13,
    "decline_ratio_threshold": 1291,
    "flxd_ticks": 236,
    "flzz_ticks": 742,
    "use_simiple_kline_strategy_flxd": false,
    "use_simiple_kline_strategy_flzz": true,
    "flzz_use_smooth_price": true,
    "flzz_zf_thresh": 0.03748572605579589,
    "kline_sell_flxd_zy": true,
    "kline_sell_flxd_zs": true,
    "kline_sell_flzz_zs": true,
    "kline_sell_flzz_zy": true,
    "last_open_price_hc_pct": -0.030832948624738895,
    "open_price_max_hc": -0.0011110960686061958,
    "loss_per_step_tick_gap": 24,
    "loss_cold_start_steps": 4,
    "loss_max_abserve_tick_steps": 181,
    "loss_max_abserce_avg_price_down_steps": 3,
    "loss_dynamic_hc_stop_profit_thres": 5.221075707322791,
    "loss_last_close_price_hc_pct": 0.008412106327538468,
    "loss_last_open_price_hc_pct": -0.030520075120197748,
    "loss_open_price_max_hc": -0.02250110739430567,
    "loss_down_open_sell_wait_time": false,
    "down_open_sell_wait_time": false,
    "day_zy_line": 0.00037176974118504486,
    "day_zs_line": -0.14183057269317245,
    "sell_afternoon": true,
    "sell_half_afternoon": true,
    "sell_max_days": 1,
    "stop_profit_pct": 0.0,
    "static_hc_stop_profit_pct": 1.0,
    "loss_static_hc_stop_profit_pct": 1.0
  },
  "timestamp": "2025-09-06T05:59:34.391898",
  "individual": [
    1.4202784734098466,
    6.459343400312127,
    394.2791117865709,
    2.3324743691138896,
    -0.10954880602040623,
    5.253629635323262,
    0.008998512959221997,
    0.5017282534977611,
    0.018607818637864402,
    83505810.2815134,
    0.7198670178794304,
    1.4082030130929188,
    6.811793759629936,
    42.67648968053415,
    29.938041876668102,
    0.011378432472765225,
    16.336187277473627,
    47.200184719384296,
    254.6796678176807,
    61.48670871887574,
    13.096337694923399,
    1290.9952918862887,
    236.20350923204884,
    742.2260301751817,
    0,
    1,
    1,
    0.03748572605579589,
    1,
    1,
    1,
    1,
    -0.030832948624738895,
    -0.0011110960686061958,
    24.00939815717409,
    4.16137879903538,
    180.85121724736496,
    2.6354004394006947,
    5.221075707322791,
    0.008412106327538468,
    -0.030520075120197748,
    -0.02250110739430567,
    0,
    0,
    0.00037176974118504486,
    -0.14183057269317245,
    1,
    1,
    1.0246828018476222
  ],
  "max_drawdown_threshold": 0.25,
  "strategy_name": "\u63a5\u529b\u5012\u63a5\u529b4"
}