{
  "generation": 10,
  "fitness": 3.000537125167693,
  "total_return": 13.707135000000005,
  "max_drawdown": 0.2672194919482676,
  "sharpe_ratio": 3.643650612687938,
  "params": {
    "per_step_tick_gap": 2,
    "cold_start_steps": 37,
    "max_abserve_tick_steps": 182,
    "max_abserce_avg_price_down_steps": 5,
    "stop_profit_open_hc_pct": -0.11439134307748597,
    "dynamic_hc_stop_profit_thres": 4.373900836578075,
    "last_close_price_hc_pct": 0.009797508251345633,
    "last_day_sell_thres": 0.45934181956355363,
    "last_day_sell_huiche": 0.0033483613653134,
    "fd_mount": 62316981,
    "fd_vol_pct": 0.7475761186909113,
    "fd_ju_ticks": 1,
    "max_zb_times": 14,
    "stagnation_kline_ticks": 19,
    "decline_kline_ticks": 30,
    "yang_yin_threshold": 0.002063456815575978,
    "stagnation_n": 29,
    "stagnation_volume_ratio_threshold": 36.112476531740306,
    "stagnation_ratio_threshold": 505,
    "decline_volume_ratio_threshold": 100.0,
    "max_rebounds": 15,
    "decline_ratio_threshold": 987,
    "flxd_ticks": 500,
    "flzz_ticks": 242,
    "use_simiple_kline_strategy_flxd": false,
    "use_simiple_kline_strategy_flzz": true,
    "flzz_use_smooth_price": true,
    "flzz_zf_thresh": 0.03325791427388183,
    "kline_sell_flxd_zy": true,
    "kline_sell_flxd_zs": false,
    "kline_sell_flzz_zs": true,
    "kline_sell_flzz_zy": true,
    "last_open_price_hc_pct": -0.02125378861588036,
    "open_price_max_hc": -0.038618828672013925,
    "loss_per_step_tick_gap": 17,
    "loss_cold_start_steps": 6,
    "loss_max_abserve_tick_steps": 306,
    "loss_max_abserce_avg_price_down_steps": 6,
    "loss_dynamic_hc_stop_profit_thres": 5.399038828966939,
    "loss_last_close_price_hc_pct": -0.0413128892147552,
    "loss_last_open_price_hc_pct": -0.008809244896263693,
    "loss_open_price_max_hc": -0.0006241650225800952,
    "loss_down_open_sell_wait_time": false,
    "down_open_sell_wait_time": true,
    "day_zy_line": 0.003974540533229922,
    "day_zs_line": -0.1438472753337333,
    "sell_afternoon": true,
    "sell_half_afternoon": false,
    "sell_max_days": 1,
    "stop_profit_pct": 0.0,
    "static_hc_stop_profit_pct": 1.0,
    "loss_static_hc_stop_profit_pct": 1.0
  },
  "timestamp": "2025-09-06T05:50:09.478718",
  "individual": [
    2.0017122158925593,
    36.72080762782166,
    181.8186968039488,
    4.937672917658609,
    -0.11439134307748597,
    4.373900836578075,
    0.009797508251345633,
    0.45934181956355363,
    0.0033483613653134,
    62316981.40183702,
    0.7475761186909113,
    1.2696026966231981,
    14.04542092010247,
    18.738089119481124,
    30.067336682301352,
    0.002063456815575978,
    29.123414741591223,
    36.112476531740306,
    505.2315261446585,
    100.0,
    15.0,
    987.2046197762145,
    500.0,
    242.4520715805428,
    0,
    1,
    1,
    0.03325791427388183,
    1,
    0,
    1,
    1,
    -0.02125378861588036,
    -0.038618828672013925,
    17.232668437950224,
    5.680963318645861,
    306.17037605607635,
    6.433403298380437,
    5.399038828966939,
    -0.0413128892147552,
    -0.008809244896263693,
    -0.0006241650225800952,
    0,
    1,
    0.003974540533229922,
    -0.1438472753337333,
    1,
    0,
    1.0
  ],
  "max_drawdown_threshold": 0.25,
  "strategy_name": "\u63a5\u529b\u5012\u63a5\u529b4"
}