{
  "generation": 10,
  "fitness": 2.042354935370593,
  "total_return": 114.348535,
  "max_drawdown": 0.39332554177836254,
  "sharpe_ratio": 5.085314455384929,
  "params": {
    "per_step_tick_gap": 3,
    "cold_start_steps": 0,
    "max_abserve_tick_steps": 336,
    "max_abserce_avg_price_down_steps": 15,
    "stop_profit_open_hc_pct": -0.1470149849752016,
    "dynamic_hc_stop_profit_thres": 1.56944677324051,
    "last_close_price_hc_pct": -0.0066709725237535785,
    "last_day_sell_thres": 0.19567582345192386,
    "last_day_sell_huiche": 0.00927265669666052,
    "fd_mount": 33387970,
    "fd_vol_pct": 0.34144839278758377,
    "fd_ju_ticks": 37,
    "max_zb_times": 1,
    "stagnation_kline_ticks": 47,
    "decline_kline_ticks": 8,
    "yang_yin_threshold": 0.016700555321384623,
    "stagnation_n": 16,
    "stagnation_volume_ratio_threshold": 17.7524924309924,
    "stagnation_ratio_threshold": 561,
    "decline_volume_ratio_threshold": 23.160128261674018,
    "max_rebounds": 7,
    "decline_ratio_threshold": 787,
    "flxd_ticks": 446,
    "flzz_ticks": 1598,
    "use_simiple_kline_strategy_flxd": true,
    "use_simiple_kline_strategy_flzz": false,
    "flzz_use_smooth_price": false,
    "flzz_zf_thresh": 0.05278566542726257,
    "kline_sell_flxd_zy": false,
    "kline_sell_flxd_zs": true,
    "kline_sell_flzz_zs": true,
    "kline_sell_flzz_zy": true,
    "last_open_price_hc_pct": 0.0057345770739700395,
    "open_price_max_hc": -0.014219529906867546,
    "loss_per_step_tick_gap": 1,
    "loss_cold_start_steps": 2,
    "loss_max_abserve_tick_steps": 398,
    "loss_max_abserce_avg_price_down_steps": 13,
    "loss_dynamic_hc_stop_profit_thres": 1.5942727377935404,
    "loss_last_close_price_hc_pct": 0.009342227452454426,
    "loss_last_open_price_hc_pct": -0.04079868484447499,
    "loss_open_price_max_hc": -0.03984217064975738,
    "loss_down_open_sell_wait_time": false,
    "down_open_sell_wait_time": false,
    "day_zy_line": 0.0,
    "day_zs_line": -0.14723068333737727,
    "sell_afternoon": true,
    "sell_half_afternoon": false,
    "sell_max_days": 2,
    "stop_profit_pct": 0.0,
    "static_hc_stop_profit_pct": 1.0,
    "loss_static_hc_stop_profit_pct": 1.0
  },
  "timestamp": "2025-09-07T03:37:11.578235",
  "individual": [
    3.0725601508370888,
    0.0,
    335.81686449916174,
    15.0,
    -0.1470149849752016,
    1.56944677324051,
    -0.0066709725237535785,
    0.19567582345192386,
    0.00927265669666052,
    33387969.640997976,
    0.34144839278758377,
    37.23032742765143,
    1.0,
    46.78512158697984,
    8.376612847281937,
    0.016700555321384623,
    15.631595177314342,
    17.7524924309924,
    560.5600924788401,
    23.160128261674018,
    7.020165232541148,
    787.1046457045751,
    445.50891322434467,
    1598.4284889407008,
    1,
    0,
    0,
    0.05278566542726257,
    0,
    1,
    1,
    1,
    0.0057345770739700395,
    -0.014219529906867546,
    1.0,
    2.2537248799807426,
    397.5908270824825,
    13.439796789857697,
    1.5942727377935404,
    0.009342227452454426,
    -0.04079868484447499,
    -0.03984217064975738,
    0,
    0,
    0.0,
    -0.14723068333737727,
    1,
    0,
    2.055996215050055
  ],
  "max_drawdown_threshold": 0.15,
  "strategy_name": "\u5012\u63a5\u529b5"
}