{
  "generation": 40,
  "fitness": 2.613570597207323,
  "total_return": 181.72653,
  "max_drawdown": 0.37927531511039203,
  "sharpe_ratio": 5.333183011589774,
  "params": {
    "per_step_tick_gap": 2,
    "cold_start_steps": 5,
    "max_abserve_tick_steps": 378,
    "max_abserce_avg_price_down_steps": 15,
    "stop_profit_open_hc_pct": -0.13318203305009546,
    "dynamic_hc_stop_profit_thres": 1.9114123066151707,
    "last_close_price_hc_pct": -0.008625981318251506,
    "last_day_sell_thres": 0.11847319815270306,
    "last_day_sell_huiche": 0.008312540592359224,
    "fd_mount": 113264206,
    "fd_vol_pct": 1.447313272168456e-06,
    "fd_ju_ticks": 28,
    "max_zb_times": 26,
    "stagnation_kline_ticks": 30,
    "decline_kline_ticks": 21,
    "yang_yin_threshold": 0.027123609028089662,
    "stagnation_n": 2,
    "stagnation_volume_ratio_threshold": 59.6707607254565,
    "stagnation_ratio_threshold": 994,
    "decline_volume_ratio_threshold": 23.405695251394164,
    "max_rebounds": 12,
    "decline_ratio_threshold": 655,
    "flxd_ticks": 404,
    "flzz_ticks": 1813,
    "use_simiple_kline_strategy_flxd": false,
    "use_simiple_kline_strategy_flzz": false,
    "flzz_use_smooth_price": false,
    "flzz_zf_thresh": -0.06483718012845724,
    "kline_sell_flxd_zy": false,
    "kline_sell_flxd_zs": false,
    "kline_sell_flzz_zs": true,
    "kline_sell_flzz_zy": false,
    "last_open_price_hc_pct": 0.00862848113720625,
    "open_price_max_hc": -0.007160896272401152,
    "loss_per_step_tick_gap": 1,
    "loss_cold_start_steps": 27,
    "loss_max_abserve_tick_steps": 378,
    "loss_max_abserce_avg_price_down_steps": 3,
    "loss_dynamic_hc_stop_profit_thres": 3.966365440467907,
    "loss_last_close_price_hc_pct": -0.01918678870743025,
    "loss_last_open_price_hc_pct": -0.04255919022253796,
    "loss_open_price_max_hc": -0.013665899954452443,
    "loss_down_open_sell_wait_time": true,
    "down_open_sell_wait_time": false,
    "day_zy_line": 0.002957389174608137,
    "day_zs_line": -0.13184559783443084,
    "sell_afternoon": true,
    "sell_half_afternoon": false,
    "sell_max_days": 2,
    "stop_profit_pct": 0.0,
    "static_hc_stop_profit_pct": 1.0,
    "loss_static_hc_stop_profit_pct": 1.0
  },
  "timestamp": "2025-09-07T03:47:33.124493",
  "individual": [
    1.5803710686541286,
    4.9009592305817495,
    377.6343640032795,
    14.674449752379552,
    -0.13318203305009546,
    1.9114123066151707,
    -0.008625981318251506,
    0.11847319815270306,
    0.008312540592359224,
    113264205.58017164,
    1.447313272168456e-06,
    28.437389975375957,
    26.030723692010664,
    29.77825566947529,
    21.016591211123234,
    0.027123609028089662,
    2.1282520151732065,
    59.6707607254565,
    994.0719763464809,
    23.405695251394164,
    11.88104835630085,
    655.1789109513418,
    403.99746342731305,
    1813.407829143242,
    0,
    0,
    0,
    -0.06483718012845724,
    0,
    0,
    1,
    0,
    0.00862848113720625,
    -0.007160896272401152,
    1.0,
    26.65022564883713,
    378.0043944886193,
    2.6729791729670818,
    3.966365440467907,
    -0.01918678870743025,
    -0.04255919022253796,
    -0.013665899954452443,
    1,
    0,
    0.002957389174608137,
    -0.13184559783443084,
    1,
    0,
    2.15206611506917
  ],
  "max_drawdown_threshold": 0.15,
  "strategy_name": "\u5012\u63a5\u529b5"
}