{
  "generation": 10,
  "fitness": 3.574259639237944,
  "total_return": 31.959780000000013,
  "max_drawdown": 0.2292100383839697,
  "sharpe_ratio": 6.448033550688014,
  "params": {
    "per_step_tick_gap": 14,
    "cold_start_steps": 11,
    "max_abserve_tick_steps": 364,
    "max_abserce_avg_price_down_steps": 1,
    "stop_profit_open_hc_pct": -0.06374244936290775,
    "dynamic_hc_stop_profit_thres": 4.1609609198741335,
    "last_close_price_hc_pct": 0.008351528708447497,
    "last_day_sell_thres": 0.8754067574114808,
    "last_day_sell_huiche": 0.02,
    "fd_mount": 91033529,
    "fd_vol_pct": 0.501060769247106,
    "fd_ju_ticks": 23,
    "max_zb_times": 27,
    "stagnation_kline_ticks": 50,
    "decline_kline_ticks": 43,
    "yang_yin_threshold": 0.0021514486233193027,
    "stagnation_n": 19,
    "stagnation_volume_ratio_threshold": 48.69164437600171,
    "stagnation_ratio_threshold": 990,
    "decline_volume_ratio_threshold": 21.169385602831003,
    "max_rebounds": 3,
    "decline_ratio_threshold": 1144,
    "flxd_ticks": 217,
    "flzz_ticks": 1849,
    "use_simiple_kline_strategy_flxd": true,
    "use_simiple_kline_strategy_flzz": true,
    "flzz_use_smooth_price": false,
    "flzz_zf_thresh": -0.062236925851582456,
    "kline_sell_flxd_zy": true,
    "kline_sell_flxd_zs": false,
    "kline_sell_flzz_zs": true,
    "kline_sell_flzz_zy": false,
    "last_open_price_hc_pct": -0.04116483179190315,
    "open_price_max_hc": -0.06485681623779199,
    "loss_per_step_tick_gap": 17,
    "loss_cold_start_steps": 0,
    "loss_max_abserve_tick_steps": 337,
    "loss_max_abserce_avg_price_down_steps": 1,
    "loss_dynamic_hc_stop_profit_thres": 4.2033940001651935,
    "loss_last_close_price_hc_pct": -0.021562097491206085,
    "loss_last_open_price_hc_pct": -0.057346859251749385,
    "loss_open_price_max_hc": -0.05999675036148821,
    "loss_down_open_sell_wait_time": false,
    "down_open_sell_wait_time": true,
    "day_zy_line": 0.03117926480268541,
    "day_zs_line": -0.04916641702251283,
    "sell_afternoon": true,
    "sell_half_afternoon": false,
    "sell_max_days": 3,
    "stop_profit_pct": 0.0,
    "static_hc_stop_profit_pct": 1.0,
    "loss_static_hc_stop_profit_pct": 1.0
  },
  "timestamp": "2025-09-06T12:27:22.610776",
  "individual": [
    13.785468948067985,
    10.96606115740454,
    363.7819380753908,
    1.0,
    -0.06374244936290775,
    4.1609609198741335,
    0.008351528708447497,
    0.8754067574114808,
    0.02,
    91033529.42663589,
    0.501060769247106,
    22.878274822806233,
    27.090010491619147,
    50.0,
    43.11943560573251,
    0.0021514486233193027,
    18.858608734524484,
    48.69164437600171,
    990.3124297744398,
    21.169385602831003,
    2.7680065977412975,
    1143.6230306288812,
    216.54604117437628,
    1849.0769941255412,
    1,
    1,
    0,
    -0.062236925851582456,
    1,
    0,
    1,
    0,
    -0.04116483179190315,
    -0.06485681623779199,
    17.033509514538807,
    0.49386314972752565,
    337.2159669965934,
    1.0,
    4.2033940001651935,
    -0.021562097491206085,
    -0.057346859251749385,
    -0.05999675036148821,
    0,
    1,
    0.03117926480268541,
    -0.04916641702251283,
    1,
    0,
    2.6805272427464577
  ],
  "max_drawdown_threshold": 0.15,
  "strategy_name": "\u9ad8\u5f3a\u4e2d\u4f4e\u5f00\u4f4e\u54382"
}