{
  "generation": 20,
  "fitness": 4.982443515902677,
  "total_return": 41.90895750000002,
  "max_drawdown": 0.18650458535041184,
  "sharpe_ratio": 6.663839000588458,
  "params": {
    "per_step_tick_gap": 17,
    "cold_start_steps": 50,
    "max_abserve_tick_steps": 708,
    "max_abserce_avg_price_down_steps": 5,
    "stop_profit_open_hc_pct": -0.13920475382773895,
    "dynamic_hc_stop_profit_thres": 4.362485663738303,
    "last_close_price_hc_pct": -0.04,
    "last_day_sell_thres": 0.5659330330686282,
    "last_day_sell_huiche": 0.007726829927488127,
    "fd_mount": 120686312,
    "fd_vol_pct": 0.44952803139471276,
    "fd_ju_ticks": 34,
    "max_zb_times": 1,
    "stagnation_kline_ticks": 18,
    "decline_kline_ticks": 34,
    "yang_yin_threshold": 0.010489290067094084,
    "stagnation_n": 30,
    "stagnation_volume_ratio_threshold": 18.869690258610238,
    "stagnation_ratio_threshold": 554,
    "decline_volume_ratio_threshold": 23.444937270123408,
    "max_rebounds": 4,
    "decline_ratio_threshold": 1092,
    "flxd_ticks": 377,
    "flzz_ticks": 1231,
    "use_simiple_kline_strategy_flxd": false,
    "use_simiple_kline_strategy_flzz": false,
    "flzz_use_smooth_price": false,
    "flzz_zf_thresh": 0.1,
    "kline_sell_flxd_zy": true,
    "kline_sell_flxd_zs": false,
    "kline_sell_flzz_zs": true,
    "kline_sell_flzz_zy": false,
    "last_open_price_hc_pct": -0.016147583840970686,
    "open_price_max_hc": -0.0014138403139082425,
    "loss_per_step_tick_gap": 1,
    "loss_cold_start_steps": 0,
    "loss_max_abserve_tick_steps": 5,
    "loss_max_abserce_avg_price_down_steps": 11,
    "loss_dynamic_hc_stop_profit_thres": 0.01,
    "loss_last_close_price_hc_pct": -0.05304143784909224,
    "loss_last_open_price_hc_pct": -0.023863481223233667,
    "loss_open_price_max_hc": -0.03227824691693146,
    "loss_down_open_sell_wait_time": true,
    "down_open_sell_wait_time": true,
    "day_zy_line": 0.03241209719095115,
    "day_zs_line": -0.0383647368499958,
    "sell_afternoon": true,
    "sell_half_afternoon": true,
    "sell_max_days": 3,
    "stop_profit_pct": 0.0,
    "static_hc_stop_profit_pct": 1.0,
    "loss_static_hc_stop_profit_pct": 1.0
  },
  "timestamp": "2025-09-06T12:30:08.407811",
  "individual": [
    17.201660099325537,
    50.0,
    708.2654384012185,
    5.06497764169061,
    -0.13920475382773895,
    4.362485663738303,
    -0.04,
    0.5659330330686282,
    0.007726829927488127,
    120686311.83333108,
    0.44952803139471276,
    33.690430811343866,
    1.0,
    17.784301975057982,
    34.294440487565836,
    0.010489290067094084,
    29.70493320519003,
    18.869690258610238,
    553.9790646492352,
    23.444937270123408,
    4.3466528482587945,
    1091.8510948272128,
    376.53312333797305,
    1230.8636683822717,
    0,
    0,
    0,
    0.1,
    1,
    0,
    1,
    0,
    -0.016147583840970686,
    -0.0014138403139082425,
    1.0,
    0.0,
    5.0,
    10.942129143843724,
    0.01,
    -0.05304143784909224,
    -0.023863481223233667,
    -0.03227824691693146,
    1,
    1,
    0.03241209719095115,
    -0.0383647368499958,
    1,
    1,
    2.756963404677088
  ],
  "max_drawdown_threshold": 0.15,
  "strategy_name": "\u9ad8\u5f3a\u4e2d\u4f4e\u5f00\u4f4e\u54382"
}