{
  "generation": 40,
  "fitness": 5.891611628076411,
  "total_return": 57.74200000000001,
  "max_drawdown": 0.1792982627922526,
  "sharpe_ratio": 7.140934115985113,
  "params": {
    "per_step_tick_gap": 14,
    "cold_start_steps": 20,
    "max_abserve_tick_steps": 695,
    "max_abserce_avg_price_down_steps": 5,
    "stop_profit_open_hc_pct": -0.14601575011945755,
    "dynamic_hc_stop_profit_thres": 0.3843073694852094,
    "last_close_price_hc_pct": 0.009929237189602117,
    "last_day_sell_thres": 0.8583280880738797,
    "last_day_sell_huiche": 0.009135046936385456,
    "fd_mount": 103727743,
    "fd_vol_pct": 0.4630560388166427,
    "fd_ju_ticks": 1,
    "max_zb_times": 1,
    "stagnation_kline_ticks": 33,
    "decline_kline_ticks": 38,
    "yang_yin_threshold": 0.005214144158672965,
    "stagnation_n": 30,
    "stagnation_volume_ratio_threshold": 53.96488507343913,
    "stagnation_ratio_threshold": 586,
    "decline_volume_ratio_threshold": 16.903034841864038,
    "max_rebounds": 0,
    "decline_ratio_threshold": 899,
    "flxd_ticks": 356,
    "flzz_ticks": 833,
    "use_simiple_kline_strategy_flxd": true,
    "use_simiple_kline_strategy_flzz": false,
    "flzz_use_smooth_price": true,
    "flzz_zf_thresh": 0.09857780331877701,
    "kline_sell_flxd_zy": false,
    "kline_sell_flxd_zs": true,
    "kline_sell_flzz_zs": true,
    "kline_sell_flzz_zy": true,
    "last_open_price_hc_pct": -0.017902258353259877,
    "open_price_max_hc": -0.00016116779499430767,
    "loss_per_step_tick_gap": 1,
    "loss_cold_start_steps": 1,
    "loss_max_abserve_tick_steps": 5,
    "loss_max_abserce_avg_price_down_steps": 12,
    "loss_dynamic_hc_stop_profit_thres": 0.010000000000000002,
    "loss_last_close_price_hc_pct": -0.04358743627590444,
    "loss_last_open_price_hc_pct": 0.009271270389956591,
    "loss_open_price_max_hc": -0.007716406590512066,
    "loss_down_open_sell_wait_time": false,
    "down_open_sell_wait_time": false,
    "day_zy_line": 0.033245926797055445,
    "day_zs_line": -0.03658066283373485,
    "sell_afternoon": true,
    "sell_half_afternoon": true,
    "sell_max_days": 3,
    "stop_profit_pct": 0.0,
    "static_hc_stop_profit_pct": 1.0,
    "loss_static_hc_stop_profit_pct": 1.0
  },
  "timestamp": "2025-09-06T12:34:30.845966",
  "individual": [
    14.040555785004969,
    19.727440748097713,
    694.8897643588649,
    5.242366887088864,
    -0.14601575011945755,
    0.3843073694852094,
    0.009929237189602117,
    0.8583280880738797,
    0.009135046936385456,
    103727742.90485589,
    0.4630560388166427,
    1.0521101028274735,
    1.018351001459477,
    33.13917970542433,
    37.51938279576335,
    0.005214144158672965,
    29.651862644269656,
    53.96488507343913,
    586.3449043934262,
    16.903034841864038,
    0.11107038977075295,
    899.398022848527,
    355.73145768313316,
    833.2958170653606,
    1,
    0,
    1,
    0.09857780331877701,
    0,
    1,
    1,
    1,
    -0.017902258353259877,
    -0.00016116779499430767,
    1.000692838602192,
    1.192924070582396,
    5.0,
    11.570200446663957,
    0.010000000000000002,
    -0.04358743627590444,
    0.009271270389956591,
    -0.007716406590512066,
    0,
    0,
    0.033245926797055445,
    -0.03658066283373485,
    1,
    1,
    2.6886920727784025
  ],
  "max_drawdown_threshold": 0.15,
  "strategy_name": "\u9ad8\u5f3a\u4e2d\u4f4e\u5f00\u4f4e\u54382"
}