{
  "generation": 20,
  "fitness": 2.688030451228947,
  "total_return": 21.55868,
  "max_drawdown": 0.3200843322429554,
  "sharpe_ratio": 3.9947159047183898,
  "params": {
    "per_step_tick_gap": 8,
    "cold_start_steps": 49,
    "max_abserve_tick_steps": 380,
    "max_abserce_avg_price_down_steps": 13,
    "stop_profit_open_hc_pct": 0.0,
    "dynamic_hc_stop_profit_thres": 1.5516602634785133,
    "last_close_price_hc_pct": 0.01,
    "last_day_sell_thres": 0.6261636665057791,
    "last_day_sell_huiche": 0.001,
    "fd_mount": 142455477,
    "fd_vol_pct": 0.75,
    "fd_ju_ticks": 1,
    "max_zb_times": 30,
    "stagnation_kline_ticks": 26,
    "decline_kline_ticks": 37,
    "yang_yin_threshold": 0.005546405817117801,
    "stagnation_n": 11,
    "stagnation_volume_ratio_threshold": 58.89124584761477,
    "stagnation_ratio_threshold": 418,
    "decline_volume_ratio_threshold": 27.778650044395558,
    "max_rebounds": 6,
    "decline_ratio_threshold": 1368,
    "flxd_ticks": 380,
    "flzz_ticks": 725,
    "use_simiple_kline_strategy_flxd": false,
    "use_simiple_kline_strategy_flzz": true,
    "flzz_use_smooth_price": true,
    "flzz_zf_thresh": 0.07941568814336591,
    "kline_sell_flxd_zy": true,
    "kline_sell_flxd_zs": false,
    "kline_sell_flzz_zs": true,
    "kline_sell_flzz_zy": true,
    "last_open_price_hc_pct": -0.00301823683046453,
    "open_price_max_hc": -0.006959804331157145,
    "loss_per_step_tick_gap": 24,
    "loss_cold_start_steps": 17,
    "loss_max_abserve_tick_steps": 209,
    "loss_max_abserce_avg_price_down_steps": 8,
    "loss_dynamic_hc_stop_profit_thres": 5.593830559797656,
    "loss_last_close_price_hc_pct": -0.06829042749604937,
    "loss_last_open_price_hc_pct": -0.08,
    "loss_open_price_max_hc": -0.1,
    "loss_down_open_sell_wait_time": true,
    "down_open_sell_wait_time": true,
    "day_zy_line": 0.0019155390487896541,
    "day_zs_line": -0.121653256748505,
    "sell_afternoon": true,
    "sell_half_afternoon": false,
    "sell_max_days": 1,
    "stop_profit_pct": 0.0,
    "static_hc_stop_profit_pct": 1.0,
    "loss_static_hc_stop_profit_pct": 1.0
  },
  "timestamp": "2025-09-06T07:53:32.798010",
  "individual": [
    7.889139342548273,
    48.79058733943276,
    380.22086462246097,
    13.001917785386038,
    0.0,
    1.5516602634785133,
    0.01,
    0.6261636665057791,
    0.001,
    142455476.56169286,
    0.75,
    1.1391488442798674,
    30.0,
    26.09851951117989,
    36.56764778235073,
    0.005546405817117801,
    11.421978052676383,
    58.89124584761477,
    417.9600787958099,
    27.778650044395558,
    6.068701645397871,
    1368.037193075898,
    379.5717147271159,
    724.933247720543,
    0,
    1,
    1,
    0.07941568814336591,
    1,
    0,
    1,
    1,
    -0.00301823683046453,
    -0.006959804331157145,
    24.234386863639767,
    17.05169513139373,
    209.32217918830298,
    7.796914168664566,
    5.593830559797656,
    -0.06829042749604937,
    -0.08,
    -0.1,
    1,
    1,
    0.0019155390487896541,
    -0.121653256748505,
    1,
    0,
    1.015719996183426
  ],
  "max_drawdown_threshold": 0.25,
  "strategy_name": "\u63a5\u529b\u5012\u63a5\u529b5"
}