{
  "generation": 30,
  "fitness": 2.808328767219133,
  "total_return": 24.130025000000003,
  "max_drawdown": 0.32051601710558586,
  "sharpe_ratio": 4.10480495266702,
  "params": {
    "per_step_tick_gap": 8,
    "cold_start_steps": 49,
    "max_abserve_tick_steps": 378,
    "max_abserce_avg_price_down_steps": 9,
    "stop_profit_open_hc_pct": -0.00803341055356472,
    "dynamic_hc_stop_profit_thres": 1.8820123155485968,
    "last_close_price_hc_pct": 0.00996256749641656,
    "last_day_sell_thres": 0.5271945074300016,
    "last_day_sell_huiche": 0.002686569082154773,
    "fd_mount": 144794000,
    "fd_vol_pct": 0.39989678346272406,
    "fd_ju_ticks": 1,
    "max_zb_times": 5,
    "stagnation_kline_ticks": 21,
    "decline_kline_ticks": 38,
    "yang_yin_threshold": 0.021724605793790163,
    "stagnation_n": 11,
    "stagnation_volume_ratio_threshold": 39.72263608357397,
    "stagnation_ratio_threshold": 509,
    "decline_volume_ratio_threshold": 38.699053677062246,
    "max_rebounds": 4,
    "decline_ratio_threshold": 1228,
    "flxd_ticks": 45,
    "flzz_ticks": 1192,
    "use_simiple_kline_strategy_flxd": false,
    "use_simiple_kline_strategy_flzz": true,
    "flzz_use_smooth_price": true,
    "flzz_zf_thresh": 0.06674564852755437,
    "kline_sell_flxd_zy": true,
    "kline_sell_flxd_zs": false,
    "kline_sell_flzz_zs": true,
    "kline_sell_flzz_zy": true,
    "last_open_price_hc_pct": -0.02081597731558651,
    "open_price_max_hc": -0.009419473522391057,
    "loss_per_step_tick_gap": 21,
    "loss_cold_start_steps": 13,
    "loss_max_abserve_tick_steps": 219,
    "loss_max_abserce_avg_price_down_steps": 9,
    "loss_dynamic_hc_stop_profit_thres": 4.946561857370883,
    "loss_last_close_price_hc_pct": -0.07723961505886329,
    "loss_last_open_price_hc_pct": -0.08,
    "loss_open_price_max_hc": -0.09510355897799418,
    "loss_down_open_sell_wait_time": false,
    "down_open_sell_wait_time": true,
    "day_zy_line": 0.004263337227364308,
    "day_zs_line": -0.14586456196222058,
    "sell_afternoon": true,
    "sell_half_afternoon": true,
    "sell_max_days": 1,
    "stop_profit_pct": 0.0,
    "static_hc_stop_profit_pct": 1.0,
    "loss_static_hc_stop_profit_pct": 1.0
  },
  "timestamp": "2025-09-06T07:56:18.240233",
  "individual": [
    8.156533240753989,
    48.88385381488088,
    377.813877599297,
    8.627744505326913,
    -0.00803341055356472,
    1.8820123155485968,
    0.00996256749641656,
    0.5271945074300016,
    0.002686569082154773,
    144794000.13870952,
    0.39989678346272406,
    1.002896187614942,
    5.096243495804044,
    20.639223455753445,
    38.093253922988254,
    0.021724605793790163,
    10.747505190948862,
    39.72263608357397,
    509.2698268652542,
    38.699053677062246,
    3.6716745382550684,
    1228.4815721346629,
    44.81931920492035,
    1192.1117318219697,
    0,
    1,
    1,
    0.06674564852755437,
    1,
    0,
    1,
    1,
    -0.02081597731558651,
    -0.009419473522391057,
    21.103039369131032,
    13.103450542987538,
    219.0386966719597,
    9.366672164838505,
    4.946561857370883,
    -0.07723961505886329,
    -0.08,
    -0.09510355897799418,
    0,
    1,
    0.004263337227364308,
    -0.14586456196222058,
    1,
    1,
    1.0
  ],
  "max_drawdown_threshold": 0.25,
  "strategy_name": "\u63a5\u529b\u5012\u63a5\u529b5"
}