{
  "generation": 10,
  "fitness": 2.4196196789051645,
  "total_return": 17.11658500000001,
  "max_drawdown": 0.32266489696751594,
  "sharpe_ratio": 3.8188047142843726,
  "params": {
    "per_step_tick_gap": 5,
    "cold_start_steps": 47,
    "max_abserve_tick_steps": 374,
    "max_abserce_avg_price_down_steps": 10,
    "stop_profit_open_hc_pct": -0.07049550616110803,
    "dynamic_hc_stop_profit_thres": 0.8317337475680351,
    "last_close_price_hc_pct": -0.019781653133575192,
    "last_day_sell_thres": 0.4966962971259695,
    "last_day_sell_huiche": 0.0032208660621338044,
    "fd_mount": 53655792,
    "fd_vol_pct": 0.11639897320497117,
    "fd_ju_ticks": 1,
    "max_zb_times": 1,
    "stagnation_kline_ticks": 5,
    "decline_kline_ticks": 28,
    "yang_yin_threshold": 0.005974838643188891,
    "stagnation_n": 15,
    "stagnation_volume_ratio_threshold": 59.44067550430271,
    "stagnation_ratio_threshold": 890,
    "decline_volume_ratio_threshold": 78.01057516365569,
    "max_rebounds": 14,
    "decline_ratio_threshold": 1107,
    "flxd_ticks": 210,
    "flzz_ticks": 340,
    "use_simiple_kline_strategy_flxd": true,
    "use_simiple_kline_strategy_flzz": true,
    "flzz_use_smooth_price": false,
    "flzz_zf_thresh": 0.059704628065928245,
    "kline_sell_flxd_zy": true,
    "kline_sell_flxd_zs": false,
    "kline_sell_flzz_zs": false,
    "kline_sell_flzz_zy": true,
    "last_open_price_hc_pct": -0.006026206204708534,
    "open_price_max_hc": -0.013149447441536819,
    "loss_per_step_tick_gap": 21,
    "loss_cold_start_steps": 15,
    "loss_max_abserve_tick_steps": 245,
    "loss_max_abserce_avg_price_down_steps": 12,
    "loss_dynamic_hc_stop_profit_thres": 7.21669730342495,
    "loss_last_close_price_hc_pct": -0.06334782762267054,
    "loss_last_open_price_hc_pct": -0.08,
    "loss_open_price_max_hc": -0.07059307241709062,
    "loss_down_open_sell_wait_time": false,
    "down_open_sell_wait_time": true,
    "day_zy_line": 0.0,
    "day_zs_line": -0.13497571640337352,
    "sell_afternoon": true,
    "sell_half_afternoon": false,
    "sell_max_days": 1,
    "stop_profit_pct": 0.0,
    "static_hc_stop_profit_pct": 1.0,
    "loss_static_hc_stop_profit_pct": 1.0
  },
  "timestamp": "2025-09-06T07:50:23.265213",
  "individual": [
    5.419749026639901,
    47.403546104925056,
    373.69408432782916,
    10.371002211072597,
    -0.07049550616110803,
    0.8317337475680351,
    -0.019781653133575192,
    0.4966962971259695,
    0.0032208660621338044,
    53655792.196163036,
    0.11639897320497117,
    1.0,
    1.1362856356103617,
    5.085966117121483,
    27.57837955721801,
    0.005974838643188891,
    14.66040518704952,
    59.44067550430271,
    890.4426253141912,
    78.01057516365569,
    13.775633659422098,
    1107.2152117639275,
    210.20960331226135,
    339.5258510314117,
    1,
    1,
    0,
    0.059704628065928245,
    1,
    0,
    0,
    1,
    -0.006026206204708534,
    -0.013149447441536819,
    21.347232315818893,
    15.104627003393446,
    245.31659041147452,
    11.833471139168658,
    7.21669730342495,
    -0.06334782762267054,
    -0.08,
    -0.07059307241709062,
    0,
    1,
    0.0,
    -0.13497571640337352,
    1,
    0,
    1.1346712725678691
  ],
  "max_drawdown_threshold": 0.25,
  "strategy_name": "\u63a5\u529b\u5012\u63a5\u529b5"
}