{
  "generation": 40,
  "fitness": 2.898529491839476,
  "total_return": 25.998,
  "max_drawdown": 0.3204100002432756,
  "sharpe_ratio": 4.185509320038252,
  "params": {
    "per_step_tick_gap": 8,
    "cold_start_steps": 49,
    "max_abserve_tick_steps": 380,
    "max_abserce_avg_price_down_steps": 6,
    "stop_profit_open_hc_pct": -5.899684913929936e-06,
    "dynamic_hc_stop_profit_thres": 1.989234236058396,
    "last_close_price_hc_pct": 0.009991021550575338,
    "last_day_sell_thres": 0.4726805604552794,
    "last_day_sell_huiche": 0.002673581701101524,
    "fd_mount": 147049780,
    "fd_vol_pct": 0.35054271482107763,
    "fd_ju_ticks": 1,
    "max_zb_times": 5,
    "stagnation_kline_ticks": 21,
    "decline_kline_ticks": 39,
    "yang_yin_threshold": 0.02008794106565682,
    "stagnation_n": 12,
    "stagnation_volume_ratio_threshold": 39.47060673809415,
    "stagnation_ratio_threshold": 370,
    "decline_volume_ratio_threshold": 13.099731810758493,
    "max_rebounds": 7,
    "decline_ratio_threshold": 1056,
    "flxd_ticks": 186,
    "flzz_ticks": 1222,
    "use_simiple_kline_strategy_flxd": false,
    "use_simiple_kline_strategy_flzz": true,
    "flzz_use_smooth_price": true,
    "flzz_zf_thresh": 0.06856460750860276,
    "kline_sell_flxd_zy": true,
    "kline_sell_flxd_zs": false,
    "kline_sell_flzz_zs": true,
    "kline_sell_flzz_zy": true,
    "last_open_price_hc_pct": -0.014079204243415478,
    "open_price_max_hc": -0.00905933034409703,
    "loss_per_step_tick_gap": 21,
    "loss_cold_start_steps": 7,
    "loss_max_abserve_tick_steps": 227,
    "loss_max_abserce_avg_price_down_steps": 2,
    "loss_dynamic_hc_stop_profit_thres": 5.0856807079219895,
    "loss_last_close_price_hc_pct": -0.07186212402231931,
    "loss_last_open_price_hc_pct": -0.07148594653574808,
    "loss_open_price_max_hc": -0.09480748822470328,
    "loss_down_open_sell_wait_time": false,
    "down_open_sell_wait_time": false,
    "day_zy_line": 0.004203894874584651,
    "day_zs_line": -0.1362869125204824,
    "sell_afternoon": false,
    "sell_half_afternoon": true,
    "sell_max_days": 1,
    "stop_profit_pct": 0.0,
    "static_hc_stop_profit_pct": 1.0,
    "loss_static_hc_stop_profit_pct": 1.0
  },
  "timestamp": "2025-09-06T07:59:03.113575",
  "individual": [
    7.8191460216920765,
    49.00742640990772,
    379.80335187853166,
    6.104177464297996,
    -5.899684913929936e-06,
    1.989234236058396,
    0.009991021550575338,
    0.4726805604552794,
    0.002673581701101524,
    147049779.6049903,
    0.35054271482107763,
    1.0,
    4.985711551481671,
    20.508362574062247,
    39.16794877368815,
    0.02008794106565682,
    12.136727991160813,
    39.47060673809415,
    370.14003490567643,
    13.099731810758493,
    6.961111338323897,
    1056.4794277317321,
    185.93052640188347,
    1221.7134786483382,
    0,
    1,
    1,
    0.06856460750860276,
    1,
    0,
    1,
    1,
    -0.014079204243415478,
    -0.00905933034409703,
    21.104690113052847,
    7.277493139928614,
    226.8058891440692,
    2.2027684076112886,
    5.0856807079219895,
    -0.07186212402231931,
    -0.07148594653574808,
    -0.09480748822470328,
    0,
    0,
    0.004203894874584651,
    -0.1362869125204824,
    0,
    1,
    1.02483967398797
  ],
  "max_drawdown_threshold": 0.25,
  "strategy_name": "\u63a5\u529b\u5012\u63a5\u529b5"
}