{
  "gen": [
    0,
    1,
    2,
    3,
    4,
    5,
    6,
    7,
    8,
    9,
    10,
    11,
    12,
    13,
    14,
    15,
    16,
    17,
    18,
    19,
    20,
    21,
    22,
    23,
    24,
    25,
    26,
    27,
    28,
    29,
    30,
    31,
    32,
    33,
    34,
    35,
    36,
    37,
    38,
    39,
    40,
    41,
    42,
    43,
    44,
    45,
    46,
    47,
    48,
    49,
    50,
    51,
    52,
    53,
    54,
    55,
    56,
    57,
    58,
    59,
    60,
    61,
    62,
    63,
    64,
    65,
    66,
    67
  ],
  "best_fitness": [
    1.2686901902313827,
    1.3020011462005932,
    1.5685327743740147,
    1.7337959931540219,
    1.829980283042047,
    2.1299471531684557,
    2.2399608305445997,
    2.2399608305445997,
    2.393782709806582,
    2.410312325012967,
    2.4196196789051645,
    2.5136507994208976,
    2.5136507994208976,
    2.5190084025488018,
    2.5282272003343036,
    2.532660644457559,
    2.534107016743089,
    2.5538160854832324,
    2.620076869198157,
    2.63727862870241,
    2.688030451228947,
    2.688030451228947,
    2.7011139767020227,
    2.7011139767020227,
    2.7275515800086065,
    2.7526161962256754,
    2.7526161962256754,
    2.786198657616227,
    2.7903713915823833,
    2.794177434794867,
    2.808328767219133,
    2.8446139563134354,
    2.8446139563134354,
    2.8554641104353644,
    2.8554641104353644,
    2.857713154078863,
    2.885743688625341,
    2.885743688625341,
    2.885743688625341,
    2.898014492555667,
    2.898529491839476,
    2.904261220973722,
    2.904261220973722,
    2.9229989061310757,
    2.9229989061310757,
    2.9229989061310757,
    2.9229989061310757,
    2.9246102793258686,
    2.9246102793258686,
    2.9246102793258686,
    2.9246102793258686,
    2.9246102793258686,
    2.9246102793258686,
    2.9246102793258686,
    2.9246102793258686,
    2.9246102793258686,
    2.9246102793258686,
    2.9246102793258686,
    2.9246102793258686,
    2.9246102793258686,
    2.9246102793258686,
    2.9246102793258686,
    2.9246102793258686,
    2.9246102793258686,
    2.9246102793258686,
    2.9246102793258686,
    2.9246102793258686,
    2.9246102793258686
  ],
  "best_return": [
    9.040500000000002,
    10.734975000000002,
    17.28111750000001,
    12.868665000000002,
    9.043795000000003,
    12.446730000000004,
    16.39267500000001,
    16.39267500000001,
    18.33473000000001,
    18.722225000000005,
    17.11658500000001,
    18.331990000000008,
    18.331990000000008,
    15.485010000000003,
    20.600110000000004,
    18.54118,
    19.73888,
    19.3087,
    21.07928,
    21.12039,
    21.55868,
    21.55868,
    21.778225,
    21.778225,
    22.287515000000006,
    22.93796,
    22.93796,
    23.566110000000005,
    23.652490000000004,
    23.76509,
    24.130025000000003,
    24.780060000000006,
    24.780060000000006,
    24.90039000000001,
    24.90039000000001,
    25.12763500000001,
    25.76124,
    25.76124,
    25.76124,
    25.86724,
    25.998,
    26.09662500000001,
    26.09662500000001,
    26.40718,
    26.40718,
    26.40718,
    26.40718,
    26.43706,
    26.43706,
    26.43706,
    26.43706,
    26.43706,
    26.43706,
    26.43706,
    26.43706,
    26.43706,
    26.43706,
    26.43706,
    26.43706,
    26.43706,
    26.43706,
    26.43706,
    26.43706,
    26.43706,
    26.43706,
    26.43706,
    26.43706,
    26.43706
  ],
  "best_drawdown": [
    0.39154695284931057,
    0.39835680177950283,
    0.3953325518586774,
    0.36122643873563304,
    0.3278548894275559,
    0.3216438205137632,
    0.3333591368275821,
    0.3333591368275821,
    0.329216980015457,
    0.3300422369373364,
    0.32266489696751594,
    0.32053461268762057,
    0.32053461268762057,
    0.3076541429083132,
    0.32787052095221025,
    0.3199977516406001,
    0.3246446463627882,
    0.32172081621379045,
    0.32305177686386205,
    0.32203090141496926,
    0.3200843322429554,
    0.3200843322429554,
    0.3200246680380719,
    0.3200246680380719,
    0.3204530271398749,
    0.32059282371294867,
    0.32059282371294867,
    0.32030290753840895,
    0.32047935209356837,
    0.320383099203234,
    0.32051601710558586,
    0.320291057507592,
    0.320291057507592,
    0.32001826394263666,
    0.32001826394263666,
    0.32055802697889146,
    0.32046796525390686,
    0.32046796525390686,
    0.32046796525390686,
    0.32015255481185323,
    0.3204100002432756,
    0.3203472535619884,
    0.3203472535619884,
    0.32009008593089816,
    0.32009008593089816,
    0.32009008593089816,
    0.32009008593089816,
    0.3200791637227826,
    0.3200791637227826,
    0.3200791637227826,
    0.3200791637227826,
    0.3200791637227826,
    0.3200791637227826,
    0.3200791637227826,
    0.3200791637227826,
    0.3200791637227826,
    0.3200791637227826,
    0.3200791637227826,
    0.3200791637227826,
    0.3200791637227826,
    0.3200791637227826,
    0.3200791637227826,
    0.3200791637227826,
    0.3200791637227826,
    0.3200791637227826,
    0.3200791637227826,
    0.3200791637227826,
    0.3200791637227826
  ],
  "best_sharpe": [
    3.2413639218644503,
    3.3118764575949053,
    3.4376148673496107,
    3.524916801448846,
    3.3807187944254915,
    3.508192370926983,
    3.7726878884235795,
    3.7726878884235795,
    3.849507884582351,
    3.9026520482107445,
    3.8188047142843726,
    3.862668193512092,
    3.862668193512092,
    3.713884033599879,
    3.9533582987110165,
    3.8724774876612846,
    3.9373222272618422,
    3.924586912991969,
    3.972267261371901,
    3.975689923715451,
    3.9947159047183898,
    3.9947159047183898,
    4.00907144520366,
    4.00907144520366,
    4.063718940172739,
    4.068936604058856,
    4.068936604058856,
    4.088914661219271,
    4.104552222405675,
    4.095437453451715,
    4.10480495266702,
    4.140136486115427,
    4.140136486115427,
    4.149029160370515,
    4.149029160370515,
    4.158572260240796,
    4.171795298561619,
    4.171795298561619,
    4.171795298561619,
    4.186400635542908,
    4.185509320038252,
    4.19034291733676,
    4.19034291733676,
    4.204496105577214,
    4.204496105577214,
    4.204496105577214,
    4.204496105577214,
    4.205998040013355,
    4.205998040013355,
    4.205998040013355,
    4.205998040013355,
    4.205998040013355,
    4.205998040013355,
    4.205998040013355,
    4.205998040013355,
    4.205998040013355,
    4.205998040013355,
    4.205998040013355,
    4.205998040013355,
    4.205998040013355,
    4.205998040013355,
    4.205998040013355,
    4.205998040013355,
    4.205998040013355,
    4.205998040013355,
    4.205998040013355,
    4.205998040013355,
    4.205998040013355
  ],