{
  "generation": 30,
  "fitness": 2.9533357972318273,
  "total_return": 7.881930000000003,
  "max_drawdown": 0.21024608348407808,
  "sharpe_ratio": 4.306974891719704,
  "params": {
    "per_step_tick_gap": 7,
    "cold_start_steps": 15,
    "max_abserve_tick_steps": 1000,
    "max_abserce_avg_price_down_steps": 10,
    "stop_profit_open_hc_pct": -0.1028198505343008,
    "dynamic_hc_stop_profit_thres": 5.974816220385879,
    "last_close_price_hc_pct": -0.006128301657598179,
    "last_day_sell_thres": 0.8266814997834437,
    "last_day_sell_huiche": 0.02,
    "fd_mount": 137046691,
    "fd_vol_pct": 0.5480040519235317,
    "fd_ju_ticks": 21,
    "max_zb_times": 21,
    "stagnation_kline_ticks": 3,
    "decline_kline_ticks": 17,
    "yang_yin_threshold": 0.01731945401781924,
    "stagnation_n": 30,
    "stagnation_volume_ratio_threshold": 3.9984963905795974,
    "stagnation_ratio_threshold": 475,
    "decline_volume_ratio_threshold": 48.46807865133072,
    "max_rebounds": 8,
    "decline_ratio_threshold": 208,
    "flxd_ticks": 310,
    "flzz_ticks": 100,
    "use_simiple_kline_strategy_flxd": true,
    "use_simiple_kline_strategy_flzz": true,
    "flzz_use_smooth_price": true,
    "flzz_zf_thresh": -0.0050620632394947525,
    "kline_sell_flxd_zy": true,
    "kline_sell_flxd_zs": true,
    "kline_sell_flzz_zs": true,
    "kline_sell_flzz_zy": true,
    "last_open_price_hc_pct": -0.06274898008025592,
    "open_price_max_hc": -0.007166302799218432,
    "loss_per_step_tick_gap": 2,
    "loss_cold_start_steps": 0,
    "loss_max_abserve_tick_steps": 5,
    "loss_max_abserce_avg_price_down_steps": 7,
    "loss_dynamic_hc_stop_profit_thres": 2.956911664609285,
    "loss_last_close_price_hc_pct": 0.007174681714063144,
    "loss_last_open_price_hc_pct": 0.0032166158233033052,
    "loss_open_price_max_hc": -0.06931048108200315,
    "loss_down_open_sell_wait_time": false,
    "down_open_sell_wait_time": true,
    "day_zy_line": 0.13258834604629288,
    "day_zs_line": 0.0,
    "sell_afternoon": true,
    "sell_half_afternoon": false,
    "sell_max_days": 1,
    "stop_profit_pct": 0.0,
    "static_hc_stop_profit_pct": 1.0,
    "loss_static_hc_stop_profit_pct": 1.0
  },
  "timestamp": "2025-09-07T15:37:43.621864",
  "individual": [
    7.137965663617404,
    14.560852345138631,
    1000.0,
    10.125049380966441,
    -0.1028198505343008,
    5.974816220385879,
    -0.006128301657598179,
    0.8266814997834437,
    0.02,
    137046690.51441115,
    0.5480040519235317,
    20.981873697492905,
    20.952306209277666,
    3.0,
    17.391307968051944,
    0.01731945401781924,
    30.0,
    3.9984963905795974,
    474.8563060895385,
    48.46807865133072,
    7.944615573149713,
    207.886513565408,
    310.1409997842759,
    100.0,
    1,
    1,
    1,
    -0.0050620632394947525,
    1,
    1,
    1,
    1,
    -0.06274898008025592,
    -0.007166302799218432,
    2.3154349731496757,
    0.35780205123248104,
    5.0,
    6.759302280153625,
    2.956911664609285,
    0.007174681714063144,
    0.0032166158233033052,
    -0.06931048108200315,
    0,
    1,
    0.13258834604629288,
    0.0,
    1,
    0,
    1.0
  ],
  "max_drawdown_threshold": 0.25,
  "strategy_name": "\u4f4e\u4f4d\u5b55\u7ebf7\u5929"
}