{
  "generation": 10,
  "fitness": 2.798176431760343,
  "total_return": 6.977350000000001,
  "max_drawdown": 0.2103411756987683,
  "sharpe_ratio": 4.131852837482021,
  "params": {
    "per_step_tick_gap": 4,
    "cold_start_steps": 24,
    "max_abserve_tick_steps": 366,
    "max_abserce_avg_price_down_steps": 12,
    "stop_profit_open_hc_pct": -0.07056600848455216,
    "dynamic_hc_stop_profit_thres": 5.315065004084053,
    "last_close_price_hc_pct": -0.04,
    "last_day_sell_thres": 1.0,
    "last_day_sell_huiche": 0.007046598534901563,
    "fd_mount": 150000000,
    "fd_vol_pct": 0.45853502574131916,
    "fd_ju_ticks": 18,
    "max_zb_times": 17,
    "stagnation_kline_ticks": 16,
    "decline_kline_ticks": 17,
    "yang_yin_threshold": 0.017281557881807665,
    "stagnation_n": 15,
    "stagnation_volume_ratio_threshold": 23.82252308568483,
    "stagnation_ratio_threshold": 963,
    "decline_volume_ratio_threshold": 53.52021006934448,
    "max_rebounds": 7,
    "decline_ratio_threshold": 229,
    "flxd_ticks": 87,
    "flzz_ticks": 1832,
    "use_simiple_kline_strategy_flxd": true,
    "use_simiple_kline_strategy_flzz": true,
    "flzz_use_smooth_price": false,
    "flzz_zf_thresh": 0.0013003247766653475,
    "kline_sell_flxd_zy": true,
    "kline_sell_flxd_zs": true,
    "kline_sell_flzz_zs": true,
    "kline_sell_flzz_zy": true,
    "last_open_price_hc_pct": -0.05923019946198335,
    "open_price_max_hc": -0.005506349456638662,
    "loss_per_step_tick_gap": 2,
    "loss_cold_start_steps": 0,
    "loss_max_abserve_tick_steps": 98,
    "loss_max_abserce_avg_price_down_steps": 7,
    "loss_dynamic_hc_stop_profit_thres": 3.2259780936917632,
    "loss_last_close_price_hc_pct": 0.006530116206627353,
    "loss_last_open_price_hc_pct": 0.009019656802479705,
    "loss_open_price_max_hc": -0.06335807137511777,
    "loss_down_open_sell_wait_time": false,
    "down_open_sell_wait_time": true,
    "day_zy_line": 0.13935676215912884,
    "day_zs_line": 0.0,
    "sell_afternoon": true,
    "sell_half_afternoon": true,
    "sell_max_days": 1,
    "stop_profit_pct": 0.0,
    "static_hc_stop_profit_pct": 1.0,
    "loss_static_hc_stop_profit_pct": 1.0
  },
  "timestamp": "2025-09-07T15:36:37.932571",
  "individual": [
    4.3284668268136395,
    24.486484895767347,
    365.75525401269783,
    11.883312028356734,
    -0.07056600848455216,
    5.315065004084053,
    -0.04,
    1.0,
    0.007046598534901563,
    150000000.0,
    0.45853502574131916,
    18.313397682661705,
    17.203335706970165,
    15.950008599894822,
    17.393935445328083,
    0.017281557881807665,
    15.156481237195516,
    23.82252308568483,
    963.0571713360669,
    53.52021006934448,
    6.945800313865434,
    228.54819191578525,
    86.99164717301588,
    1832.1328939277573,
    1,
    1,
    0,
    0.0013003247766653475,
    1,
    1,
    1,
    1,
    -0.05923019946198335,
    -0.005506349456638662,
    2.280675942584916,
    0.18819068628811578,
    97.64917856156384,
    7.42365408999059,
    3.2259780936917632,
    0.006530116206627353,
    0.009019656802479705,
    -0.06335807137511777,
    0,
    1,
    0.13935676215912884,
    0.0,
    1,
    1,
    1.0
  ],
  "max_drawdown_threshold": 0.25,
  "strategy_name": "\u4f4e\u4f4d\u5b55\u7ebf7\u5929"
}