{
  "gen": [
    0,
    1,
    2,
    3,
    4,
    5,
    6,
    7,
    8,
    9,
    10,
    11,
    12,
    13,
    14,
    15,
    16,
    17,
    18,
    19,
    20,
    21,
    22,
    23,
    24,
    25,
    26,
    27,
    28,
    29,
    30,
    31,
    32,
    33,
    34,
    35,
    36,
    37,
    38,
    39,
    40,
    41,
    42,
    43,
    44,
    45,
    46,
    47,
    48,
    49,
    50,
    51,
    52,
    53,
    54,
    55,
    56,
    57,
    58,
    59,
    60
  ],
  "best_fitness": [
    2.0212194612887298,
    2.0467519172446185,
    2.4173210555659033,
    2.4173210555659033,
    2.482735237007857,
    2.551519495569784,
    2.657114116011733,
    2.7422425024681587,
    2.7422425024681587,
    2.763274708973028,
    2.798176431760343,
    2.804538236412165,
    2.8190324016645683,
    2.8190324016645683,
    2.8899386369753195,
    2.8899386369753195,
    2.9021118571962212,
    2.9021118571962212,
    2.9021118571962212,
    2.9021118571962212,
    2.910876110050662,
    2.9238790242689827,
    2.924487450126819,
    2.924487450126819,
    2.924487450126819,
    2.9347042538717494,
    2.9347042538717494,
    2.9347042538717494,
    2.9533357972318273,
    2.9533357972318273,
    2.9533357972318273,
    2.9533357972318273,
    2.9573588666854462,
    2.9573588666854462,
    2.962314313742694,
    2.962314313742694,
    2.962314313742694,
    2.962314313742694,
    2.962314313742694,
    2.962314313742694,
    2.969896544749251,
    2.969896544749251,
    2.969896544749251,
    2.969896544749251,
    2.969896544749251,
    2.969896544749251,
    2.969896544749251,
    2.969896544749251,
    2.969896544749251,
    2.969896544749251,
    2.969896544749251,
    2.969896544749251,
    2.969896544749251,
    2.969896544749251,
    2.969896544749251,
    2.969896544749251,
    2.969896544749251,
    2.969896544749251,
    2.969896544749251,
    2.969896544749251,
    2.969896544749251
  ],
  "best_return": [
    4.350364999999997,
    3.560179999999999,
    5.1161749999999975,
    5.1161749999999975,
    5.392859999999995,
    5.882809999999997,
    6.331574999999997,
    6.703425,
    6.703425,
    6.836114999999999,
    6.977350000000001,
    7.217945000000001,
    7.052890000000003,
    7.052890000000003,
    7.523125000000001,
    7.523125000000001,
    7.597150000000003,
    7.597150000000003,
    7.597150000000003,
    7.597150000000003,
    7.660405,
    7.649620000000001,
    7.655290000000001,
    7.655290000000001,
    7.655290000000001,
    7.78167,
    7.78167,
    7.78167,
    7.881930000000003,
    7.881930000000003,
    7.881930000000003,
    7.881930000000003,
    7.900595000000004,
    7.900595000000004,
    7.942585000000005,
    7.942585000000005,
    7.942585000000005,
    7.942585000000005,
    7.942585000000005,
    7.942585000000005,
    7.987080000000003,
    7.987080000000003,
    7.987080000000003,
    7.987080000000003,
    7.987080000000003,
    7.987080000000003,
    7.987080000000003,
    7.987080000000003,
    7.987080000000003,
    7.987080000000003,
    7.987080000000003,
    7.987080000000003,
    7.987080000000003,
    7.987080000000003,
    7.987080000000003,
    7.987080000000003,
    7.987080000000003,
    7.987080000000003,
    7.987080000000003,
    7.987080000000003,
    7.987080000000003
  ],
  "best_drawdown": [
    0.2648846915027274,
    0.2480939273621909,
    0.2213490623329496,
    0.2213490623329496,
    0.21622373262052955,
    0.2459059994680651,
    0.23046522221499172,
    0.2152287884957122,
    0.2152287884957122,
    0.20991241915018735,
    0.2103411756987683,
    0.2286837796409415,
    0.20982045823461135,
    0.20982045823461135,
    0.21004117819396015,
    0.21004117819396015,
    0.21052971121589617,
    0.21052971121589617,
    0.21052971121589617,
    0.21052971121589617,
    0.21233353796751053,
    0.21047663162338553,
    0.21076260744608322,
    0.21076260744608322,
    0.21076260744608322,
    0.21052971121589617,
    0.21052971121589617,
    0.21052971121589617,
    0.21024608348407808,
    0.21024608348407808,
    0.21024608348407808,
    0.21024608348407808,
    0.210258078507916,
    0.210258078507916,
    0.21046584677031407,
    0.21046584677031407,
    0.21046584677031407,
    0.21046584677031407,
    0.21046584677031407,
    0.21046584677031407,
    0.21046584677031407,
    0.21046584677031407,
    0.21046584677031407,
    0.21046584677031407,
    0.21046584677031407,
    0.21046584677031407,
    0.21046584677031407,
    0.21046584677031407,
    0.21046584677031407,
    0.21046584677031407,
    0.21046584677031407,
    0.21046584677031407,
    0.21046584677031407,
    0.21046584677031407,
    0.21046584677031407,
    0.21046584677031407,
    0.21046584677031407,
    0.21046584677031407,
    0.21046584677031407,
    0.21046584677031407,
    0.21046584677031407
  ],
  "best_sharpe": [
    3.3359123810475517,
    3.301709854313458,
    3.6696414832569717,
    3.6696414832569717,
    3.7493316439056534,
    3.8853306473847105,
    3.9975983436063807,
    4.071395523067758,
    4.071395523067758,
    4.057558857723792,
    4.131852837482021,
    4.120280833544262,
    4.1777834569343755,
    4.1777834569343755,
    4.224082093274375,
    4.224082093274375,
    4.239246094524933,
    4.239246094524933,
    4.239246094524933,
    4.239246094524933,
    4.252844914975145,
    4.306292070095257,
    4.307424016452624,
    4.307424016452624,
    4.307424016452624,
    4.2811858164718855,
    4.2811858164718855,
    4.2811858164718855,
    4.306974891719704,
    4.306974891719704,
    4.306974891719704,
    4.306974891719704,
    4.31462862972196,
    4.31462862972196,
    4.314817618806367,
    4.314817618806367,
    4.314817618806367,
    4.314817618806367,
    4.314817618806367,
    4.314817618806367,
    4.324147247530313,
    4.324147247530313,
    4.324147247530313,
    4.324147247530313,
    4.324147247530313,
    4.324147247530313,
    4.324147247530313,
    4.324147247530313,
    4.324147247530313,
    4.324147247530313,
    4.324147247530313,
    4.324147247530313,
    4.324147247530313,
    4.324147247530313,
    4.324147247530313,
    4.324147247530313,
    4.324147247530313,
    4.324147247530313,
    4.324147247530313,
    4.324147247530313,
    4.324147247530313
  ],
  "avg_fitness": [
    0.5779896754390845,
    0.9529124781399975,
    1.2133376854079656,
    1.4523004702183486,
    1.6965438528487475,
    1.9491652356910882,
    2.1488256197974924,
    2.2701656202309435,
    2.3906361374332192,
    2.454032937651184,
    2.5031492484212383,
    2.560877693747553,
    2.62148027186998,
    2.656891027875364,
    2.706690326832046,
    2.729226327524498,
    2.7606767406001533,
    2.788502597388237,
    2.8057393464823495,
    2.8211967194150858,
    2.8162508900249033,
    2.8198226452912345,
    2.8271106139313784,
    2.836544189779081,
    2.84656564442877,
    2.8493840326183073,
    2.8415091152111103,
    2.8464991298664004,
    2.8657498396761087,
    2.8863604379269243,
    2.882273964804238,
    2.8906693275150896,
    2.8776446903282316,
    2.8908965019878776,
    2.913016402244781,
    2.928968429948279,
    2.9404860554936203,
    2.9472706588060786,
    2.947863781149461,
    2.95667777170271,
    2.9591891988543195,
    2.959698623845996,
    2.959389405639979,
    2.9574139273226905,
    2.95997192819637,
    2.958373607531134,
    2.9585518066736216,
    2.9588633180834383,
    2.962274802511513,
    2.9639972108952795,
    2.963887384217888,
    2.968148064952745,
    2.9641303535939003,
    2.9686350202148324,
    2.9690516326449625,
    2.967079973403868,
    2.9694316420507265,
    2.966876055540782,
    2.9655090590028683,
    2.966122858465151,
    2.9687791302919897
  ],