{
  "params": {
    "per_step_tick_gap": 1,
    "cold_start_steps": 50,
    "max_abserve_tick_steps": 396,
    "max_abserce_avg_price_down_steps": 2,
    "stop_profit_open_hc_pct": -0.0003120146643211635,
    "dynamic_hc_stop_profit_thres": 1.3033472489702544,
    "last_close_price_hc_pct": 0.009999915022411885,
    "last_day_sell_thres": 0.18864062612033794,
    "last_day_sell_huiche": 0.0022557435182759284,
    "fd_mount": 148876010,
    "fd_vol_pct": 0.5210347645932725,
    "fd_ju_ticks": 1,
    "max_zb_times": 4,
    "stagnation_kline_ticks": 5,
    "decline_kline_ticks": 19,
    "yang_yin_threshold": 0.012002777255822812,
    "stagnation_n": 26,
    "stagnation_volume_ratio_threshold": 5.669041817977517,
    "stagnation_ratio_threshold": 52,
    "decline_volume_ratio_threshold": 5.764922766381721,
    "max_rebounds": 10,
    "decline_ratio_threshold": 1085,
    "flxd_ticks": 328,
    "flzz_ticks": 280,
    "use_simiple_kline_strategy_flxd": false,
    "use_simiple_kline_strategy_flzz": false,
    "flzz_use_smooth_price": true,
    "flzz_zf_thresh": -0.029696466302015338,
    "kline_sell_flxd_zy": false,
    "kline_sell_flxd_zs": true,
    "kline_sell_flzz_zs": true,
    "kline_sell_flzz_zy": true,
    "last_open_price_hc_pct": -0.060653881155906364,
    "open_price_max_hc": 0.0,
    "loss_per_step_tick_gap": 25,
    "loss_cold_start_steps": 4,
    "loss_max_abserve_tick_steps": 433,
    "loss_max_abserce_avg_price_down_steps": 15,
    "loss_dynamic_hc_stop_profit_thres": 0.8501313537849571,
    "loss_last_close_price_hc_pct": -0.045459397884411924,
    "loss_last_open_price_hc_pct": 0.005087261273416553,
    "loss_open_price_max_hc": -0.07877204910232037,
    "loss_down_open_sell_wait_time": true,
    "down_open_sell_wait_time": true,
    "day_zy_line": 0.004108815401177096,
    "day_zs_line": -0.00694593751472356,
    "sell_afternoon": true,
    "sell_half_afternoon": false,
    "sell_max_days": 2,
    "stop_profit_pct": 0.0,
    "static_hc_stop_profit_pct": 1.0,
    "loss_static_hc_stop_profit_pct": 1.0
  },
  "fitness": 4.329124412238358,
  "return": 65.83402000000001,
  "drawdown": 0.3096596547981536,
  "sharpe": 4.660386238463697,
  "individual": [
    1.00234485039705,
    49.95431706761848,
    396.4182608916482,
    1.7300117112017335,
    -0.0003120146643211635,
    1.3033472489702544,
    0.009999915022411885,
    0.18864062612033794,
    0.0022557435182759284,
    148876009.87040502,
    0.5210347645932725,
    1.020968425965407,
    3.9177259163258977,
    4.845345725154162,
    18.954714011750863,
    0.012002777255822812,
    25.623877705516392,
    5.669041817977517,
    52.07378983520056,
    5.764922766381721,
    10.116285900222435,
    1085.2683243859703,
    327.9757860439134,
    279.9129007547759,
    0,
    0,
    1,
    -0.029696466302015338,
    0,
    1,
    1,
    1,
    -0.060653881155906364,
    0.0,
    24.92554153659119,
    3.947590570479436,
    432.5396825476834,
    14.981102986549534,
    0.8501313537849571,
    -0.045459397884411924,
    0.005087261273416553,
    -0.07877204910232037,
    1,
    1,
    0.004108815401177096,
    -0.00694593751472356,
    1,
    0,
    1.7977360069387565
  ],
  "max_drawdown_threshold": 0.25,
  "strategy_name": "\u63a5\u529b\u5012\u63a5\u529b3"
}