{
  "generation": 60,
  "fitness": 4.21834658234379,
  "total_return": 61.689190000000025,
  "max_drawdown": 0.30976098131430835,
  "sharpe_ratio": 4.605545531862013,
  "params": {
    "per_step_tick_gap": 1,
    "cold_start_steps": 50,
    "max_abserve_tick_steps": 414,
    "max_abserce_avg_price_down_steps": 2,
    "stop_profit_open_hc_pct": -0.09340926611773388,
    "dynamic_hc_stop_profit_thres": 7.028293712114836,
    "last_close_price_hc_pct": 0.009999999999999998,
    "last_day_sell_thres": 0.7845175693364423,
    "last_day_sell_huiche": 0.004243463903558691,
    "fd_mount": 134308132,
    "fd_vol_pct": 0.5579066879484407,
    "fd_ju_ticks": 1,
    "max_zb_times": 19,
    "stagnation_kline_ticks": 44,
    "decline_kline_ticks": 14,
    "yang_yin_threshold": 0.012293017988510173,
    "stagnation_n": 6,
    "stagnation_volume_ratio_threshold": 2.8881763023898586,
    "stagnation_ratio_threshold": 142,
    "decline_volume_ratio_threshold": 1.1,
    "max_rebounds": 5,
    "decline_ratio_threshold": 1079,
    "flxd_ticks": 310,
    "flzz_ticks": 687,
    "use_simiple_kline_strategy_flxd": false,
    "use_simiple_kline_strategy_flzz": false,
    "flzz_use_smooth_price": true,
    "flzz_zf_thresh": 0.024478538088939853,
    "kline_sell_flxd_zy": false,
    "kline_sell_flxd_zs": true,
    "kline_sell_flzz_zs": true,
    "kline_sell_flzz_zy": true,
    "last_open_price_hc_pct": -0.06178210974226282,
    "open_price_max_hc": 0.0,
    "loss_per_step_tick_gap": 25,
    "loss_cold_start_steps": 4,
    "loss_max_abserve_tick_steps": 486,
    "loss_max_abserce_avg_price_down_steps": 15,
    "loss_dynamic_hc_stop_profit_thres": 0.8435580019863342,
    "loss_last_close_price_hc_pct": -0.03741752759094741,
    "loss_last_open_price_hc_pct": 0.004687189773235864,
    "loss_open_price_max_hc": -0.03479140871896862,
    "loss_down_open_sell_wait_time": true,
    "down_open_sell_wait_time": false,
    "day_zy_line": 0.003584192150216769,
    "day_zs_line": -0.004911677289088571,
    "sell_afternoon": true,
    "sell_half_afternoon": false,
    "sell_max_days": 2,
    "stop_profit_pct": 0.0,
    "static_hc_stop_profit_pct": 1.0,
    "loss_static_hc_stop_profit_pct": 1.0
  },
  "timestamp": "2025-09-06T02:55:24.333353",
  "individual": [
    1.030822828773983,
    49.928964393763216,
    414.1558661979467,
    1.8955911933665157,
    -0.09340926611773388,
    7.028293712114836,
    0.009999999999999998,
    0.7845175693364423,
    0.004243463903558691,
    134308132.36986974,
    0.5579066879484407,
    1.0179975662989011,
    18.690866750962638,
    43.7673224978841,
    13.852512111694965,
    0.012293017988510173,
    6.254178139715742,
    2.8881763023898586,
    141.83193234251124,
    1.1,
    4.816734836268488,
    1078.5403235520516,
    310.0321214056154,
    686.8069403889692,
    0,
    0,
    1,
    0.024478538088939853,
    0,
    1,
    1,
    1,
    -0.06178210974226282,
    0.0,
    24.971399220770042,
    3.7211414044290017,
    485.9320732425315,
    14.987450640379073,
    0.8435580019863342,
    -0.03741752759094741,
    0.004687189773235864,
    -0.03479140871896862,
    1,
    0,
    0.003584192150216769,
    -0.004911677289088571,
    1,
    0,
    1.978918947175976
  ],
  "max_drawdown_threshold": 0.25,
  "strategy_name": "\u63a5\u529b\u5012\u63a5\u529b3"
}