{
  "generation": 20,
  "fitness": 3.0054816657277703,
  "total_return": 26.454115,
  "max_drawdown": 0.313425942464621,
  "sharpe_ratio": 4.08647976583062,
  "params": {
    "per_step_tick_gap": 23,
    "cold_start_steps": 50,
    "max_abserve_tick_steps": 327,
    "max_abserce_avg_price_down_steps": 3,
    "stop_profit_open_hc_pct": -0.022108778007970547,
    "dynamic_hc_stop_profit_thres": 6.155200537417606,
    "last_close_price_hc_pct": -0.01144674554568725,
    "last_day_sell_thres": 0.8395344883323367,
    "last_day_sell_huiche": 0.001,
    "fd_mount": 150000000,
    "fd_vol_pct": 0.6038575694957276,
    "fd_ju_ticks": 1,
    "max_zb_times": 18,
    "stagnation_kline_ticks": 3,
    "decline_kline_ticks": 7,
    "yang_yin_threshold": 0.002,
    "stagnation_n": 1,
    "stagnation_volume_ratio_threshold": 3.227310736657569,
    "stagnation_ratio_threshold": 600,
    "decline_volume_ratio_threshold": 99.06086285109559,
    "max_rebounds": 8,
    "decline_ratio_threshold": 1217,
    "flxd_ticks": 287,
    "flzz_ticks": 917,
    "use_simiple_kline_strategy_flxd": true,
    "use_simiple_kline_strategy_flzz": false,
    "flzz_use_smooth_price": false,
    "flzz_zf_thresh": -0.06157484369199513,
    "kline_sell_flxd_zy": false,
    "kline_sell_flxd_zs": true,
    "kline_sell_flzz_zs": true,
    "kline_sell_flzz_zy": true,
    "last_open_price_hc_pct": -0.059083020776945876,
    "open_price_max_hc": 0.0,
    "loss_per_step_tick_gap": 25,
    "loss_cold_start_steps": 4,
    "loss_max_abserve_tick_steps": 384,
    "loss_max_abserce_avg_price_down_steps": 15,
    "loss_dynamic_hc_stop_profit_thres": 4.707859370869472,
    "loss_last_close_price_hc_pct": -0.05157863488591396,
    "loss_last_open_price_hc_pct": -0.006999694792600589,
    "loss_open_price_max_hc": -0.021288519906693545,
    "loss_down_open_sell_wait_time": true,
    "down_open_sell_wait_time": false,
    "day_zy_line": 0.0022617775881562593,
    "day_zs_line": -0.019049145590395156,
    "sell_afternoon": false,
    "sell_half_afternoon": true,
    "sell_max_days": 1,
    "stop_profit_pct": 0.0,
    "static_hc_stop_profit_pct": 1.0,
    "loss_static_hc_stop_profit_pct": 1.0
  },
  "timestamp": "2025-09-06T02:34:49.046809",
  "individual": [
    22.502363774908034,
    50.0,
    327.3074873286431,
    2.7392283625830496,
    -0.022108778007970547,
    6.155200537417606,
    -0.01144674554568725,
    0.8395344883323367,
    0.001,
    150000000.0,
    0.6038575694957276,
    1.0375161533839807,
    17.79711806869574,
    3.0,
    6.829352564282196,
    0.002,
    1.0,
    3.227310736657569,
    599.6744712084818,
    99.06086285109559,
    7.657881082236319,
    1216.6094831073206,
    287.18138622271164,
    917.1222639626789,
    1,
    0,
    0,
    -0.06157484369199513,
    0,
    1,
    1,
    1,
    -0.059083020776945876,
    0.0,
    24.9758363896991,
    4.4975720468577505,
    384.2702624077029,
    14.87649443508413,
    4.707859370869472,
    -0.05157863488591396,
    -0.006999694792600589,
    -0.021288519906693545,
    1,
    0,
    0.0022617775881562593,
    -0.019049145590395156,
    0,
    1,
    1.045648662102495
  ],
  "max_drawdown_threshold": 0.25,
  "strategy_name": "\u63a5\u529b\u5012\u63a5\u529b3"
}