{
  "generation": 80,
  "fitness": 4.2597506959587985,
  "total_return": 63.164270000000016,
  "max_drawdown": 0.30965170754456994,
  "sharpe_ratio": 4.624695077522543,
  "params": {
    "per_step_tick_gap": 1,
    "cold_start_steps": 50,
    "max_abserve_tick_steps": 389,
    "max_abserce_avg_price_down_steps": 2,
    "stop_profit_open_hc_pct": -0.09465692951872333,
    "dynamic_hc_stop_profit_thres": 6.6099856297942745,
    "last_close_price_hc_pct": 0.01,
    "last_day_sell_thres": 0.01,
    "last_day_sell_huiche": 0.0031563453689050155,
    "fd_mount": 144744062,
    "fd_vol_pct": 0.5552641603837218,
    "fd_ju_ticks": 1,
    "max_zb_times": 3,
    "stagnation_kline_ticks": 3,
    "decline_kline_ticks": 18,
    "yang_yin_threshold": 0.011787899511886652,
    "stagnation_n": 6,
    "stagnation_volume_ratio_threshold": 2.7770522605851573,
    "stagnation_ratio_threshold": 61,
    "decline_volume_ratio_threshold": 1.1,
    "max_rebounds": 8,
    "decline_ratio_threshold": 1143,
    "flxd_ticks": 330,
    "flzz_ticks": 637,
    "use_simiple_kline_strategy_flxd": true,
    "use_simiple_kline_strategy_flzz": false,
    "flzz_use_smooth_price": true,
    "flzz_zf_thresh": 0.012240135287485097,
    "kline_sell_flxd_zy": false,
    "kline_sell_flxd_zs": false,
    "kline_sell_flzz_zs": true,
    "kline_sell_flzz_zy": true,
    "last_open_price_hc_pct": -0.06895019641608571,
    "open_price_max_hc": -9.637363832837032e-07,
    "loss_per_step_tick_gap": 25,
    "loss_cold_start_steps": 4,
    "loss_max_abserve_tick_steps": 434,
    "loss_max_abserce_avg_price_down_steps": 15,
    "loss_dynamic_hc_stop_profit_thres": 0.8502246806710281,
    "loss_last_close_price_hc_pct": -0.04583876706278224,
    "loss_last_open_price_hc_pct": 0.0051182758434118614,
    "loss_open_price_max_hc": -0.0745076522739784,
    "loss_down_open_sell_wait_time": true,
    "down_open_sell_wait_time": true,
    "day_zy_line": 0.004175282374255642,
    "day_zs_line": -0.006947015251893108,
    "sell_afternoon": true,
    "sell_half_afternoon": false,
    "sell_max_days": 2,
    "stop_profit_pct": 0.0,
    "static_hc_stop_profit_pct": 1.0,
    "loss_static_hc_stop_profit_pct": 1.0
  },
  "timestamp": "2025-09-06T03:05:00.225355",
  "individual": [
    1.0,
    49.79410466505536,
    388.9297835881366,
    2.131829342752148,
    -0.09465692951872333,
    6.6099856297942745,
    0.01,
    0.01,
    0.0031563453689050155,
    144744062.28189313,
    0.5552641603837218,
    1.0213943595436255,
    3.028934606751493,
    3.0,
    18.46039338088797,
    0.011787899511886652,
    5.994684165212984,
    2.7770522605851573,
    61.15609931479932,
    1.1,
    8.292724901268727,
    1142.5007893930426,
    330.3021505223412,
    637.0969832771417,
    1,
    0,
    1,
    0.012240135287485097,
    0,
    0,
    1,
    1,
    -0.06895019641608571,
    -9.637363832837032e-07,
    24.93883132051881,
    3.869217299999703,
    433.61719235055034,
    14.970399514776581,
    0.8502246806710281,
    -0.04583876706278224,
    0.0051182758434118614,
    -0.0745076522739784,
    1,
    1,
    0.004175282374255642,
    -0.006947015251893108,
    1,
    0,
    1.8753394759887203
  ],
  "max_drawdown_threshold": 0.25,
  "strategy_name": "\u63a5\u529b\u5012\u63a5\u529b3"
}