{
  "gen": [
    0,
    1,
    2,
    3,
    4,
    5,
    6,
    7,
    8,
    9,
    10,
    11,
    12,
    13,
    14,
    15,
    16,
    17,
    18,
    19,
    20,
    21,
    22,
    23,
    24,
    25,
    26,
    27,
    28,
    29,
    30,
    31,
    32,
    33,
    34,
    35,
    36,
    37,
    38,
    39,
    40,
    41,
    42,
    43,
    44,
    45,
    46,
    47
  ],
  "best_fitness": [
    2.202040868275264,
    2.210810357400847,
    2.366250850646909,
    2.366250850646909,
    2.3773942322797827,
    2.4668351030749127,
    2.5715582747305175,
    2.631599634056179,
    2.670858359405061,
    2.687371270051871,
    2.849992458614888,
    2.849992458614888,
    2.849992458614888,
    2.849992458614888,
    2.8747354536297736,
    2.9374420335252394,
    2.9374420335252394,
    2.9374420335252394,
    2.945307326221944,
    2.9566814439645963,
    2.972508334458855,
    2.9782520004347557,
    2.9782520004347557,
    2.9782520004347557,
    2.989746754720141,
    2.989746754720141,
    2.989746754720141,
    2.992718257716691,
    2.992718257716691,
    2.992718257716691,
    2.992718257716691,
    2.992718257716691,
    2.992718257716691,
    2.992718257716691,
    2.992718257716691,
    2.992718257716691,
    2.992718257716691,
    2.992718257716691,
    2.992718257716691,
    2.992718257716691,
    2.992718257716691,
    2.992718257716691,
    2.992718257716691,
    2.992718257716691,
    2.992718257716691,
    2.992718257716691,
    2.992718257716691,
    2.992718257716691
  ],
  "best_return": [
    4.269664999999999,
    4.344549999999997,
    5.033829999999997,
    5.033829999999997,
    5.09196,
    5.567775,
    6.16459,
    6.461595000000001,
    6.706240000000002,
    6.86327,
    7.831879999999996,
    7.831879999999996,
    7.831879999999996,
    7.831879999999996,
    8.063825,
    8.498164999999997,
    8.498164999999997,
    8.498164999999997,
    8.53979,
    8.626324999999998,
    8.762589999999998,
    8.805584999999997,
    8.805584999999997,
    8.805584999999997,
    8.878619999999998,
    8.878619999999998,
    8.878619999999998,
    8.901064999999997,
    8.901064999999997,
    8.901064999999997,
    8.901064999999997,
    8.901064999999997,
    8.901064999999997,
    8.901064999999997,
    8.901064999999997,
    8.901064999999997,
    8.901064999999997,
    8.901064999999997,
    8.901064999999997,
    8.901064999999997,
    8.901064999999997,
    8.901064999999997,
    8.901064999999997,
    8.901064999999997,
    8.901064999999997,
    8.901064999999997,
    8.901064999999997,
    8.901064999999997
  ],
  "best_drawdown": [
    0.18773926471924102,
    0.18766204151457017,
    0.18773444346321194,
    0.18773444346321194,
    0.18784824993334523,
    0.18787577670043484,
    0.18775955348683454,
    0.18775925831501217,
    0.18773406783802393,
    0.18778949512898377,
    0.187762856456101,
    0.187762856456101,
    0.187762856456101,
    0.187762856456101,
    0.18780174519880855,
    0.18783979124926264,
    0.18783979124926264,
    0.18783979124926264,
    0.18778287703750593,
    0.187775238307598,
    0.1878354861799723,
    0.1878354861799723,
    0.1878354861799723,
    0.1878354861799723,
    0.18774781123018,
    0.18774781123018,
    0.18774781123018,
    0.18774781123018,
    0.18774781123018,
    0.18774781123018,
    0.18774781123018,
    0.18774781123018,
    0.18774781123018,
    0.18774781123018,
    0.18774781123018,
    0.18774781123018,
    0.18774781123018,
    0.18774781123018,
    0.18774781123018,
    0.18774781123018,
    0.18774781123018,
    0.18774781123018,
    0.18774781123018,
    0.18774781123018,
    0.18774781123018,
    0.18774781123018,
    0.18774781123018,
    0.18774781123018
  ],
  "best_sharpe": [
    5.621402144512694,
    5.584362809087065,
    5.928683727464822,
    5.928683727464822,
    5.956162103310501,
    6.0949323138975595,
    6.2320864931073965,
    6.37631718265289,
    6.423014733819345,
    6.400202830901983,
    6.698694467306455,
    6.698694467306455,
    6.698694467306455,
    6.698694467306455,
    6.682957607659022,
    6.774140439838861,
    6.774140439838861,
    6.774140439838861,
    6.7896193891393555,
    6.799622626527549,
    6.809789162656429,
    6.816295855030575,
    6.816295855030575,
    6.816295855030575,
    6.829761441257851,
    6.829761441257851,
    6.829761441257851,
    6.833078253260806,
    6.833078253260806,
    6.833078253260806,
    6.833078253260806,
    6.833078253260806,
    6.833078253260806,
    6.833078253260806,
    6.833078253260806,
    6.833078253260806,
    6.833078253260806,
    6.833078253260806,
    6.833078253260806,
    6.833078253260806,
    6.833078253260806,
    6.833078253260806,
    6.833078253260806,
    6.833078253260806,
    6.833078253260806,
    6.833078253260806,
    6.833078253260806,
    6.833078253260806
  ],
  "avg_fitness": [
    0.460924505547646,
    0.7637299960656269,
    1.1118151051063334,
    1.4103200176288913,
    1.6950776853650777,
    1.8780014455392977,
    2.1672240279954442,
    2.2675151797207818,
    2.3168264193518127,
    2.3392158504689475,
    2.4238160902433368,
    2.4033712862834733,
    2.4594365193635053,
    2.574695870456205,
    2.608167116666962,
    2.700073881578379,
    2.706588855378054,
    2.7697890833541585,
    2.805606501374645,
    2.8333330340126355,
    2.862459951238093,
    2.8945477810903677,
    2.911232980926346,
    2.9279509894087887,
    2.9457154781914374,
    2.954738093659925,
    2.964914426467595,
    2.9735069358110886,
    2.9760239792528513,
    2.978346906376325,
    2.9795190248564714,
    2.9842020710595287,
    2.9810974930074976,
    2.988150359972048,
    2.9871018501906503,
    2.9865616010616924,
    2.9880442700423275,
    2.9896626523332817,
    2.9917004945428145,
    2.99027886867888,
    2.986300358078939,
    2.9913038248327477,
    2.9894576470357275,
    2.9914788324643853,
    2.990746340924949,
    2.99176796000286,
    2.9907320322079243,
    2.9913738586075875
  ],
  "min_fitness": [
    0.14681356611992116,
    0.22663923730814295,
    0.45050097323701127,
    0.6324140638500644,
    0.8935289411455426,
    0.9317495234780414,
    1.4582259845424854,
    1.6416224820251881,
    1.6630365841471768,
    1.5086935773321712,
    1.7681482678548213,
    1.422026195034943,
    1.4464130251182938,
    2.0863646465135095,
    1.7684824185996926,
    2.3572652586540714,
    1.9325624524820395,
    2.0964992233656052,
    2.3389928202261867,
    2.2230234572221663,
    2.6641162593327645,
    2.735083847388149,
    2.7902935768058525,
    2.800001327824732,
    2.8485070452845025,
    2.8543470057349514,
    2.9034667106140515,
    2.9237180118185373,
    2.8738298921683954,
    2.879281513375016,
    2.865999548236839,
    2.947182269461114,
    2.773664167578012,
    2.9482090366539953,
    2.9254940356834713,
    2.880064789548564,
    2.8957639236638837,
    2.9344014729166843,
    2.971609860614468,
    2.950413346976568,
    2.8359409541264524,
    2.950413346976568,
    2.876263031011544,
    2.950413346976568,
    2.950413346976568,
    2.967763153303676,
    2.9393159616300593,
    2.970132832365577
  ],