{
  "generation": 70,
  "fitness": 4.669631789315059,
  "total_return": 34.237750000000034,
  "max_drawdown": 0.2865945968997208,
  "sharpe_ratio": 4.412979841496986,
  "params": {
    "per_step_tick_gap": 2,
    "cold_start_steps": 0,
    "max_abserve_tick_steps": 537,
    "max_abserce_avg_price_down_steps": 1,
    "stop_profit_open_hc_pct": -0.15,
    "dynamic_hc_stop_profit_thres": 5.036860542152359,
    "last_close_price_hc_pct": 0.0036828954214551974,
    "last_day_sell_thres": 0.42952136803088525,
    "last_day_sell_huiche": 0.005431875130001453,
    "fd_mount": 28030784,
    "fd_vol_pct": 0.5989359024845813,
    "fd_ju_ticks": 1,
    "max_zb_times": 8,
    "stagnation_kline_ticks": 32,
    "decline_kline_ticks": 13,
    "yang_yin_threshold": 0.021239613233977127,
    "stagnation_n": 26,
    "stagnation_volume_ratio_threshold": 73.22801340428585,
    "stagnation_ratio_threshold": 377,
    "decline_volume_ratio_threshold": 8.027854048261176,
    "max_rebounds": 3,
    "decline_ratio_threshold": 1335,
    "flxd_ticks": 478,
    "flzz_ticks": 1994,
    "use_simiple_kline_strategy_flxd": true,
    "use_simiple_kline_strategy_flzz": true,
    "flzz_use_smooth_price": true,
    "flzz_zf_thresh": 0.052518362257544804,
    "kline_sell_flxd_zy": true,
    "kline_sell_flxd_zs": false,
    "kline_sell_flzz_zs": false,
    "kline_sell_flzz_zy": true,
    "last_open_price_hc_pct": -0.0044622422297995274,
    "open_price_max_hc": -0.01900524948881882,
    "loss_per_step_tick_gap": 23,
    "loss_cold_start_steps": 4,
    "loss_max_abserve_tick_steps": 332,
    "loss_max_abserce_avg_price_down_steps": 11,
    "loss_dynamic_hc_stop_profit_thres": 0.8363736278287593,
    "loss_last_close_price_hc_pct": -0.07965147970985695,
    "loss_last_open_price_hc_pct": -0.0024158363578494504,
    "loss_open_price_max_hc": -0.04114073950880728,
    "loss_down_open_sell_wait_time": true,
    "down_open_sell_wait_time": true,
    "stop_profit_pct": 0.0,
    "static_hc_stop_profit_pct": 1.0,
    "loss_static_hc_stop_profit_pct": 1.0
  },
  "timestamp": "2025-08-31T15:29:34.337394",
  "individual": [
    2.1658215327080157,
    0.0,
    537.0382281744734,
    1.051225988266158,
    -0.15,
    5.036860542152359,
    0.0036828954214551974,
    0.42952136803088525,
    0.005431875130001453,
    28030783.68022475,
    0.5989359024845813,
    1.0350404109646607,
    8.307152770299522,
    31.670248035261302,
    13.216864494295994,
    0.021239613233977127,
    25.89207522584507,
    73.22801340428585,
    376.9352668836751,
    8.027854048261176,
    3.219562104815285,
    1335.026159905498,
    477.9609604903794,
    1993.793460539618,
    1,
    1,
    1,
    0.052518362257544804,
    1,
    0,
    0,
    1,
    -0.0044622422297995274,
    -0.01900524948881882,
    22.878085750282153,
    4.313890458052575,
    331.8591077975946,
    10.785724321981826,
    0.8363736278287593,
    -0.07965147970985695,
    -0.0024158363578494504,
    -0.04114073950880728,
    1,
    1
  ]
}