{
  "generation": 60,
  "fitness": 4.635276696712854,
  "total_return": 33.631890000000034,
  "max_drawdown": 0.28636405807306486,
  "sharpe_ratio": 4.391604418774966,
  "params": {
    "per_step_tick_gap": 2,
    "cold_start_steps": 0,
    "max_abserve_tick_steps": 530,
    "max_abserce_avg_price_down_steps": 1,
    "stop_profit_open_hc_pct": -0.12855786269854003,
    "dynamic_hc_stop_profit_thres": 5.027270639106854,
    "last_close_price_hc_pct": 0.003997448259031252,
    "last_day_sell_thres": 0.42714431493946237,
    "last_day_sell_huiche": 0.004983343524749459,
    "fd_mount": 28039908,
    "fd_vol_pct": 0.5898111320755188,
    "fd_ju_ticks": 1,
    "max_zb_times": 5,
    "stagnation_kline_ticks": 32,
    "decline_kline_ticks": 14,
    "yang_yin_threshold": 0.02105833563666629,
    "stagnation_n": 26,
    "stagnation_volume_ratio_threshold": 73.58497676435599,
    "stagnation_ratio_threshold": 377,
    "decline_volume_ratio_threshold": 16.10566816029189,
    "max_rebounds": 3,
    "decline_ratio_threshold": 1337,
    "flxd_ticks": 478,
    "flzz_ticks": 1999,
    "use_simiple_kline_strategy_flxd": true,
    "use_simiple_kline_strategy_flzz": true,
    "flzz_use_smooth_price": true,
    "flzz_zf_thresh": 0.05296223018587319,
    "kline_sell_flxd_zy": true,
    "kline_sell_flxd_zs": false,
    "kline_sell_flzz_zs": false,
    "kline_sell_flzz_zy": true,
    "last_open_price_hc_pct": -0.004180509391458578,
    "open_price_max_hc": -0.018999104778849935,
    "loss_per_step_tick_gap": 23,
    "loss_cold_start_steps": 4,
    "loss_max_abserve_tick_steps": 332,
    "loss_max_abserce_avg_price_down_steps": 11,
    "loss_dynamic_hc_stop_profit_thres": 0.8371922780486993,
    "loss_last_close_price_hc_pct": -0.07940251526300099,
    "loss_last_open_price_hc_pct": -0.004312817815714111,
    "loss_open_price_max_hc": -0.05110428174118408,
    "loss_down_open_sell_wait_time": true,
    "down_open_sell_wait_time": true,
    "stop_profit_pct": 0.0,
    "static_hc_stop_profit_pct": 1.0,
    "loss_static_hc_stop_profit_pct": 1.0
  },
  "timestamp": "2025-08-31T15:24:21.481003",
  "individual": [
    2.076603340093051,
    0.0,
    530.4747683129938,
    1.0163758932098603,
    -0.12855786269854003,
    5.027270639106854,
    0.003997448259031252,
    0.42714431493946237,
    0.004983343524749459,
    28039908.172667757,
    0.5898111320755188,
    1.0351293797108216,
    4.921666927891734,
    31.681776982950048,
    13.622512534064152,
    0.02105833563666629,
    26.467384239026785,
    73.58497676435599,
    377.1195836887552,
    16.10566816029189,
    2.7776123652451794,
    1337.2293012476498,
    477.77309565123943,
    1999.2251549498224,
    1,
    1,
    1,
    0.05296223018587319,
    1,
    0,
    0,
    1,
    -0.004180509391458578,
    -0.018999104778849935,
    22.91266599656443,
    4.399555294988474,
    332.30688171353336,
    10.741464576078506,
    0.8371922780486993,
    -0.07940251526300099,
    -0.004312817815714111,
    -0.05110428174118408,
    1,
    1
  ]
}