{
  "generation": 100,
  "fitness": 4.701540826977791,
  "total_return": 34.80058500000003,
  "max_drawdown": 0.285713275604433,
  "sharpe_ratio": 4.426500641288201,
  "params": {
    "per_step_tick_gap": 2,
    "cold_start_steps": 0,
    "max_abserve_tick_steps": 532,
    "max_abserce_avg_price_down_steps": 1,
    "stop_profit_open_hc_pct": -0.14424376655833734,
    "dynamic_hc_stop_profit_thres": 4.979094617656292,
    "last_close_price_hc_pct": 0.004628867218070507,
    "last_day_sell_thres": 0.4640979475041743,
    "last_day_sell_huiche": 0.005254157493006764,
    "fd_mount": 28176250,
    "fd_vol_pct": 0.5617879986195212,
    "fd_ju_ticks": 1,
    "max_zb_times": 1,
    "stagnation_kline_ticks": 32,
    "decline_kline_ticks": 13,
    "yang_yin_threshold": 0.02243956466722927,
    "stagnation_n": 26,
    "stagnation_volume_ratio_threshold": 74.39319895238596,
    "stagnation_ratio_threshold": 384,
    "decline_volume_ratio_threshold": 24.679047629171265,
    "max_rebounds": 4,
    "decline_ratio_threshold": 1325,
    "flxd_ticks": 479,
    "flzz_ticks": 1989,
    "use_simiple_kline_strategy_flxd": true,
    "use_simiple_kline_strategy_flzz": true,
    "flzz_use_smooth_price": true,
    "flzz_zf_thresh": 0.05246595991603101,
    "kline_sell_flxd_zy": true,
    "kline_sell_flxd_zs": false,
    "kline_sell_flzz_zs": false,
    "kline_sell_flzz_zy": true,
    "last_open_price_hc_pct": -0.0041874571568428125,
    "open_price_max_hc": -0.017529580332025573,
    "loss_per_step_tick_gap": 23,
    "loss_cold_start_steps": 4,
    "loss_max_abserve_tick_steps": 337,
    "loss_max_abserce_avg_price_down_steps": 11,
    "loss_dynamic_hc_stop_profit_thres": 0.8376889477702079,
    "loss_last_close_price_hc_pct": -0.07977249315812701,
    "loss_last_open_price_hc_pct": -0.002912814896745168,
    "loss_open_price_max_hc": -0.03563805549776904,
    "loss_down_open_sell_wait_time": true,
    "down_open_sell_wait_time": true,
    "stop_profit_pct": 0.0,
    "static_hc_stop_profit_pct": 1.0,
    "loss_static_hc_stop_profit_pct": 1.0
  },
  "timestamp": "2025-08-31T15:43:51.805103",
  "individual": [
    1.9856025186446857,
    0.1469553890452489,
    531.5459093252858,
    1.129126428213605,
    -0.14424376655833734,
    4.979094617656292,
    0.004628867218070507,
    0.4640979475041743,
    0.005254157493006764,
    28176250.119922668,
    0.5617879986195212,
    1.0350667712233081,
    1.404786963549244,
    31.633126599717386,
    13.184145868317888,
    0.02243956466722927,
    26.127419488046872,
    74.39319895238596,
    383.90602538625234,
    24.679047629171265,
    3.5705100218535692,
    1324.735503679913,
    479.12818739693853,
    1989.2163500190886,
    1,
    1,
    1,
    0.05246595991603101,
    1,
    0,
    0,
    1,
    -0.0041874571568428125,
    -0.017529580332025573,
    22.878980910597704,
    4.242501816714923,
    336.5495152864649,
    10.72664375222869,
    0.8376889477702079,
    -0.07977249315812701,
    -0.002912814896745168,
    -0.03563805549776904,
    1,
    1
  ]
}