{
  "generation": 50,
  "fitness": 4.61544981122554,
  "total_return": 33.28674000000003,
  "max_drawdown": 0.2871410644604394,
  "sharpe_ratio": 4.384795780786382,
  "params": {
    "per_step_tick_gap": 2,
    "cold_start_steps": 0,
    "max_abserve_tick_steps": 538,
    "max_abserce_avg_price_down_steps": 1,
    "stop_profit_open_hc_pct": -0.11964417055735033,
    "dynamic_hc_stop_profit_thres": 5.133265533754887,
    "last_close_price_hc_pct": -0.031638517792561716,
    "last_day_sell_thres": 0.432046795515567,
    "last_day_sell_huiche": 0.00481526278270162,
    "fd_mount": 28092409,
    "fd_vol_pct": 0.6318984858185993,
    "fd_ju_ticks": 1,
    "max_zb_times": 6,
    "stagnation_kline_ticks": 32,
    "decline_kline_ticks": 14,
    "yang_yin_threshold": 0.021984520819635582,
    "stagnation_n": 27,
    "stagnation_volume_ratio_threshold": 73.80912444605093,
    "stagnation_ratio_threshold": 379,
    "decline_volume_ratio_threshold": 15.454154936412722,
    "max_rebounds": 3,
    "decline_ratio_threshold": 1324,
    "flxd_ticks": 478,
    "flzz_ticks": 1994,
    "use_simiple_kline_strategy_flxd": true,
    "use_simiple_kline_strategy_flzz": true,
    "flzz_use_smooth_price": true,
    "flzz_zf_thresh": 0.05271829287539934,
    "kline_sell_flxd_zy": true,
    "kline_sell_flxd_zs": false,
    "kline_sell_flzz_zs": false,
    "kline_sell_flzz_zy": true,
    "last_open_price_hc_pct": 0.00011340431294424485,
    "open_price_max_hc": -0.019003076639093255,
    "loss_per_step_tick_gap": 23,
    "loss_cold_start_steps": 4,
    "loss_max_abserve_tick_steps": 329,
    "loss_max_abserce_avg_price_down_steps": 11,
    "loss_dynamic_hc_stop_profit_thres": 0.843690496976735,
    "loss_last_close_price_hc_pct": -0.07943002904393877,
    "loss_last_open_price_hc_pct": -0.004230701661107614,
    "loss_open_price_max_hc": -0.045828171980305754,
    "loss_down_open_sell_wait_time": true,
    "down_open_sell_wait_time": true,
    "stop_profit_pct": 0.0,
    "static_hc_stop_profit_pct": 1.0,
    "loss_static_hc_stop_profit_pct": 1.0
  },
  "timestamp": "2025-08-31T15:19:04.886627",
  "individual": [
    2.1020423896429223,
    0.0,
    538.3413328521256,
    1.0317831084455744,
    -0.11964417055735033,
    5.133265533754887,
    -0.031638517792561716,
    0.432046795515567,
    0.00481526278270162,
    28092408.796984226,
    0.6318984858185993,
    1.0,
    6.005360428187652,
    31.675058232838534,
    13.727414428173688,
    0.021984520819635582,
    26.53618500858339,
    73.80912444605093,
    379.285213049366,
    15.454154936412722,
    3.497321578435584,
    1324.3154394040575,
    477.7149459262482,
    1993.5464094725526,
    1,
    1,
    1,
    0.05271829287539934,
    1,
    0,
    0,
    1,
    0.00011340431294424485,
    -0.019003076639093255,
    22.852395686936095,
    4.340984095038279,
    328.54782572074475,
    10.841309542225666,
    0.843690496976735,
    -0.07943002904393877,
    -0.004230701661107614,
    -0.045828171980305754,
    1,
    1
  ]
}