{
  "generation": 40,
  "fitness": 4.5773983051165645,
  "total_return": 32.66534500000002,
  "max_drawdown": 0.28866624150811454,
  "sharpe_ratio": 4.367137000714773,
  "params": {
    "per_step_tick_gap": 2,
    "cold_start_steps": 0,
    "max_abserve_tick_steps": 508,
    "max_abserce_avg_price_down_steps": 1,
    "stop_profit_open_hc_pct": -0.1300375800514365,
    "dynamic_hc_stop_profit_thres": 5.005279685515167,
    "last_close_price_hc_pct": -0.015916771479090697,
    "last_day_sell_thres": 0.4272875763509734,
    "last_day_sell_huiche": 0.005141205519365538,
    "fd_mount": 28041040,
    "fd_vol_pct": 0.5877720789312095,
    "fd_ju_ticks": 1,
    "max_zb_times": 6,
    "stagnation_kline_ticks": 32,
    "decline_kline_ticks": 14,
    "yang_yin_threshold": 0.02160243495565955,
    "stagnation_n": 26,
    "stagnation_volume_ratio_threshold": 73.58988888323357,
    "stagnation_ratio_threshold": 378,
    "decline_volume_ratio_threshold": 15.578638056255269,
    "max_rebounds": 3,
    "decline_ratio_threshold": 1324,
    "flxd_ticks": 477,
    "flzz_ticks": 1999,
    "use_simiple_kline_strategy_flxd": true,
    "use_simiple_kline_strategy_flzz": true,
    "flzz_use_smooth_price": true,
    "flzz_zf_thresh": 0.052990096681631335,
    "kline_sell_flxd_zy": true,
    "kline_sell_flxd_zs": false,
    "kline_sell_flzz_zs": false,
    "kline_sell_flzz_zy": true,
    "last_open_price_hc_pct": -0.00433298684944706,
    "open_price_max_hc": -0.01897893510393052,
    "loss_per_step_tick_gap": 23,
    "loss_cold_start_steps": 4,
    "loss_max_abserve_tick_steps": 332,
    "loss_max_abserce_avg_price_down_steps": 11,
    "loss_dynamic_hc_stop_profit_thres": 0.8385276703761945,
    "loss_last_close_price_hc_pct": -0.07949400043902417,
    "loss_last_open_price_hc_pct": -0.004231218097936928,
    "loss_open_price_max_hc": -0.049360037234641926,
    "loss_down_open_sell_wait_time": true,
    "down_open_sell_wait_time": true,
    "stop_profit_pct": 0.0,
    "static_hc_stop_profit_pct": 1.0,
    "loss_static_hc_stop_profit_pct": 1.0
  },
  "timestamp": "2025-08-31T15:13:51.976971",
  "individual": [
    2.074237798564028,
    0.0,
    508.3235482067508,
    1.0316199222052884,
    -0.1300375800514365,
    5.005279685515167,
    -0.015916771479090697,
    0.4272875763509734,
    0.005141205519365538,
    28041039.504094962,
    0.5877720789312095,
    1.0,
    5.840950436149792,
    31.679178974397388,
    13.632586707121243,
    0.02160243495565955,
    26.470557401009756,
    73.58988888323357,
    377.5463501599022,
    15.578638056255269,
    2.6855322331527773,
    1323.8964293629401,
    477.0154893299719,
    1999.0213233993532,
    1,
    1,
    1,
    0.052990096681631335,
    1,
    0,
    0,
    1,
    -0.00433298684944706,
    -0.01897893510393052,
    22.851241712839055,
    4.351627952622237,
    332.1712190209296,
    10.769819653826142,
    0.8385276703761945,
    -0.07949400043902417,
    -0.004231218097936928,
    -0.049360037234641926,
    1,
    1
  ]
}