{
  "generation": 40,
  "fitness": 2.587932896434753,
  "total_return": 87.67689000000004,
  "max_drawdown": 0.3298547065404738,
  "sharpe_ratio": 4.688886204713166,
  "params": {
    "per_step_tick_gap": 11,
    "cold_start_steps": 47,
    "max_abserve_tick_steps": 380,
    "max_abserce_avg_price_down_steps": 14,
    "stop_profit_open_hc_pct": -0.13787046148082432,
    "dynamic_hc_stop_profit_thres": 3.91725877041742,
    "last_close_price_hc_pct": 0.0014333474503279596,
    "last_day_sell_thres": 0.20573555965608062,
    "last_day_sell_huiche": 0.00793495357755128,
    "fd_mount": 63210746,
    "fd_vol_pct": 0.3144225041365667,
    "fd_ju_ticks": 1,
    "max_zb_times": 1,
    "stagnation_kline_ticks": 12,
    "decline_kline_ticks": 32,
    "yang_yin_threshold": 0.021705452081222435,
    "stagnation_n": 30,
    "stagnation_volume_ratio_threshold": 98.38689082569923,
    "stagnation_ratio_threshold": 1090,
    "decline_volume_ratio_threshold": 51.472832828438996,
    "max_rebounds": 1,
    "decline_ratio_threshold": 558,
    "flxd_ticks": 327,
    "flzz_ticks": 1189,
    "use_simiple_kline_strategy_flxd": false,
    "use_simiple_kline_strategy_flzz": true,
    "flzz_use_smooth_price": true,
    "flzz_zf_thresh": 0.02269569925573836,
    "kline_sell_flxd_zy": false,
    "kline_sell_flxd_zs": true,
    "kline_sell_flzz_zs": false,
    "kline_sell_flzz_zy": true,
    "last_open_price_hc_pct": -0.02240641160336969,
    "open_price_max_hc": -0.1,
    "loss_per_step_tick_gap": 1,
    "loss_cold_start_steps": 3,
    "loss_max_abserve_tick_steps": 47,
    "loss_max_abserce_avg_price_down_steps": 4,
    "loss_dynamic_hc_stop_profit_thres": 7.999652263149391,
    "loss_last_close_price_hc_pct": -0.07384463041328093,
    "loss_last_open_price_hc_pct": -0.03784528833149244,
    "loss_open_price_max_hc": -0.011369873788692935,
    "loss_down_open_sell_wait_time": true,
    "down_open_sell_wait_time": true,
    "day_zy_line": 0.0059037998646168915,
    "day_zs_line": -0.021488661236770696,
    "sell_afternoon": false,
    "sell_half_afternoon": true,
    "sell_max_days": 2,
    "stop_profit_pct": 0.0,
    "static_hc_stop_profit_pct": 1.0,
    "loss_static_hc_stop_profit_pct": 1.0
  },
  "timestamp": "2025-09-06T04:07:49.520301",
  "individual": [
    11.102582456900093,
    46.75860445479982,
    380.4358551225937,
    14.404737410072649,
    -0.13787046148082432,
    3.91725877041742,
    0.0014333474503279596,
    0.20573555965608062,
    0.00793495357755128,
    63210745.90915255,
    0.3144225041365667,
    1.0,
    1.14064191685059,
    11.913634604388067,
    31.861484482667166,
    0.021705452081222435,
    30.0,
    98.38689082569923,
    1089.9888076674836,
    51.472832828438996,
    0.9933535870934365,
    558.4010788210452,
    326.90086409193157,
    1188.568261546988,
    0,
    1,
    1,
    0.02269569925573836,
    0,
    1,
    0,
    1,
    -0.02240641160336969,
    -0.1,
    1.4620323579489283,
    3.419965684573104,
    46.76695617527454,
    4.1308598735100075,
    7.999652263149391,
    -0.07384463041328093,
    -0.03784528833149244,
    -0.011369873788692935,
    1,
    1,
    0.0059037998646168915,
    -0.021488661236770696,
    0,
    1,
    2.290016812448174
  ],
  "max_drawdown_threshold": 0.15,
  "strategy_name": "\u63a5\u529b\u5012\u63a5\u529b3"
}