{
  "generation": 60,
  "fitness": 2.8068073913354388,
  "total_return": 103.85624999999997,
  "max_drawdown": 0.32708807199869844,
  "sharpe_ratio": 4.834158981575963,
  "params": {
    "per_step_tick_gap": 12,
    "cold_start_steps": 49,
    "max_abserve_tick_steps": 382,
    "max_abserce_avg_price_down_steps": 13,
    "stop_profit_open_hc_pct": -0.1342448207669868,
    "dynamic_hc_stop_profit_thres": 3.523984683688676,
    "last_close_price_hc_pct": -0.010276850627681867,
    "last_day_sell_thres": 0.17192304812545411,
    "last_day_sell_huiche": 0.006926492073382234,
    "fd_mount": 63679174,
    "fd_vol_pct": 0.2796738684561539,
    "fd_ju_ticks": 1,
    "max_zb_times": 1,
    "stagnation_kline_ticks": 12,
    "decline_kline_ticks": 32,
    "yang_yin_threshold": 0.019999135292882636,
    "stagnation_n": 27,
    "stagnation_volume_ratio_threshold": 98.65512986067387,
    "stagnation_ratio_threshold": 1143,
    "decline_volume_ratio_threshold": 62.98749991219929,
    "max_rebounds": 1,
    "decline_ratio_threshold": 332,
    "flxd_ticks": 324,
    "flzz_ticks": 1208,
    "use_simiple_kline_strategy_flxd": false,
    "use_simiple_kline_strategy_flzz": true,
    "flzz_use_smooth_price": true,
    "flzz_zf_thresh": 0.02147610444284486,
    "kline_sell_flxd_zy": false,
    "kline_sell_flxd_zs": true,
    "kline_sell_flzz_zs": false,
    "kline_sell_flzz_zy": true,
    "last_open_price_hc_pct": -0.009091557936886104,
    "open_price_max_hc": -0.1,
    "loss_per_step_tick_gap": 1,
    "loss_cold_start_steps": 2,
    "loss_max_abserve_tick_steps": 41,
    "loss_max_abserce_avg_price_down_steps": 3,
    "loss_dynamic_hc_stop_profit_thres": 7.9015476818206185,
    "loss_last_close_price_hc_pct": -0.07493738709013394,
    "loss_last_open_price_hc_pct": -0.027969373667254487,
    "loss_open_price_max_hc": -0.01132561380099504,
    "loss_down_open_sell_wait_time": true,
    "down_open_sell_wait_time": true,
    "day_zy_line": 0.005414424808267473,
    "day_zs_line": -0.021554936712138952,
    "sell_afternoon": false,
    "sell_half_afternoon": true,
    "sell_max_days": 2,
    "stop_profit_pct": 0.0,
    "static_hc_stop_profit_pct": 1.0,
    "loss_static_hc_stop_profit_pct": 1.0
  },
  "timestamp": "2025-09-06T04:18:55.034492",
  "individual": [
    11.920843168926202,
    49.3207454893068,
    382.3252683627626,
    13.497710647694259,
    -0.1342448207669868,
    3.523984683688676,
    -0.010276850627681867,
    0.17192304812545411,
    0.006926492073382234,
    63679173.59827216,
    0.2796738684561539,
    1.0000025733304616,
    1.1532300486295528,
    11.858495370367976,
    32.233340962223814,
    0.019999135292882636,
    27.386689087050176,
    98.65512986067387,
    1143.1466888660036,
    62.98749991219929,
    0.7925650160106746,
    331.65291582791605,
    323.7549506996571,
    1208.387101327313,
    0,
    1,
    1,
    0.02147610444284486,
    0,
    1,
    0,
    1,
    -0.009091557936886104,
    -0.1,
    1.4688798768080267,
    2.2517335564269616,
    40.61497112167821,
    3.4695125174908914,
    7.9015476818206185,
    -0.07493738709013394,
    -0.027969373667254487,
    -0.01132561380099504,
    1,
    1,
    0.005414424808267473,
    -0.021554936712138952,
    0,
    1,
    2.3169976511301296
  ],
  "max_drawdown_threshold": 0.15,
  "strategy_name": "\u63a5\u529b\u5012\u63a5\u529b3"
}