{
  "generation": 90,
  "fitness": 2.918435128208735,
  "total_return": 114.94771999999998,
  "max_drawdown": 0.3270937723360102,
  "sharpe_ratio": 4.916092638914856,
  "params": {
    "per_step_tick_gap": 12,
    "cold_start_steps": 49,
    "max_abserve_tick_steps": 386,
    "max_abserce_avg_price_down_steps": 13,
    "stop_profit_open_hc_pct": -0.13009623939837053,
    "dynamic_hc_stop_profit_thres": 3.720429305236827,
    "last_close_price_hc_pct": -0.009235963197389011,
    "last_day_sell_thres": 0.18068548811066568,
    "last_day_sell_huiche": 0.007411017501201792,
    "fd_mount": 70622739,
    "fd_vol_pct": 0.3328104260341905,
    "fd_ju_ticks": 1,
    "max_zb_times": 1,
    "stagnation_kline_ticks": 12,
    "decline_kline_ticks": 32,
    "yang_yin_threshold": 0.020063405758576517,
    "stagnation_n": 27,
    "stagnation_volume_ratio_threshold": 80.76615360016335,
    "stagnation_ratio_threshold": 737,
    "decline_volume_ratio_threshold": 63.55721120793506,
    "max_rebounds": 1,
    "decline_ratio_threshold": 405,
    "flxd_ticks": 303,
    "flzz_ticks": 1193,
    "use_simiple_kline_strategy_flxd": false,
    "use_simiple_kline_strategy_flzz": true,
    "flzz_use_smooth_price": true,
    "flzz_zf_thresh": 0.023903306697801344,
    "kline_sell_flxd_zy": false,
    "kline_sell_flxd_zs": true,
    "kline_sell_flzz_zs": false,
    "kline_sell_flzz_zy": true,
    "last_open_price_hc_pct": -0.008931103752908922,
    "open_price_max_hc": -0.09999999994244595,
    "loss_per_step_tick_gap": 1,
    "loss_cold_start_steps": 2,
    "loss_max_abserve_tick_steps": 41,
    "loss_max_abserce_avg_price_down_steps": 2,
    "loss_dynamic_hc_stop_profit_thres": 7.922608942069346,
    "loss_last_close_price_hc_pct": -0.07347792107239744,
    "loss_last_open_price_hc_pct": -0.008160732267659484,
    "loss_open_price_max_hc": -0.011249771247740537,
    "loss_down_open_sell_wait_time": true,
    "down_open_sell_wait_time": true,
    "day_zy_line": 0.005621742761252489,
    "day_zs_line": -0.021547717237743826,
    "sell_afternoon": false,
    "sell_half_afternoon": true,
    "sell_max_days": 2,
    "stop_profit_pct": 0.0,
    "static_hc_stop_profit_pct": 1.0,
    "loss_static_hc_stop_profit_pct": 1.0
  },
  "timestamp": "2025-09-06T04:36:16.759445",
  "individual": [
    11.82503588439418,
    49.38949036779049,
    385.5928506076226,
    13.159769902563458,
    -0.13009623939837053,
    3.720429305236827,
    -0.009235963197389011,
    0.18068548811066568,
    0.007411017501201792,
    70622739.43621239,
    0.3328104260341905,
    1.0000000872139452,
    1.20506238824595,
    11.631926390083645,
    31.633390106642608,
    0.020063405758576517,
    26.728743770027535,
    80.76615360016335,
    736.5591116828031,
    63.55721120793506,
    0.707738922805321,
    405.2103375192921,
    302.88844794042046,
    1193.4288011846547,
    0,
    1,
    1,
    0.023903306697801344,
    0,
    1,
    0,
    1,
    -0.008931103752908922,
    -0.09999999994244595,
    1.456842941206813,
    2.2367690294010045,
    40.58826097492386,
    2.293621584248341,
    7.922608942069346,
    -0.07347792107239744,
    -0.008160732267659484,
    -0.011249771247740537,
    1,
    1,
    0.005621742761252489,
    -0.021547717237743826,
    0,
    1,
    2.2790288949949944
  ],
  "max_drawdown_threshold": 0.15,
  "strategy_name": "\u63a5\u529b\u5012\u63a5\u529b3"
}