{
  "generation": 100,
  "fitness": 2.9430411322993626,
  "total_return": 117.43248499999999,
  "max_drawdown": 0.3270937723360102,
  "sharpe_ratio": 4.936072447501502,
  "params": {
    "per_step_tick_gap": 12,
    "cold_start_steps": 49,
    "max_abserve_tick_steps": 388,
    "max_abserce_avg_price_down_steps": 13,
    "stop_profit_open_hc_pct": -0.12804232556140135,
    "dynamic_hc_stop_profit_thres": 3.4987929329739877,
    "last_close_price_hc_pct": -0.009139690061801285,
    "last_day_sell_thres": 0.17764653124210683,
    "last_day_sell_huiche": 0.007203370014496493,
    "fd_mount": 65300987,
    "fd_vol_pct": 0.37630349523594364,
    "fd_ju_ticks": 1,
    "max_zb_times": 1,
    "stagnation_kline_ticks": 12,
    "decline_kline_ticks": 30,
    "yang_yin_threshold": 0.018985578344457053,
    "stagnation_n": 27,
    "stagnation_volume_ratio_threshold": 79.25829396042798,
    "stagnation_ratio_threshold": 1150,
    "decline_volume_ratio_threshold": 61.99622016291163,
    "max_rebounds": 1,
    "decline_ratio_threshold": 200,
    "flxd_ticks": 298,
    "flzz_ticks": 1232,
    "use_simiple_kline_strategy_flxd": false,
    "use_simiple_kline_strategy_flzz": true,
    "flzz_use_smooth_price": true,
    "flzz_zf_thresh": 0.024174117844037,
    "kline_sell_flxd_zy": false,
    "kline_sell_flxd_zs": true,
    "kline_sell_flzz_zs": false,
    "kline_sell_flzz_zy": true,
    "last_open_price_hc_pct": -0.00879655709987503,
    "open_price_max_hc": -0.1,
    "loss_per_step_tick_gap": 1,
    "loss_cold_start_steps": 2,
    "loss_max_abserve_tick_steps": 41,
    "loss_max_abserce_avg_price_down_steps": 2,
    "loss_dynamic_hc_stop_profit_thres": 7.833498650120903,
    "loss_last_close_price_hc_pct": -0.0754347205611777,
    "loss_last_open_price_hc_pct": -0.008422879522895393,
    "loss_open_price_max_hc": -0.011403139943247747,
    "loss_down_open_sell_wait_time": true,
    "down_open_sell_wait_time": true,
    "day_zy_line": 0.00503659737381669,
    "day_zs_line": -0.021546209331034814,
    "sell_afternoon": false,
    "sell_half_afternoon": false,
    "sell_max_days": 2,
    "stop_profit_pct": 0.0,
    "static_hc_stop_profit_pct": 1.0,
    "loss_static_hc_stop_profit_pct": 1.0
  },
  "timestamp": "2025-09-06T04:42:01.683042",
  "individual": [
    11.836277073460217,
    49.383220366755005,
    387.58912542194344,
    13.172256545524359,
    -0.12804232556140135,
    3.4987929329739877,
    -0.009139690061801285,
    0.17764653124210683,
    0.007203370014496493,
    65300987.04044555,
    0.37630349523594364,
    1.0000004278050438,
    1.0986684425084752,
    11.853600939022968,
    30.263243724596848,
    0.018985578344457053,
    27.04652257398663,
    79.25829396042798,
    1149.9750974064038,
    61.99622016291163,
    0.7875928367709428,
    200.39662704317826,
    298.4305824454108,
    1231.5885417013883,
    0,
    1,
    1,
    0.024174117844037,
    0,
    1,
    0,
    1,
    -0.00879655709987503,
    -0.1,
    1.4599216865183562,
    2.202551374640203,
    40.94496243443545,
    2.2233999679380396,
    7.833498650120903,
    -0.0754347205611777,
    -0.008422879522895393,
    -0.011403139943247747,
    1,
    1,
    0.00503659737381669,
    -0.021546209331034814,
    0,
    0,
    2.311882437817225
  ],
  "max_drawdown_threshold": 0.15,
  "strategy_name": "\u63a5\u529b\u5012\u63a5\u529b3"
}