{
  "generation": 50,
  "fitness": 2.695207689094618,
  "total_return": 93.51656,
  "max_drawdown": 0.32698770766025004,
  "sharpe_ratio": 4.739612289343732,
  "params": {
    "per_step_tick_gap": 10,
    "cold_start_steps": 48,
    "max_abserve_tick_steps": 345,
    "max_abserce_avg_price_down_steps": 15,
    "stop_profit_open_hc_pct": -0.13188817791338672,
    "dynamic_hc_stop_profit_thres": 3.5790430947889416,
    "last_close_price_hc_pct": -0.01016757853473301,
    "last_day_sell_thres": 0.18806478903285095,
    "last_day_sell_huiche": 0.008827931699680219,
    "fd_mount": 63985517,
    "fd_vol_pct": 0.23052528970979946,
    "fd_ju_ticks": 1,
    "max_zb_times": 1,
    "stagnation_kline_ticks": 12,
    "decline_kline_ticks": 33,
    "yang_yin_threshold": 0.015112349434803812,
    "stagnation_n": 26,
    "stagnation_volume_ratio_threshold": 98.82224495762719,
    "stagnation_ratio_threshold": 1290,
    "decline_volume_ratio_threshold": 58.7264638345927,
    "max_rebounds": 1,
    "decline_ratio_threshold": 429,
    "flxd_ticks": 299,
    "flzz_ticks": 1172,
    "use_simiple_kline_strategy_flxd": false,
    "use_simiple_kline_strategy_flzz": true,
    "flzz_use_smooth_price": true,
    "flzz_zf_thresh": 0.025142287626625917,
    "kline_sell_flxd_zy": false,
    "kline_sell_flxd_zs": true,
    "kline_sell_flzz_zs": false,
    "kline_sell_flzz_zy": true,
    "last_open_price_hc_pct": -0.021544593026807033,
    "open_price_max_hc": -0.1,
    "loss_per_step_tick_gap": 1,
    "loss_cold_start_steps": 2,
    "loss_max_abserve_tick_steps": 52,
    "loss_max_abserce_avg_price_down_steps": 4,
    "loss_dynamic_hc_stop_profit_thres": 7.658186588510312,
    "loss_last_close_price_hc_pct": -0.07127438208845582,
    "loss_last_open_price_hc_pct": -0.04309142183369441,
    "loss_open_price_max_hc": -0.011269319914785424,
    "loss_down_open_sell_wait_time": true,
    "down_open_sell_wait_time": true,
    "day_zy_line": 0.0054132769978758755,
    "day_zs_line": -0.021531019766549173,
    "sell_afternoon": false,
    "sell_half_afternoon": true,
    "sell_max_days": 2,
    "stop_profit_pct": 0.0,
    "static_hc_stop_profit_pct": 1.0,
    "loss_static_hc_stop_profit_pct": 1.0
  },
  "timestamp": "2025-09-06T04:13:10.663215",
  "individual": [
    10.08989018715702,
    47.544891527855945,
    344.83586608962366,
    15.0,
    -0.13188817791338672,
    3.5790430947889416,
    -0.01016757853473301,
    0.18806478903285095,
    0.008827931699680219,
    63985517.33628151,
    0.23052528970979946,
    1.0,
    1.139342701738995,
    11.516570721705637,
    32.50142453249535,
    0.015112349434803812,
    25.587383593316552,
    98.82224495762719,
    1289.5813554619658,
    58.7264638345927,
    0.9346530588182211,
    428.7264515551409,
    299.1057570830168,
    1172.1250309738696,
    0,
    1,
    1,
    0.025142287626625917,
    0,
    1,
    0,
    1,
    -0.021544593026807033,
    -0.1,
    1.457540781591677,
    2.2591324117763953,
    51.68203063149667,
    4.119474595676823,
    7.658186588510312,
    -0.07127438208845582,
    -0.04309142183369441,
    -0.011269319914785424,
    1,
    1,
    0.0054132769978758755,
    -0.021531019766549173,
    0,
    1,
    2.379554092070746
  ],
  "max_drawdown_threshold": 0.15,
  "strategy_name": "\u63a5\u529b\u5012\u63a5\u529b3"
}