{
  "params": {
    "per_step_tick_gap": 1,
    "cold_start_steps": 35,
    "max_abserve_tick_steps": 756,
    "max_abserce_avg_price_down_steps": 13,
    "stop_profit_open_hc_pct": -0.08289715169711272,
    "dynamic_hc_stop_profit_thres": 5.873626858342443,
    "last_close_price_hc_pct": -0.001059536800572279,
    "last_day_sell_thres": 0.9514681390116997,
    "last_day_sell_huiche": 0.01997115818116928,
    "fd_mount": 67656956,
    "fd_vol_pct": 0.7335172553948014,
    "fd_ju_ticks": 17,
    "max_zb_times": 26,
    "stagnation_kline_ticks": 33,
    "decline_kline_ticks": 33,
    "yang_yin_threshold": 0.002,
    "stagnation_n": 19,
    "stagnation_volume_ratio_threshold": 70.3039204520171,
    "stagnation_ratio_threshold": 403,
    "decline_volume_ratio_threshold": 2.6750113398904984,
    "max_rebounds": 12,
    "decline_ratio_threshold": 951,
    "flxd_ticks": 25,
    "flzz_ticks": 1862,
    "use_simiple_kline_strategy_flxd": true,
    "use_simiple_kline_strategy_flzz": true,
    "flzz_use_smooth_price": true,
    "flzz_zf_thresh": 0.02351603200443779,
    "kline_sell_flxd_zy": true,
    "kline_sell_flxd_zs": true,
    "kline_sell_flzz_zs": true,
    "kline_sell_flzz_zy": true,
    "last_open_price_hc_pct": -0.07220555931236056,
    "open_price_max_hc": 0.0,
    "loss_per_step_tick_gap": 23,
    "loss_cold_start_steps": 4,
    "loss_max_abserve_tick_steps": 137,
    "loss_max_abserce_avg_price_down_steps": 5,
    "loss_dynamic_hc_stop_profit_thres": 6.157542225686702,
    "loss_last_close_price_hc_pct": 0.00842432222017839,
    "loss_last_open_price_hc_pct": -0.07305958580070385,
    "loss_open_price_max_hc": -0.04765865091598595,
    "loss_down_open_sell_wait_time": false,
    "down_open_sell_wait_time": false,
    "day_zy_line": 0.1190705263286383,
    "day_zs_line": -0.025177851049818817,
    "sell_afternoon": false,
    "sell_half_afternoon": true,
    "sell_max_days": 3,
    "stop_profit_pct": 0.0,
    "static_hc_stop_profit_pct": 1.0,
    "loss_static_hc_stop_profit_pct": 1.0
  },
  "fitness": 8.152264138969603,
  "return": 85.66841500000004,
  "drawdown": 0.2371921918708309,
  "sharpe": 8.90792468287239,
  "individual": [
    1.0794571465203875,
    35.188075835210086,
    755.6184337515349,
    12.723485427250303,
    -0.08289715169711272,
    5.873626858342443,
    -0.001059536800572279,
    0.9514681390116997,
    0.01997115818116928,
    67656955.86107284,
    0.7335172553948014,
    17.14790336773808,
    26.289343246825396,
    32.85821800586883,
    33.13202624128165,
    0.002,
    18.952086990941744,
    70.3039204520171,
    403.3452452951701,
    2.6750113398904984,
    12.002306724528566,
    951.3318148709651,
    24.827521817293462,
    1861.7210942275701,
    1,
    1,
    1,
    0.02351603200443779,
    1,
    1,
    1,
    1,
    -0.07220555931236056,
    0.0,
    22.64006390230268,
    3.691356338950031,
    136.7708766776181,
    5.321772551673503,
    6.157542225686702,
    0.00842432222017839,
    -0.07305958580070385,
    -0.04765865091598595,
    0,
    0,
    0.1190705263286383,
    -0.025177851049818817,
    0,
    1,
    3.0380614981718868
  ],
  "max_drawdown_threshold": 0.25,
  "strategy_name": "\u9ad8\u5f3a\u4e2d\u4f4e\u5f00\u4f4e\u5438\u524d1"
}