{
  "generation": 20,
  "fitness": 7.885693270734337,
  "total_return": 78.90935500000002,
  "max_drawdown": 0.23695056443174903,
  "sharpe_ratio": 8.741268250589867,
  "params": {
    "per_step_tick_gap": 4,
    "cold_start_steps": 32,
    "max_abserve_tick_steps": 487,
    "max_abserce_avg_price_down_steps": 15,
    "stop_profit_open_hc_pct": -0.08662888461208834,
    "dynamic_hc_stop_profit_thres": 5.127809173034191,
    "last_close_price_hc_pct": -0.0017218392571822574,
    "last_day_sell_thres": 0.9336848575460847,
    "last_day_sell_huiche": 0.019180737717344253,
    "fd_mount": 58501409,
    "fd_vol_pct": 0.75,
    "fd_ju_ticks": 30,
    "max_zb_times": 29,
    "stagnation_kline_ticks": 33,
    "decline_kline_ticks": 28,
    "yang_yin_threshold": 0.013142573948736514,
    "stagnation_n": 16,
    "stagnation_volume_ratio_threshold": 71.33033219167949,
    "stagnation_ratio_threshold": 396,
    "decline_volume_ratio_threshold": 14.350772282518472,
    "max_rebounds": 12,
    "decline_ratio_threshold": 1153,
    "flxd_ticks": 1,
    "flzz_ticks": 1816,
    "use_simiple_kline_strategy_flxd": true,
    "use_simiple_kline_strategy_flzz": true,
    "flzz_use_smooth_price": true,
    "flzz_zf_thresh": 0.028106179249393987,
    "kline_sell_flxd_zy": true,
    "kline_sell_flxd_zs": true,
    "kline_sell_flzz_zs": true,
    "kline_sell_flzz_zy": true,
    "last_open_price_hc_pct": -0.07331006448587599,
    "open_price_max_hc": 0.0,
    "loss_per_step_tick_gap": 25,
    "loss_cold_start_steps": 3,
    "loss_max_abserve_tick_steps": 135,
    "loss_max_abserce_avg_price_down_steps": 5,
    "loss_dynamic_hc_stop_profit_thres": 4.283770722543091,
    "loss_last_close_price_hc_pct": 0.01,
    "loss_last_open_price_hc_pct": -0.055452260618966805,
    "loss_open_price_max_hc": -0.0370543322522451,
    "loss_down_open_sell_wait_time": false,
    "down_open_sell_wait_time": false,
    "day_zy_line": 0.12767119673727056,
    "day_zs_line": -0.025356868253170226,
    "sell_afternoon": false,
    "sell_half_afternoon": false,
    "sell_max_days": 3,
    "stop_profit_pct": 0.0,
    "static_hc_stop_profit_pct": 1.0,
    "loss_static_hc_stop_profit_pct": 1.0
  },
  "timestamp": "2025-09-06T09:34:14.316558",
  "individual": [
    4.006736422415856,
    31.61078664467435,
    487.11231874293446,
    14.529817608601077,
    -0.08662888461208834,
    5.127809173034191,
    -0.0017218392571822574,
    0.9336848575460847,
    0.019180737717344253,
    58501409.30771014,
    0.75,
    30.36960016625143,
    28.81687588229527,
    32.78801093184587,
    28.19019242617271,
    0.013142573948736514,
    16.100751911695095,
    71.33033219167949,
    395.95672445225296,
    14.350772282518472,
    11.829402997435306,
    1153.3295225255074,
    0.6722513165700389,
    1815.8085244616022,
    1,
    1,
    1,
    0.028106179249393987,
    1,
    1,
    1,
    1,
    -0.07331006448587599,
    0.0,
    24.97029652943511,
    3.33618220298575,
    135.09459250298747,
    5.418245044627608,
    4.283770722543091,
    0.01,
    -0.055452260618966805,
    -0.0370543322522451,
    0,
    0,
    0.12767119673727056,
    -0.025356868253170226,
    0,
    0,
    2.9111595793698988
  ],
  "max_drawdown_threshold": 0.25,
  "strategy_name": "\u9ad8\u5f3a\u4e2d\u4f4e\u5f00\u4f4e\u5438\u524d1"
}