{
  "generation": 40,
  "fitness": 8.14419284708183,
  "total_return": 85.72127500000003,
  "max_drawdown": 0.23719405981003006,
  "sharpe_ratio": 8.87577172616503,
  "params": {
    "per_step_tick_gap": 1,
    "cold_start_steps": 35,
    "max_abserve_tick_steps": 579,
    "max_abserce_avg_price_down_steps": 13,
    "stop_profit_open_hc_pct": -0.08845114042314255,
    "dynamic_hc_stop_profit_thres": 5.636504400824704,
    "last_close_price_hc_pct": -0.0014075961713322838,
    "last_day_sell_thres": 0.9483627968253298,
    "last_day_sell_huiche": 0.019976326782966375,
    "fd_mount": 77755510,
    "fd_vol_pct": 0.7239963536077971,
    "fd_ju_ticks": 20,
    "max_zb_times": 29,
    "stagnation_kline_ticks": 33,
    "decline_kline_ticks": 27,
    "yang_yin_threshold": 0.002,
    "stagnation_n": 19,
    "stagnation_volume_ratio_threshold": 86.35745941622844,
    "stagnation_ratio_threshold": 402,
    "decline_volume_ratio_threshold": 6.092535607074362,
    "max_rebounds": 12,
    "decline_ratio_threshold": 1042,
    "flxd_ticks": 21,
    "flzz_ticks": 1846,
    "use_simiple_kline_strategy_flxd": true,
    "use_simiple_kline_strategy_flzz": true,
    "flzz_use_smooth_price": true,
    "flzz_zf_thresh": 0.02336138846592507,
    "kline_sell_flxd_zy": true,
    "kline_sell_flxd_zs": true,
    "kline_sell_flzz_zs": true,
    "kline_sell_flzz_zy": true,
    "last_open_price_hc_pct": -0.07036093580804735,
    "open_price_max_hc": -0.020416018134487984,
    "loss_per_step_tick_gap": 23,
    "loss_cold_start_steps": 4,
    "loss_max_abserve_tick_steps": 130,
    "loss_max_abserce_avg_price_down_steps": 5,
    "loss_dynamic_hc_stop_profit_thres": 6.439109724907823,
    "loss_last_close_price_hc_pct": 0.008727971474340956,
    "loss_last_open_price_hc_pct": -0.07135014653903628,
    "loss_open_price_max_hc": -0.04385425020574928,
    "loss_down_open_sell_wait_time": false,
    "down_open_sell_wait_time": false,
    "day_zy_line": 0.1200600722328623,
    "day_zs_line": -0.024610922313296327,
    "sell_afternoon": false,
    "sell_half_afternoon": false,
    "sell_max_days": 3,
    "stop_profit_pct": 0.0,
    "static_hc_stop_profit_pct": 1.0,
    "loss_static_hc_stop_profit_pct": 1.0
  },
  "timestamp": "2025-09-06T09:37:08.377811",
  "individual": [
    1.0,
    35.071086865726954,
    579.30304623927,
    13.303383223387325,
    -0.08845114042314255,
    5.636504400824704,
    -0.0014075961713322838,
    0.9483627968253298,
    0.019976326782966375,
    77755510.08226383,
    0.7239963536077971,
    19.968102796657092,
    28.585274027926815,
    32.90777870553957,
    27.255433609532055,
    0.002,
    19.37728548246566,
    86.35745941622844,
    401.73188217353794,
    6.092535607074362,
    11.980718628379528,
    1042.499848937425,
    21.427638000734127,
    1846.1128168493033,
    1,
    1,
    1,
    0.02336138846592507,
    1,
    1,
    1,
    1,
    -0.07036093580804735,
    -0.020416018134487984,
    22.60731850350218,
    3.947397140758864,
    130.38126833352712,
    5.329266726112931,
    6.439109724907823,
    0.008727971474340956,
    -0.07135014653903628,
    -0.04385425020574928,
    0,
    0,
    0.1200600722328623,
    -0.024610922313296327,
    0,
    0,
    3.040085115976861
  ],
  "max_drawdown_threshold": 0.25,
  "strategy_name": "\u9ad8\u5f3a\u4e2d\u4f4e\u5f00\u4f4e\u5438\u524d1"
}