{
  "generation": 30,
  "fitness": 8.095903328172495,
  "total_return": 84.82151500000003,
  "max_drawdown": 0.24436122980986466,
  "sharpe_ratio": 8.895826872192785,
  "params": {
    "per_step_tick_gap": 4,
    "cold_start_steps": 32,
    "max_abserve_tick_steps": 476,
    "max_abserce_avg_price_down_steps": 15,
    "stop_profit_open_hc_pct": -0.08127331211835838,
    "dynamic_hc_stop_profit_thres": 4.8741822254840965,
    "last_close_price_hc_pct": -0.0017468593149694337,
    "last_day_sell_thres": 0.9165834855169945,
    "last_day_sell_huiche": 0.019843614929622513,
    "fd_mount": 63798741,
    "fd_vol_pct": 0.7492696248301611,
    "fd_ju_ticks": 36,
    "max_zb_times": 26,
    "stagnation_kline_ticks": 33,
    "decline_kline_ticks": 29,
    "yang_yin_threshold": 0.01299436852430155,
    "stagnation_n": 19,
    "stagnation_volume_ratio_threshold": 70.67569921964065,
    "stagnation_ratio_threshold": 418,
    "decline_volume_ratio_threshold": 11.965220167694152,
    "max_rebounds": 12,
    "decline_ratio_threshold": 1342,
    "flxd_ticks": 0,
    "flzz_ticks": 1815,
    "use_simiple_kline_strategy_flxd": true,
    "use_simiple_kline_strategy_flzz": true,
    "flzz_use_smooth_price": true,
    "flzz_zf_thresh": 0.023622614714321782,
    "kline_sell_flxd_zy": true,
    "kline_sell_flxd_zs": true,
    "kline_sell_flzz_zs": true,
    "kline_sell_flzz_zy": true,
    "last_open_price_hc_pct": -0.07559336970688466,
    "open_price_max_hc": -0.013460842895099792,
    "loss_per_step_tick_gap": 23,
    "loss_cold_start_steps": 1,
    "loss_max_abserve_tick_steps": 138,
    "loss_max_abserce_avg_price_down_steps": 5,
    "loss_dynamic_hc_stop_profit_thres": 4.438351300125725,
    "loss_last_close_price_hc_pct": 0.01,
    "loss_last_open_price_hc_pct": -0.04638656575215386,
    "loss_open_price_max_hc": -0.03838880522912994,
    "loss_down_open_sell_wait_time": false,
    "down_open_sell_wait_time": false,
    "day_zy_line": 0.12457181919616096,
    "day_zs_line": -0.02377362330732754,
    "sell_afternoon": false,
    "sell_half_afternoon": true,
    "sell_max_days": 3,
    "stop_profit_pct": 0.0,
    "static_hc_stop_profit_pct": 1.0,
    "loss_static_hc_stop_profit_pct": 1.0
  },
  "timestamp": "2025-09-06T09:35:43.021904",
  "individual": [
    4.191233065187977,
    31.612613361563383,
    475.50031018823864,
    14.917011921879936,
    -0.08127331211835838,
    4.8741822254840965,
    -0.0017468593149694337,
    0.9165834855169945,
    0.019843614929622513,
    63798740.87285613,
    0.7492696248301611,
    36.385228251559056,
    26.351202868537793,
    32.90751426177254,
    28.91955741802881,
    0.01299436852430155,
    18.77265384898808,
    70.67569921964065,
    417.94735141862236,
    11.965220167694152,
    11.789749926500052,
    1342.3958682149437,
    0.08675151339335356,
    1815.2315349178193,
    1,
    1,
    1,
    0.023622614714321782,
    1,
    1,
    1,
    1,
    -0.07559336970688466,
    -0.013460842895099792,
    23.03531189683492,
    0.7773053541569571,
    138.3909093578796,
    5.434593895740355,
    4.438351300125725,
    0.01,
    -0.04638656575215386,
    -0.03838880522912994,
    0,
    0,
    0.12457181919616096,
    -0.02377362330732754,
    0,
    1,
    2.85982669257574
  ],
  "max_drawdown_threshold": 0.25,
  "strategy_name": "\u9ad8\u5f3a\u4e2d\u4f4e\u5f00\u4f4e\u5438\u524d1"
}