{
  "gen": [
    0,
    1,
    2,
    3,
    4,
    5,
    6,
    7,
    8,
    9,
    10,
    11,
    12,
    13,
    14,
    15,
    16,
    17,
    18,
    19,
    20,
    21,
    22,
    23,
    24,
    25,
    26,
    27,
    28,
    29,
    30,
    31,
    32,
    33,
    34,
    35,
    36,
    37,
    38,
    39,
    40,
    41,
    42,
    43,
    44,
    45,
    46,
    47,
    48,
    49,
    50,
    51,
    52,
    53,
    54,
    55,
    56,
    57,
    58,
    59,
    60,
    61,
    62,
    63,
    64,
    65,
    66
  ],
  "best_fitness": [
    5.049447656567792,
    5.049447656567792,
    5.183706037460483,
    6.205486818481856,
    6.4241596957087745,
    6.4241596957087745,
    6.467647550008666,
    6.776833622506311,
    7.342206988752008,
    7.342206988752008,
    7.442181451693744,
    7.442181451693744,
    7.57993036873055,
    7.6294018896984115,
    7.71216959502369,
    7.71216959502369,
    7.71216959502369,
    7.738249681840732,
    7.779276768711478,
    7.885693270734337,
    7.885693270734337,
    7.987332944357585,
    7.987332944357585,
    8.019376904292738,
    8.019376904292738,
    8.019376904292738,
    8.019666130502985,
    8.019666130502985,
    8.031706665509654,
    8.095903328172495,
    8.095903328172495,
    8.098772069199175,
    8.10049142471059,
    8.10049142471059,
    8.10049142471059,
    8.12156885723899,
    8.12156885723899,
    8.125168762333388,
    8.137438543015287,
    8.137438543015287,
    8.14419284708183,
    8.148788052490952,
    8.148788052490952,
    8.148788052490952,
    8.148788052490952,
    8.149969856850815,
    8.152264138969603,
    8.152264138969603,
    8.152264138969603,
    8.152264138969603,
    8.152264138969603,
    8.152264138969603,
    8.152264138969603,
    8.152264138969603,
    8.152264138969603,
    8.152264138969603,
    8.152264138969603,
    8.152264138969603,
    8.152264138969603,
    8.152264138969603,
    8.152264138969603,
    8.152264138969603,
    8.152264138969603,
    8.152264138969603,
    8.152264138969603,
    8.152264138969603,
    8.152264138969603
  ],
  "best_return": [
    25.305674999999994,
    25.305674999999994,
    24.869244999999996,
    42.09741500000001,
    44.779085000000016,
    44.779085000000016,
    54.91393999999999,
    52.6160975,
    66.799955,
    66.799955,
    69.05143,
    69.05143,
    69.161235,
    73.356285,
    75.19298,
    75.19298,
    75.19298,
    75.36301999999999,
    77.03581000000003,
    78.90935500000002,
    78.90935500000002,
    81.83010500000002,
    81.83010500000002,
    82.91574000000004,
    82.91574000000004,
    82.91574000000004,
    82.74105500000003,
    82.74105500000003,
    82.38098000000004,
    84.82151500000003,
    84.82151500000003,
    85.17546000000004,
    84.94801500000004,
    84.94801500000004,
    84.94801500000004,
    84.80475500000004,
    84.80475500000004,
    84.90262000000004,
    85.42874500000003,
    85.42874500000003,
    85.72127500000003,
    85.84868500000003,
    85.84868500000003,
    85.84868500000003,
    85.84868500000003,
    85.60487000000003,
    85.66841500000004,
    85.66841500000004,
    85.66841500000004,
    85.66841500000004,
    85.66841500000004,
    85.66841500000004,
    85.66841500000004,
    85.66841500000004,
    85.66841500000004,
    85.66841500000004,
    85.66841500000004,
    85.66841500000004,
    85.66841500000004,
    85.66841500000004,
    85.66841500000004,
    85.66841500000004,
    85.66841500000004,
    85.66841500000004,
    85.66841500000004,
    85.66841500000004,
    85.66841500000004
  ],
  "best_drawdown": [
    0.25292364641322507,
    0.25292364641322507,
    0.24885921812663078,
    0.2435033915785485,
    0.24052303719979062,
    0.24052303719979062,
    0.26048121060464513,
    0.23634573157468242,
    0.2464784738808211,
    0.2464784738808211,
    0.24588619773485418,
    0.24588619773485418,
    0.23635311761499875,
    0.24349348194738898,
    0.24436664121091062,
    0.24436664121091062,
    0.24436664121091062,
    0.2341194308976724,
    0.24350382372359317,
    0.23695056443174903,
    0.23695056443174903,
    0.23604290168069794,
    0.23604290168069794,
    0.23719452069236313,
    0.23719452069236313,
    0.23719452069236313,
    0.24436043965545992,
    0.24436043965545992,
    0.2372004437845215,
    0.24436122980986466,
    0.24436122980986466,
    0.2443705593707568,
    0.24436122980986466,
    0.24436122980986466,
    0.24436122980986466,
    0.2372019922737204,
    0.2372019922737204,
    0.23720135415123295,
    0.23720117940814642,
    0.23720117940814642,
    0.23719405981003006,
    0.23719405981003006,
    0.23719405981003006,
    0.23719405981003006,
    0.23719405981003006,
    0.2371921918708309,
    0.2371921918708309,
    0.2371921918708309,
    0.2371921918708309,
    0.2371921918708309,
    0.2371921918708309,
    0.2371921918708309,
    0.2371921918708309,
    0.2371921918708309,
    0.2371921918708309,
    0.2371921918708309,
    0.2371921918708309,
    0.2371921918708309,
    0.2371921918708309,
    0.2371921918708309,
    0.2371921918708309,
    0.2371921918708309,
    0.2371921918708309,
    0.2371921918708309,
    0.2371921918708309,
    0.2371921918708309,
    0.2371921918708309
  ],
  "best_sharpe": [
    7.542838119002073,
    7.542838119002073,
    7.906038800749829,
    7.997627726194162,
    8.31685667367184,
    8.31685667367184,
    8.339023367794066,
    8.275538556940772,
    8.424993651545682,
    8.424993651545682,
    8.484385442072428,
    8.484385442072428,
    8.83986345542139,
    8.582937572135036,
    8.661896202941149,
    8.661896202941149,
    8.661896202941149,
    8.610883425550623,
    8.669398367845334,
    8.741268250589867,
    8.741268250589867,
    8.752097722833962,
    8.752097722833962,
    8.756539481566927,
    8.756539481566927,
    8.756539481566927,
    8.861744686975847,
    8.861744686975847,
    8.854578044635733,
    8.895826872192785,
    8.895826872192785,
    8.868489065640397,
    8.897842768746873,
    8.897842768746873,
    8.897842768746873,
    8.896480510684015,
    8.896480510684015,
    8.898159357793208,
    8.883886381872015,
    8.883886381872015,
    8.87577172616503,
    8.87776086013725,
    8.87776086013725,
    8.87776086013725,
    8.87776086013725,
    8.906936812095891,
    8.90792468287239,
    8.90792468287239,
    8.90792468287239,
    8.90792468287239,
    8.90792468287239,
    8.90792468287239,
    8.90792468287239,
    8.90792468287239,
    8.90792468287239,
    8.90792468287239,
    8.90792468287239,
    8.90792468287239,
    8.90792468287239,
    8.90792468287239,
    8.90792468287239,
    8.90792468287239,
    8.90792468287239,
    8.90792468287239,
    8.90792468287239,
    8.90792468287239,
    8.90792468287239
  ],