{
  "generation": 50,
  "fitness": 3.835989572043008,
  "total_return": 15.708115,
  "max_drawdown": 0.22872328336227404,
  "sharpe_ratio": 4.891128668051984,
  "params": {
    "per_step_tick_gap": 4,
    "cold_start_steps": 3,
    "max_abserve_tick_steps": 646,
    "max_abserce_avg_price_down_steps": 9,
    "stop_profit_open_hc_pct": -0.09597739478909482,
    "dynamic_hc_stop_profit_thres": 0.9788173055127432,
    "last_close_price_hc_pct": -0.0318141816487785,
    "last_day_sell_thres": 0.34428523731932303,
    "last_day_sell_huiche": 0.009053059499463079,
    "fd_mount": 135179433,
    "fd_vol_pct": 0.2278530967455072,
    "fd_ju_ticks": 2,
    "max_zb_times": 4,
    "stagnation_kline_ticks": 32,
    "decline_kline_ticks": 44,
    "yang_yin_threshold": 0.002,
    "stagnation_n": 30,
    "stagnation_volume_ratio_threshold": 85.2856115153276,
    "stagnation_ratio_threshold": 953,
    "decline_volume_ratio_threshold": 31.001696407995134,
    "max_rebounds": 11,
    "decline_ratio_threshold": 131,
    "flxd_ticks": 43,
    "flzz_ticks": 483,
    "use_simiple_kline_strategy_flxd": true,
    "use_simiple_kline_strategy_flzz": true,
    "flzz_use_smooth_price": false,
    "flzz_zf_thresh": 0.08002003354793819,
    "kline_sell_flxd_zy": false,
    "kline_sell_flxd_zs": false,
    "kline_sell_flzz_zs": false,
    "kline_sell_flzz_zy": true,
    "last_open_price_hc_pct": -0.06571993720230847,
    "open_price_max_hc": -0.07666066601742266,
    "loss_per_step_tick_gap": 1,
    "loss_cold_start_steps": 1,
    "loss_max_abserve_tick_steps": 5,
    "loss_max_abserce_avg_price_down_steps": 13,
    "loss_dynamic_hc_stop_profit_thres": 0.13050837919753777,
    "loss_last_close_price_hc_pct": 0.009748557779177982,
    "loss_last_open_price_hc_pct": 0.009999999999999998,
    "loss_open_price_max_hc": 0.0,
    "loss_down_open_sell_wait_time": false,
    "down_open_sell_wait_time": true,
    "day_zy_line": 0.0972295870491116,
    "day_zs_line": 0.0,
    "sell_afternoon": true,
    "sell_half_afternoon": false,
    "sell_max_days": 3,
    "stop_profit_pct": 0.0,
    "static_hc_stop_profit_pct": 1.0,
    "loss_static_hc_stop_profit_pct": 1.0
  },
  "timestamp": "2025-09-04T23:33:24.171702",
  "individual": [
    3.6379809002889654,
    3.1106092967772354,
    646.0803874961296,
    8.6840745357208,
    -0.09597739478909482,
    0.9788173055127432,
    -0.0318141816487785,
    0.34428523731932303,
    0.009053059499463079,
    135179433.4043582,
    0.2278530967455072,
    1.7108626584148452,
    4.037281030547612,
    32.21021455152369,
    44.061112302621865,
    0.002,
    30.0,
    85.2856115153276,
    953.0921807639112,
    31.001696407995134,
    11.339205089986677,
    131.3614383395966,
    43.45454830757468,
    483.26058183869816,
    1,
    1,
    0,
    0.08002003354793819,
    0,
    0,
    0,
    1,
    -0.06571993720230847,
    -0.07666066601742266,
    1.092022822511119,
    1.0884399403102416,
    5.0,
    13.329402999679836,
    0.13050837919753777,
    0.009748557779177982,
    0.009999999999999998,
    0.0,
    0,
    1,
    0.0972295870491116,
    0.0,
    1,
    0,
    2.891658571426909
  ]
}