{
  "generation": 80,
  "fitness": 3.9241506549129146,
  "total_return": 16.57906,
  "max_drawdown": 0.22658193051099249,
  "sharpe_ratio": 4.950356512995572,
  "params": {
    "per_step_tick_gap": 3,
    "cold_start_steps": 0,
    "max_abserve_tick_steps": 665,
    "max_abserce_avg_price_down_steps": 10,
    "stop_profit_open_hc_pct": -0.10470649060659085,
    "dynamic_hc_stop_profit_thres": 1.783821832237422,
    "last_close_price_hc_pct": -0.03985115710332191,
    "last_day_sell_thres": 0.530730248793767,
    "last_day_sell_huiche": 0.009693000077103109,
    "fd_mount": 135292028,
    "fd_vol_pct": 0.286491695699503,
    "fd_ju_ticks": 4,
    "max_zb_times": 18,
    "stagnation_kline_ticks": 46,
    "decline_kline_ticks": 42,
    "yang_yin_threshold": 0.0036395018924217687,
    "stagnation_n": 25,
    "stagnation_volume_ratio_threshold": 75.22410236194513,
    "stagnation_ratio_threshold": 49,
    "decline_volume_ratio_threshold": 1.1,
    "max_rebounds": 12,
    "decline_ratio_threshold": 34,
    "flxd_ticks": 27,
    "flzz_ticks": 576,
    "use_simiple_kline_strategy_flxd": true,
    "use_simiple_kline_strategy_flzz": true,
    "flzz_use_smooth_price": true,
    "flzz_zf_thresh": 0.07495770942918142,
    "kline_sell_flxd_zy": false,
    "kline_sell_flxd_zs": false,
    "kline_sell_flzz_zs": false,
    "kline_sell_flzz_zy": true,
    "last_open_price_hc_pct": -0.07744853329701563,
    "open_price_max_hc": -0.1,
    "loss_per_step_tick_gap": 1,
    "loss_cold_start_steps": 1,
    "loss_max_abserve_tick_steps": 5,
    "loss_max_abserce_avg_price_down_steps": 6,
    "loss_dynamic_hc_stop_profit_thres": 0.12693458816461012,
    "loss_last_close_price_hc_pct": 0.009936012822589713,
    "loss_last_open_price_hc_pct": 0.009193032686900228,
    "loss_open_price_max_hc": 0.0,
    "loss_down_open_sell_wait_time": true,
    "down_open_sell_wait_time": true,
    "day_zy_line": 0.09692534559230684,
    "day_zs_line": -3.725138613927525e-05,
    "sell_afternoon": true,
    "sell_half_afternoon": false,
    "sell_max_days": 3,
    "stop_profit_pct": 0.0,
    "static_hc_stop_profit_pct": 1.0,
    "loss_static_hc_stop_profit_pct": 1.0
  },
  "timestamp": "2025-09-04T23:36:06.233659",
  "individual": [
    3.2216698805780672,
    0.0,
    664.584730576296,
    9.565548598330126,
    -0.10470649060659085,
    1.783821832237422,
    -0.03985115710332191,
    0.530730248793767,
    0.009693000077103109,
    135292028.2773181,
    0.286491695699503,
    4.158158382869573,
    18.01925699450169,
    45.551086983863684,
    41.805192078855214,
    0.0036395018924217687,
    24.829558988898444,
    75.22410236194513,
    49.446818537605,
    1.1,
    12.174713651514532,
    33.97866782353084,
    27.264949114707346,
    576.0605648844229,
    1,
    1,
    1,
    0.07495770942918142,
    0,
    0,
    0,
    1,
    -0.07744853329701563,
    -0.1,
    1.0697919293878193,
    0.9508113604074682,
    5.209952051218014,
    6.005929936412805,
    0.12693458816461012,
    0.009936012822589713,
    0.009193032686900228,
    0.0,
    1,
    1,
    0.09692534559230684,
    -3.725138613927525e-05,
    1,
    0,
    2.705317928112452
  ]
}