{
  "generation": 70,
  "fitness": 3.9170701678439452,
  "total_return": 16.513325,
  "max_drawdown": 0.22665484248186205,
  "sharpe_ratio": 4.943417674339254,
  "params": {
    "per_step_tick_gap": 3,
    "cold_start_steps": 3,
    "max_abserve_tick_steps": 644,
    "max_abserce_avg_price_down_steps": 10,
    "stop_profit_open_hc_pct": -0.11280831118410663,
    "dynamic_hc_stop_profit_thres": 1.9643704086468696,
    "last_close_price_hc_pct": -0.0395772436479522,
    "last_day_sell_thres": 0.38540774510628273,
    "last_day_sell_huiche": 0.009587576348986796,
    "fd_mount": 133966798,
    "fd_vol_pct": 0.28611696867139363,
    "fd_ju_ticks": 1,
    "max_zb_times": 17,
    "stagnation_kline_ticks": 46,
    "decline_kline_ticks": 29,
    "yang_yin_threshold": 0.012741888484557111,
    "stagnation_n": 21,
    "stagnation_volume_ratio_threshold": 68.41085280803806,
    "stagnation_ratio_threshold": 50,
    "decline_volume_ratio_threshold": 2.0277926204528303,
    "max_rebounds": 13,
    "decline_ratio_threshold": 81,
    "flxd_ticks": 38,
    "flzz_ticks": 533,
    "use_simiple_kline_strategy_flxd": true,
    "use_simiple_kline_strategy_flzz": true,
    "flzz_use_smooth_price": false,
    "flzz_zf_thresh": 0.07647244730188094,
    "kline_sell_flxd_zy": false,
    "kline_sell_flxd_zs": false,
    "kline_sell_flzz_zs": false,
    "kline_sell_flzz_zy": true,
    "last_open_price_hc_pct": -0.06346863198041397,
    "open_price_max_hc": -0.07263316142824884,
    "loss_per_step_tick_gap": 1,
    "loss_cold_start_steps": 1,
    "loss_max_abserve_tick_steps": 5,
    "loss_max_abserce_avg_price_down_steps": 8,
    "loss_dynamic_hc_stop_profit_thres": 0.12696075190007433,
    "loss_last_close_price_hc_pct": 0.00993455610465272,
    "loss_last_open_price_hc_pct": 0.009968476625740092,
    "loss_open_price_max_hc": 0.0,
    "loss_down_open_sell_wait_time": true,
    "down_open_sell_wait_time": true,
    "day_zy_line": 0.09709768314516123,
    "day_zs_line": 0.0,
    "sell_afternoon": true,
    "sell_half_afternoon": false,
    "sell_max_days": 3,
    "stop_profit_pct": 0.0,
    "static_hc_stop_profit_pct": 1.0,
    "loss_static_hc_stop_profit_pct": 1.0
  },
  "timestamp": "2025-09-04T23:35:13.892949",
  "individual": [
    2.6144459480832416,
    2.9183560090834177,
    643.8495106051128,
    9.646252139949487,
    -0.11280831118410663,
    1.9643704086468696,
    -0.0395772436479522,
    0.38540774510628273,
    0.009587576348986796,
    133966797.99331447,
    0.28611696867139363,
    1.1602104799138961,
    17.379911799349834,
    45.66169528906898,
    29.148296195354362,
    0.012741888484557111,
    21.4393954860404,
    68.41085280803806,
    49.95671687416942,
    2.0277926204528303,
    12.586829331320327,
    81.47100892600295,
    37.83733347318427,
    532.787382982548,
    1,
    1,
    0,
    0.07647244730188094,
    0,
    0,
    0,
    1,
    -0.06346863198041397,
    -0.07263316142824884,
    1.4075126117351986,
    1.0892455384535331,
    5.118797904168319,
    8.06565379664774,
    0.12696075190007433,
    0.00993455610465272,
    0.009968476625740092,
    0.0,
    1,
    1,
    0.09709768314516123,
    0.0,
    1,
    0,
    2.9464491917029187
  ]
}