{
  "generation": 70,
  "fitness": 4.122701113338754,
  "total_return": 132.058915,
  "max_drawdown": 0.37937792175894863,
  "sharpe_ratio": 5.525904337381017,
  "params": {
    "per_step_tick_gap": 2,
    "cold_start_steps": 1,
    "max_abserve_tick_steps": 159,
    "max_abserce_avg_price_down_steps": 6,
    "stop_profit_open_hc_pct": -0.04500654164683364,
    "dynamic_hc_stop_profit_thres": 1.871292128565229,
    "last_close_price_hc_pct": 0.00454236490389699,
    "last_day_sell_thres": 1.0,
    "last_day_sell_huiche": 0.014756428527664274,
    "fd_mount": 100220895,
    "fd_vol_pct": 0.7180300089726452,
    "fd_ju_ticks": 1,
    "max_zb_times": 1,
    "stagnation_kline_ticks": 3,
    "decline_kline_ticks": 16,
    "yang_yin_threshold": 0.02415651880558323,
    "stagnation_n": 6,
    "stagnation_volume_ratio_threshold": 32.23513545493837,
    "stagnation_ratio_threshold": 550,
    "decline_volume_ratio_threshold": 88.24453697681786,
    "max_rebounds": 0,
    "decline_ratio_threshold": 1433,
    "flxd_ticks": 500,
    "flzz_ticks": 1915,
    "use_simiple_kline_strategy_flxd": true,
    "use_simiple_kline_strategy_flzz": false,
    "flzz_use_smooth_price": false,
    "flzz_zf_thresh": 0.004043867722651682,
    "kline_sell_flxd_zy": false,
    "kline_sell_flxd_zs": true,
    "kline_sell_flzz_zs": true,
    "kline_sell_flzz_zy": false,
    "last_open_price_hc_pct": 0.01,
    "open_price_max_hc": -0.016052508005716195,
    "loss_per_step_tick_gap": 5,
    "loss_cold_start_steps": 30,
    "loss_max_abserve_tick_steps": 450,
    "loss_max_abserce_avg_price_down_steps": 1,
    "loss_dynamic_hc_stop_profit_thres": 4.203834611664663,
    "loss_last_close_price_hc_pct": -0.03832948981067333,
    "loss_last_open_price_hc_pct": -0.022510838930081156,
    "loss_open_price_max_hc": -0.09989913299363824,
    "loss_down_open_sell_wait_time": true,
    "down_open_sell_wait_time": true,
    "day_zy_line": 0.0030413240691635,
    "day_zs_line": -0.12901774369242613,
    "sell_afternoon": true,
    "sell_half_afternoon": false,
    "sell_max_days": 2,
    "stop_profit_pct": 0.0,
    "static_hc_stop_profit_pct": 1.0,
    "loss_static_hc_stop_profit_pct": 1.0
  },
  "timestamp": "2025-09-05T18:30:24.642095",
  "individual": [
    2.325357336209447,
    0.7508594422088428,
    158.73061221627438,
    5.791467672026654,
    -0.04500654164683364,
    1.871292128565229,
    0.00454236490389699,
    1.0,
    0.014756428527664274,
    100220895.34008595,
    0.7180300089726452,
    1.0359355195631712,
    1.0,
    3.3146265815978997,
    16.05027537088228,
    0.02415651880558323,
    6.339857895582245,
    32.23513545493837,
    549.7020437993712,
    88.24453697681786,
    0.47905150443615224,
    1432.6901248899576,
    500.0,
    1915.4599226950752,
    1,
    0,
    0,
    0.004043867722651682,
    0,
    1,
    1,
    0,
    0.01,
    -0.016052508005716195,
    4.6593352267690875,
    29.906778036645125,
    449.9772401024822,
    1.1335432970630535,
    4.203834611664663,
    -0.03832948981067333,
    -0.022510838930081156,
    -0.09989913299363824,
    1,
    1,
    0.0030413240691635,
    -0.12901774369242613,
    1,
    0,
    1.7647554381706243
  ],
  "max_drawdown_threshold": 0.26
}