{
  "generation": 30,
  "fitness": 3.8639703748419465,
  "total_return": 110.27670500000002,
  "max_drawdown": 0.37931374729919337,
  "sharpe_ratio": 5.431522696284483,
  "params": {
    "per_step_tick_gap": 2,
    "cold_start_steps": 3,
    "max_abserve_tick_steps": 513,
    "max_abserce_avg_price_down_steps": 5,
    "stop_profit_open_hc_pct": -0.0629656312744404,
    "dynamic_hc_stop_profit_thres": 2.7000502943132263,
    "last_close_price_hc_pct": 0.003865277589019783,
    "last_day_sell_thres": 0.7358838298709799,
    "last_day_sell_huiche": 0.02,
    "fd_mount": 127726500,
    "fd_vol_pct": 0.6929669093414228,
    "fd_ju_ticks": 1,
    "max_zb_times": 1,
    "stagnation_kline_ticks": 16,
    "decline_kline_ticks": 15,
    "yang_yin_threshold": 0.02876292911376987,
    "stagnation_n": 7,
    "stagnation_volume_ratio_threshold": 35.638467166285814,
    "stagnation_ratio_threshold": 402,
    "decline_volume_ratio_threshold": 77.57153393684929,
    "max_rebounds": 0,
    "decline_ratio_threshold": 1500,
    "flxd_ticks": 6,
    "flzz_ticks": 1293,
    "use_simiple_kline_strategy_flxd": true,
    "use_simiple_kline_strategy_flzz": false,
    "flzz_use_smooth_price": false,
    "flzz_zf_thresh": 0.004174223170623633,
    "kline_sell_flxd_zy": false,
    "kline_sell_flxd_zs": true,
    "kline_sell_flzz_zs": false,
    "kline_sell_flzz_zy": true,
    "last_open_price_hc_pct": 0.009894885062386012,
    "open_price_max_hc": -0.017497696402110744,
    "loss_per_step_tick_gap": 4,
    "loss_cold_start_steps": 29,
    "loss_max_abserve_tick_steps": 456,
    "loss_max_abserce_avg_price_down_steps": 1,
    "loss_dynamic_hc_stop_profit_thres": 8.0,
    "loss_last_close_price_hc_pct": -0.04000774219372837,
    "loss_last_open_price_hc_pct": -0.02598393959818708,
    "loss_open_price_max_hc": -0.09954294418559193,
    "loss_down_open_sell_wait_time": false,
    "down_open_sell_wait_time": false,
    "day_zy_line": 0.003049466743348212,
    "day_zs_line": -0.13090888403429185,
    "sell_afternoon": true,
    "sell_half_afternoon": false,
    "sell_max_days": 2,
    "stop_profit_pct": 0.0,
    "static_hc_stop_profit_pct": 1.0,
    "loss_static_hc_stop_profit_pct": 1.0
  },
  "timestamp": "2025-09-05T18:18:07.087074",
  "individual": [
    2.4063930665904585,
    2.733416146874632,
    512.7596046808764,
    5.254587566894035,
    -0.0629656312744404,
    2.7000502943132263,
    0.003865277589019783,
    0.7358838298709799,
    0.02,
    127726500.01305775,
    0.6929669093414228,
    1,
    1.0,
    16.001684098344207,
    15.217219521540827,
    0.02876292911376987,
    6.756957417411053,
    35.638467166285814,
    402.27484390509727,
    77.57153393684929,
    0.4825666673804811,
    1500.0,
    6.210224323504534,
    1292.620753367169,
    1,
    0,
    0,
    0.004174223170623633,
    0,
    1,
    0,
    1,
    0.009894885062386012,
    -0.017497696402110744,
    4.008783208454403,
    29.40999707664014,
    456.0387635581389,
    1.0,
    8,
    -0.04000774219372837,
    -0.02598393959818708,
    -0.09954294418559193,
    0,
    0,
    0.003049466743348212,
    -0.13090888403429185,
    1,
    0,
    1.831018350546873
  ],
  "max_drawdown_threshold": 0.26
}