{
  "generation": 90,
  "fitness": 4.265128383996456,
  "total_return": 133.22806000000003,
  "max_drawdown": 0.37390624849924325,
  "sharpe_ratio": 5.537843207218417,
  "params": {
    "per_step_tick_gap": 2,
    "cold_start_steps": 0,
    "max_abserve_tick_steps": 159,
    "max_abserce_avg_price_down_steps": 6,
    "stop_profit_open_hc_pct": -0.04239439012976507,
    "dynamic_hc_stop_profit_thres": 1.8725476647369208,
    "last_close_price_hc_pct": 0.004521619146582471,
    "last_day_sell_thres": 0.9775256545099421,
    "last_day_sell_huiche": 0.013839657431988806,
    "fd_mount": 104984593,
    "fd_vol_pct": 0.7214006457308264,
    "fd_ju_ticks": 1,
    "max_zb_times": 1,
    "stagnation_kline_ticks": 5,
    "decline_kline_ticks": 14,
    "yang_yin_threshold": 0.024185618523742517,
    "stagnation_n": 7,
    "stagnation_volume_ratio_threshold": 5.7193807490027835,
    "stagnation_ratio_threshold": 551,
    "decline_volume_ratio_threshold": 89.29029600995896,
    "max_rebounds": 1,
    "decline_ratio_threshold": 1435,
    "flxd_ticks": 477,
    "flzz_ticks": 1813,
    "use_simiple_kline_strategy_flxd": true,
    "use_simiple_kline_strategy_flzz": true,
    "flzz_use_smooth_price": false,
    "flzz_zf_thresh": 0.004833448143344951,
    "kline_sell_flxd_zy": false,
    "kline_sell_flxd_zs": true,
    "kline_sell_flzz_zs": true,
    "kline_sell_flzz_zy": false,
    "last_open_price_hc_pct": 0.009979532992141243,
    "open_price_max_hc": -0.016143092964698985,
    "loss_per_step_tick_gap": 3,
    "loss_cold_start_steps": 30,
    "loss_max_abserve_tick_steps": 451,
    "loss_max_abserce_avg_price_down_steps": 1,
    "loss_dynamic_hc_stop_profit_thres": 4.50320639309517,
    "loss_last_close_price_hc_pct": -0.0775284392714473,
    "loss_last_open_price_hc_pct": -0.024139387167938516,
    "loss_open_price_max_hc": -0.09978128903642837,
    "loss_down_open_sell_wait_time": true,
    "down_open_sell_wait_time": true,
    "day_zy_line": 0.0031390790003937483,
    "day_zs_line": -0.12880003034408982,
    "sell_afternoon": true,
    "sell_half_afternoon": false,
    "sell_max_days": 2,
    "stop_profit_pct": 0.0,
    "static_hc_stop_profit_pct": 1.0,
    "loss_static_hc_stop_profit_pct": 1.0
  },
  "timestamp": "2025-09-05T18:35:57.286723",
  "individual": [
    2.244292168333876,
    0.453065475630715,
    159.32761674605325,
    5.708299587093194,
    -0.04239439012976507,
    1.8725476647369208,
    0.004521619146582471,
    0.9775256545099421,
    0.013839657431988806,
    104984593.35440364,
    0.7214006457308264,
    1.028889144224668,
    1.0059187374806546,
    4.830416146304682,
    14.418975389603382,
    0.024185618523742517,
    6.524758196698596,
    5.7193807490027835,
    550.7918027248518,
    89.29029600995896,
    0.5482138864634731,
    1435.0966825830596,
    477.46325285756745,
    1812.9892906246196,
    1,
    1,
    0,
    0.004833448143344951,
    0,
    1,
    1,
    0,
    0.009979532992141243,
    -0.016143092964698985,
    3.1126666679127135,
    29.901873346305454,
    450.85855752414,
    1.0946815972034083,
    4.50320639309517,
    -0.0775284392714473,
    -0.024139387167938516,
    -0.09978128903642837,
    1,
    1,
    0.0031390790003937483,
    -0.12880003034408982,
    1,
    0,
    1.7784225054098235
  ],
  "max_drawdown_threshold": 0.26
}