{
  "generation": 70,
  "fitness": 3.642033872831405,
  "total_return": 9.042589999999995,
  "max_drawdown": 0.18778176668032812,
  "sharpe_ratio": 6.883573925712846,
  "params": {
    "per_step_tick_gap": 1,
    "cold_start_steps": 0,
    "max_abserve_tick_steps": 658,
    "max_abserce_avg_price_down_steps": 2,
    "stop_profit_open_hc_pct": -0.004279675854931019,
    "dynamic_hc_stop_profit_thres": 0.010550990924211053,
    "last_close_price_hc_pct": 0.00957710323913932,
    "last_day_sell_thres": 0.9746712580159438,
    "last_day_sell_huiche": 0.014758120265400541,
    "fd_mount": 105352523,
    "fd_vol_pct": 0.75,
    "fd_ju_ticks": 16,
    "max_zb_times": 25,
    "stagnation_kline_ticks": 4,
    "decline_kline_ticks": 37,
    "yang_yin_threshold": 0.006314122645745632,
    "stagnation_n": 8,
    "stagnation_volume_ratio_threshold": 3.490480317735437,
    "stagnation_ratio_threshold": 16,
    "decline_volume_ratio_threshold": 45.6606349311587,
    "max_rebounds": 0,
    "decline_ratio_threshold": 1279,
    "flxd_ticks": 403,
    "flzz_ticks": 1458,
    "use_simiple_kline_strategy_flxd": true,
    "use_simiple_kline_strategy_flzz": true,
    "flzz_use_smooth_price": false,
    "flzz_zf_thresh": -0.028077715018906456,
    "kline_sell_flxd_zy": false,
    "kline_sell_flxd_zs": true,
    "kline_sell_flzz_zs": true,
    "kline_sell_flzz_zy": true,
    "last_open_price_hc_pct": -0.005303081731916048,
    "open_price_max_hc": -0.000482546757361208,
    "loss_per_step_tick_gap": 14,
    "loss_cold_start_steps": 3,
    "loss_max_abserve_tick_steps": 500,
    "loss_max_abserce_avg_price_down_steps": 15,
    "loss_dynamic_hc_stop_profit_thres": 2.221704469492107,
    "loss_last_close_price_hc_pct": -0.0750162748654097,
    "loss_last_open_price_hc_pct": -0.03240447001160797,
    "loss_open_price_max_hc": -0.020378673236716358,
    "loss_down_open_sell_wait_time": false,
    "down_open_sell_wait_time": false,
    "day_zy_line": 0.08611742141546713,
    "day_zs_line": -0.09863024136977766,
    "sell_afternoon": false,
    "sell_half_afternoon": true,
    "sell_max_days": 3,
    "stop_profit_pct": 0.0,
    "static_hc_stop_profit_pct": 1.0,
    "loss_static_hc_stop_profit_pct": 1.0
  },
  "timestamp": "2025-09-06T17:34:14.951412",
  "individual": [
    1.0,
    0.25402922325322963,
    657.5069768794056,
    1.7728108138327217,
    -0.004279675854931019,
    0.010550990924211053,
    0.00957710323913932,
    0.9746712580159438,
    0.014758120265400541,
    105352522.62302953,
    0.75,
    15.557500325130576,
    24.91472173490098,
    4.294647571279051,
    37.1380004354554,
    0.006314122645745632,
    8.035780276729406,
    3.490480317735437,
    15.797409589546504,
    45.6606349311587,
    0.0,
    1279.2013938391144,
    402.82203249365114,
    1458.0533776725651,
    1,
    1,
    0,
    -0.028077715018906456,
    0,
    1,
    1,
    1,
    -0.005303081731916048,
    -0.000482546757361208,
    13.779447086129446,
    3.1958719001001517,
    500.0,
    14.782540816813997,
    2.221704469492107,
    -0.0750162748654097,
    -0.03240447001160797,
    -0.020378673236716358,
    0,
    0,
    0.08611742141546713,
    -0.09863024136977766,
    0,
    1,
    3.4456440923579086
  ],
  "max_drawdown_threshold": 0.25,
  "strategy_name": "\u4e2d\u4f4d\u5c0f\u4f4e\u5f00\u4f4e\u5438"
}