{
  "generation": 30,
  "fitness": 3.616548267620051,
  "total_return": 8.912044999999997,
  "max_drawdown": 0.18778176668032812,
  "sharpe_ratio": 6.837351226220964,
  "params": {
    "per_step_tick_gap": 1,
    "cold_start_steps": 0,
    "max_abserve_tick_steps": 972,
    "max_abserce_avg_price_down_steps": 5,
    "stop_profit_open_hc_pct": -0.0010802584568163505,
    "dynamic_hc_stop_profit_thres": 0.010380040130340882,
    "last_close_price_hc_pct": 0.01,
    "last_day_sell_thres": 0.8004607970077582,
    "last_day_sell_huiche": 0.01639161280799152,
    "fd_mount": 98593273,
    "fd_vol_pct": 0.6961686260860956,
    "fd_ju_ticks": 40,
    "max_zb_times": 26,
    "stagnation_kline_ticks": 4,
    "decline_kline_ticks": 28,
    "yang_yin_threshold": 0.004257931672797888,
    "stagnation_n": 13,
    "stagnation_volume_ratio_threshold": 1.202895373442751,
    "stagnation_ratio_threshold": 121,
    "decline_volume_ratio_threshold": 43.330482731971806,
    "max_rebounds": 6,
    "decline_ratio_threshold": 951,
    "flxd_ticks": 14,
    "flzz_ticks": 1353,
    "use_simiple_kline_strategy_flxd": true,
    "use_simiple_kline_strategy_flzz": true,
    "flzz_use_smooth_price": false,
    "flzz_zf_thresh": -0.02337138586228762,
    "kline_sell_flxd_zy": false,
    "kline_sell_flxd_zs": true,
    "kline_sell_flzz_zs": false,
    "kline_sell_flzz_zy": true,
    "last_open_price_hc_pct": 0.01,
    "open_price_max_hc": 0.0,
    "loss_per_step_tick_gap": 16,
    "loss_cold_start_steps": 0,
    "loss_max_abserve_tick_steps": 449,
    "loss_max_abserce_avg_price_down_steps": 10,
    "loss_dynamic_hc_stop_profit_thres": 2.5202736770704313,
    "loss_last_close_price_hc_pct": -0.0675182773366564,
    "loss_last_open_price_hc_pct": -0.008054576143894128,
    "loss_open_price_max_hc": -0.019777174200656607,
    "loss_down_open_sell_wait_time": false,
    "down_open_sell_wait_time": false,
    "day_zy_line": 0.08611657166830548,
    "day_zs_line": -0.6258839023342262,
    "sell_afternoon": false,
    "sell_half_afternoon": true,
    "sell_max_days": 3,
    "stop_profit_pct": 0.0,
    "static_hc_stop_profit_pct": 1.0,
    "loss_static_hc_stop_profit_pct": 1.0
  },
  "timestamp": "2025-09-06T17:33:42.914048",
  "individual": [
    1.0143866352053819,
    0.27978155453354875,
    971.7644673790942,
    4.715298666447985,
    -0.0010802584568163505,
    0.010380040130340882,
    0.01,
    0.8004607970077582,
    0.01639161280799152,
    98593273.05769333,
    0.6961686260860956,
    39.82807617643945,
    26.487526688034826,
    4.3381212728198175,
    27.873250538176272,
    0.004257931672797888,
    12.794696357640074,
    1.202895373442751,
    120.75130860718764,
    43.330482731971806,
    6.4607726704336175,
    951.3918974862592,
    14.41565804285009,
    1352.9168603164599,
    1,
    1,
    0,
    -0.02337138586228762,
    0,
    1,
    0,
    1,
    0.01,
    0.0,
    15.619937167718202,
    0.0,
    449.1743791898727,
    9.701038890052958,
    2.5202736770704313,
    -0.0675182773366564,
    -0.008054576143894128,
    -0.019777174200656607,
    0,
    0,
    0.08611657166830548,
    -0.6258839023342262,
    0,
    1,
    2.7241336925396156
  ],
  "max_drawdown_threshold": 0.25,
  "strategy_name": "\u4e2d\u4f4d\u5c0f\u4f4e\u5f00\u4f4e\u5438"
}