{
  "generation": 90,
  "fitness": 3.651017258570472,
  "total_return": 9.088279999999996,
  "max_drawdown": 0.18778176668032812,
  "sharpe_ratio": 6.900288663488919,
  "params": {
    "per_step_tick_gap": 1,
    "cold_start_steps": 0,
    "max_abserve_tick_steps": 838,
    "max_abserce_avg_price_down_steps": 2,
    "stop_profit_open_hc_pct": -0.00812259541201604,
    "dynamic_hc_stop_profit_thres": 0.010692713326932791,
    "last_close_price_hc_pct": 0.009839980198561086,
    "last_day_sell_thres": 0.9721538003669161,
    "last_day_sell_huiche": 0.014429192969935922,
    "fd_mount": 84697344,
    "fd_vol_pct": 0.6503264412470761,
    "fd_ju_ticks": 17,
    "max_zb_times": 25,
    "stagnation_kline_ticks": 4,
    "decline_kline_ticks": 32,
    "yang_yin_threshold": 0.013150349591399027,
    "stagnation_n": 26,
    "stagnation_volume_ratio_threshold": 3.474543008508515,
    "stagnation_ratio_threshold": 16,
    "decline_volume_ratio_threshold": 38.665044151925855,
    "max_rebounds": 2,
    "decline_ratio_threshold": 1500,
    "flxd_ticks": 500,
    "flzz_ticks": 1377,
    "use_simiple_kline_strategy_flxd": true,
    "use_simiple_kline_strategy_flzz": true,
    "flzz_use_smooth_price": false,
    "flzz_zf_thresh": -0.028075713309227195,
    "kline_sell_flxd_zy": false,
    "kline_sell_flxd_zs": true,
    "kline_sell_flzz_zs": true,
    "kline_sell_flzz_zy": true,
    "last_open_price_hc_pct": -0.006028057062141878,
    "open_price_max_hc": -0.0013760402776091482,
    "loss_per_step_tick_gap": 10,
    "loss_cold_start_steps": 3,
    "loss_max_abserve_tick_steps": 344,
    "loss_max_abserce_avg_price_down_steps": 9,
    "loss_dynamic_hc_stop_profit_thres": 2.1154194050271236,
    "loss_last_close_price_hc_pct": -0.07737676108640475,
    "loss_last_open_price_hc_pct": -0.018620932514337663,
    "loss_open_price_max_hc": -0.020681395443488907,
    "loss_down_open_sell_wait_time": false,
    "down_open_sell_wait_time": false,
    "day_zy_line": 0.08620053278340647,
    "day_zs_line": -0.10526060446172225,
    "sell_afternoon": false,
    "sell_half_afternoon": true,
    "sell_max_days": 3,
    "stop_profit_pct": 0.0,
    "static_hc_stop_profit_pct": 1.0,
    "loss_static_hc_stop_profit_pct": 1.0
  },
  "timestamp": "2025-09-06T17:34:36.307779",
  "individual": [
    1.0,
    0.07493666885760417,
    837.747004801572,
    1.8754616254950822,
    -0.00812259541201604,
    0.010692713326932791,
    0.009839980198561086,
    0.9721538003669161,
    0.014429192969935922,
    84697343.70228462,
    0.6503264412470761,
    16.75099373716375,
    25.290820680858996,
    4.088384650583827,
    31.69016882519289,
    0.013150349591399027,
    25.61920372049007,
    3.474543008508515,
    16.001311741322134,
    38.665044151925855,
    1.7102858366566296,
    1500.0,
    500.0,
    1377.2950103492512,
    1,
    1,
    0,
    -0.028075713309227195,
    0,
    1,
    1,
    1,
    -0.006028057062141878,
    -0.0013760402776091482,
    9.765317513101378,
    3.15551382566768,
    343.67617187500025,
    9.46749725069029,
    2.1154194050271236,
    -0.07737676108640475,
    -0.018620932514337663,
    -0.020681395443488907,
    0,
    0,
    0.08620053278340647,
    -0.10526060446172225,
    0,
    1,
    3.0696552060125795
  ],
  "max_drawdown_threshold": 0.25,
  "strategy_name": "\u4e2d\u4f4d\u5c0f\u4f4e\u5f00\u4f4e\u5438"
}