{
  "generation": 90,
  "fitness": 4.961355858650711,
  "total_return": 375.404335,
  "max_drawdown": 0.3997507359059162,
  "sharpe_ratio": 5.586746158358994,
  "params": {
    "per_step_tick_gap": 1,
    "cold_start_steps": 7,
    "max_abserve_tick_steps": 513,
    "max_abserce_avg_price_down_steps": 7,
    "stop_profit_open_hc_pct": -0.038489831256560136,
    "dynamic_hc_stop_profit_thres": 1.3008624635058155,
    "last_close_price_hc_pct": -0.024009689039551904,
    "last_day_sell_thres": 0.744781824947859,
    "last_day_sell_huiche": 0.001,
    "fd_mount": 95583358,
    "fd_vol_pct": 0.0,
    "fd_ju_ticks": 2,
    "max_zb_times": 28,
    "stagnation_kline_ticks": 8,
    "decline_kline_ticks": 23,
    "yang_yin_threshold": 0.014586437363357742,
    "stagnation_n": 8,
    "stagnation_volume_ratio_threshold": 39.491254604310775,
    "stagnation_ratio_threshold": 921,
    "decline_volume_ratio_threshold": 35.29240050165878,
    "max_rebounds": 6,
    "decline_ratio_threshold": 789,
    "flxd_ticks": 500,
    "flzz_ticks": 110,
    "use_simiple_kline_strategy_flxd": false,
    "use_simiple_kline_strategy_flzz": true,
    "flzz_use_smooth_price": false,
    "flzz_zf_thresh": 0.08637264246727835,
    "kline_sell_flxd_zy": true,
    "kline_sell_flxd_zs": false,
    "kline_sell_flzz_zs": true,
    "kline_sell_flzz_zy": true,
    "last_open_price_hc_pct": -0.01765747360884328,
    "open_price_max_hc": -0.0014125793660018614,
    "loss_per_step_tick_gap": 1,
    "loss_cold_start_steps": 4,
    "loss_max_abserve_tick_steps": 184,
    "loss_max_abserce_avg_price_down_steps": 13,
    "loss_dynamic_hc_stop_profit_thres": 0.8418285712056799,
    "loss_last_close_price_hc_pct": -0.06191620035009487,
    "loss_last_open_price_hc_pct": -0.08,
    "loss_open_price_max_hc": -0.08821202813919672,
    "loss_down_open_sell_wait_time": true,
    "down_open_sell_wait_time": false,
    "day_zy_line": 0.008882030569825875,
    "day_zs_line": -0.1367742639284194,
    "sell_afternoon": true,
    "sell_half_afternoon": false,
    "sell_max_days": 4,
    "stop_profit_pct": 0.0,
    "static_hc_stop_profit_pct": 1.0,
    "loss_static_hc_stop_profit_pct": 1.0
  },
  "timestamp": "2025-09-06T20:25:14.412645",
  "individual": [
    1.0007232567813706,
    7.235035204960621,
    512.9279286010501,
    7.077842471334681,
    -0.038489831256560136,
    1.3008624635058155,
    -0.024009689039551904,
    0.744781824947859,
    0.001,
    95583357.74843179,
    0.0,
    2.3760844101411855,
    28.24404627386425,
    7.733649180880153,
    22.902575426617616,
    0.014586437363357742,
    8.336927356224598,
    39.491254604310775,
    920.8766563339112,
    35.29240050165878,
    5.554504692065041,
    788.5001930277658,
    500.0,
    110.08875930524124,
    0,
    1,
    0,
    0.08637264246727835,
    1,
    0,
    1,
    1,
    -0.01765747360884328,
    -0.0014125793660018614,
    1.0,
    4.161297912611978,
    184.220299623056,
    13.016811670096514,
    0.8418285712056799,
    -0.06191620035009487,
    -0.08,
    -0.08821202813919672,
    1,
    0,
    0.008882030569825875,
    -0.1367742639284194,
    1,
    0,
    3.993853241086426
  ],
  "max_drawdown_threshold": 0.25,
  "strategy_name": "\u5012\u63a5\u529b3"
}