{
  "generation": 40,
  "fitness": 4.711628164417818,
  "total_return": 326.985695,
  "max_drawdown": 0.3998113767748925,
  "sharpe_ratio": 5.490424457538872,
  "params": {
    "per_step_tick_gap": 1,
    "cold_start_steps": 7,
    "max_abserve_tick_steps": 509,
    "max_abserce_avg_price_down_steps": 6,
    "stop_profit_open_hc_pct": -0.03684799274382065,
    "dynamic_hc_stop_profit_thres": 4.91159003836243,
    "last_close_price_hc_pct": -0.024522579427034546,
    "last_day_sell_thres": 0.976124283649477,
    "last_day_sell_huiche": 0.002279416128333208,
    "fd_mount": 20137043,
    "fd_vol_pct": 0.0,
    "fd_ju_ticks": 2,
    "max_zb_times": 27,
    "stagnation_kline_ticks": 15,
    "decline_kline_ticks": 30,
    "yang_yin_threshold": 0.014577819736956025,
    "stagnation_n": 3,
    "stagnation_volume_ratio_threshold": 32.31006375748356,
    "stagnation_ratio_threshold": 904,
    "decline_volume_ratio_threshold": 26.66481030369638,
    "max_rebounds": 7,
    "decline_ratio_threshold": 872,
    "flxd_ticks": 18,
    "flzz_ticks": 128,
    "use_simiple_kline_strategy_flxd": false,
    "use_simiple_kline_strategy_flzz": true,
    "flzz_use_smooth_price": false,
    "flzz_zf_thresh": 0.08912893929887018,
    "kline_sell_flxd_zy": true,
    "kline_sell_flxd_zs": false,
    "kline_sell_flzz_zs": true,
    "kline_sell_flzz_zy": false,
    "last_open_price_hc_pct": -0.0166523153229649,
    "open_price_max_hc": -0.0015909176994946207,
    "loss_per_step_tick_gap": 16,
    "loss_cold_start_steps": 5,
    "loss_max_abserve_tick_steps": 344,
    "loss_max_abserce_avg_price_down_steps": 2,
    "loss_dynamic_hc_stop_profit_thres": 0.784841783412331,
    "loss_last_close_price_hc_pct": -0.011008109830271957,
    "loss_last_open_price_hc_pct": -0.006720567388175011,
    "loss_open_price_max_hc": -0.029252110711727793,
    "loss_down_open_sell_wait_time": false,
    "down_open_sell_wait_time": false,
    "day_zy_line": 0.008712437898159071,
    "day_zs_line": -0.13671944340892975,
    "sell_afternoon": true,
    "sell_half_afternoon": false,
    "sell_max_days": 4,
    "stop_profit_pct": 0.0,
    "static_hc_stop_profit_pct": 1.0,
    "loss_static_hc_stop_profit_pct": 1.0
  },
  "timestamp": "2025-09-06T20:07:21.314485",
  "individual": [
    1.0003745528453734,
    7.072094648032017,
    509.39705553267186,
    6.074105400639882,
    -0.03684799274382065,
    4.91159003836243,
    -0.024522579427034546,
    0.976124283649477,
    0.002279416128333208,
    20137042.586169146,
    0.0,
    2.228187237519138,
    27.459153417956422,
    14.912345647968834,
    30.33089938649979,
    0.014577819736956025,
    3.273472753629381,
    32.31006375748356,
    904.217696705543,
    26.66481030369638,
    6.870397341793291,
    872.3437891233372,
    18.22909814825105,
    128.28227153117783,
    0,
    1,
    0,
    0.08912893929887018,
    1,
    0,
    1,
    0,
    -0.0166523153229649,
    -0.0015909176994946207,
    16.369207190392792,
    4.948985709265077,
    344.0905869609772,
    2.0927288003884374,
    0.784841783412331,
    -0.011008109830271957,
    -0.006720567388175011,
    -0.029252110711727793,
    0,
    0,
    0.008712437898159071,
    -0.13671944340892975,
    1,
    0,
    3.9909897777103636
  ],
  "max_drawdown_threshold": 0.25,
  "strategy_name": "\u5012\u63a5\u529b3"
}