{
  "generation": 180,
  "fitness": 5.219874559899047,
  "total_return": 430.36419499999994,
  "max_drawdown": 0.3998075345620799,
  "sharpe_ratio": 5.689652207165866,
  "params": {
    "per_step_tick_gap": 1,
    "cold_start_steps": 7,
    "max_abserve_tick_steps": 515,
    "max_abserce_avg_price_down_steps": 1,
    "stop_profit_open_hc_pct": -0.0389150195829578,
    "dynamic_hc_stop_profit_thres": 1.3002687706749825,
    "last_close_price_hc_pct": -0.024303244790157677,
    "last_day_sell_thres": 0.899073613979373,
    "last_day_sell_huiche": 0.0014861350480084954,
    "fd_mount": 17592765,
    "fd_vol_pct": 0.0,
    "fd_ju_ticks": 2,
    "max_zb_times": 28,
    "stagnation_kline_ticks": 12,
    "decline_kline_ticks": 14,
    "yang_yin_threshold": 0.014647845505151755,
    "stagnation_n": 29,
    "stagnation_volume_ratio_threshold": 69.62805733506987,
    "stagnation_ratio_threshold": 869,
    "decline_volume_ratio_threshold": 27.77332122299681,
    "max_rebounds": 9,
    "decline_ratio_threshold": 501,
    "flxd_ticks": 246,
    "flzz_ticks": 118,
    "use_simiple_kline_strategy_flxd": false,
    "use_simiple_kline_strategy_flzz": true,
    "flzz_use_smooth_price": false,
    "flzz_zf_thresh": 0.0551248106042234,
    "kline_sell_flxd_zy": true,
    "kline_sell_flxd_zs": false,
    "kline_sell_flzz_zs": true,
    "kline_sell_flzz_zy": true,
    "last_open_price_hc_pct": 0.0002711346011739746,
    "open_price_max_hc": -0.001392509260970573,
    "loss_per_step_tick_gap": 11,
    "loss_cold_start_steps": 4,
    "loss_max_abserve_tick_steps": 63,
    "loss_max_abserce_avg_price_down_steps": 10,
    "loss_dynamic_hc_stop_profit_thres": 0.8556177752594297,
    "loss_last_close_price_hc_pct": 0.01,
    "loss_last_open_price_hc_pct": -0.03333615353492781,
    "loss_open_price_max_hc": -0.01957332517207894,
    "loss_down_open_sell_wait_time": false,
    "down_open_sell_wait_time": false,
    "day_zy_line": 0.009068500240935234,
    "day_zs_line": -0.1367334759469532,
    "sell_afternoon": true,
    "sell_half_afternoon": false,
    "sell_max_days": 4,
    "stop_profit_pct": 0.0,
    "static_hc_stop_profit_pct": 1.0,
    "loss_static_hc_stop_profit_pct": 1.0
  },
  "timestamp": "2025-09-06T20:56:34.757225",
  "individual": [
    1.000096974318513,
    7.167224284480157,
    514.518144435996,
    1.4310921510743484,
    -0.0389150195829578,
    1.3002687706749825,
    -0.024303244790157677,
    0.899073613979373,
    0.0014861350480084954,
    17592765.34213895,
    0.0,
    2.281149872769534,
    28.45163677320831,
    11.835559343411846,
    14.131582946228368,
    0.014647845505151755,
    28.79012149426344,
    69.62805733506987,
    868.5208551277285,
    27.77332122299681,
    8.832185068475402,
    501.0014480672662,
    245.57654466734311,
    117.86014817652345,
    0,
    1,
    0,
    0.0551248106042234,
    1,
    0,
    1,
    1,
    0.0002711346011739746,
    -0.001392509260970573,
    11.008912310937308,
    4.386201092710406,
    63.46087303935937,
    9.85489955826389,
    0.8556177752594297,
    0.01,
    -0.03333615353492781,
    -0.01957332517207894,
    0,
    0,
    0.009068500240935234,
    -0.1367334759469532,
    1,
    0,
    4.0
  ],
  "max_drawdown_threshold": 0.25,
  "strategy_name": "\u5012\u63a5\u529b3"
}