{
  "generation": 70,
  "fitness": 4.826124645868741,
  "total_return": 347.89876,
  "max_drawdown": 0.3997134657941038,
  "sharpe_ratio": 5.540680271873763,
  "params": {
    "per_step_tick_gap": 1,
    "cold_start_steps": 7,
    "max_abserve_tick_steps": 515,
    "max_abserce_avg_price_down_steps": 7,
    "stop_profit_open_hc_pct": -0.03824144571913821,
    "dynamic_hc_stop_profit_thres": 1.300183892171655,
    "last_close_price_hc_pct": -0.026568970009300127,
    "last_day_sell_thres": 1.0,
    "last_day_sell_huiche": 0.001924395562495892,
    "fd_mount": 24292092,
    "fd_vol_pct": 0.0,
    "fd_ju_ticks": 2,
    "max_zb_times": 28,
    "stagnation_kline_ticks": 7,
    "decline_kline_ticks": 23,
    "yang_yin_threshold": 0.014604305154180638,
    "stagnation_n": 7,
    "stagnation_volume_ratio_threshold": 36.59391806579666,
    "stagnation_ratio_threshold": 930,
    "decline_volume_ratio_threshold": 28.425000728405255,
    "max_rebounds": 7,
    "decline_ratio_threshold": 855,
    "flxd_ticks": 35,
    "flzz_ticks": 116,
    "use_simiple_kline_strategy_flxd": false,
    "use_simiple_kline_strategy_flzz": true,
    "flzz_use_smooth_price": false,
    "flzz_zf_thresh": 0.08751967318071177,
    "kline_sell_flxd_zy": true,
    "kline_sell_flxd_zs": false,
    "kline_sell_flzz_zs": true,
    "kline_sell_flzz_zy": false,
    "last_open_price_hc_pct": -0.017212455740178104,
    "open_price_max_hc": -0.001412076554966202,
    "loss_per_step_tick_gap": 16,
    "loss_cold_start_steps": 4,
    "loss_max_abserve_tick_steps": 221,
    "loss_max_abserce_avg_price_down_steps": 2,
    "loss_dynamic_hc_stop_profit_thres": 0.8605988288348777,
    "loss_last_close_price_hc_pct": -0.013963682421038584,
    "loss_last_open_price_hc_pct": -0.018583379964445805,
    "loss_open_price_max_hc": -0.01926907429868073,
    "loss_down_open_sell_wait_time": false,
    "down_open_sell_wait_time": false,
    "day_zy_line": 0.008754738459778776,
    "day_zs_line": -0.13675130405641805,
    "sell_afternoon": true,
    "sell_half_afternoon": false,
    "sell_max_days": 4,
    "stop_profit_pct": 0.0,
    "static_hc_stop_profit_pct": 1.0,
    "loss_static_hc_stop_profit_pct": 1.0
  },
  "timestamp": "2025-09-06T20:18:06.019313",
  "individual": [
    1.0014134893564797,
    7.256292756452878,
    514.6031987883157,
    6.906538744847431,
    -0.03824144571913821,
    1.300183892171655,
    -0.026568970009300127,
    1.0,
    0.001924395562495892,
    24292091.710565113,
    0.0,
    2.336000879900733,
    28.47274955560752,
    7.431865714691109,
    23.40286931886475,
    0.014604305154180638,
    6.733049842173273,
    36.59391806579666,
    929.7943368066096,
    28.425000728405255,
    6.81867327768829,
    854.9927262319688,
    34.86441052061906,
    116.25369127613708,
    0,
    1,
    0,
    0.08751967318071177,
    1,
    0,
    1,
    0,
    -0.017212455740178104,
    -0.001412076554966202,
    16.103900588200933,
    4.183819639099828,
    220.79169833405516,
    1.8159923382497778,
    0.8605988288348777,
    -0.013963682421038584,
    -0.018583379964445805,
    -0.01926907429868073,
    0,
    0,
    0.008754738459778776,
    -0.13675130405641805,
    1,
    0,
    3.9984576192223216
  ],
  "max_drawdown_threshold": 0.25,
  "strategy_name": "\u5012\u63a5\u529b3"
}