{
  "generation": 60,
  "fitness": 4.796082247280475,
  "total_return": 342.65661,
  "max_drawdown": 0.39981046396841097,
  "sharpe_ratio": 5.529037282397258,
  "params": {
    "per_step_tick_gap": 1,
    "cold_start_steps": 7,
    "max_abserve_tick_steps": 515,
    "max_abserce_avg_price_down_steps": 7,
    "stop_profit_open_hc_pct": -0.03748833121035133,
    "dynamic_hc_stop_profit_thres": 1.4290560535184018,
    "last_close_price_hc_pct": -0.026249753669030762,
    "last_day_sell_thres": 0.990622951301475,
    "last_day_sell_huiche": 0.001991007538827857,
    "fd_mount": 25500982,
    "fd_vol_pct": 0.0,
    "fd_ju_ticks": 2,
    "max_zb_times": 29,
    "stagnation_kline_ticks": 8,
    "decline_kline_ticks": 24,
    "yang_yin_threshold": 0.014592446598674372,
    "stagnation_n": 4,
    "stagnation_volume_ratio_threshold": 33.30438400618426,
    "stagnation_ratio_threshold": 929,
    "decline_volume_ratio_threshold": 33.0126390719321,
    "max_rebounds": 7,
    "decline_ratio_threshold": 866,
    "flxd_ticks": 21,
    "flzz_ticks": 117,
    "use_simiple_kline_strategy_flxd": false,
    "use_simiple_kline_strategy_flzz": true,
    "flzz_use_smooth_price": false,
    "flzz_zf_thresh": 0.08707743509665936,
    "kline_sell_flxd_zy": true,
    "kline_sell_flxd_zs": false,
    "kline_sell_flzz_zs": true,
    "kline_sell_flzz_zy": false,
    "last_open_price_hc_pct": -0.017126649733774126,
    "open_price_max_hc": -0.001418188983420798,
    "loss_per_step_tick_gap": 17,
    "loss_cold_start_steps": 4,
    "loss_max_abserve_tick_steps": 238,
    "loss_max_abserce_avg_price_down_steps": 2,
    "loss_dynamic_hc_stop_profit_thres": 0.85759603349492,
    "loss_last_close_price_hc_pct": -0.01318565745125485,
    "loss_last_open_price_hc_pct": -0.015996682391614538,
    "loss_open_price_max_hc": -0.01042138342528332,
    "loss_down_open_sell_wait_time": false,
    "down_open_sell_wait_time": false,
    "day_zy_line": 0.008686888197582537,
    "day_zs_line": -0.13675381577529763,
    "sell_afternoon": true,
    "sell_half_afternoon": false,
    "sell_max_days": 4,
    "stop_profit_pct": 0.0,
    "static_hc_stop_profit_pct": 1.0,
    "loss_static_hc_stop_profit_pct": 1.0
  },
  "timestamp": "2025-09-06T20:14:32.779771",
  "individual": [
    1.0010980808497787,
    7.261536025208227,
    514.561939513193,
    6.861924363445181,
    -0.03748833121035133,
    1.4290560535184018,
    -0.026249753669030762,
    0.990622951301475,
    0.001991007538827857,
    25500982.0691049,
    0.0,
    2.4100958831235384,
    28.563707420024414,
    8.48042596795284,
    23.511677099112664,
    0.014592446598674372,
    4.264402505453189,
    33.30438400618426,
    928.7579189442505,
    33.0126390719321,
    6.8530485619859505,
    866.4513467716274,
    20.592449275716888,
    116.81446136749808,
    0,
    1,
    0,
    0.08707743509665936,
    1,
    0,
    1,
    0,
    -0.017126649733774126,
    -0.001418188983420798,
    16.899933488536586,
    4.230404947445022,
    238.1699774422025,
    1.8232697836155713,
    0.85759603349492,
    -0.01318565745125485,
    -0.015996682391614538,
    -0.01042138342528332,
    0,
    0,
    0.008686888197582537,
    -0.13675381577529763,
    1,
    0,
    3.9990042175705307
  ],
  "max_drawdown_threshold": 0.25,
  "strategy_name": "\u5012\u63a5\u529b3"
}