{
  "generation": 120,
  "fitness": 5.078891619975989,
  "total_return": 399.80789,
  "max_drawdown": 0.3998162613723969,
  "sharpe_ratio": 5.637683900791324,
  "params": {
    "per_step_tick_gap": 1,
    "cold_start_steps": 7,
    "max_abserve_tick_steps": 513,
    "max_abserce_avg_price_down_steps": 2,
    "stop_profit_open_hc_pct": -0.03839196814449682,
    "dynamic_hc_stop_profit_thres": 1.3029393534251223,
    "last_close_price_hc_pct": -0.019572771453850703,
    "last_day_sell_thres": 0.4721100639626312,
    "last_day_sell_huiche": 0.004668820378401588,
    "fd_mount": 23321217,
    "fd_vol_pct": 0.0,
    "fd_ju_ticks": 2,
    "max_zb_times": 30,
    "stagnation_kline_ticks": 12,
    "decline_kline_ticks": 22,
    "yang_yin_threshold": 0.014658322945102428,
    "stagnation_n": 30,
    "stagnation_volume_ratio_threshold": 70.17130966469713,
    "stagnation_ratio_threshold": 930,
    "decline_volume_ratio_threshold": 11.234342429842973,
    "max_rebounds": 5,
    "decline_ratio_threshold": 968,
    "flxd_ticks": 174,
    "flzz_ticks": 113,
    "use_simiple_kline_strategy_flxd": false,
    "use_simiple_kline_strategy_flzz": true,
    "flzz_use_smooth_price": false,
    "flzz_zf_thresh": 0.0682851175848227,
    "kline_sell_flxd_zy": true,
    "kline_sell_flxd_zs": false,
    "kline_sell_flzz_zs": true,
    "kline_sell_flzz_zy": true,
    "last_open_price_hc_pct": -0.016486320869524448,
    "open_price_max_hc": -0.001415204759120894,
    "loss_per_step_tick_gap": 11,
    "loss_cold_start_steps": 4,
    "loss_max_abserve_tick_steps": 9,
    "loss_max_abserce_avg_price_down_steps": 10,
    "loss_dynamic_hc_stop_profit_thres": 0.8425927352912979,
    "loss_last_close_price_hc_pct": -0.04889329934433612,
    "loss_last_open_price_hc_pct": -0.028019740141458648,
    "loss_open_price_max_hc": -0.007317836018076106,
    "loss_down_open_sell_wait_time": false,
    "down_open_sell_wait_time": false,
    "day_zy_line": 0.00893315839322524,
    "day_zs_line": -0.13670061136758074,
    "sell_afternoon": true,
    "sell_half_afternoon": false,
    "sell_max_days": 4,
    "stop_profit_pct": 0.0,
    "static_hc_stop_profit_pct": 1.0,
    "loss_static_hc_stop_profit_pct": 1.0
  },
  "timestamp": "2025-09-06T20:35:23.072866",
  "individual": [
    1.0005753693568733,
    7.364088984137809,
    512.8420326816029,
    1.6596288116662552,
    -0.03839196814449682,
    1.3029393534251223,
    -0.019572771453850703,
    0.4721100639626312,
    0.004668820378401588,
    23321216.7847566,
    0.0,
    2.1017288831064667,
    30.0,
    12.135265786428356,
    21.620440924300105,
    0.014658322945102428,
    29.573921834139945,
    70.17130966469713,
    930.385474297345,
    11.234342429842973,
    5.438922933301067,
    968.092077839342,
    174.34085145907028,
    112.97852119054852,
    0,
    1,
    0,
    0.0682851175848227,
    1,
    0,
    1,
    1,
    -0.016486320869524448,
    -0.001415204759120894,
    10.986986419220372,
    4.165396308799742,
    9.459191170912689,
    9.522157157538558,
    0.8425927352912979,
    -0.04889329934433612,
    -0.028019740141458648,
    -0.007317836018076106,
    0,
    0,
    0.00893315839322524,
    -0.13670061136758074,
    1,
    0,
    3.9965895342732085
  ],
  "max_drawdown_threshold": 0.25,
  "strategy_name": "\u5012\u63a5\u529b3"
}