{
  "generation": 140,
  "fitness": 5.150967326812413,
  "total_return": 415.45582999999993,
  "max_drawdown": 0.39984732608132256,
  "sharpe_ratio": 5.664998465193885,
  "params": {
    "per_step_tick_gap": 1,
    "cold_start_steps": 7,
    "max_abserve_tick_steps": 513,
    "max_abserce_avg_price_down_steps": 2,
    "stop_profit_open_hc_pct": -0.038855602557511894,
    "dynamic_hc_stop_profit_thres": 1.3029422534901607,
    "last_close_price_hc_pct": -0.020245394810733716,
    "last_day_sell_thres": 0.8764081505859016,
    "last_day_sell_huiche": 0.001,
    "fd_mount": 22078018,
    "fd_vol_pct": 0.0,
    "fd_ju_ticks": 2,
    "max_zb_times": 28,
    "stagnation_kline_ticks": 12,
    "decline_kline_ticks": 15,
    "yang_yin_threshold": 0.014652991633002979,
    "stagnation_n": 30,
    "stagnation_volume_ratio_threshold": 72.14080953312234,
    "stagnation_ratio_threshold": 911,
    "decline_volume_ratio_threshold": 100.0,
    "max_rebounds": 7,
    "decline_ratio_threshold": 1168,
    "flxd_ticks": 246,
    "flzz_ticks": 113,
    "use_simiple_kline_strategy_flxd": false,
    "use_simiple_kline_strategy_flzz": true,
    "flzz_use_smooth_price": false,
    "flzz_zf_thresh": 0.05897210980815572,
    "kline_sell_flxd_zy": true,
    "kline_sell_flxd_zs": false,
    "kline_sell_flzz_zs": true,
    "kline_sell_flzz_zy": true,
    "last_open_price_hc_pct": -0.000648922305806706,
    "open_price_max_hc": -0.0014179611282984094,
    "loss_per_step_tick_gap": 11,
    "loss_cold_start_steps": 4,
    "loss_max_abserve_tick_steps": 49,
    "loss_max_abserce_avg_price_down_steps": 10,
    "loss_dynamic_hc_stop_profit_thres": 0.8600003596989634,
    "loss_last_close_price_hc_pct": -0.02428752670969282,
    "loss_last_open_price_hc_pct": -0.012232742689512077,
    "loss_open_price_max_hc": -0.016468324969005146,
    "loss_down_open_sell_wait_time": false,
    "down_open_sell_wait_time": false,
    "day_zy_line": 0.008929370012630713,
    "day_zs_line": -0.1367142121176029,
    "sell_afternoon": true,
    "sell_half_afternoon": false,
    "sell_max_days": 4,
    "stop_profit_pct": 0.0,
    "static_hc_stop_profit_pct": 1.0,
    "loss_static_hc_stop_profit_pct": 1.0
  },
  "timestamp": "2025-09-06T20:42:15.114691",
  "individual": [
    1.0,
    7.29900148864282,
    512.8761902410134,
    1.9130817713531558,
    -0.038855602557511894,
    1.3029422534901607,
    -0.020245394810733716,
    0.8764081505859016,
    0.001,
    22078018.2030257,
    0.0,
    2.295503381189068,
    27.558708401980528,
    11.830694762960507,
    14.538189061566172,
    0.014652991633002979,
    29.885584707874663,
    72.14080953312234,
    911.498392543618,
    100.0,
    7.394866733227701,
    1167.5446166658414,
    246.34013260609302,
    113.09741707137005,
    0,
    1,
    0,
    0.05897210980815572,
    1,
    0,
    1,
    1,
    -0.000648922305806706,
    -0.0014179611282984094,
    10.96289229998873,
    4.232186370537637,
    48.592666878121854,
    10.413884688332688,
    0.8600003596989634,
    -0.02428752670969282,
    -0.012232742689512077,
    -0.016468324969005146,
    0,
    0,
    0.008929370012630713,
    -0.1367142121176029,
    1,
    0,
    4.0
  ],
  "max_drawdown_threshold": 0.25,
  "strategy_name": "\u5012\u63a5\u529b3"
}