{
  "generation": 30,
  "fitness": 4.63394826285506,
  "total_return": 313.10423,
  "max_drawdown": 0.3997994083254408,
  "sharpe_ratio": 5.4510453251866355,
  "params": {
    "per_step_tick_gap": 1,
    "cold_start_steps": 7,
    "max_abserve_tick_steps": 417,
    "max_abserce_avg_price_down_steps": 8,
    "stop_profit_open_hc_pct": -0.03853035779043039,
    "dynamic_hc_stop_profit_thres": 6.084663952416942,
    "last_close_price_hc_pct": -0.006989399734676251,
    "last_day_sell_thres": 0.9631364009320325,
    "last_day_sell_huiche": 0.0038725406857013965,
    "fd_mount": 27306327,
    "fd_vol_pct": 0.0,
    "fd_ju_ticks": 2,
    "max_zb_times": 30,
    "stagnation_kline_ticks": 8,
    "decline_kline_ticks": 32,
    "yang_yin_threshold": 0.014613608865798797,
    "stagnation_n": 30,
    "stagnation_volume_ratio_threshold": 29.092518232683254,
    "stagnation_ratio_threshold": 921,
    "decline_volume_ratio_threshold": 6.322990490863439,
    "max_rebounds": 6,
    "decline_ratio_threshold": 888,
    "flxd_ticks": 148,
    "flzz_ticks": 103,
    "use_simiple_kline_strategy_flxd": false,
    "use_simiple_kline_strategy_flzz": true,
    "flzz_use_smooth_price": false,
    "flzz_zf_thresh": 0.09370690254438624,
    "kline_sell_flxd_zy": false,
    "kline_sell_flxd_zs": false,
    "kline_sell_flzz_zs": true,
    "kline_sell_flzz_zy": false,
    "last_open_price_hc_pct": -0.016594089614089962,
    "open_price_max_hc": -0.0014282004668330216,
    "loss_per_step_tick_gap": 21,
    "loss_cold_start_steps": 4,
    "loss_max_abserve_tick_steps": 379,
    "loss_max_abserce_avg_price_down_steps": 2,
    "loss_dynamic_hc_stop_profit_thres": 1.2558026698501326,
    "loss_last_close_price_hc_pct": -0.003445256988192487,
    "loss_last_open_price_hc_pct": -0.005828299498732675,
    "loss_open_price_max_hc": -0.02259645637604855,
    "loss_down_open_sell_wait_time": false,
    "down_open_sell_wait_time": true,
    "day_zy_line": 0.008885132703385309,
    "day_zs_line": -0.13660842794029834,
    "sell_afternoon": true,
    "sell_half_afternoon": false,
    "sell_max_days": 4,
    "stop_profit_pct": 0.0,
    "static_hc_stop_profit_pct": 1.0,
    "loss_static_hc_stop_profit_pct": 1.0
  },
  "timestamp": "2025-09-06T20:03:47.373283",
  "individual": [
    1.0025675789698245,
    7.115580550106073,
    416.6339762229387,
    7.919726524458262,
    -0.03853035779043039,
    6.084663952416942,
    -0.006989399734676251,
    0.9631364009320325,
    0.0038725406857013965,
    27306326.616668236,
    0.0,
    1.540211567971136,
    29.991417267321665,
    7.983568395411022,
    31.91748048270217,
    0.014613608865798797,
    30.0,
    29.092518232683254,
    920.7758769034767,
    6.322990490863439,
    6.437596781788726,
    888.3522883201285,
    147.72425253683,
    102.71603493615457,
    0,
    1,
    0,
    0.09370690254438624,
    0,
    0,
    1,
    0,
    -0.016594089614089962,
    -0.0014282004668330216,
    21.230644096954357,
    4.011345109533267,
    379.42257925805336,
    1.608849964164243,
    1.2558026698501326,
    -0.003445256988192487,
    -0.005828299498732675,
    -0.02259645637604855,
    0,
    1,
    0.008885132703385309,
    -0.13660842794029834,
    1,
    0,
    3.9958874803730593
  ],
  "max_drawdown_threshold": 0.25,
  "strategy_name": "\u5012\u63a5\u529b3"
}