{
  "generation": 20,
  "fitness": 4.468712811995394,
  "total_return": 284.848345,
  "max_drawdown": 0.39982689239553815,
  "sharpe_ratio": 5.36997571291443,
  "params": {
    "per_step_tick_gap": 1,
    "cold_start_steps": 7,
    "max_abserve_tick_steps": 511,
    "max_abserce_avg_price_down_steps": 7,
    "stop_profit_open_hc_pct": -0.03818436699422651,
    "dynamic_hc_stop_profit_thres": 6.8934435559541045,
    "last_close_price_hc_pct": -0.02537141247223373,
    "last_day_sell_thres": 1.0,
    "last_day_sell_huiche": 0.0023405199168907496,
    "fd_mount": 21784366,
    "fd_vol_pct": 0.3346369788248014,
    "fd_ju_ticks": 2,
    "max_zb_times": 29,
    "stagnation_kline_ticks": 6,
    "decline_kline_ticks": 31,
    "yang_yin_threshold": 0.014566720589942564,
    "stagnation_n": 4,
    "stagnation_volume_ratio_threshold": 41.83964836356197,
    "stagnation_ratio_threshold": 923,
    "decline_volume_ratio_threshold": 12.440173873155736,
    "max_rebounds": 6,
    "decline_ratio_threshold": 863,
    "flxd_ticks": 30,
    "flzz_ticks": 105,
    "use_simiple_kline_strategy_flxd": false,
    "use_simiple_kline_strategy_flzz": false,
    "flzz_use_smooth_price": false,
    "flzz_zf_thresh": 0.09674811296579175,
    "kline_sell_flxd_zy": true,
    "kline_sell_flxd_zs": false,
    "kline_sell_flzz_zs": true,
    "kline_sell_flzz_zy": false,
    "last_open_price_hc_pct": -0.017779148036439273,
    "open_price_max_hc": -0.0016029515911812925,
    "loss_per_step_tick_gap": 20,
    "loss_cold_start_steps": 23,
    "loss_max_abserve_tick_steps": 377,
    "loss_max_abserce_avg_price_down_steps": 2,
    "loss_dynamic_hc_stop_profit_thres": 1.3341256657878244,
    "loss_last_close_price_hc_pct": -0.007638914234894066,
    "loss_last_open_price_hc_pct": 0.005976354876919039,
    "loss_open_price_max_hc": -0.02167269719290663,
    "loss_down_open_sell_wait_time": false,
    "down_open_sell_wait_time": false,
    "day_zy_line": 0.007024945943553794,
    "day_zs_line": -0.1364218244305842,
    "sell_afternoon": true,
    "sell_half_afternoon": false,
    "sell_max_days": 4,
    "stop_profit_pct": 0.0,
    "static_hc_stop_profit_pct": 1.0,
    "loss_static_hc_stop_profit_pct": 1.0
  },
  "timestamp": "2025-09-06T20:00:20.221955",
  "individual": [
    1.0000473670723071,
    7.2868731164299145,
    511.3365392909209,
    6.815767455771611,
    -0.03818436699422651,
    6.8934435559541045,
    -0.02537141247223373,
    1.0,
    0.0023405199168907496,
    21784365.545895338,
    0.3346369788248014,
    2.2905135476526346,
    28.533928534727803,
    5.770213764407862,
    30.624245668644143,
    0.014566720589942564,
    3.794611922048155,
    41.83964836356197,
    923.0711179574032,
    12.440173873155736,
    6.362525628357609,
    862.5100176723448,
    29.56662531456416,
    105.37437693438815,
    0,
    0,
    0,
    0.09674811296579175,
    1,
    0,
    1,
    0,
    -0.017779148036439273,
    -0.0016029515911812925,
    19.53797638306336,
    22.69463736652309,
    377.34034336550326,
    1.6001876105332247,
    1.3341256657878244,
    -0.007638914234894066,
    0.005976354876919039,
    -0.02167269719290663,
    0,
    0,
    0.007024945943553794,
    -0.1364218244305842,
    1,
    0,
    4.0
  ],
  "max_drawdown_threshold": 0.25,
  "strategy_name": "\u5012\u63a5\u529b3"
}