{
  "generation": 50,
  "fitness": 4.737584398653706,
  "total_return": 330.993745,
  "max_drawdown": 0.39968098994005113,
  "sharpe_ratio": 5.502877828818011,
  "params": {
    "per_step_tick_gap": 1,
    "cold_start_steps": 7,
    "max_abserve_tick_steps": 513,
    "max_abserce_avg_price_down_steps": 7,
    "stop_profit_open_hc_pct": -0.03763762151336335,
    "dynamic_hc_stop_profit_thres": 4.7398198187921325,
    "last_close_price_hc_pct": -0.01630238591152036,
    "last_day_sell_thres": 0.9808424595305154,
    "last_day_sell_huiche": 0.001561496830211312,
    "fd_mount": 27245780,
    "fd_vol_pct": 0.0,
    "fd_ju_ticks": 2,
    "max_zb_times": 29,
    "stagnation_kline_ticks": 14,
    "decline_kline_ticks": 23,
    "yang_yin_threshold": 0.014586365071296153,
    "stagnation_n": 3,
    "stagnation_volume_ratio_threshold": 33.294145007201664,
    "stagnation_ratio_threshold": 918,
    "decline_volume_ratio_threshold": 2.8690046415188544,
    "max_rebounds": 7,
    "decline_ratio_threshold": 864,
    "flxd_ticks": 3,
    "flzz_ticks": 132,
    "use_simiple_kline_strategy_flxd": false,
    "use_simiple_kline_strategy_flzz": true,
    "flzz_use_smooth_price": false,
    "flzz_zf_thresh": 0.08354975332346065,
    "kline_sell_flxd_zy": true,
    "kline_sell_flxd_zs": false,
    "kline_sell_flzz_zs": true,
    "kline_sell_flzz_zy": false,
    "last_open_price_hc_pct": -0.01790981550506422,
    "open_price_max_hc": -0.0014960349616546284,
    "loss_per_step_tick_gap": 18,
    "loss_cold_start_steps": 4,
    "loss_max_abserve_tick_steps": 316,
    "loss_max_abserce_avg_price_down_steps": 2,
    "loss_dynamic_hc_stop_profit_thres": 0.8990604516949481,
    "loss_last_close_price_hc_pct": -0.010088567298561606,
    "loss_last_open_price_hc_pct": -0.011709692143445536,
    "loss_open_price_max_hc": -0.04281261518232404,
    "loss_down_open_sell_wait_time": false,
    "down_open_sell_wait_time": true,
    "day_zy_line": 0.008848952503604247,
    "day_zs_line": -0.1367978997132773,
    "sell_afternoon": true,
    "sell_half_afternoon": false,
    "sell_max_days": 4,
    "stop_profit_pct": 0.0,
    "static_hc_stop_profit_pct": 1.0,
    "loss_static_hc_stop_profit_pct": 1.0
  },
  "timestamp": "2025-09-06T20:10:56.082662",
  "individual": [
    1.000480857823419,
    7.1827832292238005,
    513.2427445396262,
    6.536070673097129,
    -0.03763762151336335,
    4.7398198187921325,
    -0.01630238591152036,
    0.9808424595305154,
    0.001561496830211312,
    27245779.947926488,
    0.0,
    1.9932590682913958,
    28.890610009607656,
    14.478789262098896,
    22.91531101051379,
    0.014586365071296153,
    2.7052461797718177,
    33.294145007201664,
    918.1513116153943,
    2.8690046415188544,
    7.087744931399881,
    864.4329743089381,
    3.135673717713968,
    131.89906168467854,
    0,
    1,
    0,
    0.08354975332346065,
    1,
    0,
    1,
    0,
    -0.01790981550506422,
    -0.0014960349616546284,
    18.042878037670242,
    4.261745615670779,
    315.5626443380668,
    1.9601552041911168,
    0.8990604516949481,
    -0.010088567298561606,
    -0.011709692143445536,
    -0.04281261518232404,
    0,
    1,
    0.008848952503604247,
    -0.1367978997132773,
    1,
    0,
    3.9944503405552805
  ],
  "max_drawdown_threshold": 0.25,
  "strategy_name": "\u5012\u63a5\u529b3"
}