{
  "generation": 70,
  "fitness": 4.489167150684972,
  "total_return": 178.35598,
  "max_drawdown": 0.30843058841314297,
  "sharpe_ratio": 5.433646624644125,
  "params": {
    "per_step_tick_gap": 1,
    "cold_start_steps": 50,
    "max_abserve_tick_steps": 642,
    "max_abserce_avg_price_down_steps": 3,
    "stop_profit_open_hc_pct": -0.059186302729762726,
    "dynamic_hc_stop_profit_thres": 7.999995115383491,
    "last_close_price_hc_pct": 0.0076922532594064785,
    "last_day_sell_thres": 0.6490374453370792,
    "last_day_sell_huiche": 0.0197418710549223,
    "fd_mount": 85906729,
    "fd_vol_pct": 0.3706369945868017,
    "fd_ju_ticks": 1,
    "max_zb_times": 29,
    "stagnation_kline_ticks": 42,
    "decline_kline_ticks": 30,
    "yang_yin_threshold": 0.025760919127626125,
    "stagnation_n": 15,
    "stagnation_volume_ratio_threshold": 94.85138279555302,
    "stagnation_ratio_threshold": 861,
    "decline_volume_ratio_threshold": 19.201699839158678,
    "max_rebounds": 12,
    "decline_ratio_threshold": 1096,
    "flxd_ticks": 15,
    "flzz_ticks": 619,
    "use_simiple_kline_strategy_flxd": false,
    "use_simiple_kline_strategy_flzz": true,
    "flzz_use_smooth_price": false,
    "flzz_zf_thresh": 0.06075329436595993,
    "kline_sell_flxd_zy": false,
    "kline_sell_flxd_zs": true,
    "kline_sell_flzz_zs": true,
    "kline_sell_flzz_zy": true,
    "last_open_price_hc_pct": -0.007946256657325877,
    "open_price_max_hc": -0.09999999755352244,
    "loss_per_step_tick_gap": 1,
    "loss_cold_start_steps": 3,
    "loss_max_abserve_tick_steps": 5,
    "loss_max_abserce_avg_price_down_steps": 1,
    "loss_dynamic_hc_stop_profit_thres": 3.913722933936495,
    "loss_last_close_price_hc_pct": -0.05135034849626084,
    "loss_last_open_price_hc_pct": -0.059274694589650956,
    "loss_open_price_max_hc": -0.09118379028777207,
    "loss_down_open_sell_wait_time": false,
    "down_open_sell_wait_time": false,
    "day_zy_line": 0.0063491633064174735,
    "day_zs_line": -0.011728042972798985,
    "sell_afternoon": false,
    "sell_half_afternoon": true,
    "sell_max_days": 3,
    "stop_profit_pct": 0.0,
    "static_hc_stop_profit_pct": 1.0,
    "loss_static_hc_stop_profit_pct": 1.0
  },
  "timestamp": "2025-09-05T14:28:07.094991",
  "individual": [
    1.0,
    49.572066296636066,
    642.2806191199614,
    2.857080149471452,
    -0.059186302729762726,
    7.999995115383491,
    0.0076922532594064785,
    0.6490374453370792,
    0.0197418710549223,
    85906729.06519514,
    0.3706369945868017,
    1.2240320906068725,
    28.74490159345491,
    42.29863838374533,
    29.533532999699034,
    0.025760919127626125,
    14.991526915151294,
    94.85138279555302,
    860.6158588939056,
    19.201699839158678,
    12.4461751686814,
    1096.2245014068276,
    14.571908242937548,
    618.8445229722693,
    0,
    1,
    0,
    0.06075329436595993,
    0,
    1,
    1,
    1,
    -0.007946256657325877,
    -0.09999999755352244,
    1.0376796378753241,
    2.801150987622012,
    5.015005330155342,
    1.0,
    3.913722933936495,
    -0.05135034849626084,
    -0.059274694589650956,
    -0.09118379028777207,
    0,
    0,
    0.0063491633064174735,
    -0.011728042972798985,
    0,
    1,
    3.1692201367075485
  ],
  "max_drawdown_threshold": 0.18
}