{
  "generation": 150,
  "fitness": 4.669438393252609,
  "total_return": 195.904235,
  "max_drawdown": 0.3083980257124818,
  "sharpe_ratio": 5.570762865888775,
  "params": {
    "per_step_tick_gap": 1,
    "cold_start_steps": 50,
    "max_abserve_tick_steps": 642,
    "max_abserce_avg_price_down_steps": 3,
    "stop_profit_open_hc_pct": -0.00011229219184808847,
    "dynamic_hc_stop_profit_thres": 7.9999895132440075,
    "last_close_price_hc_pct": 0.009237479399919191,
    "last_day_sell_thres": 0.5363997082617578,
    "last_day_sell_huiche": 0.019814223289213805,
    "fd_mount": 82798576,
    "fd_vol_pct": 0.377481999902268,
    "fd_ju_ticks": 1,
    "max_zb_times": 29,
    "stagnation_kline_ticks": 42,
    "decline_kline_ticks": 25,
    "yang_yin_threshold": 0.02581869119378058,
    "stagnation_n": 16,
    "stagnation_volume_ratio_threshold": 99.7240227110276,
    "stagnation_ratio_threshold": 910,
    "decline_volume_ratio_threshold": 20.105297655621676,
    "max_rebounds": 9,
    "decline_ratio_threshold": 1099,
    "flxd_ticks": 0,
    "flzz_ticks": 656,
    "use_simiple_kline_strategy_flxd": false,
    "use_simiple_kline_strategy_flzz": true,
    "flzz_use_smooth_price": false,
    "flzz_zf_thresh": 0.06163410610438584,
    "kline_sell_flxd_zy": false,
    "kline_sell_flxd_zs": true,
    "kline_sell_flzz_zs": true,
    "kline_sell_flzz_zy": true,
    "last_open_price_hc_pct": -0.008534231094228652,
    "open_price_max_hc": -0.09999998311474251,
    "loss_per_step_tick_gap": 1,
    "loss_cold_start_steps": 3,
    "loss_max_abserve_tick_steps": 5,
    "loss_max_abserce_avg_price_down_steps": 1,
    "loss_dynamic_hc_stop_profit_thres": 0.8126435774190213,
    "loss_last_close_price_hc_pct": -0.05640827232993388,
    "loss_last_open_price_hc_pct": -0.007110111505452998,
    "loss_open_price_max_hc": -0.09096261155816106,
    "loss_down_open_sell_wait_time": false,
    "down_open_sell_wait_time": false,
    "day_zy_line": 0.006325196425115246,
    "day_zs_line": -0.011742750244499608,
    "sell_afternoon": false,
    "sell_half_afternoon": true,
    "sell_max_days": 2,
    "stop_profit_pct": 0.0,
    "static_hc_stop_profit_pct": 1.0,
    "loss_static_hc_stop_profit_pct": 1.0
  },
  "timestamp": "2025-09-05T14:59:29.142557",
  "individual": [
    1.062434492339228,
    49.897067647125176,
    642.1311017812661,
    2.828210996988435,
    -0.00011229219184808847,
    7.9999895132440075,
    0.009237479399919191,
    0.5363997082617578,
    0.019814223289213805,
    82798575.85930178,
    0.377481999902268,
    1.233886577321596,
    28.62430526588903,
    42.300288521157285,
    24.502754161352986,
    0.02581869119378058,
    15.590520333199475,
    99.7240227110276,
    910.3063806474049,
    20.105297655621676,
    9.220953358180044,
    1099.1042656699965,
    0.0,
    655.9929456076064,
    0,
    1,
    0,
    0.06163410610438584,
    0,
    1,
    1,
    1,
    -0.008534231094228652,
    -0.09999998311474251,
    1.1099422795094405,
    2.752085322342028,
    5.1408214658882,
    1.021695892474291,
    0.8126435774190213,
    -0.05640827232993388,
    -0.007110111505452998,
    -0.09096261155816106,
    0,
    0,
    0.006325196425115246,
    -0.011742750244499608,
    0,
    1,
    2.2617520189519698
  ],
  "max_drawdown_threshold": 0.18
}