{
  "generation": 30,
  "fitness": 3.5043289684955257,
  "total_return": 88.23323499999998,
  "max_drawdown": 0.30613385702254753,
  "sharpe_ratio": 4.991236723994896,
  "params": {
    "per_step_tick_gap": 7,
    "cold_start_steps": 47,
    "max_abserve_tick_steps": 612,
    "max_abserce_avg_price_down_steps": 3,
    "stop_profit_open_hc_pct": -0.052379045393299906,
    "dynamic_hc_stop_profit_thres": 7.973146621841614,
    "last_close_price_hc_pct": 0.009665599371759514,
    "last_day_sell_thres": 0.6237768882377135,
    "last_day_sell_huiche": 0.01893774225298649,
    "fd_mount": 87959925,
    "fd_vol_pct": 0.2928497091641204,
    "fd_ju_ticks": 1,
    "max_zb_times": 28,
    "stagnation_kline_ticks": 46,
    "decline_kline_ticks": 50,
    "yang_yin_threshold": 0.02613264041823558,
    "stagnation_n": 13,
    "stagnation_volume_ratio_threshold": 95.67212348660892,
    "stagnation_ratio_threshold": 408,
    "decline_volume_ratio_threshold": 27.28448267776165,
    "max_rebounds": 8,
    "decline_ratio_threshold": 784,
    "flxd_ticks": 0,
    "flzz_ticks": 589,
    "use_simiple_kline_strategy_flxd": false,
    "use_simiple_kline_strategy_flzz": true,
    "flzz_use_smooth_price": false,
    "flzz_zf_thresh": 0.0254152822681858,
    "kline_sell_flxd_zy": false,
    "kline_sell_flxd_zs": true,
    "kline_sell_flzz_zs": true,
    "kline_sell_flzz_zy": true,
    "last_open_price_hc_pct": -0.006434804353162808,
    "open_price_max_hc": -0.1,
    "loss_per_step_tick_gap": 1,
    "loss_cold_start_steps": 2,
    "loss_max_abserve_tick_steps": 11,
    "loss_max_abserce_avg_price_down_steps": 2,
    "loss_dynamic_hc_stop_profit_thres": 2.753099910143374,
    "loss_last_close_price_hc_pct": -0.06453338472248088,
    "loss_last_open_price_hc_pct": -0.008425119009214407,
    "loss_open_price_max_hc": -0.08696522019270174,
    "loss_down_open_sell_wait_time": true,
    "down_open_sell_wait_time": false,
    "day_zy_line": 0.00632904869651695,
    "day_zs_line": -0.009731927240995366,
    "sell_afternoon": false,
    "sell_half_afternoon": true,
    "sell_max_days": 3,
    "stop_profit_pct": 0.0,
    "static_hc_stop_profit_pct": 1.0,
    "loss_static_hc_stop_profit_pct": 1.0
  },
  "timestamp": "2025-09-05T14:10:42.009712",
  "individual": [
    7.312655137696357,
    46.9746388970395,
    611.959758203542,
    3.468160432217134,
    -0.052379045393299906,
    7.973146621841614,
    0.009665599371759514,
    0.6237768882377135,
    0.01893774225298649,
    87959925.4062393,
    0.2928497091641204,
    1.222834030214642,
    28.257754556862384,
    46.3874417186035,
    50.0,
    0.02613264041823558,
    12.775583049702345,
    95.67212348660892,
    408.35535262729536,
    27.28448267776165,
    7.660129393824005,
    783.6486943029204,
    0.36349477928088786,
    589.3169345312772,
    0,
    1,
    0,
    0.0254152822681858,
    0,
    1,
    1,
    1,
    -0.006434804353162808,
    -0.1,
    1.073676738512292,
    2.0789694957939164,
    10.66598524116164,
    1.712903213660284,
    2.753099910143374,
    -0.06453338472248088,
    -0.008425119009214407,
    -0.08696522019270174,
    1,
    0,
    0.00632904869651695,
    -0.009731927240995366,
    0,
    1,
    3.010192787306978
  ],
  "max_drawdown_threshold": 0.18
}