{
  "generation": 20,
  "fitness": 3.208194939938213,
  "total_return": 70.42343,
  "max_drawdown": 0.3061169705220037,
  "sharpe_ratio": 4.784173154144837,
  "params": {
    "per_step_tick_gap": 7,
    "cold_start_steps": 47,
    "max_abserve_tick_steps": 612,
    "max_abserce_avg_price_down_steps": 5,
    "stop_profit_open_hc_pct": -0.04357019391166654,
    "dynamic_hc_stop_profit_thres": 8.0,
    "last_close_price_hc_pct": 0.007062192112264388,
    "last_day_sell_thres": 0.6217354008946274,
    "last_day_sell_huiche": 0.01896804493638622,
    "fd_mount": 90292108,
    "fd_vol_pct": 0.29806899553122074,
    "fd_ju_ticks": 1,
    "max_zb_times": 29,
    "stagnation_kline_ticks": 46,
    "decline_kline_ticks": 50,
    "yang_yin_threshold": 0.026618495998232714,
    "stagnation_n": 11,
    "stagnation_volume_ratio_threshold": 96.20132507677643,
    "stagnation_ratio_threshold": 422,
    "decline_volume_ratio_threshold": 24.515976832101945,
    "max_rebounds": 8,
    "decline_ratio_threshold": 795,
    "flxd_ticks": 0,
    "flzz_ticks": 595,
    "use_simiple_kline_strategy_flxd": false,
    "use_simiple_kline_strategy_flzz": true,
    "flzz_use_smooth_price": false,
    "flzz_zf_thresh": 0.029344975041867418,
    "kline_sell_flxd_zy": false,
    "kline_sell_flxd_zs": true,
    "kline_sell_flzz_zs": true,
    "kline_sell_flzz_zy": true,
    "last_open_price_hc_pct": -0.011798920677918807,
    "open_price_max_hc": -0.1,
    "loss_per_step_tick_gap": 1,
    "loss_cold_start_steps": 2,
    "loss_max_abserve_tick_steps": 11,
    "loss_max_abserce_avg_price_down_steps": 2,
    "loss_dynamic_hc_stop_profit_thres": 3.467770823433082,
    "loss_last_close_price_hc_pct": -0.062290700927110865,
    "loss_last_open_price_hc_pct": -0.005354599347350825,
    "loss_open_price_max_hc": -0.08691552775790135,
    "loss_down_open_sell_wait_time": true,
    "down_open_sell_wait_time": false,
    "day_zy_line": 0.0063272901605795255,
    "day_zs_line": -0.009723920390667001,
    "sell_afternoon": false,
    "sell_half_afternoon": true,
    "sell_max_days": 3,
    "stop_profit_pct": 0.0,
    "static_hc_stop_profit_pct": 1.0,
    "loss_static_hc_stop_profit_pct": 1.0
  },
  "timestamp": "2025-09-05T14:04:52.113221",
  "individual": [
    6.795080781081587,
    47.04813131659491,
    612.2118959470034,
    4.9484442878405535,
    -0.04357019391166654,
    8.0,
    0.007062192112264388,
    0.6217354008946274,
    0.01896804493638622,
    90292107.5189037,
    0.29806899553122074,
    1.2391291712969341,
    28.641031864866427,
    46.32582191141742,
    50.0,
    0.026618495998232714,
    11.33299770023661,
    96.20132507677643,
    422.1940473777098,
    24.515976832101945,
    7.661205310665155,
    795.0962853452586,
    0.3096081862582149,
    595.3042429921834,
    0,
    1,
    0,
    0.029344975041867418,
    0,
    1,
    1,
    1,
    -0.011798920677918807,
    -0.1,
    1.0768666594715097,
    1.869589877867834,
    11.265092184829477,
    2.0716271177303325,
    3.467770823433082,
    -0.062290700927110865,
    -0.005354599347350825,
    -0.08691552775790135,
    1,
    0,
    0.0063272901605795255,
    -0.009723920390667001,
    0,
    1,
    3.013687466100156
  ],
  "max_drawdown_threshold": 0.18
}