{
  "generation": 10,
  "fitness": 2.447861326755732,
  "total_return": 74.64198999999999,
  "max_drawdown": 0.3603023014939522,
  "sharpe_ratio": 4.9146445390759235,
  "params": {
    "per_step_tick_gap": 1,
    "cold_start_steps": 40,
    "max_abserve_tick_steps": 645,
    "max_abserce_avg_price_down_steps": 10,
    "stop_profit_open_hc_pct": -0.022846855138046063,
    "dynamic_hc_stop_profit_thres": 8.0,
    "last_close_price_hc_pct": 0.01,
    "last_day_sell_thres": 0.5641473297129591,
    "last_day_sell_huiche": 0.007775134956577464,
    "fd_mount": 88332194,
    "fd_vol_pct": 0.5488129419352019,
    "fd_ju_ticks": 3,
    "max_zb_times": 30,
    "stagnation_kline_ticks": 44,
    "decline_kline_ticks": 50,
    "yang_yin_threshold": 0.02393637754644506,
    "stagnation_n": 14,
    "stagnation_volume_ratio_threshold": 89.1642499360718,
    "stagnation_ratio_threshold": 452,
    "decline_volume_ratio_threshold": 5.824182284361807,
    "max_rebounds": 9,
    "decline_ratio_threshold": 861,
    "flxd_ticks": 0,
    "flzz_ticks": 104,
    "use_simiple_kline_strategy_flxd": true,
    "use_simiple_kline_strategy_flzz": false,
    "flzz_use_smooth_price": false,
    "flzz_zf_thresh": 0.00660323458303476,
    "kline_sell_flxd_zy": false,
    "kline_sell_flxd_zs": true,
    "kline_sell_flzz_zs": true,
    "kline_sell_flzz_zy": false,
    "last_open_price_hc_pct": -0.010765633239979991,
    "open_price_max_hc": 0.0,
    "loss_per_step_tick_gap": 1,
    "loss_cold_start_steps": 0,
    "loss_max_abserve_tick_steps": 5,
    "loss_max_abserce_avg_price_down_steps": 1,
    "loss_dynamic_hc_stop_profit_thres": 4.0887023310850505,
    "loss_last_close_price_hc_pct": -0.030750532196399272,
    "loss_last_open_price_hc_pct": -0.011512066700855101,
    "loss_open_price_max_hc": -0.0783418702373829,
    "loss_down_open_sell_wait_time": true,
    "down_open_sell_wait_time": false,
    "day_zy_line": 0.0008273283531275298,
    "day_zs_line": -0.020474383737711502,
    "sell_afternoon": false,
    "sell_half_afternoon": true,
    "sell_max_days": 2,
    "stop_profit_pct": 0.0,
    "static_hc_stop_profit_pct": 1.0,
    "loss_static_hc_stop_profit_pct": 1.0
  },
  "timestamp": "2025-09-05T13:59:37.847411",
  "individual": [
    1.0,
    40.415161161752835,
    645.1045631987231,
    10.422332049630725,
    -0.022846855138046063,
    8.0,
    0.01,
    0.5641473297129591,
    0.007775134956577464,
    88332193.64888754,
    0.5488129419352019,
    3.2013632817380957,
    30.0,
    43.89771049864813,
    50.0,
    0.02393637754644506,
    14.467162720458134,
    89.1642499360718,
    452.45978020451133,
    5.824182284361807,
    8.601550469749409,
    861.2378315468565,
    0.0,
    104.48751578355468,
    1,
    0,
    0,
    0.00660323458303476,
    0,
    1,
    1,
    0,
    -0.010765633239979991,
    0.0,
    1.0,
    0.16444583933957074,
    5.0,
    1.1846677773720633,
    4.0887023310850505,
    -0.030750532196399272,
    -0.011512066700855101,
    -0.0783418702373829,
    1,
    0,
    0.0008273283531275298,
    -0.020474383737711502,
    0,
    1,
    2.0389264607259467
  ],
  "max_drawdown_threshold": 0.18
}