{
  "generation": 50,
  "fitness": 4.029745914794119,
  "total_return": 131.140145,
  "max_drawdown": 0.3065079071732188,
  "sharpe_ratio": 5.160173178398851,
  "params": {
    "per_step_tick_gap": 1,
    "cold_start_steps": 50,
    "max_abserve_tick_steps": 626,
    "max_abserce_avg_price_down_steps": 3,
    "stop_profit_open_hc_pct": -0.05518000916551538,
    "dynamic_hc_stop_profit_thres": 7.999976197822422,
    "last_close_price_hc_pct": 0.0036532197009008,
    "last_day_sell_thres": 0.7048531800886619,
    "last_day_sell_huiche": 0.02,
    "fd_mount": 84011052,
    "fd_vol_pct": 0.3690776063959611,
    "fd_ju_ticks": 1,
    "max_zb_times": 29,
    "stagnation_kline_ticks": 42,
    "decline_kline_ticks": 27,
    "yang_yin_threshold": 0.026203908834099322,
    "stagnation_n": 15,
    "stagnation_volume_ratio_threshold": 96.01022447773411,
    "stagnation_ratio_threshold": 934,
    "decline_volume_ratio_threshold": 19.961305188422422,
    "max_rebounds": 13,
    "decline_ratio_threshold": 1037,
    "flxd_ticks": 17,
    "flzz_ticks": 631,
    "use_simiple_kline_strategy_flxd": false,
    "use_simiple_kline_strategy_flzz": true,
    "flzz_use_smooth_price": false,
    "flzz_zf_thresh": 0.060521829121317684,
    "kline_sell_flxd_zy": false,
    "kline_sell_flxd_zs": true,
    "kline_sell_flzz_zs": false,
    "kline_sell_flzz_zy": true,
    "last_open_price_hc_pct": -0.010994833259377473,
    "open_price_max_hc": -0.1,
    "loss_per_step_tick_gap": 1,
    "loss_cold_start_steps": 2,
    "loss_max_abserve_tick_steps": 5,
    "loss_max_abserce_avg_price_down_steps": 1,
    "loss_dynamic_hc_stop_profit_thres": 3.6725719350225967,
    "loss_last_close_price_hc_pct": -0.05282361210129571,
    "loss_last_open_price_hc_pct": -0.05126054879402307,
    "loss_open_price_max_hc": -0.09064880915230544,
    "loss_down_open_sell_wait_time": false,
    "down_open_sell_wait_time": false,
    "day_zy_line": 0.006319728626040561,
    "day_zs_line": -0.008984202701577503,
    "sell_afternoon": false,
    "sell_half_afternoon": true,
    "sell_max_days": 3,
    "stop_profit_pct": 0.0,
    "static_hc_stop_profit_pct": 1.0,
    "loss_static_hc_stop_profit_pct": 1.0
  },
  "timestamp": "2025-09-05T14:20:11.180940",
  "individual": [
    1.0,
    50.0,
    625.547732776344,
    3.428084547417617,
    -0.05518000916551538,
    7.999976197822422,
    0.0036532197009008,
    0.7048531800886619,
    0.02,
    84011052.37472053,
    0.3690776063959611,
    1.1983698651662147,
    28.69415288632336,
    42.183750355702955,
    27.36845147922565,
    0.026203908834099322,
    15.274296345971983,
    96.01022447773411,
    933.867419427171,
    19.961305188422422,
    12.588335061617915,
    1037.183268362269,
    17.26424046253417,
    630.8641691972994,
    0,
    1,
    0,
    0.060521829121317684,
    0,
    1,
    0,
    1,
    -0.010994833259377473,
    -0.1,
    1.0912828421189638,
    1.6486488587736234,
    5.016393412611093,
    1.0,
    3.6725719350225967,
    -0.05282361210129571,
    -0.05126054879402307,
    -0.09064880915230544,
    0,
    0,
    0.006319728626040561,
    -0.008984202701577503,
    0,
    1,
    3.01049646193385
  ],
  "max_drawdown_threshold": 0.18
}