{
  "params": {
    "per_step_tick_gap": 14,
    "cold_start_steps": 22,
    "max_abserve_tick_steps": 487,
    "max_abserce_avg_price_down_steps": 2,
    "stop_profit_open_hc_pct": -0.14630701919345082,
    "dynamic_hc_stop_profit_thres": 7.345315336128041,
    "last_close_price_hc_pct": 0.008799263737105115,
    "last_day_sell_thres": 0.01,
    "last_day_sell_huiche": 0.008504364805503928,
    "fd_mount": 149997849,
    "fd_vol_pct": 0.4303184525735707,
    "fd_ju_ticks": 1,
    "max_zb_times": 1,
    "stagnation_kline_ticks": 19,
    "decline_kline_ticks": 6,
    "yang_yin_threshold": 0.0035769409020040004,
    "stagnation_n": 28,
    "stagnation_volume_ratio_threshold": 64.65718515930423,
    "stagnation_ratio_threshold": 589,
    "decline_volume_ratio_threshold": 10.517979950856365,
    "max_rebounds": 1,
    "decline_ratio_threshold": 424,
    "flxd_ticks": 0,
    "flzz_ticks": 1089,
    "use_simiple_kline_strategy_flxd": false,
    "use_simiple_kline_strategy_flzz": true,
    "flzz_use_smooth_price": true,
    "flzz_zf_thresh": 0.032049576277843626,
    "kline_sell_flxd_zy": true,
    "kline_sell_flxd_zs": true,
    "kline_sell_flzz_zs": true,
    "kline_sell_flzz_zy": true,
    "last_open_price_hc_pct": -0.05182383071196173,
    "open_price_max_hc": -0.007890569537497151,
    "loss_per_step_tick_gap": 5,
    "loss_cold_start_steps": 28,
    "loss_max_abserve_tick_steps": 145,
    "loss_max_abserce_avg_price_down_steps": 1,
    "loss_dynamic_hc_stop_profit_thres": 3.096720217898729,
    "loss_last_close_price_hc_pct": -0.031885425487096185,
    "loss_last_open_price_hc_pct": -0.010842204918918068,
    "loss_open_price_max_hc": -0.06352933084142115,
    "loss_down_open_sell_wait_time": true,
    "down_open_sell_wait_time": true,
    "day_zy_line": 2.786201483567871e-05,
    "day_zs_line": -0.019670266330581256,
    "sell_afternoon": false,
    "sell_half_afternoon": false,
    "sell_max_days": 4,
    "stop_profit_pct": 0.0,
    "static_hc_stop_profit_pct": 1.0,
    "loss_static_hc_stop_profit_pct": 1.0
  },
  "fitness": 5.171107918457101,
  "return": 122.66191500000002,
  "drawdown": 0.31912822454166906,
  "sharpe": 5.01807317009742,
  "individual": [
    13.577127770750094,
    22.294567582696015,
    487.18737925905396,
    2.3881881671290355,
    -0.14630701919345082,
    7.345315336128041,
    0.008799263737105115,
    0.01,
    0.008504364805503928,
    149997848.86830017,
    0.4303184525735707,
    1.0000158721476842,
    1.0527340188464094,
    18.58724712472231,
    5.645557312584842,
    0.0035769409020040004,
    28.35964452131313,
    64.65718515930423,
    588.5622042137015,
    10.517979950856365,
    0.6439161654536687,
    423.7877680015245,
    0.0,
    1088.6170228659312,
    0,
    1,
    1,
    0.032049576277843626,
    1,
    1,
    1,
    1,
    -0.05182383071196173,
    -0.007890569537497151,
    4.779648256888289,
    28.074593478269,
    145.48097168902257,
    1.1311337004063626,
    3.096720217898729,
    -0.031885425487096185,
    -0.010842204918918068,
    -0.06352933084142115,
    1,
    1,
    2.786201483567871e-05,
    -0.019670266330581256,
    0,
    0,
    3.8048458248877166
  ],
  "max_drawdown_threshold": 0.25,
  "strategy_name": "\u5012\u63a5\u529b4"
}