{
  "generation": 90,
  "fitness": 4.992161693118734,
  "total_return": 112.01396500000001,
  "max_drawdown": 0.3193729724589415,
  "sharpe_ratio": 4.959039523887225,
  "params": {
    "per_step_tick_gap": 14,
    "cold_start_steps": 23,
    "max_abserve_tick_steps": 499,
    "max_abserce_avg_price_down_steps": 2,
    "stop_profit_open_hc_pct": -0.13181767001861472,
    "dynamic_hc_stop_profit_thres": 7.027317171669581,
    "last_close_price_hc_pct": 0.008727183070893856,
    "last_day_sell_thres": 0.24819613369880514,
    "last_day_sell_huiche": 0.013169332395481896,
    "fd_mount": 138988367,
    "fd_vol_pct": 0.4606297508856861,
    "fd_ju_ticks": 1,
    "max_zb_times": 23,
    "stagnation_kline_ticks": 19,
    "decline_kline_ticks": 17,
    "yang_yin_threshold": 0.003515839392288451,
    "stagnation_n": 29,
    "stagnation_volume_ratio_threshold": 64.63553778412894,
    "stagnation_ratio_threshold": 542,
    "decline_volume_ratio_threshold": 10.7635983462285,
    "max_rebounds": 2,
    "decline_ratio_threshold": 438,
    "flxd_ticks": 17,
    "flzz_ticks": 1669,
    "use_simiple_kline_strategy_flxd": false,
    "use_simiple_kline_strategy_flzz": true,
    "flzz_use_smooth_price": true,
    "flzz_zf_thresh": 0.03240165843173922,
    "kline_sell_flxd_zy": true,
    "kline_sell_flxd_zs": true,
    "kline_sell_flzz_zs": true,
    "kline_sell_flzz_zy": true,
    "last_open_price_hc_pct": -0.0515135803047281,
    "open_price_max_hc": -0.007859724783718266,
    "loss_per_step_tick_gap": 5,
    "loss_cold_start_steps": 28,
    "loss_max_abserve_tick_steps": 144,
    "loss_max_abserce_avg_price_down_steps": 1,
    "loss_dynamic_hc_stop_profit_thres": 3.0465477115192767,
    "loss_last_close_price_hc_pct": -0.01917162772811841,
    "loss_last_open_price_hc_pct": -0.010472401498355544,
    "loss_open_price_max_hc": -0.05849280791342397,
    "loss_down_open_sell_wait_time": false,
    "down_open_sell_wait_time": true,
    "day_zy_line": 1.1559895944516438e-05,
    "day_zs_line": -0.019461245380032233,
    "sell_afternoon": false,
    "sell_half_afternoon": false,
    "sell_max_days": 3,
    "stop_profit_pct": 0.0,
    "static_hc_stop_profit_pct": 1.0,
    "loss_static_hc_stop_profit_pct": 1.0
  },
  "timestamp": "2025-09-06T23:52:08.977559",
  "individual": [
    13.580410451941297,
    22.852826788006205,
    499.2612598610063,
    2.389951973347241,
    -0.13181767001861472,
    7.027317171669581,
    0.008727183070893856,
    0.24819613369880514,
    0.013169332395481896,
    138988367.17078254,
    0.4606297508856861,
    1.0000216419850472,
    23.139760512560958,
    18.647391934713088,
    17.11437350095884,
    0.003515839392288451,
    29.105959925531945,
    64.63553778412894,
    542.0697386610256,
    10.7635983462285,
    2.3567487398512985,
    437.9402257379785,
    16.798731689970612,
    1668.9864104040137,
    0,
    1,
    1,
    0.03240165843173922,
    1,
    1,
    1,
    1,
    -0.0515135803047281,
    -0.007859724783718266,
    4.754647155873586,
    28.213747423202467,
    143.90784925358125,
    1.399323428199351,
    3.0465477115192767,
    -0.01917162772811841,
    -0.010472401498355544,
    -0.05849280791342397,
    0,
    1,
    1.1559895944516438e-05,
    -0.019461245380032233,
    0,
    0,
    2.9927966056251547
  ],
  "max_drawdown_threshold": 0.25,
  "strategy_name": "\u5012\u63a5\u529b4"
}