{
  "generation": 70,
  "fitness": 4.8319637578613355,
  "total_return": 104.14187,
  "max_drawdown": 0.320042819866634,
  "sharpe_ratio": 4.886169505187138,
  "params": {
    "per_step_tick_gap": 14,
    "cold_start_steps": 22,
    "max_abserve_tick_steps": 480,
    "max_abserce_avg_price_down_steps": 2,
    "stop_profit_open_hc_pct": -0.1060040521173847,
    "dynamic_hc_stop_profit_thres": 7.607475207652175,
    "last_close_price_hc_pct": 0.00906687527680974,
    "last_day_sell_thres": 0.3100925579732867,
    "last_day_sell_huiche": 0.010177816037183719,
    "fd_mount": 63057161,
    "fd_vol_pct": 0.4576761105426801,
    "fd_ju_ticks": 1,
    "max_zb_times": 25,
    "stagnation_kline_ticks": 19,
    "decline_kline_ticks": 18,
    "yang_yin_threshold": 0.0033656460379122284,
    "stagnation_n": 24,
    "stagnation_volume_ratio_threshold": 64.57205177586934,
    "stagnation_ratio_threshold": 750,
    "decline_volume_ratio_threshold": 1.1,
    "max_rebounds": 4,
    "decline_ratio_threshold": 520,
    "flxd_ticks": 183,
    "flzz_ticks": 1456,
    "use_simiple_kline_strategy_flxd": false,
    "use_simiple_kline_strategy_flzz": true,
    "flzz_use_smooth_price": true,
    "flzz_zf_thresh": 0.03224941758896931,
    "kline_sell_flxd_zy": true,
    "kline_sell_flxd_zs": true,
    "kline_sell_flzz_zs": true,
    "kline_sell_flzz_zy": true,
    "last_open_price_hc_pct": -0.05192304252475849,
    "open_price_max_hc": -0.0077890370837023866,
    "loss_per_step_tick_gap": 5,
    "loss_cold_start_steps": 29,
    "loss_max_abserve_tick_steps": 145,
    "loss_max_abserce_avg_price_down_steps": 1,
    "loss_dynamic_hc_stop_profit_thres": 3.20217248355398,
    "loss_last_close_price_hc_pct": -0.02159883005418837,
    "loss_last_open_price_hc_pct": -0.008376093268978917,
    "loss_open_price_max_hc": -0.05951839039916313,
    "loss_down_open_sell_wait_time": false,
    "down_open_sell_wait_time": true,
    "day_zy_line": 4.335620100338451e-07,
    "day_zs_line": -0.019537196819501237,
    "sell_afternoon": false,
    "sell_half_afternoon": true,
    "sell_max_days": 3,
    "stop_profit_pct": 0.0,
    "static_hc_stop_profit_pct": 1.0,
    "loss_static_hc_stop_profit_pct": 1.0
  },
  "timestamp": "2025-09-06T23:41:33.006171",
  "individual": [
    13.59933305148287,
    22.394309012900003,
    480.2223123064056,
    1.7122354418325867,
    -0.1060040521173847,
    7.607475207652175,
    0.00906687527680974,
    0.3100925579732867,
    0.010177816037183719,
    63057160.96979906,
    0.4576761105426801,
    1.0000855563135387,
    24.946426941991326,
    18.6322560991755,
    17.817516918581475,
    0.0033656460379122284,
    23.54202962732066,
    64.57205177586934,
    749.5375218301713,
    1.1,
    3.8621168991678907,
    519.6601809688718,
    183.32749678124634,
    1456.420342193499,
    0,
    1,
    1,
    0.03224941758896931,
    1,
    1,
    1,
    1,
    -0.05192304252475849,
    -0.0077890370837023866,
    4.720191845207766,
    28.93493881244127,
    145.03131904291283,
    1.4587739280846865,
    3.20217248355398,
    -0.02159883005418837,
    -0.008376093268978917,
    -0.05951839039916313,
    0,
    1,
    4.335620100338451e-07,
    -0.019537196819501237,
    0,
    1,
    2.9991200012165513
  ],
  "max_drawdown_threshold": 0.25,
  "strategy_name": "\u5012\u63a5\u529b4"
}