{
  "generation": 20,
  "fitness": 3.025173964138781,
  "total_return": 42.46837,
  "max_drawdown": 0.34535469107551503,
  "sharpe_ratio": 4.423621561817056,
  "params": {
    "per_step_tick_gap": 14,
    "cold_start_steps": 25,
    "max_abserve_tick_steps": 481,
    "max_abserce_avg_price_down_steps": 4,
    "stop_profit_open_hc_pct": -0.15,
    "dynamic_hc_stop_profit_thres": 7.301686128761304,
    "last_close_price_hc_pct": 0.01,
    "last_day_sell_thres": 0.06026361105596282,
    "last_day_sell_huiche": 0.013321901691473731,
    "fd_mount": 76943176,
    "fd_vol_pct": 0.592589759718472,
    "fd_ju_ticks": 1,
    "max_zb_times": 28,
    "stagnation_kline_ticks": 19,
    "decline_kline_ticks": 21,
    "yang_yin_threshold": 0.003966686628057154,
    "stagnation_n": 26,
    "stagnation_volume_ratio_threshold": 64.05093185334458,
    "stagnation_ratio_threshold": 428,
    "decline_volume_ratio_threshold": 36.92071238957725,
    "max_rebounds": 15,
    "decline_ratio_threshold": 844,
    "flxd_ticks": 177,
    "flzz_ticks": 1235,
    "use_simiple_kline_strategy_flxd": true,
    "use_simiple_kline_strategy_flzz": true,
    "flzz_use_smooth_price": true,
    "flzz_zf_thresh": 0.019985602637842183,
    "kline_sell_flxd_zy": true,
    "kline_sell_flxd_zs": true,
    "kline_sell_flzz_zs": true,
    "kline_sell_flzz_zy": true,
    "last_open_price_hc_pct": -0.04506970131848197,
    "open_price_max_hc": -0.008004519721226554,
    "loss_per_step_tick_gap": 6,
    "loss_cold_start_steps": 24,
    "loss_max_abserve_tick_steps": 108,
    "loss_max_abserce_avg_price_down_steps": 1,
    "loss_dynamic_hc_stop_profit_thres": 3.5001805317755728,
    "loss_last_close_price_hc_pct": -0.01990097496619065,
    "loss_last_open_price_hc_pct": -0.07614985077011716,
    "loss_open_price_max_hc": -0.009190398456283657,
    "loss_down_open_sell_wait_time": true,
    "down_open_sell_wait_time": false,
    "day_zy_line": 0.0,
    "day_zs_line": -0.11788498643453964,
    "sell_afternoon": false,
    "sell_half_afternoon": false,
    "sell_max_days": 1,
    "stop_profit_pct": 0.0,
    "static_hc_stop_profit_pct": 1.0,
    "loss_static_hc_stop_profit_pct": 1.0
  },
  "timestamp": "2025-09-06T23:22:26.076184",
  "individual": [
    13.558524843832153,
    25.237839000681458,
    481.0063070382865,
    4.348758298678355,
    -0.15,
    7.301686128761304,
    0.01,
    0.06026361105596282,
    0.013321901691473731,
    76943175.64552578,
    0.592589759718472,
    1.0154233930096959,
    27.752887119343942,
    18.912936699616182,
    20.740120999507056,
    0.003966686628057154,
    25.64395816600632,
    64.05093185334458,
    428.3797338433263,
    36.92071238957725,
    15.0,
    843.5071840538211,
    176.65467689266342,
    1234.5490075093703,
    1,
    1,
    1,
    0.019985602637842183,
    1,
    1,
    1,
    1,
    -0.04506970131848197,
    -0.008004519721226554,
    6.422321555045084,
    23.899347971396846,
    108.12070393740258,
    1.0749383973231397,
    3.5001805317755728,
    -0.01990097496619065,
    -0.07614985077011716,
    -0.009190398456283657,
    1,
    0,
    0.0,
    -0.11788498643453964,
    0,
    0,
    1.0
  ],
  "max_drawdown_threshold": 0.25,
  "strategy_name": "\u5012\u63a5\u529b4"
}