{
  "params": {
    "per_step_tick_gap": 22,
    "cold_start_steps": 27,
    "max_abserve_tick_steps": 727,
    "max_abserce_avg_price_down_steps": 12,
    "stop_profit_open_hc_pct": -0.02827885268448586,
    "dynamic_hc_stop_profit_thres": 1.4538094901329688,
    "last_close_price_hc_pct": -0.030741360045278235,
    "last_day_sell_thres": 0.9177753524229282,
    "last_day_sell_huiche": 0.01649828603422144,
    "fd_mount": 47012155,
    "fd_vol_pct": 0.4854269148060744,
    "fd_ju_ticks": 1,
    "max_zb_times": 22,
    "stagnation_kline_ticks": 23,
    "decline_kline_ticks": 48,
    "yang_yin_threshold": 0.024779802285647155,
    "stagnation_n": 1,
    "stagnation_volume_ratio_threshold": 82.55702062007822,
    "stagnation_ratio_threshold": 250,
    "decline_volume_ratio_threshold": 84.06335212992957,
    "max_rebounds": 1,
    "decline_ratio_threshold": 843,
    "flxd_ticks": 456,
    "flzz_ticks": 1988,
    "use_simiple_kline_strategy_flxd": true,
    "use_simiple_kline_strategy_flzz": true,
    "flzz_use_smooth_price": false,
    "flzz_zf_thresh": -0.06941667006567809,
    "kline_sell_flxd_zy": true,
    "kline_sell_flxd_zs": true,
    "kline_sell_flzz_zs": true,
    "kline_sell_flzz_zy": true,
    "last_open_price_hc_pct": -0.0035708129565408127,
    "open_price_max_hc": -0.08828797303533734,
    "loss_per_step_tick_gap": 14,
    "loss_cold_start_steps": 29,
    "loss_max_abserve_tick_steps": 399,
    "loss_max_abserce_avg_price_down_steps": 10,
    "loss_dynamic_hc_stop_profit_thres": 7.20081984061219,
    "loss_last_close_price_hc_pct": -0.002860177837366069,
    "loss_last_open_price_hc_pct": -0.027221772260668492,
    "loss_open_price_max_hc": -0.057920359215380204,
    "loss_down_open_sell_wait_time": true,
    "down_open_sell_wait_time": false,
    "day_zy_line": 0.0019909620219501645,
    "day_zs_line": -0.9755164768996748,
    "sell_afternoon": true,
    "sell_half_afternoon": false,
    "sell_max_days": 7,
    "stop_profit_pct": 0.0,
    "static_hc_stop_profit_pct": 1.0,
    "loss_static_hc_stop_profit_pct": 1.0
  },
  "fitness": 3.052597707751321,
  "return": 26.633255,
  "drawdown": 0.23917671908661572,
  "sharpe": 5.654412361109815,
  "individual": [
    22.14040778069241,
    27.386170168360856,
    727.1955811792528,
    12.477700251016968,
    -0.02827885268448586,
    1.4538094901329688,
    -0.030741360045278235,
    0.9177753524229282,
    0.01649828603422144,
    47012155.07200484,
    0.4854269148060744,
    1.0445350176607922,
    21.596864339494175,
    23.14910939511192,
    48.32018014407524,
    0.024779802285647155,
    1.0,
    82.55702062007822,
    249.8592001524556,
    84.06335212992957,
    1.2034128700062559,
    842.8259625594385,
    455.85923208748875,
    1987.862172267647,
    1,
    1,
    0,
    -0.06941667006567809,
    1,
    1,
    1,
    1,
    -0.0035708129565408127,
    -0.08828797303533734,
    13.89335015328045,
    29.112676381005727,
    399.3340822252084,
    10.49727942546038,
    7.20081984061219,
    -0.002860177837366069,
    -0.027221772260668492,
    -0.057920359215380204,
    1,
    0,
    0.0019909620219501645,
    -0.9755164768996748,
    1,
    0,
    6.996174477331895
  ],
  "max_drawdown_threshold": 0.15,
  "strategy_name": "\u4f4e\u4f4d\u4e2d\u5f3a\u4e2d\u4f4e\u5f007\u5929"
}