{
  "generation": 10,
  "fitness": 2.6905419789367024,
  "total_return": 19.363114999999997,
  "max_drawdown": 0.23917205713936213,
  "sharpe_ratio": 5.304594226737563,
  "params": {
    "per_step_tick_gap": 23,
    "cold_start_steps": 28,
    "max_abserve_tick_steps": 700,
    "max_abserce_avg_price_down_steps": 15,
    "stop_profit_open_hc_pct": -0.06601013287881016,
    "dynamic_hc_stop_profit_thres": 3.062711177448092,
    "last_close_price_hc_pct": -0.020819629831567155,
    "last_day_sell_thres": 0.01,
    "last_day_sell_huiche": 0.009039911485557252,
    "fd_mount": 112159458,
    "fd_vol_pct": 0.5260011045688624,
    "fd_ju_ticks": 28,
    "max_zb_times": 13,
    "stagnation_kline_ticks": 22,
    "decline_kline_ticks": 3,
    "yang_yin_threshold": 0.0203509524663905,
    "stagnation_n": 7,
    "stagnation_volume_ratio_threshold": 76.88837432901722,
    "stagnation_ratio_threshold": 869,
    "decline_volume_ratio_threshold": 100.0,
    "max_rebounds": 11,
    "decline_ratio_threshold": 335,
    "flxd_ticks": 500,
    "flzz_ticks": 100,
    "use_simiple_kline_strategy_flxd": false,
    "use_simiple_kline_strategy_flzz": true,
    "flzz_use_smooth_price": false,
    "flzz_zf_thresh": 0.03487208424871067,
    "kline_sell_flxd_zy": true,
    "kline_sell_flxd_zs": false,
    "kline_sell_flzz_zs": true,
    "kline_sell_flzz_zy": true,
    "last_open_price_hc_pct": -0.02498350278611102,
    "open_price_max_hc": -0.034454489773627014,
    "loss_per_step_tick_gap": 16,
    "loss_cold_start_steps": 6,
    "loss_max_abserve_tick_steps": 61,
    "loss_max_abserce_avg_price_down_steps": 15,
    "loss_dynamic_hc_stop_profit_thres": 6.294615989010083,
    "loss_last_close_price_hc_pct": -0.002399993024875994,
    "loss_last_open_price_hc_pct": -0.06096820183858066,
    "loss_open_price_max_hc": -0.0753201119365159,
    "loss_down_open_sell_wait_time": false,
    "down_open_sell_wait_time": false,
    "day_zy_line": 0.001232112462846133,
    "day_zs_line": -0.8062340686570835,
    "sell_afternoon": true,
    "sell_half_afternoon": false,
    "sell_max_days": 7,
    "stop_profit_pct": 0.0,
    "static_hc_stop_profit_pct": 1.0,
    "loss_static_hc_stop_profit_pct": 1.0
  },
  "timestamp": "2025-09-07T17:49:43.099298",
  "individual": [
    23.147246321239763,
    27.91511242724078,
    699.517929620501,
    14.84009345324862,
    -0.06601013287881016,
    3.062711177448092,
    -0.020819629831567155,
    0.01,
    0.009039911485557252,
    112159457.8350309,
    0.5260011045688624,
    28.303947007670704,
    13.257497493081942,
    21.987759219330236,
    3.0,
    0.0203509524663905,
    7.156080579735135,
    76.88837432901722,
    869.0714617926338,
    100.0,
    11.385970563291169,
    334.5279522951247,
    500.0,
    100.0,
    0,
    1,
    0,
    0.03487208424871067,
    1,
    0,
    1,
    1,
    -0.02498350278611102,
    -0.034454489773627014,
    15.533919898401862,
    5.961053669106894,
    60.675856726929254,
    15.0,
    6.294615989010083,
    -0.002399993024875994,
    -0.06096820183858066,
    -0.0753201119365159,
    0,
    0,
    0.001232112462846133,
    -0.8062340686570835,
    1,
    0,
    7.0
  ],
  "max_drawdown_threshold": 0.15,
  "strategy_name": "\u4f4e\u4f4d\u4e2d\u5f3a\u4e2d\u4f4e\u5f007\u5929"
}