{
  "generation": 20,
  "fitness": 2.7887407776559394,
  "total_return": 21.324215000000006,
  "max_drawdown": 0.23918124710921934,
  "sharpe_ratio": 5.370282227671249,
  "params": {
    "per_step_tick_gap": 25,
    "cold_start_steps": 21,
    "max_abserve_tick_steps": 780,
    "max_abserce_avg_price_down_steps": 12,
    "stop_profit_open_hc_pct": -0.04832238340362646,
    "dynamic_hc_stop_profit_thres": 2.9354763796983248,
    "last_close_price_hc_pct": -0.028976164690943794,
    "last_day_sell_thres": 1.0,
    "last_day_sell_huiche": 0.014290306104851162,
    "fd_mount": 33147963,
    "fd_vol_pct": 0.3797805739953755,
    "fd_ju_ticks": 33,
    "max_zb_times": 1,
    "stagnation_kline_ticks": 34,
    "decline_kline_ticks": 16,
    "yang_yin_threshold": 0.0258288068006736,
    "stagnation_n": 1,
    "stagnation_volume_ratio_threshold": 95.58653212288313,
    "stagnation_ratio_threshold": 15,
    "decline_volume_ratio_threshold": 1.1,
    "max_rebounds": 15,
    "decline_ratio_threshold": 36,
    "flxd_ticks": 264,
    "flzz_ticks": 1667,
    "use_simiple_kline_strategy_flxd": true,
    "use_simiple_kline_strategy_flzz": true,
    "flzz_use_smooth_price": false,
    "flzz_zf_thresh": 0.00846874422575838,
    "kline_sell_flxd_zy": true,
    "kline_sell_flxd_zs": false,
    "kline_sell_flzz_zs": true,
    "kline_sell_flzz_zy": true,
    "last_open_price_hc_pct": -0.013634895057556037,
    "open_price_max_hc": -0.07285455301129096,
    "loss_per_step_tick_gap": 17,
    "loss_cold_start_steps": 3,
    "loss_max_abserve_tick_steps": 352,
    "loss_max_abserce_avg_price_down_steps": 13,
    "loss_dynamic_hc_stop_profit_thres": 7.543860212383484,
    "loss_last_close_price_hc_pct": -0.011918250855886325,
    "loss_last_open_price_hc_pct": -0.005646881280578587,
    "loss_open_price_max_hc": -0.04921594161824974,
    "loss_down_open_sell_wait_time": true,
    "down_open_sell_wait_time": true,
    "day_zy_line": 0.0006015765754691773,
    "day_zs_line": -0.5868923487158935,
    "sell_afternoon": true,
    "sell_half_afternoon": false,
    "sell_max_days": 7,
    "stop_profit_pct": 0.0,
    "static_hc_stop_profit_pct": 1.0,
    "loss_static_hc_stop_profit_pct": 1.0
  },
  "timestamp": "2025-09-07T17:57:11.621505",
  "individual": [
    25.0,
    20.95934095256144,
    780.4431860274351,
    12.198586101419579,
    -0.04832238340362646,
    2.9354763796983248,
    -0.028976164690943794,
    1.0,
    0.014290306104851162,
    33147962.984469414,
    0.3797805739953755,
    32.688403126882804,
    1.0,
    34.467965659084555,
    16.327692690607158,
    0.0258288068006736,
    1.0,
    95.58653212288313,
    15.0,
    1.1,
    14.770455915192112,
    36.48877033904174,
    263.607276736363,
    1666.540338713788,
    1,
    1,
    0,
    0.00846874422575838,
    1,
    0,
    1,
    1,
    -0.013634895057556037,
    -0.07285455301129096,
    17.24577500374742,
    2.6249864423563,
    352.0155515279463,
    12.653110708927123,
    7.543860212383484,
    -0.011918250855886325,
    -0.005646881280578587,
    -0.04921594161824974,
    1,
    1,
    0.0006015765754691773,
    -0.5868923487158935,
    1,
    0,
    6.970690394130059
  ],
  "max_drawdown_threshold": 0.15,
  "strategy_name": "\u4f4e\u4f4d\u4e2d\u5f3a\u4e2d\u4f4e\u5f007\u5929"
}