{
  "generation": 40,
  "fitness": 4.948857696807011,
  "total_return": 33.14184000000001,
  "max_drawdown": 0.37092685321076513,
  "sharpe_ratio": 5.541279965931846,
  "params": {
    "per_step_tick_gap": 20,
    "cold_start_steps": 10,
    "max_abserve_tick_steps": 953,
    "max_abserce_avg_price_down_steps": 13,
    "stop_profit_open_hc_pct": -0.009526467676577681,
    "dynamic_hc_stop_profit_thres": 5.290956969651794,
    "last_close_price_hc_pct": -0.03750097316777031,
    "last_day_sell_thres": 0.67297681480256,
    "last_day_sell_huiche": 0.007179021980579245,
    "fd_mount": 87092220,
    "fd_vol_pct": 0.41302198392165446,
    "fd_ju_ticks": 2,
    "max_zb_times": 19,
    "stagnation_kline_ticks": 39,
    "decline_kline_ticks": 43,
    "yang_yin_threshold": 0.010508948222465899,
    "stagnation_n": 16,
    "stagnation_volume_ratio_threshold": 78.84844885117653,
    "stagnation_ratio_threshold": 1075,
    "decline_volume_ratio_threshold": 71.09050211696197,
    "max_rebounds": 11,
    "decline_ratio_threshold": 580,
    "flxd_ticks": 411,
    "flzz_ticks": 2000,
    "use_simiple_kline_strategy_flxd": true,
    "use_simiple_kline_strategy_flzz": false,
    "flzz_use_smooth_price": false,
    "flzz_zf_thresh": 0.0631534746829603,
    "kline_sell_flxd_zy": false,
    "kline_sell_flxd_zs": false,
    "kline_sell_flzz_zs": false,
    "kline_sell_flzz_zy": false,
    "last_open_price_hc_pct": -0.06840297073168841,
    "open_price_max_hc": -0.07561428083211778,
    "loss_per_step_tick_gap": 24,
    "loss_cold_start_steps": 2,
    "loss_max_abserve_tick_steps": 346,
    "loss_max_abserce_avg_price_down_steps": 2,
    "loss_dynamic_hc_stop_profit_thres": 8.0,
    "loss_last_close_price_hc_pct": -0.08,
    "loss_last_open_price_hc_pct": -0.024758248746063374,
    "loss_open_price_max_hc": -0.07140652818952664,
    "loss_down_open_sell_wait_time": true,
    "down_open_sell_wait_time": true,
    "day_zy_line": 0.002570360022010647,
    "day_zs_line": -0.5894803893201748,
    "sell_afternoon": true,
    "sell_half_afternoon": false,
    "sell_max_days": 7,
    "stop_profit_pct": 0.0,
    "static_hc_stop_profit_pct": 1.0,
    "loss_static_hc_stop_profit_pct": 1.0
  },
  "timestamp": "2025-09-10T00:58:39.210395",
  "individual": [
    20.103470022402913,
    10.166310675345596,
    952.5115780549016,
    13.099318738364044,
    -0.009526467676577681,
    5.290956969651794,
    -0.03750097316777031,
    0.67297681480256,
    0.007179021980579245,
    87092219.93670166,
    0.41302198392165446,
    1.994281564200291,
    19.051428827476347,
    39.252213332708116,
    42.80112575479441,
    0.010508948222465899,
    15.717668209563266,
    78.84844885117653,
    1074.7784021761838,
    71.09050211696197,
    10.838477308864844,
    579.9929539998436,
    410.92522485181655,
    2000.0,
    1,
    0,
    0,
    0.0631534746829603,
    0,
    0,
    0,
    0,
    -0.06840297073168841,
    -0.07561428083211778,
    24.360530403724674,
    1.9343745133937986,
    345.8115251541715,
    2.0199304883772093,
    8.0,
    -0.08,
    -0.024758248746063374,
    -0.07140652818952664,
    1,
    1,
    0.002570360022010647,
    -0.5894803893201748,
    1,
    0,
    6.882245340915471
  ],
  "max_drawdown_threshold": 0.3,
  "strategy_name": "\u4f4e\u4f4d\u5b55\u7ebf"
}