{
  "generation": 10,
  "fitness": 4.145863604128973,
  "total_return": 24.02468,
  "max_drawdown": 0.3715342350917068,
  "sharpe_ratio": 5.196149917000534,
  "params": {
    "per_step_tick_gap": 20,
    "cold_start_steps": 12,
    "max_abserve_tick_steps": 957,
    "max_abserce_avg_price_down_steps": 12,
    "stop_profit_open_hc_pct": -0.07566822118041924,
    "dynamic_hc_stop_profit_thres": 5.473439676688386,
    "last_close_price_hc_pct": -0.04,
    "last_day_sell_thres": 0.6129664965779369,
    "last_day_sell_huiche": 0.00864741106880338,
    "fd_mount": 30618172,
    "fd_vol_pct": 0.20559375365926652,
    "fd_ju_ticks": 2,
    "max_zb_times": 2,
    "stagnation_kline_ticks": 37,
    "decline_kline_ticks": 43,
    "yang_yin_threshold": 0.019025403883243957,
    "stagnation_n": 24,
    "stagnation_volume_ratio_threshold": 38.871647212957,
    "stagnation_ratio_threshold": 260,
    "decline_volume_ratio_threshold": 42.09970523602177,
    "max_rebounds": 14,
    "decline_ratio_threshold": 845,
    "flxd_ticks": 344,
    "flzz_ticks": 1725,
    "use_simiple_kline_strategy_flxd": true,
    "use_simiple_kline_strategy_flzz": true,
    "flzz_use_smooth_price": true,
    "flzz_zf_thresh": -0.07,
    "kline_sell_flxd_zy": false,
    "kline_sell_flxd_zs": false,
    "kline_sell_flzz_zs": false,
    "kline_sell_flzz_zy": false,
    "last_open_price_hc_pct": -0.08,
    "open_price_max_hc": -0.0699770675628319,
    "loss_per_step_tick_gap": 25,
    "loss_cold_start_steps": 19,
    "loss_max_abserve_tick_steps": 52,
    "loss_max_abserce_avg_price_down_steps": 7,
    "loss_dynamic_hc_stop_profit_thres": 0.3684924708052564,
    "loss_last_close_price_hc_pct": -0.0499587793402535,
    "loss_last_open_price_hc_pct": -0.03316663025715019,
    "loss_open_price_max_hc": 0.0,
    "loss_down_open_sell_wait_time": false,
    "down_open_sell_wait_time": false,
    "day_zy_line": 0.0,
    "day_zs_line": -0.7384676528631691,
    "sell_afternoon": true,
    "sell_half_afternoon": false,
    "sell_max_days": 7,
    "stop_profit_pct": 0.0,
    "static_hc_stop_profit_pct": 1.0,
    "loss_static_hc_stop_profit_pct": 1.0
  },
  "timestamp": "2025-09-10T00:33:57.119012",
  "individual": [
    19.549258498886896,
    12.350313889494604,
    956.7627004360183,
    12.061121006963402,
    -0.07566822118041924,
    5.473439676688386,
    -0.04,
    0.6129664965779369,
    0.00864741106880338,
    30618172.431354858,
    0.20559375365926652,
    1.8173056308668425,
    1.6319348411346049,
    36.730584141016664,
    43.479194608808704,
    0.019025403883243957,
    23.693934188752333,
    38.871647212957,
    259.5454403343387,
    42.09970523602177,
    13.86313696111721,
    845.1126460937061,
    344.3553223384323,
    1725.132668040707,
    1,
    1,
    1,
    -0.07,
    0,
    0,
    0,
    0,
    -0.08,
    -0.0699770675628319,
    24.994792610078377,
    18.91699304473933,
    51.898742428325946,
    7.399459666317352,
    0.3684924708052564,
    -0.0499587793402535,
    -0.03316663025715019,
    0.0,
    0,
    0,
    0.0,
    -0.7384676528631691,
    1,
    0,
    6.54229921802913
  ],
  "max_drawdown_threshold": 0.3,
  "strategy_name": "\u4f4e\u4f4d\u5b55\u7ebf"
}