{
  "generation": 30,
  "fitness": 4.904426776397777,
  "total_return": 32.60479000000001,
  "max_drawdown": 0.37092685321076513,
  "sharpe_ratio": 5.51778227530474,
  "params": {
    "per_step_tick_gap": 20,
    "cold_start_steps": 9,
    "max_abserve_tick_steps": 950,
    "max_abserce_avg_price_down_steps": 13,
    "stop_profit_open_hc_pct": -0.0095099015954678,
    "dynamic_hc_stop_profit_thres": 5.2946420178837466,
    "last_close_price_hc_pct": -0.03671056755702725,
    "last_day_sell_thres": 0.4673337862175083,
    "last_day_sell_huiche": 0.0060229391652657175,
    "fd_mount": 94465616,
    "fd_vol_pct": 0.41088015199250466,
    "fd_ju_ticks": 2,
    "max_zb_times": 5,
    "stagnation_kline_ticks": 42,
    "decline_kline_ticks": 43,
    "yang_yin_threshold": 0.00982464682032434,
    "stagnation_n": 12,
    "stagnation_volume_ratio_threshold": 62.737838083017394,
    "stagnation_ratio_threshold": 473,
    "decline_volume_ratio_threshold": 72.01865511535655,
    "max_rebounds": 6,
    "decline_ratio_threshold": 944,
    "flxd_ticks": 500,
    "flzz_ticks": 2000,
    "use_simiple_kline_strategy_flxd": true,
    "use_simiple_kline_strategy_flzz": false,
    "flzz_use_smooth_price": false,
    "flzz_zf_thresh": 0.03052363058823967,
    "kline_sell_flxd_zy": true,
    "kline_sell_flxd_zs": true,
    "kline_sell_flzz_zs": false,
    "kline_sell_flzz_zy": false,
    "last_open_price_hc_pct": -0.07584954324170942,
    "open_price_max_hc": -0.08523796539047342,
    "loss_per_step_tick_gap": 25,
    "loss_cold_start_steps": 30,
    "loss_max_abserve_tick_steps": 206,
    "loss_max_abserce_avg_price_down_steps": 3,
    "loss_dynamic_hc_stop_profit_thres": 5.85765893890309,
    "loss_last_close_price_hc_pct": -0.07508011496644734,
    "loss_last_open_price_hc_pct": -0.027984806751537812,
    "loss_open_price_max_hc": -0.059738115630575905,
    "loss_down_open_sell_wait_time": true,
    "down_open_sell_wait_time": true,
    "day_zy_line": 0.0023779080614934494,
    "day_zs_line": -0.5886459913162548,
    "sell_afternoon": true,
    "sell_half_afternoon": false,
    "sell_max_days": 7,
    "stop_profit_pct": 0.0,
    "static_hc_stop_profit_pct": 1.0,
    "loss_static_hc_stop_profit_pct": 1.0
  },
  "timestamp": "2025-09-10T00:50:24.963512",
  "individual": [
    20.199304439049676,
    8.728891423970108,
    950.2387825343927,
    13.2221905408551,
    -0.0095099015954678,
    5.2946420178837466,
    -0.03671056755702725,
    0.4673337862175083,
    0.0060229391652657175,
    94465615.66151002,
    0.41088015199250466,
    2.262915695013613,
    5.4376961953421885,
    42.07722913343957,
    42.72617403615705,
    0.00982464682032434,
    12.187724015252382,
    62.737838083017394,
    472.50967055910587,
    72.01865511535655,
    6.280319309838061,
    944.2853027184486,
    500.0,
    2000.0,
    1,
    0,
    0,
    0.03052363058823967,
    1,
    1,
    0,
    0,
    -0.07584954324170942,
    -0.08523796539047342,
    24.999819323544386,
    30.0,
    205.65141194690034,
    3.456417663040296,
    5.85765893890309,
    -0.07508011496644734,
    -0.027984806751537812,
    -0.059738115630575905,
    1,
    1,
    0.0023779080614934494,
    -0.5886459913162548,
    1,
    0,
    6.792519435741813
  ],
  "max_drawdown_threshold": 0.3,
  "strategy_name": "\u4f4e\u4f4d\u5b55\u7ebf"
}