{
  "generation": 60,
  "fitness": 4.960717209654584,
  "total_return": 33.28669000000001,
  "max_drawdown": 0.37092685321076513,
  "sharpe_ratio": 5.547184709372119,
  "params": {
    "per_step_tick_gap": 20,
    "cold_start_steps": 16,
    "max_abserve_tick_steps": 954,
    "max_abserce_avg_price_down_steps": 13,
    "stop_profit_open_hc_pct": -0.009539526409548651,
    "dynamic_hc_stop_profit_thres": 5.386196844445128,
    "last_close_price_hc_pct": -0.03787182108682528,
    "last_day_sell_thres": 0.29521960223832266,
    "last_day_sell_huiche": 0.004961658019998243,
    "fd_mount": 86241341,
    "fd_vol_pct": 0.41243668074264994,
    "fd_ju_ticks": 2,
    "max_zb_times": 18,
    "stagnation_kline_ticks": 40,
    "decline_kline_ticks": 42,
    "yang_yin_threshold": 0.008337760769906714,
    "stagnation_n": 15,
    "stagnation_volume_ratio_threshold": 74.99757394024786,
    "stagnation_ratio_threshold": 1001,
    "decline_volume_ratio_threshold": 69.08829572007403,
    "max_rebounds": 10,
    "decline_ratio_threshold": 610,
    "flxd_ticks": 405,
    "flzz_ticks": 2000,
    "use_simiple_kline_strategy_flxd": true,
    "use_simiple_kline_strategy_flzz": false,
    "flzz_use_smooth_price": false,
    "flzz_zf_thresh": 0.062183769394319174,
    "kline_sell_flxd_zy": true,
    "kline_sell_flxd_zs": false,
    "kline_sell_flzz_zs": true,
    "kline_sell_flzz_zy": false,
    "last_open_price_hc_pct": -0.06769265001065629,
    "open_price_max_hc": -0.0773949729519326,
    "loss_per_step_tick_gap": 24,
    "loss_cold_start_steps": 2,
    "loss_max_abserve_tick_steps": 297,
    "loss_max_abserce_avg_price_down_steps": 4,
    "loss_dynamic_hc_stop_profit_thres": 7.539718224822816,
    "loss_last_close_price_hc_pct": -0.07792569160113158,
    "loss_last_open_price_hc_pct": -0.021913658209384963,
    "loss_open_price_max_hc": -0.06299948032390273,
    "loss_down_open_sell_wait_time": false,
    "down_open_sell_wait_time": true,
    "day_zy_line": 0.0025666605061189307,
    "day_zs_line": -0.5681125209542779,
    "sell_afternoon": true,
    "sell_half_afternoon": false,
    "sell_max_days": 7,
    "stop_profit_pct": 0.0,
    "static_hc_stop_profit_pct": 1.0,
    "loss_static_hc_stop_profit_pct": 1.0
  },
  "timestamp": "2025-09-10T01:14:57.755699",
  "individual": [
    20.061501701579584,
    15.529106112290892,
    953.5731745974067,
    13.086948640734748,
    -0.009539526409548651,
    5.386196844445128,
    -0.03787182108682528,
    0.29521960223832266,
    0.004961658019998243,
    86241340.54190072,
    0.41243668074264994,
    2.1965618211650373,
    18.144719050700232,
    40.40014216342032,
    41.7906255595162,
    0.008337760769906714,
    15.011225422676462,
    74.99757394024786,
    1001.1488672590706,
    69.08829572007403,
    10.41196122453962,
    610.0900023742513,
    405.1329474354531,
    2000.0,
    1,
    0,
    0,
    0.062183769394319174,
    1,
    0,
    1,
    0,
    -0.06769265001065629,
    -0.0773949729519326,
    24.297916048934795,
    2.2443423572461403,
    297.2866129582989,
    4.096482469173146,
    7.539718224822816,
    -0.07792569160113158,
    -0.021913658209384963,
    -0.06299948032390273,
    0,
    1,
    0.0025666605061189307,
    -0.5681125209542779,
    1,
    0,
    6.895375130481504
  ],
  "max_drawdown_threshold": 0.3,
  "strategy_name": "\u4f4e\u4f4d\u5b55\u7ebf"
}