{
  "generation": 20,
  "fitness": 4.7612392572843065,
  "total_return": 31.094239999999996,
  "max_drawdown": 0.37169872216006883,
  "sharpe_ratio": 5.4715104552068174,
  "params": {
    "per_step_tick_gap": 20,
    "cold_start_steps": 18,
    "max_abserve_tick_steps": 983,
    "max_abserce_avg_price_down_steps": 15,
    "stop_profit_open_hc_pct": -0.11089264051050508,
    "dynamic_hc_stop_profit_thres": 5.202704932046937,
    "last_close_price_hc_pct": -0.03423823622820164,
    "last_day_sell_thres": 0.6417570155597074,
    "last_day_sell_huiche": 0.008005009676064156,
    "fd_mount": 57280691,
    "fd_vol_pct": 0.3959106198037299,
    "fd_ju_ticks": 1,
    "max_zb_times": 3,
    "stagnation_kline_ticks": 38,
    "decline_kline_ticks": 44,
    "yang_yin_threshold": 0.01476330399991356,
    "stagnation_n": 1,
    "stagnation_volume_ratio_threshold": 43.10833293394833,
    "stagnation_ratio_threshold": 752,
    "decline_volume_ratio_threshold": 1.1,
    "max_rebounds": 14,
    "decline_ratio_threshold": 952,
    "flxd_ticks": 437,
    "flzz_ticks": 300,
    "use_simiple_kline_strategy_flxd": true,
    "use_simiple_kline_strategy_flzz": true,
    "flzz_use_smooth_price": false,
    "flzz_zf_thresh": 0.09278302098685416,
    "kline_sell_flxd_zy": true,
    "kline_sell_flxd_zs": false,
    "kline_sell_flzz_zs": true,
    "kline_sell_flzz_zy": false,
    "last_open_price_hc_pct": -0.07472832537958983,
    "open_price_max_hc": -0.07799409559713483,
    "loss_per_step_tick_gap": 24,
    "loss_cold_start_steps": 17,
    "loss_max_abserve_tick_steps": 212,
    "loss_max_abserce_avg_price_down_steps": 8,
    "loss_dynamic_hc_stop_profit_thres": 0.01,
    "loss_last_close_price_hc_pct": -0.06804989989885607,
    "loss_last_open_price_hc_pct": -0.020940174778155157,
    "loss_open_price_max_hc": -0.052878130754408795,
    "loss_down_open_sell_wait_time": true,
    "down_open_sell_wait_time": true,
    "day_zy_line": 0.0018546378489288746,
    "day_zs_line": -0.8506205516375233,
    "sell_afternoon": true,
    "sell_half_afternoon": false,
    "sell_max_days": 7,
    "stop_profit_pct": 0.0,
    "static_hc_stop_profit_pct": 1.0,
    "loss_static_hc_stop_profit_pct": 1.0
  },
  "timestamp": "2025-09-10T00:41:48.033694",
  "individual": [
    19.98296688749012,
    17.880545122679194,
    982.8999490131775,
    14.635902783501606,
    -0.11089264051050508,
    5.202704932046937,
    -0.03423823622820164,
    0.6417570155597074,
    0.008005009676064156,
    57280690.73250699,
    0.3959106198037299,
    1.0,
    2.7817948304588294,
    38.15189725661074,
    43.828363595962685,
    0.01476330399991356,
    1.0,
    43.10833293394833,
    752.292614659732,
    1.1,
    13.90737825687243,
    951.9990543235659,
    437.4770401274213,
    299.99725128770046,
    1,
    1,
    0,
    0.09278302098685416,
    1,
    0,
    1,
    0,
    -0.07472832537958983,
    -0.07799409559713483,
    24.287397271914934,
    16.521411808837026,
    211.64406418694261,
    8.292873425015369,
    0.01,
    -0.06804989989885607,
    -0.020940174778155157,
    -0.052878130754408795,
    1,
    1,
    0.0018546378489288746,
    -0.8506205516375233,
    1,
    0,
    6.873858377218207
  ],
  "max_drawdown_threshold": 0.3,
  "strategy_name": "\u4f4e\u4f4d\u5b55\u7ebf"
}