{
  "generation": 60,
  "fitness": 4.780129240169871,
  "total_return": 27.10011,
  "max_drawdown": 0.2391755757998516,
  "sharpe_ratio": 5.600798361969038,
  "params": {
    "per_step_tick_gap": 13,
    "cold_start_steps": 41,
    "max_abserve_tick_steps": 908,
    "max_abserce_avg_price_down_steps": 15,
    "stop_profit_open_hc_pct": -0.02300669911734055,
    "dynamic_hc_stop_profit_thres": 1.5878005113558034,
    "last_close_price_hc_pct": -0.03154634950471893,
    "last_day_sell_thres": 0.2101151771268246,
    "last_day_sell_huiche": 0.013508300952467543,
    "fd_mount": 68419895,
    "fd_vol_pct": 0.33207403500191096,
    "fd_ju_ticks": 1,
    "max_zb_times": 27,
    "stagnation_kline_ticks": 38,
    "decline_kline_ticks": 15,
    "yang_yin_threshold": 0.008605118920437835,
    "stagnation_n": 2,
    "stagnation_volume_ratio_threshold": 37.82871037224261,
    "stagnation_ratio_threshold": 915,
    "decline_volume_ratio_threshold": 33.47526240005761,
    "max_rebounds": 15,
    "decline_ratio_threshold": 1100,
    "flxd_ticks": 268,
    "flzz_ticks": 1069,
    "use_simiple_kline_strategy_flxd": true,
    "use_simiple_kline_strategy_flzz": true,
    "flzz_use_smooth_price": false,
    "flzz_zf_thresh": 0.017550880702005195,
    "kline_sell_flxd_zy": false,
    "kline_sell_flxd_zs": false,
    "kline_sell_flzz_zs": true,
    "kline_sell_flzz_zy": true,
    "last_open_price_hc_pct": -0.04381374321558523,
    "open_price_max_hc": -0.06819500945447943,
    "loss_per_step_tick_gap": 15,
    "loss_cold_start_steps": 28,
    "loss_max_abserve_tick_steps": 54,
    "loss_max_abserce_avg_price_down_steps": 15,
    "loss_dynamic_hc_stop_profit_thres": 5.972513169429177,
    "loss_last_close_price_hc_pct": -0.06466396144601011,
    "loss_last_open_price_hc_pct": -0.063642194246739,
    "loss_open_price_max_hc": -0.09295370283584375,
    "loss_down_open_sell_wait_time": false,
    "down_open_sell_wait_time": false,
    "day_zy_line": 0.0014498665596049012,
    "day_zs_line": -0.7080367250770093,
    "sell_afternoon": true,
    "sell_half_afternoon": false,
    "sell_max_days": 7,
    "stop_profit_pct": 0.0,
    "static_hc_stop_profit_pct": 1.0,
    "loss_static_hc_stop_profit_pct": 1.0
  },
  "timestamp": "2025-09-07T17:19:44.438028",
  "individual": [
    13.114906279361332,
    41.317311509365766,
    908.3431489566086,
    15.0,
    -0.02300669911734055,
    1.5878005113558034,
    -0.03154634950471893,
    0.2101151771268246,
    0.013508300952467543,
    68419895.24000104,
    0.33207403500191096,
    1.0550397655984358,
    26.86913328355207,
    37.884980835142755,
    15.131125306791827,
    0.008605118920437835,
    1.9931880652038128,
    37.82871037224261,
    914.98540168285,
    33.47526240005761,
    15.0,
    1100.224385871386,
    268.46908084643565,
    1069.4051109746147,
    1,
    1,
    0,
    0.017550880702005195,
    0,
    0,
    1,
    1,
    -0.04381374321558523,
    -0.06819500945447943,
    15.199900352507218,
    27.963727173127594,
    54.04836702705478,
    15.0,
    5.972513169429177,
    -0.06466396144601011,
    -0.063642194246739,
    -0.09295370283584375,
    0,
    0,
    0.0014498665596049012,
    -0.7080367250770093,
    1,
    0,
    6.743298192240055
  ],
  "max_drawdown_threshold": 0.25,
  "strategy_name": "\u4f4e\u4f4d\u4e2d\u5f3a\u4e2d\u4f4e\u5f007\u5929"
}