{
  "generation": 40,
  "fitness": 4.605356938874693,
  "total_return": 24.679295,
  "max_drawdown": 0.23916066786247658,
  "sharpe_ratio": 5.493640722082223,
  "params": {
    "per_step_tick_gap": 13,
    "cold_start_steps": 42,
    "max_abserve_tick_steps": 899,
    "max_abserce_avg_price_down_steps": 15,
    "stop_profit_open_hc_pct": -0.02301118188720213,
    "dynamic_hc_stop_profit_thres": 2.269861195629452,
    "last_close_price_hc_pct": -0.03254662527172301,
    "last_day_sell_thres": 0.5257853993601953,
    "last_day_sell_huiche": 0.015576601064396475,
    "fd_mount": 84380001,
    "fd_vol_pct": 0.611397502138684,
    "fd_ju_ticks": 1,
    "max_zb_times": 28,
    "stagnation_kline_ticks": 33,
    "decline_kline_ticks": 14,
    "yang_yin_threshold": 0.024526267908811596,
    "stagnation_n": 2,
    "stagnation_volume_ratio_threshold": 73.84026537306406,
    "stagnation_ratio_threshold": 899,
    "decline_volume_ratio_threshold": 40.784190055020254,
    "max_rebounds": 6,
    "decline_ratio_threshold": 1239,
    "flxd_ticks": 168,
    "flzz_ticks": 833,
    "use_simiple_kline_strategy_flxd": false,
    "use_simiple_kline_strategy_flzz": true,
    "flzz_use_smooth_price": false,
    "flzz_zf_thresh": 0.01593096878464685,
    "kline_sell_flxd_zy": false,
    "kline_sell_flxd_zs": false,
    "kline_sell_flzz_zs": true,
    "kline_sell_flzz_zy": true,
    "last_open_price_hc_pct": -0.04333451116228663,
    "open_price_max_hc": -0.08075807116328845,
    "loss_per_step_tick_gap": 16,
    "loss_cold_start_steps": 28,
    "loss_max_abserve_tick_steps": 53,
    "loss_max_abserce_avg_price_down_steps": 10,
    "loss_dynamic_hc_stop_profit_thres": 5.025415128943491,
    "loss_last_close_price_hc_pct": -0.08,
    "loss_last_open_price_hc_pct": -0.07217020467153173,
    "loss_open_price_max_hc": -0.09495909670668784,
    "loss_down_open_sell_wait_time": false,
    "down_open_sell_wait_time": false,
    "day_zy_line": 0.0013623346177025373,
    "day_zs_line": -0.8618609543122148,
    "sell_afternoon": true,
    "sell_half_afternoon": false,
    "sell_max_days": 7,
    "stop_profit_pct": 0.0,
    "static_hc_stop_profit_pct": 1.0,
    "loss_static_hc_stop_profit_pct": 1.0
  },
  "timestamp": "2025-09-07T17:05:54.024912",
  "individual": [
    13.0534786231938,
    42.0424330556344,
    899.1896381402087,
    14.943654605901973,
    -0.02301118188720213,
    2.269861195629452,
    -0.03254662527172301,
    0.5257853993601953,
    0.015576601064396475,
    84380001.07759453,
    0.611397502138684,
    1.0240468954531812,
    27.978303841450852,
    33.48745717772407,
    13.867503745388621,
    0.024526267908811596,
    2.088873360434993,
    73.84026537306406,
    899.1834408324942,
    40.784190055020254,
    5.681162239851357,
    1239.3247958048585,
    167.62811698109223,
    833.0671979212767,
    0,
    1,
    0,
    0.01593096878464685,
    0,
    0,
    1,
    1,
    -0.04333451116228663,
    -0.08075807116328845,
    16.112000691203175,
    28.35321307554854,
    53.30845693529211,
    10.463123648503354,
    5.025415128943491,
    -0.08,
    -0.07217020467153173,
    -0.09495909670668784,
    0,
    0,
    0.0013623346177025373,
    -0.8618609543122148,
    1,
    0,
    6.739315143313371
  ],
  "max_drawdown_threshold": 0.25,
  "strategy_name": "\u4f4e\u4f4d\u4e2d\u5f3a\u4e2d\u4f4e\u5f007\u5929"
}