{
  "generation": 80,
  "fitness": 4.7861370496424085,
  "total_return": 27.189015,
  "max_drawdown": 0.2391755757998516,
  "sharpe_ratio": 5.603772837457215,
  "params": {
    "per_step_tick_gap": 13,
    "cold_start_steps": 43,
    "max_abserve_tick_steps": 907,
    "max_abserce_avg_price_down_steps": 15,
    "stop_profit_open_hc_pct": -0.022754518085340715,
    "dynamic_hc_stop_profit_thres": 1.4763635666879935,
    "last_close_price_hc_pct": -0.03177249244028102,
    "last_day_sell_thres": 0.5593422746060492,
    "last_day_sell_huiche": 0.02,
    "fd_mount": 63087595,
    "fd_vol_pct": 0.49775692458023624,
    "fd_ju_ticks": 1,
    "max_zb_times": 27,
    "stagnation_kline_ticks": 38,
    "decline_kline_ticks": 13,
    "yang_yin_threshold": 0.008468913474006363,
    "stagnation_n": 2,
    "stagnation_volume_ratio_threshold": 54.8434808808676,
    "stagnation_ratio_threshold": 914,
    "decline_volume_ratio_threshold": 33.762734665376904,
    "max_rebounds": 7,
    "decline_ratio_threshold": 1316,
    "flxd_ticks": 323,
    "flzz_ticks": 1091,
    "use_simiple_kline_strategy_flxd": true,
    "use_simiple_kline_strategy_flzz": true,
    "flzz_use_smooth_price": false,
    "flzz_zf_thresh": 0.017702261060721872,
    "kline_sell_flxd_zy": false,
    "kline_sell_flxd_zs": false,
    "kline_sell_flzz_zs": true,
    "kline_sell_flzz_zy": true,
    "last_open_price_hc_pct": -0.04341254042938279,
    "open_price_max_hc": -0.07250223214593927,
    "loss_per_step_tick_gap": 15,
    "loss_cold_start_steps": 28,
    "loss_max_abserve_tick_steps": 47,
    "loss_max_abserce_avg_price_down_steps": 15,
    "loss_dynamic_hc_stop_profit_thres": 5.1068217967245975,
    "loss_last_close_price_hc_pct": -0.06731495250229769,
    "loss_last_open_price_hc_pct": -0.08,
    "loss_open_price_max_hc": -0.09255514751780936,
    "loss_down_open_sell_wait_time": false,
    "down_open_sell_wait_time": false,
    "day_zy_line": 0.0013897346733054783,
    "day_zs_line": -0.8423126604774431,
    "sell_afternoon": true,
    "sell_half_afternoon": false,
    "sell_max_days": 7,
    "stop_profit_pct": 0.0,
    "static_hc_stop_profit_pct": 1.0,
    "loss_static_hc_stop_profit_pct": 1.0
  },
  "timestamp": "2025-09-07T17:32:52.963770",
  "individual": [
    13.15468888888401,
    42.887569135138975,
    907.259951109334,
    14.855927733254205,
    -0.022754518085340715,
    1.4763635666879935,
    -0.03177249244028102,
    0.5593422746060492,
    0.02,
    63087594.94703849,
    0.49775692458023624,
    1.0403701626827928,
    26.82162880405236,
    37.919307896371535,
    13.234659777304568,
    0.008468913474006363,
    1.7088394885823508,
    54.8434808808676,
    913.8570637703092,
    33.762734665376904,
    6.6196875885306214,
    1315.6015887656372,
    322.8519878670639,
    1091.427017736114,
    1,
    1,
    0,
    0.017702261060721872,
    0,
    0,
    1,
    1,
    -0.04341254042938279,
    -0.07250223214593927,
    14.9786548780569,
    28.30376460831227,
    46.98427383741257,
    15.0,
    5.1068217967245975,
    -0.06731495250229769,
    -0.08,
    -0.09255514751780936,
    0,
    0,
    0.0013897346733054783,
    -0.8423126604774431,
    1,
    0,
    6.749088340264735
  ],
  "max_drawdown_threshold": 0.25,
  "strategy_name": "\u4f4e\u4f4d\u4e2d\u5f3a\u4e2d\u4f4e\u5f007\u5929"
}