{
  "generation": 30,
  "fitness": 4.459824138884568,
  "total_return": 22.408525000000004,
  "max_drawdown": 0.23918718687767776,
  "sharpe_ratio": 5.489541205974828,
  "params": {
    "per_step_tick_gap": 13,
    "cold_start_steps": 41,
    "max_abserve_tick_steps": 923,
    "max_abserce_avg_price_down_steps": 15,
    "stop_profit_open_hc_pct": -0.0291006275815418,
    "dynamic_hc_stop_profit_thres": 2.8898656613655627,
    "last_close_price_hc_pct": -0.036409355549894634,
    "last_day_sell_thres": 0.4200075303491906,
    "last_day_sell_huiche": 0.012209300855353118,
    "fd_mount": 21483772,
    "fd_vol_pct": 0.5447884948932031,
    "fd_ju_ticks": 1,
    "max_zb_times": 20,
    "stagnation_kline_ticks": 22,
    "decline_kline_ticks": 13,
    "yang_yin_threshold": 0.005590523376354177,
    "stagnation_n": 10,
    "stagnation_volume_ratio_threshold": 39.68946592478355,
    "stagnation_ratio_threshold": 981,
    "decline_volume_ratio_threshold": 10.483352891390656,
    "max_rebounds": 6,
    "decline_ratio_threshold": 612,
    "flxd_ticks": 162,
    "flzz_ticks": 100,
    "use_simiple_kline_strategy_flxd": false,
    "use_simiple_kline_strategy_flzz": true,
    "flzz_use_smooth_price": true,
    "flzz_zf_thresh": 0.02298342036041432,
    "kline_sell_flxd_zy": false,
    "kline_sell_flxd_zs": false,
    "kline_sell_flzz_zs": true,
    "kline_sell_flzz_zy": true,
    "last_open_price_hc_pct": -0.0256944439249341,
    "open_price_max_hc": -0.0704588840032328,
    "loss_per_step_tick_gap": 17,
    "loss_cold_start_steps": 30,
    "loss_max_abserve_tick_steps": 8,
    "loss_max_abserce_avg_price_down_steps": 11,
    "loss_dynamic_hc_stop_profit_thres": 5.1824582159773085,
    "loss_last_close_price_hc_pct": -0.053290696227793366,
    "loss_last_open_price_hc_pct": -0.06370033387855836,
    "loss_open_price_max_hc": -0.08624202520221005,
    "loss_down_open_sell_wait_time": true,
    "down_open_sell_wait_time": false,
    "day_zy_line": 0.001210762168110708,
    "day_zs_line": -0.8959281675235826,
    "sell_afternoon": true,
    "sell_half_afternoon": false,
    "sell_max_days": 7,
    "stop_profit_pct": 0.0,
    "static_hc_stop_profit_pct": 1.0,
    "loss_static_hc_stop_profit_pct": 1.0
  },
  "timestamp": "2025-09-07T16:58:03.007933",
  "individual": [
    13.056291947033126,
    41.227843366197376,
    922.8440196766069,
    14.579380373438868,
    -0.0291006275815418,
    2.8898656613655627,
    -0.036409355549894634,
    0.4200075303491906,
    0.012209300855353118,
    21483771.73015491,
    0.5447884948932031,
    1.0346297431083755,
    19.61529235645013,
    22.166286556598195,
    13.00645618104967,
    0.005590523376354177,
    9.524708962530319,
    39.68946592478355,
    981.4539066811724,
    10.483352891390656,
    6.374065453812435,
    612.479303954752,
    161.59155528878608,
    100.0,
    0,
    1,
    1,
    0.02298342036041432,
    0,
    0,
    1,
    1,
    -0.0256944439249341,
    -0.0704588840032328,
    17.033991708584306,
    30.0,
    7.595771849419277,
    10.540167257823262,
    5.1824582159773085,
    -0.053290696227793366,
    -0.06370033387855836,
    -0.08624202520221005,
    1,
    0,
    0.001210762168110708,
    -0.8959281675235826,
    1,
    0,
    6.753540125257021
  ],
  "max_drawdown_threshold": 0.25,
  "strategy_name": "\u4f4e\u4f4d\u4e2d\u5f3a\u4e2d\u4f4e\u5f007\u5929"
}