{
  "generation": 10,
  "fitness": 4.143724055561759,
  "total_return": 18.737804999999994,
  "max_drawdown": 0.23916698818314786,
  "sharpe_ratio": 5.2537635384775445,
  "params": {
    "per_step_tick_gap": 20,
    "cold_start_steps": 28,
    "max_abserve_tick_steps": 464,
    "max_abserce_avg_price_down_steps": 15,
    "stop_profit_open_hc_pct": -0.05456249179370629,
    "dynamic_hc_stop_profit_thres": 5.1770336629409925,
    "last_close_price_hc_pct": -0.03198384883374823,
    "last_day_sell_thres": 0.5996984418469858,
    "last_day_sell_huiche": 0.012065415760118402,
    "fd_mount": 89444129,
    "fd_vol_pct": 0.37869677037760396,
    "fd_ju_ticks": 1,
    "max_zb_times": 14,
    "stagnation_kline_ticks": 26,
    "decline_kline_ticks": 18,
    "yang_yin_threshold": 0.011794444195719634,
    "stagnation_n": 30,
    "stagnation_volume_ratio_threshold": 35.103398320462745,
    "stagnation_ratio_threshold": 889,
    "decline_volume_ratio_threshold": 39.32112124815683,
    "max_rebounds": 15,
    "decline_ratio_threshold": 1012,
    "flxd_ticks": 210,
    "flzz_ticks": 2000,
    "use_simiple_kline_strategy_flxd": false,
    "use_simiple_kline_strategy_flzz": true,
    "flzz_use_smooth_price": false,
    "flzz_zf_thresh": 0.062782597856556,
    "kline_sell_flxd_zy": false,
    "kline_sell_flxd_zs": false,
    "kline_sell_flzz_zs": true,
    "kline_sell_flzz_zy": false,
    "last_open_price_hc_pct": -0.08,
    "open_price_max_hc": -0.0760585124076241,
    "loss_per_step_tick_gap": 25,
    "loss_cold_start_steps": 13,
    "loss_max_abserve_tick_steps": 306,
    "loss_max_abserce_avg_price_down_steps": 15,
    "loss_dynamic_hc_stop_profit_thres": 6.734061502076361,
    "loss_last_close_price_hc_pct": 0.001598395024812821,
    "loss_last_open_price_hc_pct": -0.004610284021223157,
    "loss_open_price_max_hc": -0.0948389353514408,
    "loss_down_open_sell_wait_time": true,
    "down_open_sell_wait_time": true,
    "day_zy_line": 0.00011335920693523759,
    "day_zs_line": -1.0,
    "sell_afternoon": true,
    "sell_half_afternoon": false,
    "sell_max_days": 7,
    "stop_profit_pct": 0.0,
    "static_hc_stop_profit_pct": 1.0,
    "loss_static_hc_stop_profit_pct": 1.0
  },
  "timestamp": "2025-09-07T16:41:36.538144",
  "individual": [
    20.498812326444366,
    28.270265270572413,
    464.1893951823361,
    14.646150054194159,
    -0.05456249179370629,
    5.1770336629409925,
    -0.03198384883374823,
    0.5996984418469858,
    0.012065415760118402,
    89444129.4039987,
    0.37869677037760396,
    1.0,
    13.87127315870804,
    26.425670722663785,
    17.99512329810605,
    0.011794444195719634,
    30.0,
    35.103398320462745,
    889.0228116612586,
    39.32112124815683,
    15.0,
    1011.9541007569414,
    209.8200587171285,
    2000.0,
    0,
    1,
    0,
    0.062782597856556,
    0,
    0,
    1,
    0,
    -0.08,
    -0.0760585124076241,
    25.0,
    13.42371860597379,
    306.1711193726123,
    14.781834134879924,
    6.734061502076361,
    0.001598395024812821,
    -0.004610284021223157,
    -0.0948389353514408,
    1,
    1,
    0.00011335920693523759,
    -1.0,
    1,
    0,
    6.797194694034744
  ],
  "max_drawdown_threshold": 0.25,
  "strategy_name": "\u4f4e\u4f4d\u4e2d\u5f3a\u4e2d\u4f4e\u5f007\u5929"
}