{
  "generation": 70,
  "fitness": 2.828962770706606,
  "total_return": 10.144560000000002,
  "max_drawdown": 0.18227205428028495,
  "sharpe_ratio": 4.620944266106704,
  "params": {
    "per_step_tick_gap": 20,
    "cold_start_steps": 0,
    "max_abserve_tick_steps": 475,
    "max_abserce_avg_price_down_steps": 14,
    "stop_profit_open_hc_pct": -0.11224313569342625,
    "dynamic_hc_stop_profit_thres": 1.8788251655975854,
    "last_close_price_hc_pct": -0.02286632709614434,
    "last_day_sell_thres": 0.24573224700271212,
    "last_day_sell_huiche": 0.001368461079430905,
    "fd_mount": 32408785,
    "fd_vol_pct": 0.652298450369796,
    "fd_ju_ticks": 1,
    "max_zb_times": 6,
    "stagnation_kline_ticks": 11,
    "decline_kline_ticks": 36,
    "yang_yin_threshold": 0.018913289381325336,
    "stagnation_n": 8,
    "stagnation_volume_ratio_threshold": 23.14487431266039,
    "stagnation_ratio_threshold": 680,
    "decline_volume_ratio_threshold": 48.80395800594988,
    "max_rebounds": 15,
    "decline_ratio_threshold": 1500,
    "flxd_ticks": 208,
    "flzz_ticks": 1827,
    "use_simiple_kline_strategy_flxd": false,
    "use_simiple_kline_strategy_flzz": true,
    "flzz_use_smooth_price": false,
    "flzz_zf_thresh": -0.05595777357525021,
    "kline_sell_flxd_zy": false,
    "kline_sell_flxd_zs": false,
    "kline_sell_flzz_zs": false,
    "kline_sell_flzz_zy": false,
    "last_open_price_hc_pct": -0.040099734749616076,
    "open_price_max_hc": -0.030332943440769613,
    "loss_per_step_tick_gap": 6,
    "loss_cold_start_steps": 0,
    "loss_max_abserve_tick_steps": 274,
    "loss_max_abserce_avg_price_down_steps": 8,
    "loss_dynamic_hc_stop_profit_thres": 0.15606794927936282,
    "loss_last_close_price_hc_pct": -0.004507470242505607,
    "loss_last_open_price_hc_pct": -0.04629090405214202,
    "loss_open_price_max_hc": -0.0258730042195351,
    "loss_down_open_sell_wait_time": true,
    "down_open_sell_wait_time": true,
    "day_zy_line": 0.0027625294512018637,
    "day_zs_line": -0.0776711991069233,
    "sell_afternoon": true,
    "sell_half_afternoon": false,
    "sell_max_days": 4,
    "stop_profit_pct": 0.0,
    "static_hc_stop_profit_pct": 1.0,
    "loss_static_hc_stop_profit_pct": 1.0
  },
  "timestamp": "2025-09-05T02:19:59.939633",
  "individual": [
    20.029960634320872,
    0.11715838828205113,
    475.1148454979317,
    14.36038823548272,
    -0.11224313569342625,
    1.8788251655975854,
    -0.02286632709614434,
    0.24573224700271212,
    0.001368461079430905,
    32408784.979917172,
    0.652298450369796,
    1.434398035433669,
    6.493046706562627,
    10.691613009579951,
    36.08787074262562,
    0.018913289381325336,
    8.339813740369166,
    23.14487431266039,
    679.6511640556647,
    48.80395800594988,
    15.0,
    1500.0,
    208.03759313243916,
    1827.447265358977,
    0,
    1,
    0,
    -0.05595777357525021,
    0,
    0,
    0,
    0,
    -0.040099734749616076,
    -0.030332943440769613,
    5.894856200341454,
    0.26681159902450197,
    273.92478051712845,
    8.308402551170916,
    0.15606794927936282,
    -0.004507470242505607,
    -0.04629090405214202,
    -0.0258730042195351,
    1,
    1,
    0.0027625294512018637,
    -0.0776711991069233,
    1,
    0,
    3.9810629972766005
  ],
  "max_drawdown_threshold": 0.15
}