{
  "generation": 60,
  "fitness": 2.77853278918499,
  "total_return": 9.855685000000005,
  "max_drawdown": 0.18317470021135987,
  "sharpe_ratio": 4.571293409640254,
  "params": {
    "per_step_tick_gap": 20,
    "cold_start_steps": 7,
    "max_abserve_tick_steps": 612,
    "max_abserce_avg_price_down_steps": 14,
    "stop_profit_open_hc_pct": -0.09540605614880582,
    "dynamic_hc_stop_profit_thres": 1.5879359092288983,
    "last_close_price_hc_pct": -0.02494849079630087,
    "last_day_sell_thres": 0.20534941790323868,
    "last_day_sell_huiche": 0.005395102164904416,
    "fd_mount": 27040986,
    "fd_vol_pct": 0.6525699088904431,
    "fd_ju_ticks": 1,
    "max_zb_times": 8,
    "stagnation_kline_ticks": 45,
    "decline_kline_ticks": 36,
    "yang_yin_threshold": 0.004842338264163143,
    "stagnation_n": 1,
    "stagnation_volume_ratio_threshold": 56.649036656377376,
    "stagnation_ratio_threshold": 459,
    "decline_volume_ratio_threshold": 14.93435469888201,
    "max_rebounds": 10,
    "decline_ratio_threshold": 1456,
    "flxd_ticks": 77,
    "flzz_ticks": 1605,
    "use_simiple_kline_strategy_flxd": false,
    "use_simiple_kline_strategy_flzz": false,
    "flzz_use_smooth_price": false,
    "flzz_zf_thresh": -0.05773012459206657,
    "kline_sell_flxd_zy": false,
    "kline_sell_flxd_zs": false,
    "kline_sell_flzz_zs": false,
    "kline_sell_flzz_zy": false,
    "last_open_price_hc_pct": -0.04039176701125318,
    "open_price_max_hc": -0.02781565386773059,
    "loss_per_step_tick_gap": 6,
    "loss_cold_start_steps": 0,
    "loss_max_abserve_tick_steps": 227,
    "loss_max_abserce_avg_price_down_steps": 8,
    "loss_dynamic_hc_stop_profit_thres": 0.15263032483755126,
    "loss_last_close_price_hc_pct": -0.006032511267527707,
    "loss_last_open_price_hc_pct": -0.04019302969049745,
    "loss_open_price_max_hc": -0.1,
    "loss_down_open_sell_wait_time": false,
    "down_open_sell_wait_time": true,
    "day_zy_line": 0.001913513053687752,
    "day_zs_line": -0.07768998903227121,
    "sell_afternoon": true,
    "sell_half_afternoon": false,
    "sell_max_days": 4,
    "stop_profit_pct": 0.0,
    "static_hc_stop_profit_pct": 1.0,
    "loss_static_hc_stop_profit_pct": 1.0
  },
  "timestamp": "2025-09-05T02:14:43.668534",
  "individual": [
    20.250609392816777,
    7,
    612.2620856987239,
    14.366094634940964,
    -0.09540605614880582,
    1.5879359092288983,
    -0.02494849079630087,
    0.20534941790323868,
    0.005395102164904416,
    27040986,
    0.6525699088904431,
    1.109348410157451,
    7.933204037383912,
    45,
    35.884362470344826,
    0.004842338264163143,
    1.0,
    56.649036656377376,
    459.4527646906927,
    14.93435469888201,
    10.327364559704385,
    1456.4816367080714,
    77,
    1605.1149675762617,
    0,
    0,
    0,
    -0.05773012459206657,
    0,
    0,
    0,
    0,
    -0.04039176701125318,
    -0.02781565386773059,
    5.943127455432437,
    0.22401943894452725,
    227,
    8,
    0.15263032483755126,
    -0.006032511267527707,
    -0.04019302969049745,
    -0.1,
    0,
    1,
    0.001913513053687752,
    -0.07768998903227121,
    1,
    0,
    4.0
  ],
  "max_drawdown_threshold": 0.15
}