{
  "generation": 120,
  "fitness": 2.9237832091488607,
  "total_return": 11.043925,
  "max_drawdown": 0.18227205428028495,
  "sharpe_ratio": 4.690597635966046,
  "params": {
    "per_step_tick_gap": 20,
    "cold_start_steps": 0,
    "max_abserve_tick_steps": 463,
    "max_abserce_avg_price_down_steps": 14,
    "stop_profit_open_hc_pct": -0.09156828991184919,
    "dynamic_hc_stop_profit_thres": 1.5320330956540635,
    "last_close_price_hc_pct": -0.022182251093624934,
    "last_day_sell_thres": 0.2210028282774104,
    "last_day_sell_huiche": 0.0012491900130150093,
    "fd_mount": 27602410,
    "fd_vol_pct": 0.6075951721593746,
    "fd_ju_ticks": 1,
    "max_zb_times": 18,
    "stagnation_kline_ticks": 13,
    "decline_kline_ticks": 36,
    "yang_yin_threshold": 0.03,
    "stagnation_n": 2,
    "stagnation_volume_ratio_threshold": 75.35524090372232,
    "stagnation_ratio_threshold": 66,
    "decline_volume_ratio_threshold": 40.9689772141835,
    "max_rebounds": 12,
    "decline_ratio_threshold": 498,
    "flxd_ticks": 142,
    "flzz_ticks": 1085,
    "use_simiple_kline_strategy_flxd": false,
    "use_simiple_kline_strategy_flzz": true,
    "flzz_use_smooth_price": false,
    "flzz_zf_thresh": -0.05814755933476397,
    "kline_sell_flxd_zy": false,
    "kline_sell_flxd_zs": false,
    "kline_sell_flzz_zs": false,
    "kline_sell_flzz_zy": true,
    "last_open_price_hc_pct": -0.005408809417351692,
    "open_price_max_hc": -0.03548253509526245,
    "loss_per_step_tick_gap": 6,
    "loss_cold_start_steps": 0,
    "loss_max_abserve_tick_steps": 334,
    "loss_max_abserce_avg_price_down_steps": 4,
    "loss_dynamic_hc_stop_profit_thres": 0.15727894644447377,
    "loss_last_close_price_hc_pct": -0.007189292118114406,
    "loss_last_open_price_hc_pct": -0.01819496971190171,
    "loss_open_price_max_hc": -0.062114322845860645,
    "loss_down_open_sell_wait_time": false,
    "down_open_sell_wait_time": true,
    "day_zy_line": 0.002675357039982913,
    "day_zs_line": -0.07769151414089057,
    "sell_afternoon": true,
    "sell_half_afternoon": false,
    "sell_max_days": 4,
    "stop_profit_pct": 0.0,
    "static_hc_stop_profit_pct": 1.0,
    "loss_static_hc_stop_profit_pct": 1.0
  },
  "timestamp": "2025-09-05T02:44:08.781602",
  "individual": [
    19.971110249784132,
    0.0,
    463.4193264947066,
    14.328306664469807,
    -0.09156828991184919,
    1.5320330956540635,
    -0.022182251093624934,
    0.2210028282774104,
    0.0012491900130150093,
    27602409.5112887,
    0.6075951721593746,
    1.2525176865903382,
    18.263818801183707,
    12.853231999911635,
    36.44656688816039,
    0.03,
    1.8989951450339428,
    75.35524090372232,
    66.02319680836595,
    40.9689772141835,
    12.345325310871019,
    498.4029869256773,
    142.3240267317083,
    1084.6852822561134,
    0,
    1,
    0,
    -0.05814755933476397,
    0,
    0,
    0,
    1,
    -0.005408809417351692,
    -0.03548253509526245,
    5.785336910815973,
    0.464278140462404,
    333.78454839308404,
    4.1645862471404,
    0.15727894644447377,
    -0.007189292118114406,
    -0.01819496971190171,
    -0.062114322845860645,
    0,
    1,
    0.002675357039982913,
    -0.07769151414089057,
    1,
    0,
    3.981705782520257
  ],
  "max_drawdown_threshold": 0.15
}