{
  "generation": 80,
  "fitness": 2.906404105317621,
  "total_return": 10.839375,
  "max_drawdown": 0.18206821486776315,
  "sharpe_ratio": 4.677874714284278,
  "params": {
    "per_step_tick_gap": 20,
    "cold_start_steps": 0,
    "max_abserve_tick_steps": 466,
    "max_abserce_avg_price_down_steps": 14,
    "stop_profit_open_hc_pct": -0.08074480842300241,
    "dynamic_hc_stop_profit_thres": 1.5368393395152582,
    "last_close_price_hc_pct": -0.02235571371081553,
    "last_day_sell_thres": 0.1946636230992454,
    "last_day_sell_huiche": 0.001,
    "fd_mount": 34040434,
    "fd_vol_pct": 0.6369886187500308,
    "fd_ju_ticks": 1,
    "max_zb_times": 19,
    "stagnation_kline_ticks": 13,
    "decline_kline_ticks": 36,
    "yang_yin_threshold": 0.029276635270435915,
    "stagnation_n": 1,
    "stagnation_volume_ratio_threshold": 70.99115086663647,
    "stagnation_ratio_threshold": 19,
    "decline_volume_ratio_threshold": 66.1322873368607,
    "max_rebounds": 13,
    "decline_ratio_threshold": 1498,
    "flxd_ticks": 131,
    "flzz_ticks": 1598,
    "use_simiple_kline_strategy_flxd": false,
    "use_simiple_kline_strategy_flzz": true,
    "flzz_use_smooth_price": false,
    "flzz_zf_thresh": -0.06302465324915077,
    "kline_sell_flxd_zy": false,
    "kline_sell_flxd_zs": false,
    "kline_sell_flzz_zs": false,
    "kline_sell_flzz_zy": true,
    "last_open_price_hc_pct": -0.036257189462048735,
    "open_price_max_hc": -0.03560227304327384,
    "loss_per_step_tick_gap": 6,
    "loss_cold_start_steps": 0,
    "loss_max_abserve_tick_steps": 297,
    "loss_max_abserce_avg_price_down_steps": 4,
    "loss_dynamic_hc_stop_profit_thres": 0.15762001202957018,
    "loss_last_close_price_hc_pct": -0.011263868389636495,
    "loss_last_open_price_hc_pct": -0.042327302068599686,
    "loss_open_price_max_hc": -0.05141839497940149,
    "loss_down_open_sell_wait_time": false,
    "down_open_sell_wait_time": true,
    "day_zy_line": 0.0026289005680324197,
    "day_zs_line": -0.07764587487975824,
    "sell_afternoon": true,
    "sell_half_afternoon": false,
    "sell_max_days": 4,
    "stop_profit_pct": 0.0,
    "static_hc_stop_profit_pct": 1.0,
    "loss_static_hc_stop_profit_pct": 1.0
  },
  "timestamp": "2025-09-05T02:24:57.543434",
  "individual": [
    20.483493944714574,
    0.0,
    465.83964008590516,
    14.26499207431127,
    -0.08074480842300241,
    1.5368393395152582,
    -0.02235571371081553,
    0.1946636230992454,
    0.001,
    34040433.98821188,
    0.6369886187500308,
    1.2768513007888709,
    18.52768802822935,
    13.240728565092372,
    36.42634548749645,
    0.029276635270435915,
    1.0,
    70.99115086663647,
    18.55840601007682,
    66.1322873368607,
    13.18601935795351,
    1498.2695473252138,
    130.740238994388,
    1598.1330978743033,
    0,
    1,
    0,
    -0.06302465324915077,
    0,
    0,
    0,
    1,
    -0.036257189462048735,
    -0.03560227304327384,
    5.801165524613888,
    0.3148433564712727,
    296.55753314611985,
    4.3410787111596445,
    0.15762001202957018,
    -0.011263868389636495,
    -0.042327302068599686,
    -0.05141839497940149,
    0,
    1,
    0.0026289005680324197,
    -0.07764587487975824,
    1,
    0,
    3.9890508919979766
  ],
  "max_drawdown_threshold": 0.15
}