{
    "strategy": "高位高强追涨",
    "generation": 10,
    "best_score": 0.031920426625497406,
    "best_params": {
        "ema_alpha": 0.3,
        "kalman_q": 0.03798607667128117,
        "kalman_r": 0.059885826149598316,
        "sg_window": 7,
        "macd_fast": 3,
        "macd_slow_ratio": 2.660270550945875,
        "macd_signal": 4,
        "ema_fast": 6,
        "ema_slow_ratio": 1.872748238881482,
        "volume_window": 9,
        "price_confirm_ticks": 7,
        "strength_confirm_ticks": 9,
        "strength_threshold": 0.3,
        "volume_weight": 1.0,
        "use_price_confirm": false,
        "use_strength_confirm": false,
        "dead_cross_threshold": 0.0012885898032140007,
        "price_drop_threshold": 0.003328356836987838,
        "max_confirm_ticks": 13,
        "debug": false
    },
    "timestamp": "20250808_003534"
}