{
    "strategy": "高位高强追涨",
    "generation": 0,
    "best_score": 0.04312375878247204,
    "best_params": {
        "ema_alpha": 0.18846435979641424,
        "kalman_q": 0.025443950761594204,
        "kalman_r": 0.06910840794317732,
        "sg_window": 20,
        "macd_fast": 5,
        "macd_slow_ratio": 2.442044561230481,
        "macd_signal": 13,
        "ema_fast": 7,
        "ema_slow_ratio": 2.0744869504803924,
        "volume_window": 10,
        "price_confirm_ticks": 1,
        "strength_confirm_ticks": 3,
        "strength_threshold": 0.4364963060634559,
        "volume_weight": 0.9343177077209014,
        "use_price_confirm": false,
        "use_strength_confirm": false,
        "dead_cross_threshold": 0.003106009728325082,
        "price_drop_threshold": 0.002993347944607137,
        "max_confirm_ticks": 6,
        "debug": false
    },
    "timestamp": "20250807_233754"
}