{
  "generation": 40,
  "fitness": 3.45723962152753,
  "total_return": 5.867705,
  "max_drawdown": 0.1198601675741381,
  "sharpe_ratio": 8.340150448791597,
  "params": {
    "per_step_tick_gap": 9,
    "cold_start_steps": 8,
    "max_abserve_tick_steps": 1000,
    "max_abserce_avg_price_down_steps": 9,
    "stop_profit_open_hc_pct": -0.1446780986807546,
    "dynamic_hc_stop_profit_thres": 2.5225688601888763,
    "last_close_price_hc_pct": 0.0005923817050423575,
    "last_day_sell_thres": 0.9985807933476045,
    "last_day_sell_huiche": 0.002774704536192021,
    "fd_mount": 95776136,
    "fd_vol_pct": 0.2541990934188483,
    "fd_ju_ticks": 50,
    "max_zb_times": 30,
    "stagnation_kline_ticks": 3,
    "decline_kline_ticks": 29,
    "yang_yin_threshold": 0.011685473517822353,
    "stagnation_n": 12,
    "stagnation_volume_ratio_threshold": 1.1002693743581795,
    "stagnation_ratio_threshold": 875,
    "decline_volume_ratio_threshold": 93.68105014115183,
    "max_rebounds": 12,
    "decline_ratio_threshold": 450,
    "flxd_ticks": 329,
    "flzz_ticks": 2000,
    "use_simiple_kline_strategy_flxd": false,
    "use_simiple_kline_strategy_flzz": true,
    "flzz_use_smooth_price": false,
    "flzz_zf_thresh": 0.019872347338404744,
    "kline_sell_flxd_zy": true,
    "kline_sell_flxd_zs": true,
    "kline_sell_flzz_zs": false,
    "kline_sell_flzz_zy": true,
    "last_open_price_hc_pct": 0.006398808814538932,
    "open_price_max_hc": -0.04195999367887037,
    "loss_per_step_tick_gap": 19,
    "loss_cold_start_steps": 4,
    "loss_max_abserve_tick_steps": 290,
    "loss_max_abserce_avg_price_down_steps": 12,
    "loss_dynamic_hc_stop_profit_thres": 4.050733824926629,
    "loss_last_close_price_hc_pct": -0.06802627314784479,
    "loss_last_open_price_hc_pct": -0.05718104040371115,
    "loss_open_price_max_hc": 0.0,
    "loss_down_open_sell_wait_time": false,
    "down_open_sell_wait_time": false,
    "day_zy_line": 0.01330307220914155,
    "day_zs_line": -0.06905749727851476,
    "sell_afternoon": true,
    "sell_half_afternoon": false,
    "sell_max_days": 3,
    "stop_profit_pct": 0.0,
    "static_hc_stop_profit_pct": 1.0,
    "loss_static_hc_stop_profit_pct": 1.0
  },
  "timestamp": "2025-09-06T09:15:46.415307",
  "individual": [
    9.245995923286927,
    7.725734550984839,
    1000.0,
    9.229952545453365,
    -0.1446780986807546,
    2.5225688601888763,
    0.0005923817050423575,
    0.9985807933476045,
    0.002774704536192021,
    95776135.92455328,
    0.2541990934188483,
    50.0,
    30.0,
    3.0,
    29.436125273600204,
    0.011685473517822353,
    11.60481222210477,
    1.1002693743581795,
    874.6708706608385,
    93.68105014115183,
    12.117379938430176,
    449.52731226479534,
    328.8507427869994,
    2000.0,
    0,
    1,
    0,
    0.019872347338404744,
    1,
    1,
    0,
    1,
    0.006398808814538932,
    -0.04195999367887037,
    18.625529214976357,
    4.030482107050323,
    290.48198344667463,
    11.637029709910244,
    4.050733824926629,
    -0.06802627314784479,
    -0.05718104040371115,
    0.0,
    0,
    0,
    0.01330307220914155,
    -0.06905749727851476,
    1,
    0,
    2.6241935769872606
  ],
  "max_drawdown_threshold": 0.15,
  "strategy_name": "\u4f4e\u4f4d\u9ad8\u5f3a\u4f4e\u5438"
}