{
  "generation": 20,
  "fitness": 3.154020185990435,
  "total_return": 5.068755,
  "max_drawdown": 0.1467991270642653,
  "sharpe_ratio": 7.548267358523511,
  "params": {
    "per_step_tick_gap": 9,
    "cold_start_steps": 26,
    "max_abserve_tick_steps": 867,
    "max_abserce_avg_price_down_steps": 8,
    "stop_profit_open_hc_pct": -0.11564256486589738,
    "dynamic_hc_stop_profit_thres": 1.6007110961997775,
    "last_close_price_hc_pct": 0.01,
    "last_day_sell_thres": 1.0,
    "last_day_sell_huiche": 0.0026739959645431,
    "fd_mount": 61353607,
    "fd_vol_pct": 0.18056404612346272,
    "fd_ju_ticks": 39,
    "max_zb_times": 30,
    "stagnation_kline_ticks": 3,
    "decline_kline_ticks": 36,
    "yang_yin_threshold": 0.017687148207077976,
    "stagnation_n": 22,
    "stagnation_volume_ratio_threshold": 1.1,
    "stagnation_ratio_threshold": 578,
    "decline_volume_ratio_threshold": 57.850889300636936,
    "max_rebounds": 13,
    "decline_ratio_threshold": 564,
    "flxd_ticks": 252,
    "flzz_ticks": 723,
    "use_simiple_kline_strategy_flxd": false,
    "use_simiple_kline_strategy_flzz": true,
    "flzz_use_smooth_price": false,
    "flzz_zf_thresh": 0.023208378552300124,
    "kline_sell_flxd_zy": true,
    "kline_sell_flxd_zs": true,
    "kline_sell_flzz_zs": false,
    "kline_sell_flzz_zy": true,
    "last_open_price_hc_pct": 0.008001365718229948,
    "open_price_max_hc": -0.1,
    "loss_per_step_tick_gap": 22,
    "loss_cold_start_steps": 20,
    "loss_max_abserve_tick_steps": 281,
    "loss_max_abserce_avg_price_down_steps": 15,
    "loss_dynamic_hc_stop_profit_thres": 0.11672483354193225,
    "loss_last_close_price_hc_pct": -0.08,
    "loss_last_open_price_hc_pct": -0.04153321525576702,
    "loss_open_price_max_hc": -0.04106058966951116,
    "loss_down_open_sell_wait_time": true,
    "down_open_sell_wait_time": false,
    "day_zy_line": 0.014057046014035788,
    "day_zs_line": -0.06909076500924799,
    "sell_afternoon": false,
    "sell_half_afternoon": false,
    "sell_max_days": 3,
    "stop_profit_pct": 0.0,
    "static_hc_stop_profit_pct": 1.0,
    "loss_static_hc_stop_profit_pct": 1.0
  },
  "timestamp": "2025-09-06T09:14:37.728551",
  "individual": [
    8.819038870873323,
    25.554990131992163,
    866.7061060457713,
    7.649993872610546,
    -0.11564256486589738,
    1.6007110961997775,
    0.01,
    1.0,
    0.0026739959645431,
    61353607.35079818,
    0.18056404612346272,
    39.3601624642753,
    30.0,
    3.4336750932709856,
    36.40414770590197,
    0.017687148207077976,
    22.13073194390934,
    1.1,
    578.2593799786177,
    57.850889300636936,
    12.72001703095346,
    563.5285014528522,
    252.21152762154927,
    723.4648819316932,
    0,
    1,
    0,
    0.023208378552300124,
    1,
    1,
    0,
    1,
    0.008001365718229948,
    -0.1,
    21.781309621697282,
    20.243604290506195,
    280.90822887389095,
    14.59600316176547,
    0.11672483354193225,
    -0.08,
    -0.04153321525576702,
    -0.04106058966951116,
    1,
    0,
    0.014057046014035788,
    -0.06909076500924799,
    0,
    0,
    2.584636523798447
  ],
  "max_drawdown_threshold": 0.15,
  "strategy_name": "\u4f4e\u4f4d\u9ad8\u5f3a\u4f4e\u5438"
}