{
  "generation": 10,
  "fitness": 2.9786074687873647,
  "total_return": 4.6662125,
  "max_drawdown": 0.15339430263377823,
  "sharpe_ratio": 7.316188674943379,
  "params": {
    "per_step_tick_gap": 9,
    "cold_start_steps": 20,
    "max_abserve_tick_steps": 1000,
    "max_abserce_avg_price_down_steps": 15,
    "stop_profit_open_hc_pct": -0.08661050304019528,
    "dynamic_hc_stop_profit_thres": 2.770163286391745,
    "last_close_price_hc_pct": 0.01,
    "last_day_sell_thres": 0.37386120522478355,
    "last_day_sell_huiche": 0.0012435836043956953,
    "fd_mount": 45725021,
    "fd_vol_pct": 0.4987576468139201,
    "fd_ju_ticks": 42,
    "max_zb_times": 30,
    "stagnation_kline_ticks": 3,
    "decline_kline_ticks": 23,
    "yang_yin_threshold": 0.015616245193927113,
    "stagnation_n": 11,
    "stagnation_volume_ratio_threshold": 1.1,
    "stagnation_ratio_threshold": 461,
    "decline_volume_ratio_threshold": 66.98248825247668,
    "max_rebounds": 14,
    "decline_ratio_threshold": 919,
    "flxd_ticks": 264,
    "flzz_ticks": 602,
    "use_simiple_kline_strategy_flxd": true,
    "use_simiple_kline_strategy_flzz": true,
    "flzz_use_smooth_price": false,
    "flzz_zf_thresh": 0.01938985164144375,
    "kline_sell_flxd_zy": true,
    "kline_sell_flxd_zs": false,
    "kline_sell_flzz_zs": true,
    "kline_sell_flzz_zy": true,
    "last_open_price_hc_pct": 0.009972967862874695,
    "open_price_max_hc": -0.013173660932224895,
    "loss_per_step_tick_gap": 24,
    "loss_cold_start_steps": 17,
    "loss_max_abserve_tick_steps": 244,
    "loss_max_abserce_avg_price_down_steps": 13,
    "loss_dynamic_hc_stop_profit_thres": 0.37381226520388916,
    "loss_last_close_price_hc_pct": -0.0473717081972127,
    "loss_last_open_price_hc_pct": -0.02219649552133349,
    "loss_open_price_max_hc": -0.033737219732297305,
    "loss_down_open_sell_wait_time": false,
    "down_open_sell_wait_time": false,
    "day_zy_line": 0.008921558368465721,
    "day_zs_line": -0.9687849951077389,
    "sell_afternoon": true,
    "sell_half_afternoon": true,
    "sell_max_days": 3,
    "stop_profit_pct": 0.0,
    "static_hc_stop_profit_pct": 1.0,
    "loss_static_hc_stop_profit_pct": 1.0
  },
  "timestamp": "2025-09-06T09:13:50.954177",
  "individual": [
    9.3754010467661,
    19.742878016007168,
    1000.0,
    15.0,
    -0.08661050304019528,
    2.770163286391745,
    0.01,
    0.37386120522478355,
    0.0012435836043956953,
    45725021.37606066,
    0.4987576468139201,
    42.45911831826497,
    30.0,
    3.0,
    23.200176691147693,
    0.015616245193927113,
    11.496226989746091,
    1.1,
    461.3388841779257,
    66.98248825247668,
    14.014162515223491,
    919.3994376857556,
    263.80220758297475,
    602.3336218429256,
    1,
    1,
    0,
    0.01938985164144375,
    1,
    0,
    1,
    1,
    0.009972967862874695,
    -0.013173660932224895,
    24.12559916699265,
    16.69478330372813,
    244.33226065226256,
    12.957104496106123,
    0.37381226520388916,
    -0.0473717081972127,
    -0.02219649552133349,
    -0.033737219732297305,
    0,
    0,
    0.008921558368465721,
    -0.9687849951077389,
    1,
    1,
    2.61208642486287
  ],
  "max_drawdown_threshold": 0.15,
  "strategy_name": "\u4f4e\u4f4d\u9ad8\u5f3a\u4f4e\u5438"
}