{
  "generation": 40,
  "fitness": 2.75150167003411,
  "total_return": 69.46570499999999,
  "max_drawdown": 0.30452331138497907,
  "sharpe_ratio": 4.672542109402849,
  "params": {
    "per_step_tick_gap": 24,
    "cold_start_steps": 50,
    "max_abserve_tick_steps": 561,
    "max_abserce_avg_price_down_steps": 3,
    "stop_profit_open_hc_pct": -0.14210844968180952,
    "dynamic_hc_stop_profit_thres": 3.879798510967951,
    "last_close_price_hc_pct": -0.03366615409952292,
    "last_day_sell_thres": 1.0,
    "last_day_sell_huiche": 0.009245135336948632,
    "fd_mount": 97662010,
    "fd_vol_pct": 0.21007180226528172,
    "fd_ju_ticks": 3,
    "max_zb_times": 1,
    "stagnation_kline_ticks": 21,
    "decline_kline_ticks": 29,
    "yang_yin_threshold": 0.005664292379827173,
    "stagnation_n": 26,
    "stagnation_volume_ratio_threshold": 78.40599579568335,
    "stagnation_ratio_threshold": 129,
    "decline_volume_ratio_threshold": 93.02694248768157,
    "max_rebounds": 8,
    "decline_ratio_threshold": 956,
    "flxd_ticks": 310,
    "flzz_ticks": 1374,
    "use_simiple_kline_strategy_flxd": false,
    "use_simiple_kline_strategy_flzz": true,
    "flzz_use_smooth_price": true,
    "flzz_zf_thresh": 0.015542234160940098,
    "kline_sell_flxd_zy": false,
    "kline_sell_flxd_zs": true,
    "kline_sell_flzz_zs": true,
    "kline_sell_flzz_zy": true,
    "last_open_price_hc_pct": -0.04220242873493288,
    "open_price_max_hc": -0.025279881556676057,
    "loss_per_step_tick_gap": 3,
    "loss_cold_start_steps": 6,
    "loss_max_abserve_tick_steps": 78,
    "loss_max_abserce_avg_price_down_steps": 15,
    "loss_dynamic_hc_stop_profit_thres": 3.1402357839676465,
    "loss_last_close_price_hc_pct": -0.03569210410717176,
    "loss_last_open_price_hc_pct": -0.03476879377387898,
    "loss_open_price_max_hc": -0.05607658464088392,
    "loss_down_open_sell_wait_time": false,
    "down_open_sell_wait_time": true,
    "day_zy_line": 0.0,
    "day_zs_line": -0.019823409309852547,
    "sell_afternoon": true,
    "sell_half_afternoon": false,
    "sell_max_days": 2,
    "stop_profit_pct": 0.0,
    "static_hc_stop_profit_pct": 1.0,
    "loss_static_hc_stop_profit_pct": 1.0
  },
  "timestamp": "2025-09-07T01:23:35.460074",
  "individual": [
    24.36839682866891,
    50.0,
    560.5167225561931,
    3.362019136776259,
    -0.14210844968180952,
    3.879798510967951,
    -0.03366615409952292,
    1.0,
    0.009245135336948632,
    97662010.22735018,
    0.21007180226528172,
    3.488356277309154,
    1.104749516556424,
    21.1218085008819,
    29.08385615416272,
    0.005664292379827173,
    26.04210850593908,
    78.40599579568335,
    129.43939159693062,
    93.02694248768157,
    8.098059912166422,
    955.8684690318469,
    310.0216644044655,
    1373.9583257002762,
    0,
    1,
    1,
    0.015542234160940098,
    0,
    1,
    1,
    1,
    -0.04220242873493288,
    -0.025279881556676057,
    3.4146085071888588,
    6.024340534739253,
    77.76638331221696,
    15.0,
    3.1402357839676465,
    -0.03569210410717176,
    -0.03476879377387898,
    -0.05607658464088392,
    0,
    1,
    0.0,
    -0.019823409309852547,
    1,
    0,
    1.7055898262656233
  ],
  "max_drawdown_threshold": 0.15,
  "strategy_name": "\u5012\u63a5\u529b4"
}