{
  "generation": 30,
  "fitness": 2.531585559937414,
  "total_return": 61.35017499999998,
  "max_drawdown": 0.3106448874355428,
  "sharpe_ratio": 4.5511098301136705,
  "params": {
    "per_step_tick_gap": 25,
    "cold_start_steps": 38,
    "max_abserve_tick_steps": 499,
    "max_abserce_avg_price_down_steps": 7,
    "stop_profit_open_hc_pct": -0.11871343592163092,
    "dynamic_hc_stop_profit_thres": 3.540118560073867,
    "last_close_price_hc_pct": -0.029831033479460048,
    "last_day_sell_thres": 1.0,
    "last_day_sell_huiche": 0.0033297851179905314,
    "fd_mount": 103421829,
    "fd_vol_pct": 0.0675496144648885,
    "fd_ju_ticks": 22,
    "max_zb_times": 1,
    "stagnation_kline_ticks": 21,
    "decline_kline_ticks": 29,
    "yang_yin_threshold": 0.007844979865528002,
    "stagnation_n": 24,
    "stagnation_volume_ratio_threshold": 80.75004367132551,
    "stagnation_ratio_threshold": 140,
    "decline_volume_ratio_threshold": 90.2289601140782,
    "max_rebounds": 9,
    "decline_ratio_threshold": 933,
    "flxd_ticks": 302,
    "flzz_ticks": 1360,
    "use_simiple_kline_strategy_flxd": true,
    "use_simiple_kline_strategy_flzz": true,
    "flzz_use_smooth_price": true,
    "flzz_zf_thresh": 0.014737551937059298,
    "kline_sell_flxd_zy": false,
    "kline_sell_flxd_zs": true,
    "kline_sell_flzz_zs": true,
    "kline_sell_flzz_zy": true,
    "last_open_price_hc_pct": -0.03692297650874751,
    "open_price_max_hc": -0.025331178562340056,
    "loss_per_step_tick_gap": 6,
    "loss_cold_start_steps": 6,
    "loss_max_abserve_tick_steps": 75,
    "loss_max_abserce_avg_price_down_steps": 12,
    "loss_dynamic_hc_stop_profit_thres": 3.1866542529860475,
    "loss_last_close_price_hc_pct": -0.037627782367292466,
    "loss_last_open_price_hc_pct": -0.06251713683255275,
    "loss_open_price_max_hc": -0.05397001908363056,
    "loss_down_open_sell_wait_time": true,
    "down_open_sell_wait_time": true,
    "day_zy_line": 0.0,
    "day_zs_line": -0.018449801951410293,
    "sell_afternoon": true,
    "sell_half_afternoon": false,
    "sell_max_days": 2,
    "stop_profit_pct": 0.0,
    "static_hc_stop_profit_pct": 1.0,
    "loss_static_hc_stop_profit_pct": 1.0
  },
  "timestamp": "2025-09-07T01:19:14.666862",
  "individual": [
    25.0,
    37.630687458059455,
    499.32267434190294,
    7.449225461831541,
    -0.11871343592163092,
    3.540118560073867,
    -0.029831033479460048,
    1.0,
    0.0033297851179905314,
    103421828.58579963,
    0.0675496144648885,
    22.026056897580244,
    1.0,
    21.206083452122463,
    28.97087255693503,
    0.007844979865528002,
    23.81944704479909,
    80.75004367132551,
    139.53953412701682,
    90.2289601140782,
    9.179781255353044,
    933.3700892019476,
    302.26870165567897,
    1360.3634074645422,
    1,
    1,
    1,
    0.014737551937059298,
    0,
    1,
    1,
    1,
    -0.03692297650874751,
    -0.025331178562340056,
    6.109880666295264,
    6.320255025521215,
    75.49597177862583,
    12.446078684724984,
    3.1866542529860475,
    -0.037627782367292466,
    -0.06251713683255275,
    -0.05397001908363056,
    1,
    1,
    0.0,
    -0.018449801951410293,
    1,
    0,
    1.7221366257931174
  ],
  "max_drawdown_threshold": 0.15,
  "strategy_name": "\u5012\u63a5\u529b4"
}