{
  "generation": 60,
  "fitness": 2.984334181463105,
  "total_return": 78.66044000000001,
  "max_drawdown": 0.29815772246937344,
  "sharpe_ratio": 4.747943154418721,
  "params": {
    "per_step_tick_gap": 24,
    "cold_start_steps": 50,
    "max_abserve_tick_steps": 412,
    "max_abserce_avg_price_down_steps": 3,
    "stop_profit_open_hc_pct": -0.14020636321281343,
    "dynamic_hc_stop_profit_thres": 3.2805380417044567,
    "last_close_price_hc_pct": -0.01452355219134627,
    "last_day_sell_thres": 0.975489501618859,
    "last_day_sell_huiche": 0.0077636439203534685,
    "fd_mount": 95220264,
    "fd_vol_pct": 0.19293662539680848,
    "fd_ju_ticks": 1,
    "max_zb_times": 1,
    "stagnation_kline_ticks": 21,
    "decline_kline_ticks": 28,
    "yang_yin_threshold": 0.0049589121977585485,
    "stagnation_n": 25,
    "stagnation_volume_ratio_threshold": 76.53054955321703,
    "stagnation_ratio_threshold": 176,
    "decline_volume_ratio_threshold": 92.85960800188971,
    "max_rebounds": 5,
    "decline_ratio_threshold": 1081,
    "flxd_ticks": 296,
    "flzz_ticks": 1349,
    "use_simiple_kline_strategy_flxd": true,
    "use_simiple_kline_strategy_flzz": true,
    "flzz_use_smooth_price": true,
    "flzz_zf_thresh": 0.015397280219892845,
    "kline_sell_flxd_zy": false,
    "kline_sell_flxd_zs": true,
    "kline_sell_flzz_zs": true,
    "kline_sell_flzz_zy": true,
    "last_open_price_hc_pct": -0.04169562420362953,
    "open_price_max_hc": -0.027686084372843804,
    "loss_per_step_tick_gap": 5,
    "loss_cold_start_steps": 5,
    "loss_max_abserve_tick_steps": 76,
    "loss_max_abserce_avg_price_down_steps": 12,
    "loss_dynamic_hc_stop_profit_thres": 3.199320409821625,
    "loss_last_close_price_hc_pct": -0.0360237959774134,
    "loss_last_open_price_hc_pct": -0.04139145927785438,
    "loss_open_price_max_hc": -0.05688405847349779,
    "loss_down_open_sell_wait_time": false,
    "down_open_sell_wait_time": true,
    "day_zy_line": 0.0,
    "day_zs_line": -0.019959510756250347,
    "sell_afternoon": true,
    "sell_half_afternoon": false,
    "sell_max_days": 3,
    "stop_profit_pct": 0.0,
    "static_hc_stop_profit_pct": 1.0,
    "loss_static_hc_stop_profit_pct": 1.0
  },
  "timestamp": "2025-09-07T01:32:01.363430",
  "individual": [
    24.010107397039473,
    49.938722337384036,
    412.1421929967794,
    3.078179318174148,
    -0.14020636321281343,
    3.2805380417044567,
    -0.01452355219134627,
    0.975489501618859,
    0.0077636439203534685,
    95220264.1716845,
    0.19293662539680848,
    1.0,
    1.0191715974528925,
    21.120960355189972,
    27.78868084279963,
    0.0049589121977585485,
    25.143495386487107,
    76.53054955321703,
    176.40786171539742,
    92.85960800188971,
    5.445615688119801,
    1081.4827564769203,
    296.4360955562763,
    1349.4362846401652,
    1,
    1,
    1,
    0.015397280219892845,
    0,
    1,
    1,
    1,
    -0.04169562420362953,
    -0.027686084372843804,
    5.3353041765767895,
    4.723302004300867,
    76.36901180773195,
    12.246122587015542,
    3.199320409821625,
    -0.0360237959774134,
    -0.04139145927785438,
    -0.05688405847349779,
    0,
    1,
    0.0,
    -0.019959510756250347,
    1,
    0,
    2.8119554617269342
  ],
  "max_drawdown_threshold": 0.15,
  "strategy_name": "\u5012\u63a5\u529b4"
}