{
  "generation": 90,
  "fitness": 3.073147923802281,
  "total_return": 84.14354000000002,
  "max_drawdown": 0.2975405010160866,
  "sharpe_ratio": 4.801537150625597,
  "params": {
    "per_step_tick_gap": 24,
    "cold_start_steps": 49,
    "max_abserve_tick_steps": 436,
    "max_abserce_avg_price_down_steps": 3,
    "stop_profit_open_hc_pct": -0.13518112909131855,
    "dynamic_hc_stop_profit_thres": 4.398632969623756,
    "last_close_price_hc_pct": -0.013789249681413908,
    "last_day_sell_thres": 0.9826809191403634,
    "last_day_sell_huiche": 0.004840586873269473,
    "fd_mount": 93406965,
    "fd_vol_pct": 0.4827435934371136,
    "fd_ju_ticks": 1,
    "max_zb_times": 1,
    "stagnation_kline_ticks": 21,
    "decline_kline_ticks": 29,
    "yang_yin_threshold": 0.005965654092633265,
    "stagnation_n": 25,
    "stagnation_volume_ratio_threshold": 77.64235308619496,
    "stagnation_ratio_threshold": 164,
    "decline_volume_ratio_threshold": 92.55055076649738,
    "max_rebounds": 10,
    "decline_ratio_threshold": 961,
    "flxd_ticks": 500,
    "flzz_ticks": 1352,
    "use_simiple_kline_strategy_flxd": false,
    "use_simiple_kline_strategy_flzz": true,
    "flzz_use_smooth_price": true,
    "flzz_zf_thresh": 0.014272325593495606,
    "kline_sell_flxd_zy": false,
    "kline_sell_flxd_zs": true,
    "kline_sell_flzz_zs": true,
    "kline_sell_flzz_zy": true,
    "last_open_price_hc_pct": -0.047327039583858435,
    "open_price_max_hc": -0.02546540806055708,
    "loss_per_step_tick_gap": 5,
    "loss_cold_start_steps": 5,
    "loss_max_abserve_tick_steps": 76,
    "loss_max_abserce_avg_price_down_steps": 10,
    "loss_dynamic_hc_stop_profit_thres": 0.8626822877506344,
    "loss_last_close_price_hc_pct": -0.037922262221734185,
    "loss_last_open_price_hc_pct": -0.042354523339127405,
    "loss_open_price_max_hc": -0.056811316666892625,
    "loss_down_open_sell_wait_time": false,
    "down_open_sell_wait_time": true,
    "day_zy_line": 0.0,
    "day_zs_line": -0.019869916959818962,
    "sell_afternoon": true,
    "sell_half_afternoon": false,
    "sell_max_days": 3,
    "stop_profit_pct": 0.0,
    "static_hc_stop_profit_pct": 1.0,
    "loss_static_hc_stop_profit_pct": 1.0
  },
  "timestamp": "2025-09-07T01:44:33.067477",
  "individual": [
    23.780101408737142,
    49.42822706755716,
    436.35106566987156,
    2.9171205616594094,
    -0.13518112909131855,
    4.398632969623756,
    -0.013789249681413908,
    0.9826809191403634,
    0.004840586873269473,
    93406965.44366771,
    0.4827435934371136,
    1.0,
    1.0004278604198549,
    21.145147224453382,
    29.110444592278554,
    0.005965654092633265,
    25.211691693756222,
    77.64235308619496,
    163.54769444396973,
    92.55055076649738,
    10.107263816979234,
    961.3494355904552,
    500.0,
    1351.8548886573844,
    0,
    1,
    1,
    0.014272325593495606,
    0,
    1,
    1,
    1,
    -0.047327039583858435,
    -0.02546540806055708,
    4.79723257435313,
    4.78927973593305,
    75.55882384166568,
    9.613189318879883,
    0.8626822877506344,
    -0.037922262221734185,
    -0.042354523339127405,
    -0.056811316666892625,
    0,
    1,
    0.0,
    -0.019869916959818962,
    1,
    0,
    2.763265430911373
  ],
  "max_drawdown_threshold": 0.15,
  "strategy_name": "\u5012\u63a5\u529b4"
}