{
  "generation": 120,
  "fitness": 3.0955514810847955,
  "total_return": 85.20979000000001,
  "max_drawdown": 0.29711313849174054,
  "sharpe_ratio": 4.81267559940988,
  "params": {
    "per_step_tick_gap": 24,
    "cold_start_steps": 49,
    "max_abserve_tick_steps": 437,
    "max_abserce_avg_price_down_steps": 3,
    "stop_profit_open_hc_pct": -0.13686809451794058,
    "dynamic_hc_stop_profit_thres": 7.905323301277404,
    "last_close_price_hc_pct": -0.01378889765900443,
    "last_day_sell_thres": 0.9865163211147541,
    "last_day_sell_huiche": 0.0036576065059504537,
    "fd_mount": 94608769,
    "fd_vol_pct": 0.4754080291012261,
    "fd_ju_ticks": 1,
    "max_zb_times": 1,
    "stagnation_kline_ticks": 21,
    "decline_kline_ticks": 29,
    "yang_yin_threshold": 0.006176144608813387,
    "stagnation_n": 25,
    "stagnation_volume_ratio_threshold": 77.7474566373611,
    "stagnation_ratio_threshold": 163,
    "decline_volume_ratio_threshold": 91.82170264800575,
    "max_rebounds": 12,
    "decline_ratio_threshold": 989,
    "flxd_ticks": 358,
    "flzz_ticks": 1347,
    "use_simiple_kline_strategy_flxd": false,
    "use_simiple_kline_strategy_flzz": true,
    "flzz_use_smooth_price": true,
    "flzz_zf_thresh": 0.01663289495872894,
    "kline_sell_flxd_zy": false,
    "kline_sell_flxd_zs": true,
    "kline_sell_flzz_zs": true,
    "kline_sell_flzz_zy": true,
    "last_open_price_hc_pct": -0.04148311115631363,
    "open_price_max_hc": -0.026297748471545673,
    "loss_per_step_tick_gap": 5,
    "loss_cold_start_steps": 5,
    "loss_max_abserve_tick_steps": 86,
    "loss_max_abserce_avg_price_down_steps": 9,
    "loss_dynamic_hc_stop_profit_thres": 0.8025313113307362,
    "loss_last_close_price_hc_pct": -0.03260582448719203,
    "loss_last_open_price_hc_pct": -0.04094958032808486,
    "loss_open_price_max_hc": -0.05682764936424609,
    "loss_down_open_sell_wait_time": false,
    "down_open_sell_wait_time": true,
    "day_zy_line": 0.0,
    "day_zs_line": -0.01995892241356487,
    "sell_afternoon": true,
    "sell_half_afternoon": false,
    "sell_max_days": 3,
    "stop_profit_pct": 0.0,
    "static_hc_stop_profit_pct": 1.0,
    "loss_static_hc_stop_profit_pct": 1.0
  },
  "timestamp": "2025-09-07T01:56:59.526748",
  "individual": [
    23.66369698745377,
    49.41508568527366,
    436.53955355136105,
    2.939290652209012,
    -0.13686809451794058,
    7.905323301277404,
    -0.01378889765900443,
    0.9865163211147541,
    0.0036576065059504537,
    94608769.49448124,
    0.4754080291012261,
    1.0057610984414473,
    1.0000192836157071,
    21.132710137631683,
    29.197852279838337,
    0.006176144608813387,
    24.852884134131777,
    77.7474566373611,
    162.79602139238307,
    91.82170264800575,
    11.768878678694431,
    989.2138186037175,
    358.0358599021318,
    1347.0591411894209,
    0,
    1,
    1,
    0.01663289495872894,
    0,
    1,
    1,
    1,
    -0.04148311115631363,
    -0.026297748471545673,
    4.850392950881483,
    5.287843061086527,
    86.44321792601482,
    9.457259081281421,
    0.8025313113307362,
    -0.03260582448719203,
    -0.04094958032808486,
    -0.05682764936424609,
    0,
    1,
    0.0,
    -0.01995892241356487,
    1,
    0,
    3.2432885812861807
  ],
  "max_drawdown_threshold": 0.15,
  "strategy_name": "\u5012\u63a5\u529b4"
}