{
  "generation": 80,
  "fitness": 3.0390884266218388,
  "total_return": 81.23672,
  "max_drawdown": 0.29711313849174054,
  "sharpe_ratio": 4.7741642600980585,
  "params": {
    "per_step_tick_gap": 24,
    "cold_start_steps": 49,
    "max_abserve_tick_steps": 442,
    "max_abserce_avg_price_down_steps": 3,
    "stop_profit_open_hc_pct": -0.14019229953365409,
    "dynamic_hc_stop_profit_thres": 2.5297790529598276,
    "last_close_price_hc_pct": -0.013836074472033149,
    "last_day_sell_thres": 0.99523076915681,
    "last_day_sell_huiche": 0.0050757216254529326,
    "fd_mount": 99673730,
    "fd_vol_pct": 0.5456441204243051,
    "fd_ju_ticks": 1,
    "max_zb_times": 1,
    "stagnation_kline_ticks": 21,
    "decline_kline_ticks": 31,
    "yang_yin_threshold": 0.006382350034910792,
    "stagnation_n": 25,
    "stagnation_volume_ratio_threshold": 77.60130281826483,
    "stagnation_ratio_threshold": 165,
    "decline_volume_ratio_threshold": 92.99503263269455,
    "max_rebounds": 9,
    "decline_ratio_threshold": 1079,
    "flxd_ticks": 320,
    "flzz_ticks": 1341,
    "use_simiple_kline_strategy_flxd": false,
    "use_simiple_kline_strategy_flzz": true,
    "flzz_use_smooth_price": true,
    "flzz_zf_thresh": 0.015391450233655719,
    "kline_sell_flxd_zy": false,
    "kline_sell_flxd_zs": true,
    "kline_sell_flzz_zs": true,
    "kline_sell_flzz_zy": true,
    "last_open_price_hc_pct": -0.04221040600546189,
    "open_price_max_hc": -0.025590702878988028,
    "loss_per_step_tick_gap": 5,
    "loss_cold_start_steps": 5,
    "loss_max_abserve_tick_steps": 82,
    "loss_max_abserce_avg_price_down_steps": 9,
    "loss_dynamic_hc_stop_profit_thres": 3.202087403384173,
    "loss_last_close_price_hc_pct": -0.03719818311793412,
    "loss_last_open_price_hc_pct": -0.026398025960921834,
    "loss_open_price_max_hc": -0.05672020371648866,
    "loss_down_open_sell_wait_time": false,
    "down_open_sell_wait_time": true,
    "day_zy_line": 0.0,
    "day_zs_line": -0.019963871928795517,
    "sell_afternoon": true,
    "sell_half_afternoon": false,
    "sell_max_days": 3,
    "stop_profit_pct": 0.0,
    "static_hc_stop_profit_pct": 1.0,
    "loss_static_hc_stop_profit_pct": 1.0
  },
  "timestamp": "2025-09-07T01:40:23.857995",
  "individual": [
    24.25230914423443,
    49.41516668729915,
    442.1722271089299,
    2.9940059049562686,
    -0.14019229953365409,
    2.5297790529598276,
    -0.013836074472033149,
    0.99523076915681,
    0.0050757216254529326,
    99673729.91179208,
    0.5456441204243051,
    1.0001294210596265,
    1.00051132825376,
    21.168047359381713,
    31.361654243068386,
    0.006382350034910792,
    25.301680662807087,
    77.60130281826483,
    165.09780550295105,
    92.99503263269455,
    9.47155131103817,
    1078.5984998199267,
    319.75155839876123,
    1340.6720072482553,
    0,
    1,
    1,
    0.015391450233655719,
    0,
    1,
    1,
    1,
    -0.04221040600546189,
    -0.025590702878988028,
    4.9147483981515565,
    4.808893360572807,
    81.76723226154581,
    9.491169396350733,
    3.202087403384173,
    -0.03719818311793412,
    -0.026398025960921834,
    -0.05672020371648866,
    0,
    1,
    0.0,
    -0.019963871928795517,
    1,
    0,
    2.8115026055560133
  ],
  "max_drawdown_threshold": 0.15,
  "strategy_name": "\u5012\u63a5\u529b4"
}