{
  "params": {
    "per_step_tick_gap": 20,
    "cold_start_steps": 9,
    "max_abserve_tick_steps": 160,
    "max_abserce_avg_price_down_steps": 12,
    "stop_profit_open_hc_pct": -0.06016643907984855,
    "dynamic_hc_stop_profit_thres": 0.40970141338683375,
    "last_close_price_hc_pct": -0.02191993891042821,
    "last_day_sell_thres": 0.01,
    "last_day_sell_huiche": 0.00434882640504548,
    "fd_mount": 30000000,
    "fd_vol_pct": 0.11280358748891078,
    "fd_ju_ticks": 12,
    "max_zb_times": 3,
    "stagnation_kline_ticks": 50,
    "decline_kline_ticks": 5,
    "yang_yin_threshold": 0.008255408741882013,
    "stagnation_n": 3,
    "stagnation_volume_ratio_threshold": 3,
    "stagnation_ratio_threshold": 270,
    "decline_volume_ratio_threshold": 8,
    "max_rebounds": 9,
    "decline_ratio_threshold": 310,
    "flxd_ticks": 1000,
    "kline_sell_only_zy": true,
    "window_size": 7,
    "stop_profit_pct": 0.0,
    "static_hc_stop_profit_pct": 1.0
  },
  "fitness": 2.8330833770956065,
  "return": 1.1571950000000006,
  "drawdown": 0.04131270956889623,
  "sharpe": 12.041160442315658,
  "individual": [
    20,
    9,
    16.10582533329002,
    12,
    -0.06016643907984855,
    0.40970141338683375,
    -0.02191993891042821,
    -0.1280225763931379,
    0.00434882640504548,
    3.176370469010413,
    0.11280358748891078,
    12,
    3.461842130440163,
    75.49751825259264,
    -4.006949527008039,
    0.008255408741882013,
    3,
    3,
    26.748011985967704,
    7.571807906561213,
    9,
    31,
    10.607215246232226,
    1,
    6.913776202596512
  ]
}