{
  "generation": 25,
  "fitness": 2.7728876009573025,
  "total_return": 1.1129300000000006,
  "max_drawdown": 0.04135077379575045,
  "sharpe_ratio": 11.52394068063931,
  "params": {
    "per_step_tick_gap": 8,
    "cold_start_steps": 1,
    "max_abserve_tick_steps": 100,
    "max_abserce_avg_price_down_steps": 7,
    "stop_profit_open_hc_pct": -0.1,
    "dynamic_hc_stop_profit_thres": 4.419947094212297,
    "last_close_price_hc_pct": -0.022094207852561908,
    "last_day_sell_thres": 0.01,
    "last_day_sell_huiche": 0.007280760685442908,
    "fd_mount": 20000000,
    "fd_vol_pct": 0.07185049129976998,
    "fd_ju_ticks": 6,
    "max_zb_times": 2,
    "stagnation_kline_ticks": 50,
    "decline_kline_ticks": 5,
    "yang_yin_threshold": 0.006034927201588758,
    "stagnation_n": 1,
    "stagnation_volume_ratio_threshold": 8,
    "stagnation_ratio_threshold": 160,
    "decline_volume_ratio_threshold": 5,
    "max_rebounds": 10,
    "decline_ratio_threshold": 60,
    "flxd_ticks": 600,
    "kline_sell_only_zy": true,
    "window_size": 7,
    "stop_profit_pct": 0.0,
    "static_hc_stop_profit_pct": 1.0
  },
  "timestamp": "2025-08-24T03:14:04.125947",
  "individual": [
    8.056673874194765,
    -7.574436962593711,
    10.13355605403422,
    7.250662691941435,
    -0.1572325910187421,
    4.419947094212297,
    -0.022094207852561908,
    -0.5310108373149844,
    0.007280760685442908,
    1.5267823455527898,
    0.07185049129976998,
    5.553129684578456,
    1.7565261019750178,
    61.76027481446649,
    -3.153603807141095,
    0.006034927201588758,
    -7.371435409159025,
    7.921819139483073,
    15.529802181226298,
    5.436277019347482,
    10.145601419027056,
    6.221342803903518,
    5.830797614082854,
    1,
    6.978048933646736
  ]
}