{
  "generation": 0,
  "fitness": 2.65892629902525,
  "total_return": 1.1035000000000004,
  "max_drawdown": 0.05924705367086038,
  "sharpe_ratio": 10.271220586975161,
  "params": {
    "per_step_tick_gap": 3,
    "cold_start_steps": 2,
    "max_abserve_tick_steps": 200,
    "max_abserce_avg_price_down_steps": 4,
    "stop_profit_open_hc_pct": -0.006423658533189755,
    "dynamic_hc_stop_profit_thres": 0.9332191123168626,
    "last_close_price_hc_pct": -0.016552931940272207,
    "last_day_sell_thres": 0.7557396327776287,
    "last_day_sell_huiche": 0.015698881281224958,
    "fd_mount": 20000000,
    "fd_vol_pct": 0.15990456621664664,
    "fd_ju_ticks": 2,
    "max_zb_times": 9,
    "stagnation_kline_ticks": 32,
    "decline_kline_ticks": 28,
    "yang_yin_threshold": 0.0015425171267936803,
    "stagnation_n": 12,
    "stagnation_volume_ratio_threshold": 28,
    "stagnation_ratio_threshold": 150,
    "decline_volume_ratio_threshold": 23,
    "max_rebounds": 7,
    "decline_ratio_threshold": 400,
    "flxd_ticks": 100,
    "kline_sell_only_zy": true,
    "window_size": 8,
    "stop_profit_pct": 0.0,
    "static_hc_stop_profit_pct": 1.0
  },
  "timestamp": "2025-08-24T03:10:11.526107",
  "individual": [
    3,
    2,
    20,
    4,
    -0.006423658533189755,
    0.9332191123168626,
    -0.016552931940272207,
    0.7557396327776287,
    0.015698881281224958,
    2,
    0.15990456621664664,
    2,
    9,
    32,
    28,
    0.0015425171267936803,
    12,
    28,
    15,
    23,
    7,
    40,
    1,
    1,
    8
  ]
}