{
    "strategy": "低位中强中低开低吸",
    "generation": 30,
    "best_score": 0.019168909127554194,
    "best_params": {
        "ema_alpha": 0.3,
        "kalman_q": 0.03554344943656596,
        "kalman_r": 0.04797125187860438,
        "sg_window": 13,
        "macd_fast": 2,
        "macd_slow_ratio": 1.7340913889844305,
        "macd_signal": 7,
        "ema_fast": 8,
        "ema_slow_ratio": 2.9998887376040604,
        "volume_window": 2,
        "price_confirm_ticks": 8,
        "strength_confirm_ticks": 1,
        "strength_threshold": 0.3,
        "volume_weight": 0.927744367046021,
        "use_price_confirm": false,
        "use_strength_confirm": true,
        "dead_cross_threshold": 0.02364373300016822,
        "price_drop_threshold": 0.015044352730991663,
        "max_confirm_ticks": 14,
        "debug": false
    },
    "timestamp": "20250809_032656"
}