{
    "strategy": "低位中强中低开低吸",
    "generation": 20,
    "best_score": 0.019315685993668088,
    "best_params": {
        "ema_alpha": 0.27663435773141265,
        "kalman_q": 0.04359301163712412,
        "kalman_r": 0.05065575058818611,
        "sg_window": 13,
        "macd_fast": 2,
        "macd_slow_ratio": 1.7340913889844305,
        "macd_signal": 8,
        "ema_fast": 8,
        "ema_slow_ratio": 2.9998887376040604,
        "volume_window": 2,
        "price_confirm_ticks": 8,
        "strength_confirm_ticks": 2,
        "strength_threshold": 0.3,
        "volume_weight": 0.9046855774967912,
        "use_price_confirm": false,
        "use_strength_confirm": true,
        "dead_cross_threshold": 0.0029893439692092664,
        "price_drop_threshold": 0.02,
        "max_confirm_ticks": 8,
        "debug": false
    },
    "timestamp": "20250809_020113"
}