{
  "generation": 40,
  "fitness": 3.9290130941575976,
  "total_return": 21.316660000000006,
  "max_drawdown": 0.280904361258521,
  "sharpe_ratio": 4.165748091246436,
  "params": {
    "per_step_tick_gap": 1,
    "cold_start_steps": 2,
    "max_abserve_tick_steps": 414,
    "max_abserce_avg_price_down_steps": 4,
    "stop_profit_open_hc_pct": -0.05068690222100267,
    "dynamic_hc_stop_profit_thres": 3.0624602985826,
    "last_close_price_hc_pct": 0.009993488987695818,
    "last_day_sell_thres": 0.01,
    "last_day_sell_huiche": 0.011228552939021861,
    "fd_mount": 109531582,
    "fd_vol_pct": 0.7489324863045529,
    "fd_ju_ticks": 47,
    "max_zb_times": 18,
    "stagnation_kline_ticks": 38,
    "decline_kline_ticks": 38,
    "yang_yin_threshold": 0.014840268406106449,
    "stagnation_n": 19,
    "stagnation_volume_ratio_threshold": 100.0,
    "stagnation_ratio_threshold": 347,
    "decline_volume_ratio_threshold": 51.21316622198418,
    "max_rebounds": 6,
    "decline_ratio_threshold": 1002,
    "flxd_ticks": 76,
    "flzz_ticks": 1689,
    "use_simiple_kline_strategy_flxd": true,
    "use_simiple_kline_strategy_flzz": true,
    "flzz_use_smooth_price": true,
    "flzz_zf_thresh": 0.025432918766459096,
    "kline_sell_flxd_zy": false,
    "kline_sell_flxd_zs": false,
    "kline_sell_flzz_zs": true,
    "kline_sell_flzz_zy": true,
    "last_open_price_hc_pct": -0.003778822864023593,
    "open_price_max_hc": -0.017221098268542345,
    "loss_per_step_tick_gap": 1,
    "loss_cold_start_steps": 4,
    "loss_max_abserve_tick_steps": 479,
    "loss_max_abserce_avg_price_down_steps": 7,
    "loss_dynamic_hc_stop_profit_thres": 5.0014613819174105,
    "loss_last_close_price_hc_pct": -0.022006802484864342,
    "loss_last_open_price_hc_pct": -0.054572455508710344,
    "loss_open_price_max_hc": -0.06819450991148919,
    "loss_down_open_sell_wait_time": false,
    "down_open_sell_wait_time": false,
    "stop_profit_pct": 0.0,
    "static_hc_stop_profit_pct": 1.0,
    "loss_static_hc_stop_profit_pct": 1.0
  },
  "timestamp": "2025-08-28T19:36:50.376701",
  "individual": [
    1.0,
    1.585117828056338,
    414.0467941674643,
    4.360288550797746,
    -0.05068690222100267,
    3.0624602985826,
    0.009993488987695818,
    0.01,
    0.011228552939021861,
    109531581.75420386,
    0.7489324863045529,
    46.59394664565394,
    18.22329744849908,
    38.289348720021586,
    38.24770136814192,
    0.014840268406106449,
    19.051578950115275,
    100.0,
    346.7294707398739,
    51.21316622198418,
    5.860289985408576,
    1001.6103881910487,
    76.47427044520597,
    1688.945685796768,
    1,
    1,
    1,
    0.025432918766459096,
    0,
    0,
    1,
    1,
    -0.003778822864023593,
    -0.017221098268542345,
    1.065387714881332,
    3.6397679485766283,
    479.3919134715013,
    7.08107308175259,
    5.0014613819174105,
    -0.022006802484864342,
    -0.054572455508710344,
    -0.06819450991148919,
    0,
    0
  ]
}