{
  "generation": 70,
  "fitness": 4.148541789037505,
  "total_return": 24.119535,
  "max_drawdown": 0.27464272939413037,
  "sharpe_ratio": 4.302444841285797,
  "params": {
    "per_step_tick_gap": 1,
    "cold_start_steps": 2,
    "max_abserve_tick_steps": 409,
    "max_abserce_avg_price_down_steps": 5,
    "stop_profit_open_hc_pct": -0.060913144142792926,
    "dynamic_hc_stop_profit_thres": 2.905726176205791,
    "last_close_price_hc_pct": 0.009969831433114213,
    "last_day_sell_thres": 0.010202610555731906,
    "last_day_sell_huiche": 0.0048395396016628674,
    "fd_mount": 96862481,
    "fd_vol_pct": 0.7497774966933555,
    "fd_ju_ticks": 50,
    "max_zb_times": 20,
    "stagnation_kline_ticks": 38,
    "decline_kline_ticks": 48,
    "yang_yin_threshold": 0.01626984668212138,
    "stagnation_n": 19,
    "stagnation_volume_ratio_threshold": 98.8070968698826,
    "stagnation_ratio_threshold": 342,
    "decline_volume_ratio_threshold": 28.39690456059815,
    "max_rebounds": 4,
    "decline_ratio_threshold": 1491,
    "flxd_ticks": 77,
    "flzz_ticks": 1881,
    "use_simiple_kline_strategy_flxd": true,
    "use_simiple_kline_strategy_flzz": true,
    "flzz_use_smooth_price": true,
    "flzz_zf_thresh": 0.025129677130877052,
    "kline_sell_flxd_zy": false,
    "kline_sell_flxd_zs": false,
    "kline_sell_flzz_zs": true,
    "kline_sell_flzz_zy": true,
    "last_open_price_hc_pct": -0.0010949723152479493,
    "open_price_max_hc": -0.014536032201635522,
    "loss_per_step_tick_gap": 1,
    "loss_cold_start_steps": 2,
    "loss_max_abserve_tick_steps": 484,
    "loss_max_abserce_avg_price_down_steps": 6,
    "loss_dynamic_hc_stop_profit_thres": 4.744751410286299,
    "loss_last_close_price_hc_pct": -0.007398486205417271,
    "loss_last_open_price_hc_pct": -0.05886543191674541,
    "loss_open_price_max_hc": -0.07049246886542955,
    "loss_down_open_sell_wait_time": false,
    "down_open_sell_wait_time": false,
    "stop_profit_pct": 0.0,
    "static_hc_stop_profit_pct": 1.0,
    "loss_static_hc_stop_profit_pct": 1.0
  },
  "timestamp": "2025-08-28T19:47:24.742494",
  "individual": [
    1.0210007563959635,
    1.7225140185848467,
    408.87756808047186,
    4.867198539543465,
    -0.060913144142792926,
    2.905726176205791,
    0.009969831433114213,
    0.010202610555731906,
    0.0048395396016628674,
    96862480.72479165,
    0.7497774966933555,
    49.720758640510674,
    19.71092992213685,
    38.07414726629779,
    47.89779203489351,
    0.01626984668212138,
    19.34497583646401,
    98.8070968698826,
    341.7632373184779,
    28.39690456059815,
    4.2406106581340595,
    1490.6107479861246,
    77.21657612521888,
    1880.8401583506552,
    1,
    1,
    1,
    0.025129677130877052,
    0,
    0,
    1,
    1,
    -0.0010949723152479493,
    -0.014536032201635522,
    1.0819749461187942,
    2.494333035891429,
    483.65718291518044,
    5.821765173462812,
    4.744751410286299,
    -0.007398486205417271,
    -0.05886543191674541,
    -0.07049246886542955,
    0,
    0
  ]
}