{
  "generation": 60,
  "fitness": 4.124693646975249,
  "total_return": 23.906325000000006,
  "max_drawdown": 0.27867077002262564,
  "sharpe_ratio": 4.290184405835739,
  "params": {
    "per_step_tick_gap": 1,
    "cold_start_steps": 2,
    "max_abserve_tick_steps": 409,
    "max_abserce_avg_price_down_steps": 5,
    "stop_profit_open_hc_pct": -0.06505124707717896,
    "dynamic_hc_stop_profit_thres": 2.8736720492429333,
    "last_close_price_hc_pct": 0.009994847590706481,
    "last_day_sell_thres": 0.01,
    "last_day_sell_huiche": 0.0072648568237591304,
    "fd_mount": 92707221,
    "fd_vol_pct": 0.7491285974977139,
    "fd_ju_ticks": 50,
    "max_zb_times": 19,
    "stagnation_kline_ticks": 38,
    "decline_kline_ticks": 47,
    "yang_yin_threshold": 0.02377147120961705,
    "stagnation_n": 19,
    "stagnation_volume_ratio_threshold": 98.19148012935503,
    "stagnation_ratio_threshold": 343,
    "decline_volume_ratio_threshold": 26.297302360409205,
    "max_rebounds": 4,
    "decline_ratio_threshold": 1494,
    "flxd_ticks": 75,
    "flzz_ticks": 1784,
    "use_simiple_kline_strategy_flxd": true,
    "use_simiple_kline_strategy_flzz": true,
    "flzz_use_smooth_price": true,
    "flzz_zf_thresh": 0.02512139885757345,
    "kline_sell_flxd_zy": false,
    "kline_sell_flxd_zs": false,
    "kline_sell_flzz_zs": true,
    "kline_sell_flzz_zy": true,
    "last_open_price_hc_pct": -0.0011174465993015349,
    "open_price_max_hc": -0.015105305768644653,
    "loss_per_step_tick_gap": 1,
    "loss_cold_start_steps": 4,
    "loss_max_abserve_tick_steps": 488,
    "loss_max_abserce_avg_price_down_steps": 9,
    "loss_dynamic_hc_stop_profit_thres": 4.337527520402424,
    "loss_last_close_price_hc_pct": -0.00809441096629323,
    "loss_last_open_price_hc_pct": -0.05928807318438602,
    "loss_open_price_max_hc": -0.06746249963572162,
    "loss_down_open_sell_wait_time": false,
    "down_open_sell_wait_time": false,
    "stop_profit_pct": 0.0,
    "static_hc_stop_profit_pct": 1.0,
    "loss_static_hc_stop_profit_pct": 1.0
  },
  "timestamp": "2025-08-28T19:43:57.224160",
  "individual": [
    1.0243252542205514,
    1.723180587628206,
    408.7542781877814,
    4.913776617833532,
    -0.06505124707717896,
    2.8736720492429333,
    0.009994847590706481,
    0.01,
    0.0072648568237591304,
    92707221.43036678,
    0.7491285974977139,
    49.67008288122163,
    19.130423413564934,
    38.01280928059919,
    47.29635232572986,
    0.02377147120961705,
    19.454428818659512,
    98.19148012935503,
    342.65135551138405,
    26.297302360409205,
    4.298003791067101,
    1493.5037266798122,
    75.1702444233528,
    1783.872835140151,
    1,
    1,
    1,
    0.02512139885757345,
    0,
    0,
    1,
    1,
    -0.0011174465993015349,
    -0.015105305768644653,
    1.0917016236387906,
    3.776789385188819,
    487.918128052513,
    9.274855865326899,
    4.337527520402424,
    -0.00809441096629323,
    -0.05928807318438602,
    -0.06746249963572162,
    0,
    0
  ]
}