{
  "generation": 20,
  "fitness": 3.5062102711484333,
  "total_return": 16.401735000000006,
  "max_drawdown": 0.2806851026030653,
  "sharpe_ratio": 3.833107988462893,
  "params": {
    "per_step_tick_gap": 1,
    "cold_start_steps": 1,
    "max_abserve_tick_steps": 413,
    "max_abserce_avg_price_down_steps": 3,
    "stop_profit_open_hc_pct": -0.041191219481359204,
    "dynamic_hc_stop_profit_thres": 2.654081500015982,
    "last_close_price_hc_pct": 0.00452931805201278,
    "last_day_sell_thres": 0.5858492627711174,
    "last_day_sell_huiche": 0.02,
    "fd_mount": 150000000,
    "fd_vol_pct": 0.75,
    "fd_ju_ticks": 50,
    "max_zb_times": 30,
    "stagnation_kline_ticks": 38,
    "decline_kline_ticks": 45,
    "yang_yin_threshold": 0.016721791102383015,
    "stagnation_n": 18,
    "stagnation_volume_ratio_threshold": 69.84955547190694,
    "stagnation_ratio_threshold": 285,
    "decline_volume_ratio_threshold": 95.23327426927077,
    "max_rebounds": 8,
    "decline_ratio_threshold": 15,
    "flxd_ticks": 0,
    "flzz_ticks": 100,
    "use_simiple_kline_strategy_flxd": false,
    "use_simiple_kline_strategy_flzz": true,
    "flzz_use_smooth_price": true,
    "flzz_zf_thresh": 0.04853969232222798,
    "kline_sell_flxd_zy": false,
    "kline_sell_flxd_zs": false,
    "kline_sell_flzz_zs": true,
    "kline_sell_flzz_zy": true,
    "last_open_price_hc_pct": -0.024970091997383745,
    "open_price_max_hc": -0.015251161027659079,
    "loss_per_step_tick_gap": 1,
    "loss_cold_start_steps": 4,
    "loss_max_abserve_tick_steps": 500,
    "loss_max_abserce_avg_price_down_steps": 4,
    "loss_dynamic_hc_stop_profit_thres": 4.067799139317791,
    "loss_last_close_price_hc_pct": -0.012520298777344736,
    "loss_last_open_price_hc_pct": -0.06925922866065981,
    "loss_open_price_max_hc": -0.06900549568878188,
    "loss_down_open_sell_wait_time": false,
    "down_open_sell_wait_time": true,
    "stop_profit_pct": 0.0,
    "static_hc_stop_profit_pct": 1.0,
    "loss_static_hc_stop_profit_pct": 1.0
  },
  "timestamp": "2025-08-28T19:28:17.555980",
  "individual": [
    1.0318525877040303,
    0.7349720452234056,
    413.0605625446908,
    2.619091294710814,
    -0.041191219481359204,
    2.654081500015982,
    0.00452931805201278,
    0.5858492627711174,
    0.02,
    150000000.0,
    0.75,
    50.0,
    30.0,
    38.050717186797115,
    44.975478611145334,
    0.016721791102383015,
    18.06820000239389,
    69.84955547190694,
    285.1650538171291,
    95.23327426927077,
    7.963935934843243,
    15.0,
    0.0,
    100.0,
    0,
    1,
    1,
    0.04853969232222798,
    0,
    0,
    1,
    1,
    -0.024970091997383745,
    -0.015251161027659079,
    1.1086196696943473,
    3.782891978207553,
    500.0,
    4.234644386514221,
    4.067799139317791,
    -0.012520298777344736,
    -0.06925922866065981,
    -0.06900549568878188,
    0,
    1
  ]
}