{
  "generation": 90,
  "fitness": 4.191451840088384,
  "total_return": 24.77412,
  "max_drawdown": 0.2744628597354077,
  "sharpe_ratio": 4.32033596278781,
  "params": {
    "per_step_tick_gap": 1,
    "cold_start_steps": 2,
    "max_abserve_tick_steps": 409,
    "max_abserce_avg_price_down_steps": 5,
    "stop_profit_open_hc_pct": -0.08488819793331,
    "dynamic_hc_stop_profit_thres": 3.085295845897551,
    "last_close_price_hc_pct": 0.009579893030222388,
    "last_day_sell_thres": 0.01768719651043913,
    "last_day_sell_huiche": 0.007532911860107045,
    "fd_mount": 92880732,
    "fd_vol_pct": 0.75,
    "fd_ju_ticks": 1,
    "max_zb_times": 19,
    "stagnation_kline_ticks": 38,
    "decline_kline_ticks": 42,
    "yang_yin_threshold": 0.01430608474453152,
    "stagnation_n": 19,
    "stagnation_volume_ratio_threshold": 94.95356384843568,
    "stagnation_ratio_threshold": 341,
    "decline_volume_ratio_threshold": 20.905841202069315,
    "max_rebounds": 5,
    "decline_ratio_threshold": 1492,
    "flxd_ticks": 94,
    "flzz_ticks": 1914,
    "use_simiple_kline_strategy_flxd": true,
    "use_simiple_kline_strategy_flzz": true,
    "flzz_use_smooth_price": true,
    "flzz_zf_thresh": 0.02515364239094862,
    "kline_sell_flxd_zy": false,
    "kline_sell_flxd_zs": false,
    "kline_sell_flzz_zs": true,
    "kline_sell_flzz_zy": true,
    "last_open_price_hc_pct": -0.0011054628975283895,
    "open_price_max_hc": -0.014425974963132202,
    "loss_per_step_tick_gap": 1,
    "loss_cold_start_steps": 2,
    "loss_max_abserve_tick_steps": 484,
    "loss_max_abserce_avg_price_down_steps": 6,
    "loss_dynamic_hc_stop_profit_thres": 3.8174860732603664,
    "loss_last_close_price_hc_pct": -0.006589440660974239,
    "loss_last_open_price_hc_pct": -0.05840487802672886,
    "loss_open_price_max_hc": -0.06733382322483494,
    "loss_down_open_sell_wait_time": false,
    "down_open_sell_wait_time": false,
    "stop_profit_pct": 0.0,
    "static_hc_stop_profit_pct": 1.0,
    "loss_static_hc_stop_profit_pct": 1.0
  },
  "timestamp": "2025-08-28T19:54:12.316272",
  "individual": [
    1.0376346155621186,
    1.737611488035279,
    408.9342732627691,
    4.940892519026697,
    -0.08488819793331,
    3.085295845897551,
    0.009579893030222388,
    0.01768719651043913,
    0.007532911860107045,
    92880732.10760623,
    0.75,
    1.0,
    19.25124284083084,
    37.97799309273267,
    41.5133907890964,
    0.01430608474453152,
    19.49318171454422,
    94.95356384843568,
    341.0922839788901,
    20.905841202069315,
    4.549027879867534,
    1491.7368818533184,
    94.23713776145902,
    1914.33180360229,
    1,
    1,
    1,
    0.02515364239094862,
    0,
    0,
    1,
    1,
    -0.0011054628975283895,
    -0.014425974963132202,
    1.0687193717208519,
    1.8364624148638509,
    483.581082206745,
    5.609363821240299,
    3.8174860732603664,
    -0.006589440660974239,
    -0.05840487802672886,
    -0.06733382322483494,
    0,
    0
  ]
}