{
  "generation": 120,
  "fitness": 4.221212660010952,
  "total_return": 25.22007,
  "max_drawdown": 0.2745407665240775,
  "sharpe_ratio": 4.3363955203371605,
  "params": {
    "per_step_tick_gap": 1,
    "cold_start_steps": 2,
    "max_abserve_tick_steps": 409,
    "max_abserce_avg_price_down_steps": 5,
    "stop_profit_open_hc_pct": -0.06334333454533284,
    "dynamic_hc_stop_profit_thres": 3.0737568461397426,
    "last_close_price_hc_pct": 0.009634637838249596,
    "last_day_sell_thres": 0.01055374258064739,
    "last_day_sell_huiche": 0.019477317469036165,
    "fd_mount": 100349876,
    "fd_vol_pct": 0.75,
    "fd_ju_ticks": 1,
    "max_zb_times": 1,
    "stagnation_kline_ticks": 38,
    "decline_kline_ticks": 35,
    "yang_yin_threshold": 0.017662275737037863,
    "stagnation_n": 19,
    "stagnation_volume_ratio_threshold": 95.2889946363725,
    "stagnation_ratio_threshold": 341,
    "decline_volume_ratio_threshold": 44.57293192251069,
    "max_rebounds": 4,
    "decline_ratio_threshold": 1480,
    "flxd_ticks": 198,
    "flzz_ticks": 1922,
    "use_simiple_kline_strategy_flxd": true,
    "use_simiple_kline_strategy_flzz": true,
    "flzz_use_smooth_price": true,
    "flzz_zf_thresh": 0.0250009978817523,
    "kline_sell_flxd_zy": false,
    "kline_sell_flxd_zs": false,
    "kline_sell_flzz_zs": true,
    "kline_sell_flzz_zy": true,
    "last_open_price_hc_pct": -0.001114939270117436,
    "open_price_max_hc": -0.014437214372902445,
    "loss_per_step_tick_gap": 1,
    "loss_cold_start_steps": 2,
    "loss_max_abserve_tick_steps": 484,
    "loss_max_abserce_avg_price_down_steps": 6,
    "loss_dynamic_hc_stop_profit_thres": 0.8229638201715082,
    "loss_last_close_price_hc_pct": -0.006673932456578062,
    "loss_last_open_price_hc_pct": -0.05886899556423714,
    "loss_open_price_max_hc": -0.059276664545944865,
    "loss_down_open_sell_wait_time": false,
    "down_open_sell_wait_time": false,
    "stop_profit_pct": 0.0,
    "static_hc_stop_profit_pct": 1.0,
    "loss_static_hc_stop_profit_pct": 1.0
  },
  "timestamp": "2025-08-28T20:04:35.700050",
  "individual": [
    1.0059543690506227,
    1.7899914524167744,
    409.14172345688814,
    5.01622856166303,
    -0.06334333454533284,
    3.0737568461397426,
    0.009634637838249596,
    0.01055374258064739,
    0.019477317469036165,
    100349875.58233887,
    0.75,
    1.000299900515006,
    1.0,
    37.67700558722683,
    34.92489931296217,
    0.017662275737037863,
    19.14387076242673,
    95.2889946363725,
    340.98252674341785,
    44.57293192251069,
    3.958671647221638,
    1480.3683527187745,
    197.77954142809347,
    1921.9803951524682,
    1,
    1,
    1,
    0.0250009978817523,
    0,
    0,
    1,
    1,
    -0.001114939270117436,
    -0.014437214372902445,
    1.1271676502907104,
    2.114021979151002,
    483.9335609910486,
    5.808195173176866,
    0.8229638201715082,
    -0.006673932456578062,
    -0.05886899556423714,
    -0.059276664545944865,
    0,
    0
  ]
}