{
  "generation": 80,
  "fitness": 4.188419773036239,
  "total_return": 24.729025,
  "max_drawdown": 0.2744628597354077,
  "sharpe_ratio": 4.318733465526259,
  "params": {
    "per_step_tick_gap": 1,
    "cold_start_steps": 2,
    "max_abserve_tick_steps": 409,
    "max_abserce_avg_price_down_steps": 5,
    "stop_profit_open_hc_pct": -0.07856097249570548,
    "dynamic_hc_stop_profit_thres": 2.872488807642603,
    "last_close_price_hc_pct": 0.009261299231174979,
    "last_day_sell_thres": 0.013819806193693659,
    "last_day_sell_huiche": 0.004442638202199573,
    "fd_mount": 102051267,
    "fd_vol_pct": 0.7493594496187217,
    "fd_ju_ticks": 1,
    "max_zb_times": 18,
    "stagnation_kline_ticks": 38,
    "decline_kline_ticks": 50,
    "yang_yin_threshold": 0.011275375996434637,
    "stagnation_n": 19,
    "stagnation_volume_ratio_threshold": 97.6431034220917,
    "stagnation_ratio_threshold": 344,
    "decline_volume_ratio_threshold": 19.76498134587837,
    "max_rebounds": 4,
    "decline_ratio_threshold": 1320,
    "flxd_ticks": 56,
    "flzz_ticks": 1982,
    "use_simiple_kline_strategy_flxd": true,
    "use_simiple_kline_strategy_flzz": true,
    "flzz_use_smooth_price": true,
    "flzz_zf_thresh": 0.025098340813827735,
    "kline_sell_flxd_zy": false,
    "kline_sell_flxd_zs": false,
    "kline_sell_flzz_zs": true,
    "kline_sell_flzz_zy": true,
    "last_open_price_hc_pct": -0.0011166696722602388,
    "open_price_max_hc": -0.014486284278295729,
    "loss_per_step_tick_gap": 1,
    "loss_cold_start_steps": 2,
    "loss_max_abserve_tick_steps": 484,
    "loss_max_abserce_avg_price_down_steps": 6,
    "loss_dynamic_hc_stop_profit_thres": 4.0008532974926965,
    "loss_last_close_price_hc_pct": -0.007706941955392025,
    "loss_last_open_price_hc_pct": -0.061271600855679495,
    "loss_open_price_max_hc": -0.06187046315340329,
    "loss_down_open_sell_wait_time": false,
    "down_open_sell_wait_time": false,
    "stop_profit_pct": 0.0,
    "static_hc_stop_profit_pct": 1.0,
    "loss_static_hc_stop_profit_pct": 1.0
  },
  "timestamp": "2025-08-28T19:50:49.383446",
  "individual": [
    1.0394186782638601,
    1.7858729455995404,
    408.8830951128946,
    4.937474670883414,
    -0.07856097249570548,
    2.872488807642603,
    0.009261299231174979,
    0.013819806193693659,
    0.004442638202199573,
    102051267.35718109,
    0.7493594496187217,
    1.0,
    18.24718485878949,
    38.01705228602708,
    50.0,
    0.011275375996434637,
    19.171272103272642,
    97.6431034220917,
    344.24067890359396,
    19.76498134587837,
    4.453904416615801,
    1319.8723426170855,
    56.45049099603955,
    1981.6745329793753,
    1,
    1,
    1,
    0.025098340813827735,
    0,
    0,
    1,
    1,
    -0.0011166696722602388,
    -0.014486284278295729,
    1.0419777747883867,
    2.2672730829002252,
    483.7559575759222,
    5.936646669175378,
    4.0008532974926965,
    -0.007706941955392025,
    -0.061271600855679495,
    -0.06187046315340329,
    0,
    0
  ]
}