{
  "generation": 100,
  "fitness": 4.2094021455735025,
  "total_return": 25.05061,
  "max_drawdown": 0.2745407665240775,
  "sharpe_ratio": 4.328820266856383,
  "params": {
    "per_step_tick_gap": 1,
    "cold_start_steps": 2,
    "max_abserve_tick_steps": 409,
    "max_abserce_avg_price_down_steps": 5,
    "stop_profit_open_hc_pct": -0.039879839284503754,
    "dynamic_hc_stop_profit_thres": 2.4824224194058644,
    "last_close_price_hc_pct": 0.00962640765215093,
    "last_day_sell_thres": 0.018256430927810124,
    "last_day_sell_huiche": 0.010780488350042663,
    "fd_mount": 104541885,
    "fd_vol_pct": 0.7491699683584445,
    "fd_ju_ticks": 1,
    "max_zb_times": 1,
    "stagnation_kline_ticks": 38,
    "decline_kline_ticks": 20,
    "yang_yin_threshold": 0.028384552315943463,
    "stagnation_n": 19,
    "stagnation_volume_ratio_threshold": 95.36972845467406,
    "stagnation_ratio_threshold": 343,
    "decline_volume_ratio_threshold": 46.20279294311668,
    "max_rebounds": 10,
    "decline_ratio_threshold": 1457,
    "flxd_ticks": 149,
    "flzz_ticks": 1913,
    "use_simiple_kline_strategy_flxd": true,
    "use_simiple_kline_strategy_flzz": true,
    "flzz_use_smooth_price": true,
    "flzz_zf_thresh": 0.02506007910545666,
    "kline_sell_flxd_zy": false,
    "kline_sell_flxd_zs": false,
    "kline_sell_flzz_zs": true,
    "kline_sell_flzz_zy": true,
    "last_open_price_hc_pct": -0.0011039225962497842,
    "open_price_max_hc": -0.014426310453094728,
    "loss_per_step_tick_gap": 1,
    "loss_cold_start_steps": 2,
    "loss_max_abserve_tick_steps": 484,
    "loss_max_abserce_avg_price_down_steps": 6,
    "loss_dynamic_hc_stop_profit_thres": 2.152956116807858,
    "loss_last_close_price_hc_pct": -0.006591743001169447,
    "loss_last_open_price_hc_pct": -0.05575838900375751,
    "loss_open_price_max_hc": -0.07804803494242182,
    "loss_down_open_sell_wait_time": false,
    "down_open_sell_wait_time": false,
    "stop_profit_pct": 0.0,
    "static_hc_stop_profit_pct": 1.0,
    "loss_static_hc_stop_profit_pct": 1.0
  },
  "timestamp": "2025-08-28T19:57:36.678170",
  "individual": [
    1.0161577172233618,
    1.6378669802398862,
    409.0783984813604,
    4.990388421091547,
    -0.039879839284503754,
    2.4824224194058644,
    0.00962640765215093,
    0.018256430927810124,
    0.010780488350042663,
    104541884.76194876,
    0.7491699683584445,
    1.0,
    1.0,
    37.9485257348855,
    19.768167975649305,
    0.028384552315943463,
    18.501379000275467,
    95.36972845467406,
    342.9174850460353,
    46.20279294311668,
    9.733428735758153,
    1457.471817173668,
    148.59473692934947,
    1913.030415084908,
    1,
    1,
    1,
    0.02506007910545666,
    0,
    0,
    1,
    1,
    -0.0011039225962497842,
    -0.014426310453094728,
    1.0496224093470932,
    1.6708368890119498,
    483.89033672814355,
    5.7976360717954805,
    2.152956116807858,
    -0.006591743001169447,
    -0.05575838900375751,
    -0.07804803494242182,
    0,
    0
  ]
}