{
  "params": {
    "per_step_tick_gap": 9,
    "cold_start_steps": 50,
    "max_abserve_tick_steps": 134,
    "max_abserce_avg_price_down_steps": 3,
    "stop_profit_open_hc_pct": -0.14783199802802316,
    "dynamic_hc_stop_profit_thres": 3.9662098989378394,
    "last_close_price_hc_pct": 0.006537814969271131,
    "last_day_sell_thres": 0.7819028788629364,
    "last_day_sell_huiche": 0.010839549483800082,
    "fd_mount": 102633367,
    "fd_vol_pct": 0.7198582344419509,
    "fd_ju_ticks": 1,
    "max_zb_times": 4,
    "stagnation_kline_ticks": 26,
    "decline_kline_ticks": 32,
    "yang_yin_threshold": 0.008178697083951723,
    "stagnation_n": 2,
    "stagnation_volume_ratio_threshold": 14.682933994796636,
    "stagnation_ratio_threshold": 53,
    "decline_volume_ratio_threshold": 68.57253412268696,
    "max_rebounds": 0,
    "decline_ratio_threshold": 715,
    "flxd_ticks": 289,
    "flzz_ticks": 1619,
    "use_simiple_kline_strategy_flxd": false,
    "use_simiple_kline_strategy_flzz": true,
    "flzz_use_smooth_price": true,
    "flzz_zf_thresh": -0.04529444431672158,
    "kline_sell_flxd_zy": false,
    "kline_sell_flxd_zs": true,
    "kline_sell_flzz_zs": true,
    "kline_sell_flzz_zy": true,
    "last_open_price_hc_pct": -0.008504176739500904,
    "open_price_max_hc": 0.0,
    "loss_per_step_tick_gap": 2,
    "loss_cold_start_steps": 0,
    "loss_max_abserve_tick_steps": 8,
    "loss_max_abserce_avg_price_down_steps": 6,
    "loss_dynamic_hc_stop_profit_thres": 4.820249705373641,
    "loss_last_close_price_hc_pct": 0.008531789397980175,
    "loss_last_open_price_hc_pct": 0.009382012918373855,
    "loss_open_price_max_hc": -5.660421602709849e-05,
    "loss_down_open_sell_wait_time": false,
    "down_open_sell_wait_time": false,
    "day_zy_line": 0.10103986237763647,
    "day_zs_line": -0.00028783295293710235,
    "sell_afternoon": false,
    "sell_half_afternoon": false,
    "sell_max_days": 1,
    "stop_profit_pct": 0.0,
    "static_hc_stop_profit_pct": 1.0,
    "loss_static_hc_stop_profit_pct": 1.0
  },
  "fitness": 2.363585382671922,
  "return": 8.42584,
  "drawdown": 0.20045164885349076,
  "sharpe": 4.350140735630459,
  "individual": [
    8.61231568206302,
    49.845946218986256,
    134.3649512160598,
    2.9558131129683867,
    -0.14783199802802316,
    3.9662098989378394,
    0.006537814969271131,
    0.7819028788629364,
    0.010839549483800082,
    102633367.11553411,
    0.7198582344419509,
    1.1119065139573314,
    4.493462490341064,
    26.237556049982018,
    32.45968863838127,
    0.008178697083951723,
    2.1967434591260884,
    14.682933994796636,
    52.98241503502106,
    68.57253412268696,
    0.05822006154662128,
    715.2640470059889,
    288.8076322771474,
    1618.6897329340372,
    0,
    1,
    1,
    -0.04529444431672158,
    0,
    1,
    1,
    1,
    -0.008504176739500904,
    0.0,
    1.6604083568741375,
    0.1460743891671759,
    8.144865042188805,
    6.296775771279534,
    4.820249705373641,
    0.008531789397980175,
    0.009382012918373855,
    -5.660421602709849e-05,
    0,
    0,
    0.10103986237763647,
    -0.00028783295293710235,
    0,
    0,
    1.000162724944222
  ],
  "max_drawdown_threshold": 0.15,
  "strategy_name": "\u4f4e\u4f4d\u5b55\u7ebf7\u5929"
}