{
  "generation": 40,
  "fitness": 2.3555529233256274,
  "total_return": 8.362400000000001,
  "max_drawdown": 0.20045164885349076,
  "sharpe_ratio": 4.338159237558087,
  "params": {
    "per_step_tick_gap": 15,
    "cold_start_steps": 46,
    "max_abserve_tick_steps": 32,
    "max_abserce_avg_price_down_steps": 13,
    "stop_profit_open_hc_pct": -0.12522033720441827,
    "dynamic_hc_stop_profit_thres": 3.434003382537964,
    "last_close_price_hc_pct": 0.0076553367502069335,
    "last_day_sell_thres": 0.7430474092861927,
    "last_day_sell_huiche": 0.011298371056926139,
    "fd_mount": 102121159,
    "fd_vol_pct": 0.368154326567819,
    "fd_ju_ticks": 1,
    "max_zb_times": 8,
    "stagnation_kline_ticks": 26,
    "decline_kline_ticks": 28,
    "yang_yin_threshold": 0.015007738992391075,
    "stagnation_n": 2,
    "stagnation_volume_ratio_threshold": 21.287338388317465,
    "stagnation_ratio_threshold": 54,
    "decline_volume_ratio_threshold": 63.68420573319783,
    "max_rebounds": 0,
    "decline_ratio_threshold": 15,
    "flxd_ticks": 500,
    "flzz_ticks": 1653,
    "use_simiple_kline_strategy_flxd": false,
    "use_simiple_kline_strategy_flzz": true,
    "flzz_use_smooth_price": true,
    "flzz_zf_thresh": -0.02498861582962581,
    "kline_sell_flxd_zy": true,
    "kline_sell_flxd_zs": true,
    "kline_sell_flzz_zs": true,
    "kline_sell_flzz_zy": true,
    "last_open_price_hc_pct": -0.007830103936127757,
    "open_price_max_hc": -0.010601994336870698,
    "loss_per_step_tick_gap": 2,
    "loss_cold_start_steps": 0,
    "loss_max_abserve_tick_steps": 172,
    "loss_max_abserce_avg_price_down_steps": 10,
    "loss_dynamic_hc_stop_profit_thres": 4.914668223789768,
    "loss_last_close_price_hc_pct": 0.007365667051603516,
    "loss_last_open_price_hc_pct": 0.009652067020453988,
    "loss_open_price_max_hc": -0.000513759769330257,
    "loss_down_open_sell_wait_time": false,
    "down_open_sell_wait_time": true,
    "day_zy_line": 0.1011772168741954,
    "day_zs_line": -0.00021087390652430732,
    "sell_afternoon": false,
    "sell_half_afternoon": false,
    "sell_max_days": 1,
    "stop_profit_pct": 0.0,
    "static_hc_stop_profit_pct": 1.0,
    "loss_static_hc_stop_profit_pct": 1.0
  },
  "timestamp": "2025-09-07T15:47:26.405277",
  "individual": [
    15.231661830977776,
    46.47290578949583,
    31.934966432108762,
    13.066348097622015,
    -0.12522033720441827,
    3.434003382537964,
    0.0076553367502069335,
    0.7430474092861927,
    0.011298371056926139,
    102121158.96757197,
    0.368154326567819,
    1.4411179631804376,
    7.7067151151729965,
    26.16547976865637,
    28.172759405088975,
    0.015007738992391075,
    2.2923092702496364,
    21.287338388317465,
    54.20513473401893,
    63.68420573319783,
    0.008810279151184283,
    15.0,
    500.0,
    1652.574752330475,
    0,
    1,
    1,
    -0.02498861582962581,
    1,
    1,
    1,
    1,
    -0.007830103936127757,
    -0.010601994336870698,
    1.9111750447164098,
    0.02753611806938369,
    172.2850930556035,
    10.009112431145875,
    4.914668223789768,
    0.007365667051603516,
    0.009652067020453988,
    -0.000513759769330257,
    0,
    1,
    0.1011772168741954,
    -0.00021087390652430732,
    0,
    0,
    1.0003240035330792
  ],
  "max_drawdown_threshold": 0.15,
  "strategy_name": "\u4f4e\u4f4d\u5b55\u7ebf7\u5929"
}