{
  "generation": 50,
  "fitness": 2.363019462361211,
  "total_return": 8.420040000000002,
  "max_drawdown": 0.20045164885349076,
  "sharpe_ratio": 4.349979584657778,
  "params": {
    "per_step_tick_gap": 6,
    "cold_start_steps": 49,
    "max_abserve_tick_steps": 41,
    "max_abserce_avg_price_down_steps": 15,
    "stop_profit_open_hc_pct": -0.14860693410848178,
    "dynamic_hc_stop_profit_thres": 5.343553158137537,
    "last_close_price_hc_pct": 0.006494805923978116,
    "last_day_sell_thres": 0.920854475559548,
    "last_day_sell_huiche": 0.01815234354659591,
    "fd_mount": 93707212,
    "fd_vol_pct": 0.2087821813802134,
    "fd_ju_ticks": 1,
    "max_zb_times": 9,
    "stagnation_kline_ticks": 26,
    "decline_kline_ticks": 20,
    "yang_yin_threshold": 0.008990030652979632,
    "stagnation_n": 2,
    "stagnation_volume_ratio_threshold": 16.499273419581414,
    "stagnation_ratio_threshold": 52,
    "decline_volume_ratio_threshold": 61.9942927001228,
    "max_rebounds": 0,
    "decline_ratio_threshold": 610,
    "flxd_ticks": 254,
    "flzz_ticks": 1430,
    "use_simiple_kline_strategy_flxd": false,
    "use_simiple_kline_strategy_flzz": true,
    "flzz_use_smooth_price": true,
    "flzz_zf_thresh": -0.06632854270126462,
    "kline_sell_flxd_zy": true,
    "kline_sell_flxd_zs": true,
    "kline_sell_flzz_zs": true,
    "kline_sell_flzz_zy": true,
    "last_open_price_hc_pct": -0.022855473591415935,
    "open_price_max_hc": -1.0723820198261155e-05,
    "loss_per_step_tick_gap": 2,
    "loss_cold_start_steps": 0,
    "loss_max_abserve_tick_steps": 5,
    "loss_max_abserce_avg_price_down_steps": 6,
    "loss_dynamic_hc_stop_profit_thres": 4.04674557093716,
    "loss_last_close_price_hc_pct": 0.007834375891334688,
    "loss_last_open_price_hc_pct": 0.008814881759819874,
    "loss_open_price_max_hc": -1.0698852278471032e-07,
    "loss_down_open_sell_wait_time": false,
    "down_open_sell_wait_time": true,
    "day_zy_line": 0.09598776549458986,
    "day_zs_line": -0.00024617458262153396,
    "sell_afternoon": false,
    "sell_half_afternoon": false,
    "sell_max_days": 1,
    "stop_profit_pct": 0.0,
    "static_hc_stop_profit_pct": 1.0,
    "loss_static_hc_stop_profit_pct": 1.0
  },
  "timestamp": "2025-09-07T15:47:57.646993",
  "individual": [
    5.666544505244006,
    49.40957625022306,
    40.57960855034043,
    15.0,
    -0.14860693410848178,
    5.343553158137537,
    0.006494805923978116,
    0.920854475559548,
    0.01815234354659591,
    93707212.05073184,
    0.2087821813802134,
    1.0436837228940186,
    8.505854233776972,
    26.261774058447955,
    20.36293145379542,
    0.008990030652979632,
    2.0201860825230193,
    16.499273419581414,
    51.73992690483129,
    61.9942927001228,
    0.16682740583750189,
    610.3440079970201,
    254.0702256981125,
    1430.078843519379,
    0,
    1,
    1,
    -0.06632854270126462,
    1,
    1,
    1,
    1,
    -0.022855473591415935,
    -1.0723820198261155e-05,
    1.7728296109826696,
    0.139786784723497,
    5.0,
    5.680369511766292,
    4.04674557093716,
    0.007834375891334688,
    0.008814881759819874,
    -1.0698852278471032e-07,
    0,
    1,
    0.09598776549458986,
    -0.00024617458262153396,
    0,
    0,
    1.0000074123309235
  ],
  "max_drawdown_threshold": 0.15,
  "strategy_name": "\u4f4e\u4f4d\u5b55\u7ebf7\u5929"
}