{
  "generation": 70,
  "fitness": 5.763664976530418,
  "total_return": 63.68333500000003,
  "max_drawdown": 0.2658642607340894,
  "sharpe_ratio": 5.543744376095279,
  "params": {
    "per_step_tick_gap": 13,
    "cold_start_steps": 19,
    "max_abserve_tick_steps": 949,
    "max_abserce_avg_price_down_steps": 7,
    "stop_profit_open_hc_pct": -0.002383354524182646,
    "dynamic_hc_stop_profit_thres": 0.6011670506137148,
    "last_close_price_hc_pct": -0.03789649642202167,
    "last_day_sell_thres": 0.4936221355313289,
    "last_day_sell_huiche": 0.011851112047390068,
    "fd_mount": 44164119,
    "fd_vol_pct": 0.28300698615318404,
    "fd_ju_ticks": 40,
    "max_zb_times": 27,
    "stagnation_kline_ticks": 5,
    "decline_kline_ticks": 34,
    "yang_yin_threshold": 0.020510755336924504,
    "stagnation_n": 13,
    "stagnation_volume_ratio_threshold": 91.34283613037253,
    "stagnation_ratio_threshold": 1234,
    "decline_volume_ratio_threshold": 48.484190365077225,
    "max_rebounds": 14,
    "decline_ratio_threshold": 337,
    "flxd_ticks": 294,
    "flzz_ticks": 1023,
    "use_simiple_kline_strategy_flxd": true,
    "use_simiple_kline_strategy_flzz": false,
    "flzz_use_smooth_price": true,
    "flzz_zf_thresh": 0.08576683007573815,
    "kline_sell_flxd_zy": false,
    "kline_sell_flxd_zs": false,
    "kline_sell_flzz_zs": false,
    "kline_sell_flzz_zy": false,
    "last_open_price_hc_pct": -0.004722471341421057,
    "open_price_max_hc": -0.09303034487432761,
    "loss_per_step_tick_gap": 17,
    "loss_cold_start_steps": 27,
    "loss_max_abserve_tick_steps": 486,
    "loss_max_abserce_avg_price_down_steps": 15,
    "loss_dynamic_hc_stop_profit_thres": 8.0,
    "loss_last_close_price_hc_pct": -0.02114109254039069,
    "loss_last_open_price_hc_pct": -0.04113701539081311,
    "loss_open_price_max_hc": -0.05071858876296299,
    "loss_down_open_sell_wait_time": true,
    "down_open_sell_wait_time": true,
    "day_zy_line": 0.016542451744909013,
    "day_zs_line": -0.11125269687500908,
    "sell_afternoon": true,
    "sell_half_afternoon": false,
    "sell_max_days": 3,
    "stop_profit_pct": 0.0,
    "static_hc_stop_profit_pct": 1.0,
    "loss_static_hc_stop_profit_pct": 1.0
  },
  "timestamp": "2025-09-04T21:53:24.808801",
  "individual": [
    12.653199115498293,
    18.8093673695666,
    949.2313830891934,
    6.875572851461443,
    -0.002383354524182646,
    0.6011670506137148,
    -0.03789649642202167,
    0.4936221355313289,
    0.011851112047390068,
    44164118.93009807,
    0.28300698615318404,
    40.4993624834565,
    27.37582630906435,
    4.591928941140393,
    34.14885008410442,
    0.020510755336924504,
    13.249037082185657,
    91.34283613037253,
    1234.0351779535165,
    48.484190365077225,
    13.710784522426216,
    337.074044241622,
    294.41357205032443,
    1022.9850848592687,
    1,
    0,
    1,
    0.08576683007573815,
    0,
    0,
    0,
    0,
    -0.004722471341421057,
    -0.09303034487432761,
    17.293795249210987,
    26.948626275116016,
    486.4927371769528,
    15.0,
    8.0,
    -0.02114109254039069,
    -0.04113701539081311,
    -0.05071858876296299,
    1,
    1,
    0.016542451744909013,
    -0.11125269687500908,
    1,
    0,
    2.5949047603033657
  ]
}