{
  "generation": 40,
  "fitness": 5.177205527150117,
  "total_return": 44.35756999999998,
  "max_drawdown": 0.2597742747474193,
  "sharpe_ratio": 5.198392726820256,
  "params": {
    "per_step_tick_gap": 13,
    "cold_start_steps": 20,
    "max_abserve_tick_steps": 943,
    "max_abserce_avg_price_down_steps": 6,
    "stop_profit_open_hc_pct": -0.0025202305518403608,
    "dynamic_hc_stop_profit_thres": 0.5901975203637456,
    "last_close_price_hc_pct": -0.04,
    "last_day_sell_thres": 0.16609879003933364,
    "last_day_sell_huiche": 0.014574442004469982,
    "fd_mount": 39784359,
    "fd_vol_pct": 0.3989111648551482,
    "fd_ju_ticks": 40,
    "max_zb_times": 24,
    "stagnation_kline_ticks": 5,
    "decline_kline_ticks": 37,
    "yang_yin_threshold": 0.020886309470828517,
    "stagnation_n": 10,
    "stagnation_volume_ratio_threshold": 81.78593127495262,
    "stagnation_ratio_threshold": 1117,
    "decline_volume_ratio_threshold": 48.06871412448322,
    "max_rebounds": 14,
    "decline_ratio_threshold": 250,
    "flxd_ticks": 202,
    "flzz_ticks": 1144,
    "use_simiple_kline_strategy_flxd": true,
    "use_simiple_kline_strategy_flzz": false,
    "flzz_use_smooth_price": true,
    "flzz_zf_thresh": 0.031314854826098665,
    "kline_sell_flxd_zy": false,
    "kline_sell_flxd_zs": false,
    "kline_sell_flzz_zs": false,
    "kline_sell_flzz_zy": false,
    "last_open_price_hc_pct": -0.00786264674963083,
    "open_price_max_hc": -0.06981605967184713,
    "loss_per_step_tick_gap": 20,
    "loss_cold_start_steps": 26,
    "loss_max_abserve_tick_steps": 500,
    "loss_max_abserce_avg_price_down_steps": 1,
    "loss_dynamic_hc_stop_profit_thres": 6.608106855750791,
    "loss_last_close_price_hc_pct": -0.02294480145659624,
    "loss_last_open_price_hc_pct": -0.049899217005550486,
    "loss_open_price_max_hc": -0.019423197670603576,
    "loss_down_open_sell_wait_time": true,
    "down_open_sell_wait_time": true,
    "day_zy_line": 0.009693161430087069,
    "day_zs_line": -0.11106802495732002,
    "sell_afternoon": true,
    "sell_half_afternoon": false,
    "sell_max_days": 2,
    "stop_profit_pct": 0.0,
    "static_hc_stop_profit_pct": 1.0,
    "loss_static_hc_stop_profit_pct": 1.0
  },
  "timestamp": "2025-09-04T21:41:29.768846",
  "individual": [
    13.435303784808134,
    20.370461992403943,
    942.7526516286706,
    5.542392451859224,
    -0.0025202305518403608,
    0.5901975203637456,
    -0.04,
    0.16609879003933364,
    0.014574442004469982,
    39784359.44341848,
    0.3989111648551482,
    39.59310530402068,
    23.82090338744175,
    5.438998759738296,
    36.5409796443635,
    0.020886309470828517,
    10.436399890178716,
    81.78593127495262,
    1116.8172420694832,
    48.06871412448322,
    14.36036874207248,
    249.70144781822268,
    202.045311150909,
    1144.1267525901426,
    1,
    0,
    1,
    0.031314854826098665,
    0,
    0,
    0,
    0,
    -0.00786264674963083,
    -0.06981605967184713,
    20.034439547755394,
    26.122972856028298,
    500.0,
    1.0,
    6.608106855750791,
    -0.02294480145659624,
    -0.049899217005550486,
    -0.019423197670603576,
    1,
    1,
    0.009693161430087069,
    -0.11106802495732002,
    1,
    0,
    2.117802060390935
  ]
}