{
    "strategy": "中强中低开低吸",
    "generation": 20,
    "best_score": 0.022363751690046004,
    "best_params": {
        "ema_alpha": 0.21182316793868808,
        "kalman_q": 0.025826269398502147,
        "kalman_r": 0.023880324437338486,
        "sg_window": 10,
        "macd_fast": 3,
        "macd_slow_ratio": 1.6265214868569957,
        "macd_signal": 3,
        "ema_fast": 8,
        "ema_slow_ratio": 1.929028680504731,
        "volume_window": 4,
        "price_confirm_ticks": 9,
        "strength_confirm_ticks": 1,
        "strength_threshold": 0.3,
        "volume_weight": 1.0,
        "use_price_confirm": false,
        "use_strength_confirm": true,
        "dead_cross_threshold": 0.006339257112480545,
        "price_drop_threshold": 0.006801989023316029,
        "max_confirm_ticks": 12,
        "debug": false
    },
    "timestamp": "20250721_224431"
}