{
    "strategy": "中强中低开低吸",
    "generation": 40,
    "best_score": 0.019085128562659887,
    "best_params": {
        "ema_alpha": 0.27248500592344876,
        "kalman_q": 0.044925896196673615,
        "kalman_r": 0.021241826190741126,
        "sg_window": 9,
        "macd_fast": 2,
        "macd_slow_ratio": 2.377661844882061,
        "macd_signal": 5,
        "ema_fast": 2,
        "ema_slow_ratio": 3,
        "volume_window": 10,
        "price_confirm_ticks": 1,
        "strength_confirm_ticks": 1,
        "strength_threshold": 0.3,
        "volume_weight": 0.8730595610848111,
        "use_price_confirm": false,
        "use_strength_confirm": true,
        "dead_cross_threshold": 0.03186753587182394,
        "price_drop_threshold": 0.01542255542542239,
        "max_confirm_ticks": 12,
        "debug": false
    },
    "timestamp": "20250809_061923"
}