{
    "strategy": "中强中低开低吸",
    "generation": 20,
    "best_score": 0.022274231959036404,
    "best_params": {
        "ema_alpha": 0.2655262908262201,
        "kalman_q": 0.03705371052281327,
        "kalman_r": 0.026750590594586465,
        "sg_window": 19,
        "macd_fast": 3,
        "macd_slow_ratio": 1.5300024058032065,
        "macd_signal": 5,
        "ema_fast": 5,
        "ema_slow_ratio": 2.488559375405095,
        "volume_window": 12,
        "price_confirm_ticks": 3,
        "strength_confirm_ticks": 6,
        "strength_threshold": 0.3,
        "volume_weight": 1.0,
        "use_price_confirm": false,
        "use_strength_confirm": false,
        "dead_cross_threshold": 0,
        "price_drop_threshold": 0.002081754210458496,
        "max_confirm_ticks": 12,
        "debug": false
    },
    "timestamp": "20250722_210849"
}