{
    "strategy": "中强中低开低吸",
    "generation": 30,
    "best_score": 0.007472848046992339,
    "best_params": {
        "ema_alpha": 0.3,
        "kalman_q": 0.03417760916514109,
        "kalman_r": 0.023596631596412433,
        "sg_window": 8,
        "macd_fast": 7,
        "macd_slow_ratio": 2.717776752953602,
        "macd_signal": 9,
        "ema_fast": 7,
        "ema_slow_ratio": 1.2,
        "volume_window": 11,
        "price_confirm_ticks": 8,
        "strength_confirm_ticks": 3,
        "strength_threshold": 5,
        "volume_weight": 0.3518333956746753,
        "use_price_confirm": true,
        "use_strength_confirm": true,
        "dead_cross_threshold": 0.009292301256001584,
        "price_drop_threshold": 0.005686672486870553,
        "max_confirm_ticks": 20,
        "debug": false
    },
    "timestamp": "20250721_022015"
}