{
  "generation": 60,
  "fitness": 4.204953078661076,
  "total_return": 238.20139999999995,
  "max_drawdown": 0.3082517755466419,
  "sharpe_ratio": 5.241727246647857,
  "params": {
    "per_step_tick_gap": 1,
    "cold_start_steps": 45,
    "max_abserve_tick_steps": 380,
    "max_abserce_avg_price_down_steps": 7,
    "stop_profit_open_hc_pct": -0.12316651139533105,
    "dynamic_hc_stop_profit_thres": 4.292564922987474,
    "last_close_price_hc_pct": -0.006154487952532766,
    "last_day_sell_thres": 0.14491523122462374,
    "last_day_sell_huiche": 0.014887577048703974,
    "fd_mount": 26720750,
    "fd_vol_pct": 0.6613285687842522,
    "fd_ju_ticks": 50,
    "max_zb_times": 15,
    "stagnation_kline_ticks": 19,
    "decline_kline_ticks": 17,
    "yang_yin_threshold": 0.028911764903254807,
    "stagnation_n": 21,
    "stagnation_volume_ratio_threshold": 62.29489003274571,
    "stagnation_ratio_threshold": 171,
    "decline_volume_ratio_threshold": 63.83107654798816,
    "max_rebounds": 7,
    "decline_ratio_threshold": 423,
    "flxd_ticks": 101,
    "flzz_ticks": 222,
    "use_simiple_kline_strategy_flxd": true,
    "use_simiple_kline_strategy_flzz": true,
    "flzz_use_smooth_price": true,
    "flzz_zf_thresh": 0.05984592840403876,
    "kline_sell_flxd_zy": true,
    "kline_sell_flxd_zs": false,
    "kline_sell_flzz_zs": true,
    "kline_sell_flzz_zy": true,
    "last_open_price_hc_pct": 0.009834140764705705,
    "open_price_max_hc": -0.09960994488263128,
    "loss_per_step_tick_gap": 1,
    "loss_cold_start_steps": 2,
    "loss_max_abserve_tick_steps": 89,
    "loss_max_abserce_avg_price_down_steps": 10,
    "loss_dynamic_hc_stop_profit_thres": 5.8198584156424955,
    "loss_last_close_price_hc_pct": -0.03271918790037796,
    "loss_last_open_price_hc_pct": -0.007666019633604582,
    "loss_open_price_max_hc": -0.07487868517132838,
    "loss_down_open_sell_wait_time": false,
    "down_open_sell_wait_time": true,
    "day_zy_line": 0.005384131133611702,
    "day_zs_line": -0.011701664450547877,
    "sell_afternoon": false,
    "sell_half_afternoon": false,
    "sell_max_days": 4,
    "stop_profit_pct": 0.0,
    "static_hc_stop_profit_pct": 1.0,
    "loss_static_hc_stop_profit_pct": 1.0
  },
  "timestamp": "2025-09-06T21:53:49.447977",
  "individual": [
    1.009041922529238,
    45.137007467593385,
    380.0838339688237,
    7.201353373282014,
    -0.12316651139533105,
    4.292564922987474,
    -0.006154487952532766,
    0.14491523122462374,
    0.014887577048703974,
    26720749.766663812,
    0.6613285687842522,
    49.98053291415095,
    15.390283407135456,
    18.843822093441705,
    17.37794119298101,
    0.028911764903254807,
    20.972862032348257,
    62.29489003274571,
    170.66229956315235,
    63.83107654798816,
    7.042099216181779,
    423.27052437593227,
    101.08639565190467,
    222.0352706570054,
    1,
    1,
    1,
    0.05984592840403876,
    1,
    0,
    1,
    1,
    0.009834140764705705,
    -0.09960994488263128,
    1.270126970821051,
    2.4784068403802375,
    88.93485155930814,
    10.165929771365466,
    5.8198584156424955,
    -0.03271918790037796,
    -0.007666019633604582,
    -0.07487868517132838,
    0,
    1,
    0.005384131133611702,
    -0.011701664450547877,
    0,
    0,
    3.5262961600336755
  ],
  "max_drawdown_threshold": 0.15,
  "strategy_name": "\u5012\u63a5\u529b3"
}