{
  "generation": 20,
  "fitness": 2.9230440567137035,
  "total_return": 89.00267,
  "max_drawdown": 0.3110547635291518,
  "sharpe_ratio": 4.883303836049671,
  "params": {
    "per_step_tick_gap": 1,
    "cold_start_steps": 50,
    "max_abserve_tick_steps": 321,
    "max_abserce_avg_price_down_steps": 11,
    "stop_profit_open_hc_pct": -0.13080224303732552,
    "dynamic_hc_stop_profit_thres": 4.254175274693635,
    "last_close_price_hc_pct": -0.008039759888811261,
    "last_day_sell_thres": 0.01,
    "last_day_sell_huiche": 0.017107876948200353,
    "fd_mount": 24490377,
    "fd_vol_pct": 0.5969773282329633,
    "fd_ju_ticks": 50,
    "max_zb_times": 16,
    "stagnation_kline_ticks": 21,
    "decline_kline_ticks": 20,
    "yang_yin_threshold": 0.029512955473638337,
    "stagnation_n": 20,
    "stagnation_volume_ratio_threshold": 61.265215585760615,
    "stagnation_ratio_threshold": 189,
    "decline_volume_ratio_threshold": 62.39557977186067,
    "max_rebounds": 9,
    "decline_ratio_threshold": 1051,
    "flxd_ticks": 273,
    "flzz_ticks": 243,
    "use_simiple_kline_strategy_flxd": true,
    "use_simiple_kline_strategy_flzz": true,
    "flzz_use_smooth_price": true,
    "flzz_zf_thresh": 0.05977388201260924,
    "kline_sell_flxd_zy": false,
    "kline_sell_flxd_zs": false,
    "kline_sell_flzz_zs": false,
    "kline_sell_flzz_zy": true,
    "last_open_price_hc_pct": 0.01,
    "open_price_max_hc": -0.09999999999999999,
    "loss_per_step_tick_gap": 2,
    "loss_cold_start_steps": 5,
    "loss_max_abserve_tick_steps": 64,
    "loss_max_abserce_avg_price_down_steps": 9,
    "loss_dynamic_hc_stop_profit_thres": 6.652249523605343,
    "loss_last_close_price_hc_pct": -0.032872604133728965,
    "loss_last_open_price_hc_pct": -0.016414457240222925,
    "loss_open_price_max_hc": -0.0832973331548788,
    "loss_down_open_sell_wait_time": true,
    "down_open_sell_wait_time": true,
    "day_zy_line": 0.006221214344735078,
    "day_zs_line": -0.012862243950529425,
    "sell_afternoon": false,
    "sell_half_afternoon": false,
    "sell_max_days": 2,
    "stop_profit_pct": 0.0,
    "static_hc_stop_profit_pct": 1.0,
    "loss_static_hc_stop_profit_pct": 1.0
  },
  "timestamp": "2025-09-06T21:34:49.306290",
  "individual": [
    1.0092791250716164,
    49.95965083699554,
    321.4752153411331,
    11.13872797026376,
    -0.13080224303732552,
    4.254175274693635,
    -0.008039759888811261,
    0.01,
    0.017107876948200353,
    24490376.74703085,
    0.5969773282329633,
    50.0,
    15.869118711569882,
    20.765455090824187,
    20.33509132670124,
    0.029512955473638337,
    20.210907311540414,
    61.265215585760615,
    188.71746467118723,
    62.39557977186067,
    9.29231805080154,
    1051.4839524755996,
    273.2943343544465,
    243.44794015787286,
    1,
    1,
    1,
    0.05977388201260924,
    0,
    0,
    0,
    1,
    0.01,
    -0.09999999999999999,
    1.730256391554695,
    5.426578908507908,
    64.39908225423721,
    8.660689634373503,
    6.652249523605343,
    -0.032872604133728965,
    -0.016414457240222925,
    -0.0832973331548788,
    1,
    1,
    0.006221214344735078,
    -0.012862243950529425,
    0,
    0,
    1.8765471639472502
  ],
  "max_drawdown_threshold": 0.15,
  "strategy_name": "\u5012\u63a5\u529b3"
}