{
  "generation": 50,
  "fitness": 4.073671773127831,
  "total_return": 227.88285499999995,
  "max_drawdown": 0.3110356259851282,
  "sharpe_ratio": 5.212991197927952,
  "params": {
    "per_step_tick_gap": 1,
    "cold_start_steps": 48,
    "max_abserve_tick_steps": 343,
    "max_abserce_avg_price_down_steps": 10,
    "stop_profit_open_hc_pct": -0.09877248200667674,
    "dynamic_hc_stop_profit_thres": 4.583053857138163,
    "last_close_price_hc_pct": -0.006052399168716412,
    "last_day_sell_thres": 0.20318554210738587,
    "last_day_sell_huiche": 0.01709307354940804,
    "fd_mount": 27332615,
    "fd_vol_pct": 0.6768511438214899,
    "fd_ju_ticks": 50,
    "max_zb_times": 10,
    "stagnation_kline_ticks": 19,
    "decline_kline_ticks": 18,
    "yang_yin_threshold": 0.029014366700634966,
    "stagnation_n": 21,
    "stagnation_volume_ratio_threshold": 62.68262746774522,
    "stagnation_ratio_threshold": 165,
    "decline_volume_ratio_threshold": 61.94742242367439,
    "max_rebounds": 8,
    "decline_ratio_threshold": 991,
    "flxd_ticks": 262,
    "flzz_ticks": 224,
    "use_simiple_kline_strategy_flxd": true,
    "use_simiple_kline_strategy_flzz": true,
    "flzz_use_smooth_price": true,
    "flzz_zf_thresh": 0.05997305522332774,
    "kline_sell_flxd_zy": false,
    "kline_sell_flxd_zs": false,
    "kline_sell_flzz_zs": true,
    "kline_sell_flzz_zy": true,
    "last_open_price_hc_pct": 0.009718287851285276,
    "open_price_max_hc": -0.09872960748532784,
    "loss_per_step_tick_gap": 1,
    "loss_cold_start_steps": 3,
    "loss_max_abserve_tick_steps": 104,
    "loss_max_abserce_avg_price_down_steps": 10,
    "loss_dynamic_hc_stop_profit_thres": 8.0,
    "loss_last_close_price_hc_pct": -0.0328071486844178,
    "loss_last_open_price_hc_pct": -0.009694458312057067,
    "loss_open_price_max_hc": -0.08570200479932352,
    "loss_down_open_sell_wait_time": false,
    "down_open_sell_wait_time": true,
    "day_zy_line": 0.005558890804935984,
    "day_zs_line": -0.011704630515445713,
    "sell_afternoon": false,
    "sell_half_afternoon": false,
    "sell_max_days": 4,
    "stop_profit_pct": 0.0,
    "static_hc_stop_profit_pct": 1.0,
    "loss_static_hc_stop_profit_pct": 1.0
  },
  "timestamp": "2025-09-06T21:48:44.117244",
  "individual": [
    1.0470743800085565,
    47.774040134460094,
    343.42355519884495,
    10.388294645949586,
    -0.09877248200667674,
    4.583053857138163,
    -0.006052399168716412,
    0.20318554210738587,
    0.01709307354940804,
    27332615.030029364,
    0.6768511438214899,
    49.98938948569416,
    9.893119481286307,
    19.21788070065862,
    18.07739942271263,
    0.029014366700634966,
    21.414634827605774,
    62.68262746774522,
    165.37771286962786,
    61.94742242367439,
    8.347497337558064,
    991.0624073783766,
    261.61157744173806,
    223.96596943235514,
    1,
    1,
    1,
    0.05997305522332774,
    0,
    0,
    1,
    1,
    0.009718287851285276,
    -0.09872960748532784,
    1.1967209523163298,
    2.728440524784088,
    103.96420892829909,
    9.745000832132773,
    8.0,
    -0.0328071486844178,
    -0.009694458312057067,
    -0.08570200479932352,
    0,
    1,
    0.005558890804935984,
    -0.011704630515445713,
    0,
    0,
    3.7346741644461843
  ],
  "max_drawdown_threshold": 0.15,
  "strategy_name": "\u5012\u63a5\u529b3"
}