{
  "generation": 70,
  "fitness": 4.248608284958441,
  "total_return": 244.72427499999995,
  "max_drawdown": 0.3082118587773191,
  "sharpe_ratio": 5.2607266426811226,
  "params": {
    "per_step_tick_gap": 1,
    "cold_start_steps": 45,
    "max_abserve_tick_steps": 384,
    "max_abserce_avg_price_down_steps": 7,
    "stop_profit_open_hc_pct": -0.1333597103928675,
    "dynamic_hc_stop_profit_thres": 3.591613183957546,
    "last_close_price_hc_pct": -0.0060894001973356236,
    "last_day_sell_thres": 0.13888657858764875,
    "last_day_sell_huiche": 0.014555519905340982,
    "fd_mount": 24076710,
    "fd_vol_pct": 0.5762374378367532,
    "fd_ju_ticks": 50,
    "max_zb_times": 12,
    "stagnation_kline_ticks": 19,
    "decline_kline_ticks": 8,
    "yang_yin_threshold": 0.028929352028133994,
    "stagnation_n": 21,
    "stagnation_volume_ratio_threshold": 65.05156276983634,
    "stagnation_ratio_threshold": 174,
    "decline_volume_ratio_threshold": 62.36634111044787,
    "max_rebounds": 8,
    "decline_ratio_threshold": 689,
    "flxd_ticks": 61,
    "flzz_ticks": 225,
    "use_simiple_kline_strategy_flxd": true,
    "use_simiple_kline_strategy_flzz": true,
    "flzz_use_smooth_price": true,
    "flzz_zf_thresh": 0.060184184939527784,
    "kline_sell_flxd_zy": true,
    "kline_sell_flxd_zs": false,
    "kline_sell_flzz_zs": true,
    "kline_sell_flzz_zy": true,
    "last_open_price_hc_pct": 0.009870018773205145,
    "open_price_max_hc": -0.09962948201871286,
    "loss_per_step_tick_gap": 1,
    "loss_cold_start_steps": 2,
    "loss_max_abserve_tick_steps": 89,
    "loss_max_abserce_avg_price_down_steps": 10,
    "loss_dynamic_hc_stop_profit_thres": 6.651671686153703,
    "loss_last_close_price_hc_pct": -0.034157319035615585,
    "loss_last_open_price_hc_pct": -0.007992219503555104,
    "loss_open_price_max_hc": -0.061795855786850554,
    "loss_down_open_sell_wait_time": false,
    "down_open_sell_wait_time": true,
    "day_zy_line": 0.0054169235216569795,
    "day_zs_line": -0.011707264648215154,
    "sell_afternoon": false,
    "sell_half_afternoon": false,
    "sell_max_days": 4,
    "stop_profit_pct": 0.0,
    "static_hc_stop_profit_pct": 1.0,
    "loss_static_hc_stop_profit_pct": 1.0
  },
  "timestamp": "2025-09-06T21:58:58.086069",
  "individual": [
    1.0136606279752658,
    45.19732311501147,
    383.74075335547275,
    6.602536031748957,
    -0.1333597103928675,
    3.591613183957546,
    -0.0060894001973356236,
    0.13888657858764875,
    0.014555519905340982,
    24076709.640787173,
    0.5762374378367532,
    49.97881916224732,
    11.76573479988579,
    18.91175028681689,
    7.902162987292256,
    0.028929352028133994,
    20.88796975686797,
    65.05156276983634,
    174.11106518324885,
    62.36634111044787,
    8.488781960891325,
    689.009382374265,
    61.10085235953372,
    224.84320580492079,
    1,
    1,
    1,
    0.060184184939527784,
    1,
    0,
    1,
    1,
    0.009870018773205145,
    -0.09962948201871286,
    1.33252369453077,
    2.1657923595852067,
    88.57041458451482,
    10.260228264497965,
    6.651671686153703,
    -0.034157319035615585,
    -0.007992219503555104,
    -0.061795855786850554,
    0,
    1,
    0.0054169235216569795,
    -0.011707264648215154,
    0,
    0,
    3.713174911695204
  ],
  "max_drawdown_threshold": 0.15,
  "strategy_name": "\u5012\u63a5\u529b3"
}