{
  "generation": 10,
  "fitness": 2.350326827301872,
  "total_return": 54.79124,
  "max_drawdown": 0.3167853385372476,
  "sharpe_ratio": 4.506717342502111,
  "params": {
    "per_step_tick_gap": 1,
    "cold_start_steps": 50,
    "max_abserve_tick_steps": 339,
    "max_abserce_avg_price_down_steps": 15,
    "stop_profit_open_hc_pct": -0.11446059038707052,
    "dynamic_hc_stop_profit_thres": 4.250587385440163,
    "last_close_price_hc_pct": -0.008609537746443963,
    "last_day_sell_thres": 0.01,
    "last_day_sell_huiche": 0.016647068557752595,
    "fd_mount": 23707174,
    "fd_vol_pct": 0.5949579980601615,
    "fd_ju_ticks": 50,
    "max_zb_times": 16,
    "stagnation_kline_ticks": 22,
    "decline_kline_ticks": 20,
    "yang_yin_threshold": 0.0294206077759228,
    "stagnation_n": 20,
    "stagnation_volume_ratio_threshold": 59.69838811291286,
    "stagnation_ratio_threshold": 230,
    "decline_volume_ratio_threshold": 61.37730001455998,
    "max_rebounds": 7,
    "decline_ratio_threshold": 1059,
    "flxd_ticks": 255,
    "flzz_ticks": 233,
    "use_simiple_kline_strategy_flxd": true,
    "use_simiple_kline_strategy_flzz": true,
    "flzz_use_smooth_price": true,
    "flzz_zf_thresh": 0.04945929054342453,
    "kline_sell_flxd_zy": true,
    "kline_sell_flxd_zs": false,
    "kline_sell_flzz_zs": false,
    "kline_sell_flzz_zy": true,
    "last_open_price_hc_pct": 0.01,
    "open_price_max_hc": -0.1,
    "loss_per_step_tick_gap": 2,
    "loss_cold_start_steps": 7,
    "loss_max_abserve_tick_steps": 81,
    "loss_max_abserce_avg_price_down_steps": 9,
    "loss_dynamic_hc_stop_profit_thres": 7.404657319785662,
    "loss_last_close_price_hc_pct": -0.033014399904776046,
    "loss_last_open_price_hc_pct": -0.01186947114291246,
    "loss_open_price_max_hc": -0.08525019254004382,
    "loss_down_open_sell_wait_time": true,
    "down_open_sell_wait_time": false,
    "day_zy_line": 0.008434548777311165,
    "day_zs_line": -0.009507631434795796,
    "sell_afternoon": false,
    "sell_half_afternoon": false,
    "sell_max_days": 2,
    "stop_profit_pct": 0.0,
    "static_hc_stop_profit_pct": 1.0,
    "loss_static_hc_stop_profit_pct": 1.0
  },
  "timestamp": "2025-09-06T21:30:17.424980",
  "individual": [
    1.0,
    50.0,
    339.0972288745105,
    15.0,
    -0.11446059038707052,
    4.250587385440163,
    -0.008609537746443963,
    0.01,
    0.016647068557752595,
    23707174.121024568,
    0.5949579980601615,
    50.0,
    15.681534989607233,
    21.650033288305792,
    20.223845639134282,
    0.0294206077759228,
    19.917961247501196,
    59.69838811291286,
    229.97000910179304,
    61.37730001455998,
    7.135043707553093,
    1059.1961078949753,
    255.03971650004829,
    233.16328596603614,
    1,
    1,
    1,
    0.04945929054342453,
    1,
    0,
    0,
    1,
    0.01,
    -0.1,
    2.169410073025733,
    7.338568345978289,
    80.92904015020142,
    9.396692778746532,
    7.404657319785662,
    -0.033014399904776046,
    -0.01186947114291246,
    -0.08525019254004382,
    1,
    0,
    0.008434548777311165,
    -0.009507631434795796,
    0,
    0,
    2.3347888072176297
  ],
  "max_drawdown_threshold": 0.15,
  "strategy_name": "\u5012\u63a5\u529b3"
}