{
  "generation": 40,
  "fitness": 3.874704822962743,
  "total_return": 193.915965,
  "max_drawdown": 0.3110318546695192,
  "sharpe_ratio": 5.263281137824962,
  "params": {
    "per_step_tick_gap": 1,
    "cold_start_steps": 48,
    "max_abserve_tick_steps": 314,
    "max_abserce_avg_price_down_steps": 8,
    "stop_profit_open_hc_pct": -0.10693173419209384,
    "dynamic_hc_stop_profit_thres": 4.146027575212367,
    "last_close_price_hc_pct": -0.006936029211642186,
    "last_day_sell_thres": 0.18696772232330489,
    "last_day_sell_huiche": 0.014979426084522627,
    "fd_mount": 24887996,
    "fd_vol_pct": 0.6829641488527395,
    "fd_ju_ticks": 50,
    "max_zb_times": 13,
    "stagnation_kline_ticks": 19,
    "decline_kline_ticks": 18,
    "yang_yin_threshold": 0.028877607845917388,
    "stagnation_n": 21,
    "stagnation_volume_ratio_threshold": 61.54127213890811,
    "stagnation_ratio_threshold": 167,
    "decline_volume_ratio_threshold": 60.29980035500369,
    "max_rebounds": 8,
    "decline_ratio_threshold": 1064,
    "flxd_ticks": 279,
    "flzz_ticks": 217,
    "use_simiple_kline_strategy_flxd": true,
    "use_simiple_kline_strategy_flzz": true,
    "flzz_use_smooth_price": true,
    "flzz_zf_thresh": 0.059796470059359036,
    "kline_sell_flxd_zy": true,
    "kline_sell_flxd_zs": false,
    "kline_sell_flzz_zs": false,
    "kline_sell_flzz_zy": true,
    "last_open_price_hc_pct": 0.01,
    "open_price_max_hc": -0.09937936101737509,
    "loss_per_step_tick_gap": 1,
    "loss_cold_start_steps": 3,
    "loss_max_abserve_tick_steps": 105,
    "loss_max_abserce_avg_price_down_steps": 10,
    "loss_dynamic_hc_stop_profit_thres": 7.593717844589736,
    "loss_last_close_price_hc_pct": -0.031909889156179164,
    "loss_last_open_price_hc_pct": -0.00931280634478714,
    "loss_open_price_max_hc": -0.08334693068115023,
    "loss_down_open_sell_wait_time": false,
    "down_open_sell_wait_time": true,
    "day_zy_line": 0.005475980603612766,
    "day_zs_line": -0.011708413467503639,
    "sell_afternoon": false,
    "sell_half_afternoon": false,
    "sell_max_days": 3,
    "stop_profit_pct": 0.0,
    "static_hc_stop_profit_pct": 1.0,
    "loss_static_hc_stop_profit_pct": 1.0
  },
  "timestamp": "2025-09-06T21:43:49.538135",
  "individual": [
    1.013712896808854,
    48.14552500487802,
    314.2544865886514,
    8.140572942045178,
    -0.10693173419209384,
    4.146027575212367,
    -0.006936029211642186,
    0.18696772232330489,
    0.014979426084522627,
    24887995.694658108,
    0.6829641488527395,
    50.0,
    12.938504694762319,
    19.402204484288877,
    18.039705012036634,
    0.028877607845917388,
    21.423323838427702,
    61.54127213890811,
    167.19406468901036,
    60.29980035500369,
    8.499106167993371,
    1064.3606238920047,
    278.9863426323093,
    217.2639765770234,
    1,
    1,
    1,
    0.059796470059359036,
    1,
    0,
    0,
    1,
    0.01,
    -0.09937936101737509,
    1.078469428169429,
    2.6746813733360804,
    104.54402816426176,
    10.237579318574504,
    7.593717844589736,
    -0.031909889156179164,
    -0.00931280634478714,
    -0.08334693068115023,
    0,
    1,
    0.005475980603612766,
    -0.011708413467503639,
    0,
    0,
    2.608454318879836
  ],
  "max_drawdown_threshold": 0.15,
  "strategy_name": "\u5012\u63a5\u529b3"
}