{
  "generation": 40,
  "fitness": 2.7788928994645676,
  "total_return": 28.39662,
  "max_drawdown": 0.35058085137994865,
  "sharpe_ratio": 4.144654822878962,
  "params": {
    "per_step_tick_gap": 1,
    "cold_start_steps": 2,
    "max_abserve_tick_steps": 399,
    "max_abserce_avg_price_down_steps": 2,
    "stop_profit_open_hc_pct": -0.05394670801415274,
    "dynamic_hc_stop_profit_thres": 0.19182604863904998,
    "last_close_price_hc_pct": -0.024628002843248505,
    "last_day_sell_thres": 0.0896522499892924,
    "last_day_sell_huiche": 0.005936662079198697,
    "fd_mount": 125783818,
    "fd_vol_pct": 0.6972598264201981,
    "fd_ju_ticks": 2,
    "max_zb_times": 4,
    "stagnation_kline_ticks": 20,
    "decline_kline_ticks": 37,
    "yang_yin_threshold": 0.00266151947148881,
    "stagnation_n": 27,
    "stagnation_volume_ratio_threshold": 44.19679086391933,
    "stagnation_ratio_threshold": 93,
    "decline_volume_ratio_threshold": 39.71519137633675,
    "max_rebounds": 5,
    "decline_ratio_threshold": 1343,
    "flxd_ticks": 339,
    "flzz_ticks": 534,
    "use_simiple_kline_strategy_flxd": false,
    "use_simiple_kline_strategy_flzz": true,
    "flzz_use_smooth_price": true,
    "flzz_zf_thresh": -0.0038642945076260934,
    "kline_sell_flxd_zy": true,
    "kline_sell_flxd_zs": true,
    "kline_sell_flzz_zs": false,
    "kline_sell_flzz_zy": true,
    "last_open_price_hc_pct": -0.03267811199645304,
    "open_price_max_hc": -0.03494892468516416,
    "loss_per_step_tick_gap": 17,
    "loss_cold_start_steps": 1,
    "loss_max_abserve_tick_steps": 158,
    "loss_max_abserce_avg_price_down_steps": 5,
    "loss_dynamic_hc_stop_profit_thres": 7.815084572374404,
    "loss_last_close_price_hc_pct": -0.037869947206825606,
    "loss_last_open_price_hc_pct": -0.04978805919522099,
    "loss_open_price_max_hc": -0.09215999018993194,
    "loss_down_open_sell_wait_time": true,
    "down_open_sell_wait_time": false,
    "stop_profit_pct": 0.0,
    "static_hc_stop_profit_pct": 1.0,
    "loss_static_hc_stop_profit_pct": 1.0
  },
  "timestamp": "2025-08-27T19:23:20.881437",
  "individual": [
    1.0110851761908934,
    2.078872485647724,
    398.8202583878317,
    1.7160344784367871,
    -0.05394670801415274,
    0.19182604863904998,
    -0.024628002843248505,
    0.0896522499892924,
    0.005936662079198697,
    125783818.00726458,
    0.6972598264201981,
    1.522842426089245,
    3.82028537209657,
    19.580238326051667,
    36.936908187762455,
    0.00266151947148881,
    26.953782799105202,
    44.19679086391933,
    92.63398024018244,
    39.71519137633675,
    5.137550885606601,
    1343.111362631295,
    338.7195314487012,
    533.6795359817058,
    0,
    1,
    1,
    -0.0038642945076260934,
    1,
    1,
    0,
    1,
    -0.03267811199645304,
    -0.03494892468516416,
    17.491773050630005,
    0.9153537612185907,
    158.09070046855666,
    5.376547431072987,
    7.815084572374404,
    -0.037869947206825606,
    -0.04978805919522099,
    -0.09215999018993194,
    1,
    0
  ]
}