{
  "generation": 30,
  "fitness": 2.5963912636851796,
  "total_return": 24.017675,
  "max_drawdown": 0.35068333572507887,
  "sharpe_ratio": 3.999214172243665,
  "params": {
    "per_step_tick_gap": 1,
    "cold_start_steps": 4,
    "max_abserve_tick_steps": 405,
    "max_abserce_avg_price_down_steps": 2,
    "stop_profit_open_hc_pct": -0.05987223574967833,
    "dynamic_hc_stop_profit_thres": 0.19124482860783928,
    "last_close_price_hc_pct": -0.024078947330286718,
    "last_day_sell_thres": 0.24724205133124788,
    "last_day_sell_huiche": 0.006831799862191575,
    "fd_mount": 112839737,
    "fd_vol_pct": 0.6453683218858035,
    "fd_ju_ticks": 9,
    "max_zb_times": 1,
    "stagnation_kline_ticks": 20,
    "decline_kline_ticks": 36,
    "yang_yin_threshold": 0.015417513726537137,
    "stagnation_n": 20,
    "stagnation_volume_ratio_threshold": 50.21627738273601,
    "stagnation_ratio_threshold": 104,
    "decline_volume_ratio_threshold": 37.182822311262534,
    "max_rebounds": 5,
    "decline_ratio_threshold": 1418,
    "flxd_ticks": 417,
    "flzz_ticks": 529,
    "use_simiple_kline_strategy_flxd": false,
    "use_simiple_kline_strategy_flzz": true,
    "flzz_use_smooth_price": true,
    "flzz_zf_thresh": -0.003912177275691679,
    "kline_sell_flxd_zy": true,
    "kline_sell_flxd_zs": true,
    "kline_sell_flzz_zs": false,
    "kline_sell_flzz_zy": true,
    "last_open_price_hc_pct": -0.034411147166329,
    "open_price_max_hc": -0.033745713073732864,
    "loss_per_step_tick_gap": 17,
    "loss_cold_start_steps": 2,
    "loss_max_abserve_tick_steps": 103,
    "loss_max_abserce_avg_price_down_steps": 3,
    "loss_dynamic_hc_stop_profit_thres": 6.650862856026455,
    "loss_last_close_price_hc_pct": -0.03877114818589604,
    "loss_last_open_price_hc_pct": -0.05,
    "loss_open_price_max_hc": -0.09195429251211645,
    "loss_down_open_sell_wait_time": true,
    "down_open_sell_wait_time": false,
    "stop_profit_pct": 0.0,
    "static_hc_stop_profit_pct": 1.0,
    "loss_static_hc_stop_profit_pct": 1.0
  },
  "timestamp": "2025-08-27T19:13:25.645621",
  "individual": [
    1.0,
    4.147508509679247,
    404.97438974787144,
    2.041596251615615,
    -0.05987223574967833,
    0.19124482860783928,
    -0.024078947330286718,
    0.24724205133124788,
    0.006831799862191575,
    112839736.73913488,
    0.6453683218858035,
    8.861443478855401,
    1.2123450481624742,
    20.26498043200675,
    36.38300344576797,
    0.015417513726537137,
    19.688642285282434,
    50.21627738273601,
    103.56312603861952,
    37.182822311262534,
    5.326790645105253,
    1417.800650478438,
    417.35463164521116,
    529.2981744937345,
    0,
    1,
    1,
    -0.003912177275691679,
    1,
    1,
    0,
    1,
    -0.034411147166329,
    -0.033745713073732864,
    17.388687195406135,
    1.611865815267742,
    103.05953766942756,
    3.450089179272792,
    6.650862856026455,
    -0.03877114818589604,
    -0.05,
    -0.09195429251211645,
    1,
    0
  ]
}