{
  "generation": 60,
  "fitness": 2.890756100039929,
  "total_return": 31.03114,
  "max_drawdown": 0.35021515160862454,
  "sharpe_ratio": 4.234415588952007,
  "params": {
    "per_step_tick_gap": 1,
    "cold_start_steps": 2,
    "max_abserve_tick_steps": 417,
    "max_abserce_avg_price_down_steps": 3,
    "stop_profit_open_hc_pct": 0.0,
    "dynamic_hc_stop_profit_thres": 0.18742668006554297,
    "last_close_price_hc_pct": -0.01595159388179725,
    "last_day_sell_thres": 0.08737555129520326,
    "last_day_sell_huiche": 0.008865881684817264,
    "fd_mount": 112251946,
    "fd_vol_pct": 0.6366339763086958,
    "fd_ju_ticks": 1,
    "max_zb_times": 2,
    "stagnation_kline_ticks": 20,
    "decline_kline_ticks": 29,
    "yang_yin_threshold": 0.019528131096558078,
    "stagnation_n": 27,
    "stagnation_volume_ratio_threshold": 41.43140178951424,
    "stagnation_ratio_threshold": 99,
    "decline_volume_ratio_threshold": 37.19889459927932,
    "max_rebounds": 6,
    "decline_ratio_threshold": 1408,
    "flxd_ticks": 399,
    "flzz_ticks": 523,
    "use_simiple_kline_strategy_flxd": true,
    "use_simiple_kline_strategy_flzz": true,
    "flzz_use_smooth_price": true,
    "flzz_zf_thresh": -0.003898345590414332,
    "kline_sell_flxd_zy": true,
    "kline_sell_flxd_zs": false,
    "kline_sell_flzz_zs": false,
    "kline_sell_flzz_zy": true,
    "last_open_price_hc_pct": -0.032921619955249594,
    "open_price_max_hc": -0.03341774939995318,
    "loss_per_step_tick_gap": 19,
    "loss_cold_start_steps": 6,
    "loss_max_abserve_tick_steps": 175,
    "loss_max_abserce_avg_price_down_steps": 9,
    "loss_dynamic_hc_stop_profit_thres": 3.4877955276891317,
    "loss_last_close_price_hc_pct": -0.032079280672698995,
    "loss_last_open_price_hc_pct": -0.049687828257469216,
    "loss_open_price_max_hc": -0.09251307687540104,
    "loss_down_open_sell_wait_time": true,
    "down_open_sell_wait_time": false,
    "stop_profit_pct": 0.0,
    "static_hc_stop_profit_pct": 1.0,
    "loss_static_hc_stop_profit_pct": 1.0
  },
  "timestamp": "2025-08-27T19:44:34.188634",
  "individual": [
    1.067137256546007,
    1.8783013260819992,
    417.12718925351555,
    2.837362856969798,
    0.0,
    0.18742668006554297,
    -0.01595159388179725,
    0.08737555129520326,
    0.008865881684817264,
    112251945.96740964,
    0.6366339763086958,
    1.3112433572298083,
    1.951777343995801,
    19.714517208372676,
    28.860491047444892,
    0.019528131096558078,
    26.528594529245463,
    41.43140178951424,
    99.0436850989434,
    37.19889459927932,
    6.014793580824121,
    1408.0023269124547,
    399.3552187701097,
    522.9159234071551,
    1,
    1,
    1,
    -0.003898345590414332,
    1,
    0,
    0,
    1,
    -0.032921619955249594,
    -0.03341774939995318,
    18.86811595750048,
    5.571747787960783,
    174.99379736479474,
    8.693148815161276,
    3.4877955276891317,
    -0.032079280672698995,
    -0.049687828257469216,
    -0.09251307687540104,
    1,
    0
  ]
}