{
  "generation": 10,
  "fitness": 2.2058752291933286,
  "total_return": 15.123105000000002,
  "max_drawdown": 0.3485010573159018,
  "sharpe_ratio": 3.6633197707204963,
  "params": {
    "per_step_tick_gap": 4,
    "cold_start_steps": 0,
    "max_abserve_tick_steps": 395,
    "max_abserce_avg_price_down_steps": 6,
    "stop_profit_open_hc_pct": -0.07511595763039669,
    "dynamic_hc_stop_profit_thres": 5.00019844167113,
    "last_close_price_hc_pct": -0.04,
    "last_day_sell_thres": 0.25603206975105053,
    "last_day_sell_huiche": 0.018530029682643924,
    "fd_mount": 142194505,
    "fd_vol_pct": 0.47832797216606127,
    "fd_ju_ticks": 19,
    "max_zb_times": 1,
    "stagnation_kline_ticks": 43,
    "decline_kline_ticks": 50,
    "yang_yin_threshold": 0.004801442579262135,
    "stagnation_n": 18,
    "stagnation_volume_ratio_threshold": 44.62583066191365,
    "stagnation_ratio_threshold": 445,
    "decline_volume_ratio_threshold": 100.0,
    "max_rebounds": 8,
    "decline_ratio_threshold": 15,
    "flxd_ticks": 103,
    "flzz_ticks": 580,
    "use_simiple_kline_strategy_flxd": false,
    "use_simiple_kline_strategy_flzz": true,
    "flzz_use_smooth_price": true,
    "flzz_zf_thresh": -0.056618355165233634,
    "kline_sell_flxd_zy": false,
    "kline_sell_flxd_zs": false,
    "kline_sell_flzz_zs": false,
    "kline_sell_flzz_zy": true,
    "last_open_price_hc_pct": -0.04741504012816626,
    "open_price_max_hc": -0.019663628512087587,
    "loss_per_step_tick_gap": 24,
    "loss_cold_start_steps": 30,
    "loss_max_abserve_tick_steps": 173,
    "loss_max_abserce_avg_price_down_steps": 12,
    "loss_dynamic_hc_stop_profit_thres": 2.325570768453802,
    "loss_last_close_price_hc_pct": -0.014272021579227323,
    "loss_last_open_price_hc_pct": -0.0294458363885053,
    "loss_open_price_max_hc": -0.09978782339150588,
    "loss_down_open_sell_wait_time": true,
    "down_open_sell_wait_time": false,
    "stop_profit_pct": 0.0,
    "static_hc_stop_profit_pct": 1.0,
    "loss_static_hc_stop_profit_pct": 1.0
  },
  "timestamp": "2025-08-27T18:53:28.371347",
  "individual": [
    4.043145530025072,
    0.0,
    394.584846580525,
    5.527484999869144,
    -0.07511595763039669,
    5.00019844167113,
    -0.04,
    0.25603206975105053,
    0.018530029682643924,
    142194504.98332244,
    0.47832797216606127,
    18.81378442328345,
    1.0,
    42.713719150086426,
    50.0,
    0.004801442579262135,
    17.660535936677995,
    44.62583066191365,
    444.7511930112089,
    100.0,
    7.607700771554617,
    15.0,
    103.33365696319922,
    579.568141776026,
    0,
    1,
    1,
    -0.056618355165233634,
    0,
    0,
    0,
    1,
    -0.04741504012816626,
    -0.019663628512087587,
    23.919097370278095,
    30.0,
    172.72793368191128,
    11.580292322404956,
    2.325570768453802,
    -0.014272021579227323,
    -0.0294458363885053,
    -0.09978782339150588,
    1,
    0
  ]
}