{
  "generation": 20,
  "fitness": 2.3875721100122025,
  "total_return": 23.25988,
  "max_drawdown": 0.3590561995750049,
  "sharpe_ratio": 3.9766158647149665,
  "params": {
    "per_step_tick_gap": 1,
    "cold_start_steps": 4,
    "max_abserve_tick_steps": 416,
    "max_abserce_avg_price_down_steps": 2,
    "stop_profit_open_hc_pct": -0.06201604008326563,
    "dynamic_hc_stop_profit_thres": 0.2855676038153774,
    "last_close_price_hc_pct": -0.023652037143291716,
    "last_day_sell_thres": 0.23812771208980904,
    "last_day_sell_huiche": 0.006445306123815894,
    "fd_mount": 112784380,
    "fd_vol_pct": 0.6692208822521764,
    "fd_ju_ticks": 3,
    "max_zb_times": 1,
    "stagnation_kline_ticks": 21,
    "decline_kline_ticks": 37,
    "yang_yin_threshold": 0.015678710124511504,
    "stagnation_n": 19,
    "stagnation_volume_ratio_threshold": 49.48603155633717,
    "stagnation_ratio_threshold": 92,
    "decline_volume_ratio_threshold": 33.796752537327535,
    "max_rebounds": 5,
    "decline_ratio_threshold": 1432,
    "flxd_ticks": 417,
    "flzz_ticks": 533,
    "use_simiple_kline_strategy_flxd": false,
    "use_simiple_kline_strategy_flzz": true,
    "flzz_use_smooth_price": true,
    "flzz_zf_thresh": -0.004057623972864981,
    "kline_sell_flxd_zy": true,
    "kline_sell_flxd_zs": true,
    "kline_sell_flzz_zs": false,
    "kline_sell_flzz_zy": true,
    "last_open_price_hc_pct": -0.038127871976225976,
    "open_price_max_hc": -0.0337437229836694,
    "loss_per_step_tick_gap": 16,
    "loss_cold_start_steps": 2,
    "loss_max_abserve_tick_steps": 110,
    "loss_max_abserce_avg_price_down_steps": 3,
    "loss_dynamic_hc_stop_profit_thres": 7.279293812693769,
    "loss_last_close_price_hc_pct": -0.013982514386688136,
    "loss_last_open_price_hc_pct": -0.05,
    "loss_open_price_max_hc": -0.0917839725829632,
    "loss_down_open_sell_wait_time": true,
    "down_open_sell_wait_time": false,
    "stop_profit_pct": 0.0,
    "static_hc_stop_profit_pct": 1.0,
    "loss_static_hc_stop_profit_pct": 1.0
  },
  "timestamp": "2025-08-27T19:03:36.137541",
  "individual": [
    1.0,
    4.276116426535872,
    416.366916229583,
    1.7984411482747185,
    -0.06201604008326563,
    0.2855676038153774,
    -0.023652037143291716,
    0.23812771208980904,
    0.006445306123815894,
    112784379.53736502,
    0.6692208822521764,
    3.1351613735712744,
    1.0,
    21.160237374710636,
    36.824847039167935,
    0.015678710124511504,
    19.29047050273875,
    49.48603155633717,
    91.79176725184178,
    33.796752537327535,
    4.6516928379621,
    1431.9323446753074,
    416.77690957314314,
    532.8682553361508,
    0,
    1,
    1,
    -0.004057623972864981,
    1,
    1,
    0,
    1,
    -0.038127871976225976,
    -0.0337437229836694,
    16.490580810941672,
    2.0131729242950644,
    110.3807403174533,
    3.0690709071206737,
    7.279293812693769,
    -0.013982514386688136,
    -0.05,
    -0.0917839725829632,
    1,
    0
  ]
}