{
  "gen": [
    0,
    1,
    2,
    3,
    4,
    5,
    6,
    7,
    8,
    9,
    10,
    11,
    12,
    13,
    14,
    15,
    16,
    17,
    18,
    19,
    20,
    21,
    22,
    23,
    24,
    25,
    26,
    27,
    28,
    29,
    30,
    31,
    32,
    33,
    34,
    35,
    36,
    37,
    38,
    39,
    40,
    41,
    42,
    43,
    44,
    45,
    46,
    47,
    48,
    49,
    50,
    51,
    52,
    53,
    54,
    55,
    56,
    57,
    58,
    59,
    60,
    61,
    62,
    63,
    64,
    65,
    66,
    67,
    68,
    69,
    70,
    71,
    72,
    73,
    74,
    75,
    76,
    77,
    78,
    79
  ],
  "best_fitness": [
    1.92287223721156,
    1.92287223721156,
    1.92287223721156,
    1.92287223721156,
    1.92287223721156,
    2.0120348120138494,
    2.0120348120138494,
    2.0120348120138494,
    2.0753691797568754,
    2.0753691797568754,
    2.2058752291933286,
    2.2172674439087507,
    2.2172674439087507,
    2.2172674439087507,
    2.2292602173168876,
    2.2292602173168876,
    2.2861068963105096,
    2.2861068963105096,
    2.3502684824605184,
    2.3834375249285076,
    2.3875721100122025,
    2.451620382197745,
    2.451620382197745,
    2.451620382197745,
    2.451620382197745,
    2.451620382197745,
    2.4619687399589516,
    2.517482582418189,
    2.5650978554055768,
    2.5963912636851796,
    2.5963912636851796,
    2.613814115326702,
    2.65568144588986,
    2.6883338318363275,
    2.7030289203923346,
    2.7030289203923346,
    2.706645137597341,
    2.7591631477092156,
    2.7591631477092156,
    2.7591631477092156,
    2.7788928994645676,
    2.8076054505069212,
    2.8227729295482202,
    2.8227729295482202,
    2.8227729295482202,
    2.842666964091837,
    2.842666964091837,
    2.8438453539869233,
    2.856294476879138,
    2.856294476879138,
    2.8570955783650813,
    2.880708100987553,
    2.8830343053918166,
    2.887571832444203,
    2.88885387799601,
    2.8906718831631726,
    2.8906718831631726,
    2.8906718831631726,
    2.8906718831631726,
    2.890756100039929,
    2.890756100039929,
    2.890756100039929,
    2.890756100039929,
    2.890756100039929,
    2.890756100039929,
    2.890756100039929,
    2.890756100039929,
    2.890756100039929,
    2.890756100039929,
    2.890756100039929,
    2.890756100039929,
    2.890756100039929,
    2.890756100039929,
    2.890756100039929,
    2.890756100039929,
    2.890756100039929,
    2.890756100039929,
    2.890756100039929,
    2.890756100039929,
    2.890756100039929
  ],
  "best_return": [
    17.76656,
    17.76656,
    17.76656,
    17.76656,
    17.76656,
    14.25009,
    14.25009,
    14.25009,
    14.88694,
    14.88694,
    15.123105000000002,
    15.330235000000002,
    15.330235000000002,
    15.330235000000002,
    14.71851,
    14.71851,
    16.489580000000007,
    16.489580000000007,
    18.965075000000006,
    22.349135,
    23.25988,
    20.403875,
    20.403875,
    20.403875,
    20.403875,
    20.403875,
    20.849305,
    22.226595,
    23.2562,
    24.017675,
    24.017675,
    24.62481,
    25.16173,
    26.191360000000003,
    26.41845,
    26.41845,
    26.75702,
    27.797645,
    27.797645,
    27.797645,
    28.39662,
    29.321315,
    29.57034,
    29.57034,
    29.57034,
    30.52787,
    30.52787,
    30.096675,
    30.18982,
    30.18982,
    30.72485,
    30.889025,
    30.9264,
    30.99838,
    30.996610000000004,
    31.025825,
    31.025825,
    31.025825,
    31.025825,
    31.03114,
    31.03114,
    31.03114,
    31.03114,
    31.03114,
    31.03114,
    31.03114,
    31.03114,
    31.03114,
    31.03114,
    31.03114,
    31.03114,
    31.03114,
    31.03114,
    31.03114,
    31.03114,
    31.03114,
    31.03114,
    31.03114,
    31.03114,
    31.03114
  ],
  "best_drawdown": [
    0.37151054203329903,
    0.37151054203329903,
    0.37151054203329903,
    0.37151054203329903,
    0.37151054203329903,
    0.3559830934160771,
    0.3559830934160771,
    0.3559830934160771,
    0.3540808161204326,
    0.3540808161204326,
    0.3485010573159018,
    0.348609143023731,
    0.348609143023731,
    0.348609143023731,
    0.3455249064804255,
    0.3455249064804255,
    0.34859149735320655,
    0.34859149735320655,
    0.3517256067043628,
    0.35736031865647555,
    0.3590561995750049,
    0.35022744792416716,
    0.35022744792416716,
    0.35022744792416716,
    0.35022744792416716,
    0.35022744792416716,
    0.35062643758277007,
    0.350722729351195,
    0.3506234613867403,
    0.35068333572507887,
    0.35068333572507887,
    0.35105986108840637,
    0.3502803495997322,
    0.35062975451002126,
    0.35055490548383467,
    0.35055490548383467,
    0.3508723372904778,
    0.35039670151910124,
    0.35039670151910124,
    0.35039670151910124,
    0.35058085137994865,
    0.35092414887351203,
    0.3506829627613153,
    0.3506829627613153,
    0.3506829627613153,
    0.35139782765942096,
    0.35139782765942096,
    0.3506788571070424,
    0.35029826421304133,
    0.35029826421304133,
    0.35112000217740397,
    0.3504052695655193,
    0.3503674906193184,
    0.3502975536194322,
    0.3502408193642677,
    0.35021515160862454,
    0.35021515160862454,
    0.35021515160862454,
    0.35021515160862454,
    0.35021515160862454,
    0.35021515160862454,
    0.35021515160862454,
    0.35021515160862454,
    0.35021515160862454,
    0.35021515160862454,
    0.35021515160862454,
    0.35021515160862454,
    0.35021515160862454,
    0.35021515160862454,
    0.35021515160862454,
    0.35021515160862454,
    0.35021515160862454,
    0.35021515160862454,
    0.35021515160862454,
    0.35021515160862454,
    0.35021515160862454,
    0.35021515160862454,
    0.35021515160862454,
    0.35021515160862454,
    0.35021515160862454
  ],
  "best_sharpe": [
    3.7286770993338325,
    3.7286770993338325,
    3.7286770993338325,
    3.7286770993338325,
    3.7286770993338325,
    3.569384431875802,
    3.569384431875802,
    3.569384431875802,
    3.573101990118575,
    3.573101990118575,
    3.6633197707204963,
    3.6809370562236343,
    3.6809370562236343,
    3.6809370562236343,
    3.5987928334353376,
    3.5987928334353376,
    3.7526446897704338,
    3.7526446897704338,
    3.8474643635337618,
    3.9404172885734345,
    3.9766158647149665,
    3.909969505729607,
    3.909969505729607,
    3.909969505729607,
    3.909969505729607,
    3.909969505729607,
    3.9157355480349376,
    3.9396480202249466,
    3.9749992383262143,
    3.999214172243665,
    3.999214172243665,
    4.019371706155321,
    4.045380701645287,
    4.069524610128839,
    4.0938225423314965,
    4.0938225423314965,
    4.091842158105769,
    4.123863677074535,
    4.123863677074535,
    4.123863677074535,
    4.144654822878962,
    4.177828530715948,
    4.184684447193347,
    4.184684447193347,
    4.184684447193347,
    4.217783808736708,
    4.217783808736708,
    4.204771847900178,
    4.206101200595149,
    4.206101200595149,
    4.225103667256309,
    4.229968784670114,
    4.2310729494331785,
    4.233758196831298,
    4.233490960483586,
    4.234767105018652,
    4.234767105018652,
    4.234767105018652,
    4.234767105018652,
    4.234415588952007,
    4.234415588952007,
    4.234415588952007,
    4.234415588952007,
    4.234415588952007,
    4.234415588952007,
    4.234415588952007,
    4.234415588952007,
    4.234415588952007,
    4.234415588952007,
    4.234415588952007,
    4.234415588952007,
    4.234415588952007,
    4.234415588952007,
    4.234415588952007,
    4.234415588952007,
    4.234415588952007,
    4.234415588952007,
    4.234415588952007,
    4.234415588952007,
    4.234415588952007
  ],