{
  "generation": 10,
  "fitness": 5.761248053199492,
  "total_return": 39.80872000000001,
  "max_drawdown": 0.22712835330744843,
  "sharpe_ratio": 6.6054251658385965,
  "params": {
    "per_step_tick_gap": 11,
    "cold_start_steps": 17,
    "max_abserve_tick_steps": 977,
    "max_abserce_avg_price_down_steps": 14,
    "stop_profit_open_hc_pct": -0.05412417319582835,
    "dynamic_hc_stop_profit_thres": 2.5907635069917463,
    "last_close_price_hc_pct": 0.007774505484288988,
    "last_day_sell_thres": 0.17113882339731273,
    "last_day_sell_huiche": 0.005642673441965922,
    "fd_mount": 150000000,
    "fd_vol_pct": 0.75,
    "fd_ju_ticks": 23,
    "max_zb_times": 17,
    "stagnation_kline_ticks": 29,
    "decline_kline_ticks": 50,
    "yang_yin_threshold": 0.02251557916694977,
    "stagnation_n": 25,
    "stagnation_volume_ratio_threshold": 59.570474398865166,
    "stagnation_ratio_threshold": 1307,
    "decline_volume_ratio_threshold": 12.787963700926843,
    "max_rebounds": 11,
    "decline_ratio_threshold": 1247,
    "flxd_ticks": 282,
    "flzz_ticks": 1167,
    "use_simiple_kline_strategy_flxd": false,
    "use_simiple_kline_strategy_flzz": true,
    "flzz_use_smooth_price": true,
    "flzz_zf_thresh": -0.020195787185148813,
    "kline_sell_flxd_zy": true,
    "kline_sell_flxd_zs": false,
    "kline_sell_flzz_zs": true,
    "kline_sell_flzz_zy": true,
    "last_open_price_hc_pct": -0.022463153711686026,
    "open_price_max_hc": -0.013813566585097609,
    "loss_per_step_tick_gap": 14,
    "loss_cold_start_steps": 7,
    "loss_max_abserve_tick_steps": 139,
    "loss_max_abserce_avg_price_down_steps": 12,
    "loss_dynamic_hc_stop_profit_thres": 2.891208306023295,
    "loss_last_close_price_hc_pct": -0.007750720004133787,
    "loss_last_open_price_hc_pct": -0.055828717123163375,
    "loss_open_price_max_hc": -0.054286757067366,
    "loss_down_open_sell_wait_time": true,
    "down_open_sell_wait_time": true,
    "day_zy_line": 0.0007151831745623249,
    "day_zs_line": -0.04004022213887641,
    "sell_afternoon": false,
    "sell_half_afternoon": false,
    "sell_max_days": 3,
    "stop_profit_pct": 0.0,
    "static_hc_stop_profit_pct": 1.0,
    "loss_static_hc_stop_profit_pct": 1.0
  },
  "timestamp": "2025-09-06T11:59:11.501317",
  "individual": [
    10.5817996134361,
    17.268597055932254,
    977.1542002759664,
    13.698146625191045,
    -0.05412417319582835,
    2.5907635069917463,
    0.007774505484288988,
    0.17113882339731273,
    0.005642673441965922,
    150000000.0,
    0.75,
    23.45593697010494,
    17.43326077433457,
    28.64579201721241,
    50.0,
    0.02251557916694977,
    24.606536220822385,
    59.570474398865166,
    1307.066433733113,
    12.787963700926843,
    10.57362394708506,
    1247.4430295185714,
    282.20556145687164,
    1167.1005325087845,
    0,
    1,
    1,
    -0.020195787185148813,
    1,
    0,
    1,
    1,
    -0.022463153711686026,
    -0.013813566585097609,
    14.35665416129459,
    6.778849422979871,
    139.06237097980943,
    12.14178870666795,
    2.891208306023295,
    -0.007750720004133787,
    -0.055828717123163375,
    -0.054286757067366,
    1,
    1,
    0.0007151831745623249,
    -0.04004022213887641,
    0,
    0,
    2.625688966898638
  ],
  "max_drawdown_threshold": 0.25,
  "strategy_name": "\u9ad8\u5f3a\u4e2d\u4f4e\u5f00\u4f4e\u54382"
}