{
  "generation": 40,
  "fitness": 7.362267017024328,
  "total_return": 72.13935500000001,
  "max_drawdown": 0.19301813530258805,
  "sharpe_ratio": 7.3298325153856805,
  "params": {
    "per_step_tick_gap": 9,
    "cold_start_steps": 30,
    "max_abserve_tick_steps": 937,
    "max_abserce_avg_price_down_steps": 2,
    "stop_profit_open_hc_pct": -0.08107358820860469,
    "dynamic_hc_stop_profit_thres": 3.4573574017349697,
    "last_close_price_hc_pct": 0.008870489688361748,
    "last_day_sell_thres": 1.0,
    "last_day_sell_huiche": 0.00826969590813316,
    "fd_mount": 147438778,
    "fd_vol_pct": 0.5992855861448033,
    "fd_ju_ticks": 8,
    "max_zb_times": 16,
    "stagnation_kline_ticks": 20,
    "decline_kline_ticks": 10,
    "yang_yin_threshold": 0.013951901682601566,
    "stagnation_n": 16,
    "stagnation_volume_ratio_threshold": 29.675690758869123,
    "stagnation_ratio_threshold": 1329,
    "decline_volume_ratio_threshold": 57.414414635446775,
    "max_rebounds": 8,
    "decline_ratio_threshold": 476,
    "flxd_ticks": 259,
    "flzz_ticks": 1167,
    "use_simiple_kline_strategy_flxd": false,
    "use_simiple_kline_strategy_flzz": true,
    "flzz_use_smooth_price": true,
    "flzz_zf_thresh": -0.03036959336369281,
    "kline_sell_flxd_zy": false,
    "kline_sell_flxd_zs": true,
    "kline_sell_flzz_zs": false,
    "kline_sell_flzz_zy": true,
    "last_open_price_hc_pct": -0.023058528294354532,
    "open_price_max_hc": -0.01638144670517392,
    "loss_per_step_tick_gap": 1,
    "loss_cold_start_steps": 1,
    "loss_max_abserve_tick_steps": 126,
    "loss_max_abserce_avg_price_down_steps": 1,
    "loss_dynamic_hc_stop_profit_thres": 0.010459780745634611,
    "loss_last_close_price_hc_pct": -0.011736766157984451,
    "loss_last_open_price_hc_pct": -0.03525762100639257,
    "loss_open_price_max_hc": -0.05442787846477245,
    "loss_down_open_sell_wait_time": true,
    "down_open_sell_wait_time": false,
    "day_zy_line": 0.03459127915796101,
    "day_zs_line": -0.03984598787531484,
    "sell_afternoon": false,
    "sell_half_afternoon": true,
    "sell_max_days": 3,
    "stop_profit_pct": 0.0,
    "static_hc_stop_profit_pct": 1.0,
    "loss_static_hc_stop_profit_pct": 1.0
  },
  "timestamp": "2025-09-06T12:06:17.164725",
  "individual": [
    8.803381925192458,
    30.486227648724057,
    937.4144303152692,
    2.089962221010664,
    -0.08107358820860469,
    3.4573574017349697,
    0.008870489688361748,
    1.0,
    0.00826969590813316,
    147438778.36915317,
    0.5992855861448033,
    8.319747767460768,
    16.24823154458346,
    20.2876703030427,
    10.085876822269018,
    0.013951901682601566,
    15.791582898276886,
    29.675690758869123,
    1329.2515541522698,
    57.414414635446775,
    7.859561681195617,
    476.21346424810474,
    258.9456037645188,
    1167.062759296471,
    0,
    1,
    1,
    -0.03036959336369281,
    0,
    1,
    0,
    1,
    -0.023058528294354532,
    -0.01638144670517392,
    1.0,
    1.2904427463766026,
    126.21939395875584,
    1.3503318499698176,
    0.010459780745634611,
    -0.011736766157984451,
    -0.03525762100639257,
    -0.05442787846477245,
    1,
    0,
    0.03459127915796101,
    -0.03984598787531484,
    0,
    1,
    2.9143731517933995
  ],
  "max_drawdown_threshold": 0.25,
  "strategy_name": "\u9ad8\u5f3a\u4e2d\u4f4e\u5f00\u4f4e\u54382"
}