{
  "generation": 50,
  "fitness": 7.3876688918026066,
  "total_return": 72.90227500000002,
  "max_drawdown": 0.19302240573515203,
  "sharpe_ratio": 7.329266206062817,
  "params": {
    "per_step_tick_gap": 8,
    "cold_start_steps": 31,
    "max_abserve_tick_steps": 933,
    "max_abserce_avg_price_down_steps": 2,
    "stop_profit_open_hc_pct": -0.08118177054135226,
    "dynamic_hc_stop_profit_thres": 3.485023335521987,
    "last_close_price_hc_pct": 0.008915161580959324,
    "last_day_sell_thres": 0.9978675887493239,
    "last_day_sell_huiche": 0.008325377044853338,
    "fd_mount": 146875797,
    "fd_vol_pct": 0.6095705444552676,
    "fd_ju_ticks": 8,
    "max_zb_times": 15,
    "stagnation_kline_ticks": 20,
    "decline_kline_ticks": 10,
    "yang_yin_threshold": 0.013997497449198627,
    "stagnation_n": 16,
    "stagnation_volume_ratio_threshold": 30.441761308391165,
    "stagnation_ratio_threshold": 1335,
    "decline_volume_ratio_threshold": 57.10116233657131,
    "max_rebounds": 8,
    "decline_ratio_threshold": 495,
    "flxd_ticks": 257,
    "flzz_ticks": 1121,
    "use_simiple_kline_strategy_flxd": false,
    "use_simiple_kline_strategy_flzz": true,
    "flzz_use_smooth_price": true,
    "flzz_zf_thresh": -0.029899597804952764,
    "kline_sell_flxd_zy": false,
    "kline_sell_flxd_zs": true,
    "kline_sell_flzz_zs": true,
    "kline_sell_flzz_zy": true,
    "last_open_price_hc_pct": -0.02306899549993565,
    "open_price_max_hc": -0.014540247764508851,
    "loss_per_step_tick_gap": 1,
    "loss_cold_start_steps": 1,
    "loss_max_abserve_tick_steps": 138,
    "loss_max_abserce_avg_price_down_steps": 1,
    "loss_dynamic_hc_stop_profit_thres": 0.010520049429182558,
    "loss_last_close_price_hc_pct": -0.011643832875378346,
    "loss_last_open_price_hc_pct": -0.03505580193829171,
    "loss_open_price_max_hc": -0.05692501998024878,
    "loss_down_open_sell_wait_time": true,
    "down_open_sell_wait_time": true,
    "day_zy_line": 0.03470961376257614,
    "day_zs_line": -0.039827556267344306,
    "sell_afternoon": false,
    "sell_half_afternoon": true,
    "sell_max_days": 3,
    "stop_profit_pct": 0.0,
    "static_hc_stop_profit_pct": 1.0,
    "loss_static_hc_stop_profit_pct": 1.0
  },
  "timestamp": "2025-09-06T12:08:31.021109",
  "individual": [
    8.148427690688873,
    30.556053992420964,
    933.2515299479253,
    2.073694091946895,
    -0.08118177054135226,
    3.485023335521987,
    0.008915161580959324,
    0.9978675887493239,
    0.008325377044853338,
    146875797.31862864,
    0.6095705444552676,
    8.356294981191546,
    15.41438691374438,
    20.227510850799828,
    10.08048886269894,
    0.013997497449198627,
    15.792973063923037,
    30.441761308391165,
    1335.3572403862127,
    57.10116233657131,
    7.8380407105053855,
    495.40430542285395,
    256.59285014312377,
    1120.7591836028603,
    0,
    1,
    1,
    -0.029899597804952764,
    0,
    1,
    1,
    1,
    -0.02306899549993565,
    -0.014540247764508851,
    1.0,
    1.3104356545189946,
    137.95551918967004,
    1.4011779234706834,
    0.010520049429182558,
    -0.011643832875378346,
    -0.03505580193829171,
    -0.05692501998024878,
    1,
    1,
    0.03470961376257614,
    -0.039827556267344306,
    0,
    1,
    2.892248731474855
  ],
  "max_drawdown_threshold": 0.25,
  "strategy_name": "\u9ad8\u5f3a\u4e2d\u4f4e\u5f00\u4f4e\u54382"
}