{
  "generation": 70,
  "fitness": 7.588539151481768,
  "total_return": 77.22034000000002,
  "max_drawdown": 0.18495477585517972,
  "sharpe_ratio": 7.428891993552292,
  "params": {
    "per_step_tick_gap": 3,
    "cold_start_steps": 31,
    "max_abserve_tick_steps": 940,
    "max_abserce_avg_price_down_steps": 2,
    "stop_profit_open_hc_pct": -0.08374671199835076,
    "dynamic_hc_stop_profit_thres": 3.423557830418936,
    "last_close_price_hc_pct": 0.009162732807394167,
    "last_day_sell_thres": 0.6992324727862294,
    "last_day_sell_huiche": 0.007859527885806,
    "fd_mount": 98875420,
    "fd_vol_pct": 0.5205848235230931,
    "fd_ju_ticks": 8,
    "max_zb_times": 16,
    "stagnation_kline_ticks": 20,
    "decline_kline_ticks": 10,
    "yang_yin_threshold": 0.014319528271556371,
    "stagnation_n": 18,
    "stagnation_volume_ratio_threshold": 30.31172896775149,
    "stagnation_ratio_threshold": 1335,
    "decline_volume_ratio_threshold": 61.36654194976062,
    "max_rebounds": 6,
    "decline_ratio_threshold": 508,
    "flxd_ticks": 262,
    "flzz_ticks": 1193,
    "use_simiple_kline_strategy_flxd": false,
    "use_simiple_kline_strategy_flzz": true,
    "flzz_use_smooth_price": true,
    "flzz_zf_thresh": -0.02877780212844798,
    "kline_sell_flxd_zy": false,
    "kline_sell_flxd_zs": true,
    "kline_sell_flzz_zs": false,
    "kline_sell_flzz_zy": true,
    "last_open_price_hc_pct": -0.02948598817365848,
    "open_price_max_hc": -0.010105337822564323,
    "loss_per_step_tick_gap": 2,
    "loss_cold_start_steps": 1,
    "loss_max_abserve_tick_steps": 9,
    "loss_max_abserce_avg_price_down_steps": 1,
    "loss_dynamic_hc_stop_profit_thres": 0.010704284448291704,
    "loss_last_close_price_hc_pct": 0.0012570685403397665,
    "loss_last_open_price_hc_pct": -0.04690974017131163,
    "loss_open_price_max_hc": -0.055829773982285336,
    "loss_down_open_sell_wait_time": true,
    "down_open_sell_wait_time": false,
    "day_zy_line": 0.03447802809252708,
    "day_zs_line": -0.04029659454145251,
    "sell_afternoon": false,
    "sell_half_afternoon": true,
    "sell_max_days": 3,
    "stop_profit_pct": 0.0,
    "static_hc_stop_profit_pct": 1.0,
    "loss_static_hc_stop_profit_pct": 1.0
  },
  "timestamp": "2025-09-06T12:12:09.359014",
  "individual": [
    3.440994865822881,
    30.78874236113122,
    939.5476812001746,
    2.4339229941233604,
    -0.08374671199835076,
    3.423557830418936,
    0.009162732807394167,
    0.6992324727862294,
    0.007859527885806,
    98875419.78094107,
    0.5205848235230931,
    7.896473711770565,
    15.590129577464458,
    20.284768312861907,
    10.226650117057655,
    0.014319528271556371,
    18.092315930320705,
    30.31172896775149,
    1334.6291361922258,
    61.36654194976062,
    5.621182455401639,
    508.4728143961927,
    261.7390906855506,
    1192.5556196873156,
    0,
    1,
    1,
    -0.02877780212844798,
    0,
    1,
    0,
    1,
    -0.02948598817365848,
    -0.010105337822564323,
    1.8027346746735131,
    1.2592679935855955,
    8.50565801509053,
    1.1377727438399994,
    0.010704284448291704,
    0.0012570685403397665,
    -0.04690974017131163,
    -0.055829773982285336,
    1,
    0,
    0.03447802809252708,
    -0.04029659454145251,
    0,
    1,
    3.0229870481878587
  ],
  "max_drawdown_threshold": 0.25,
  "strategy_name": "\u9ad8\u5f3a\u4e2d\u4f4e\u5f00\u4f4e\u54382"
}