{
  "generation": 20,
  "fitness": 1.6187463610073494,
  "total_return": 20.98947,
  "max_drawdown": 0.32022674264119777,
  "sharpe_ratio": 4.024563777524866,
  "params": {
    "per_step_tick_gap": 8,
    "cold_start_steps": 4,
    "max_abserve_tick_steps": 378,
    "max_abserce_avg_price_down_steps": 9,
    "stop_profit_open_hc_pct": -0.15,
    "dynamic_hc_stop_profit_thres": 2.71549280033232,
    "last_close_price_hc_pct": -0.013391840533069415,
    "last_day_sell_thres": 0.0978324866694391,
    "last_day_sell_huiche": 0.016889407523916374,
    "fd_mount": 97346598,
    "fd_vol_pct": 0.4566778139617934,
    "fd_ju_ticks": 1,
    "max_zb_times": 21,
    "stagnation_kline_ticks": 43,
    "decline_kline_ticks": 48,
    "yang_yin_threshold": 0.016100778354187013,
    "stagnation_n": 22,
    "stagnation_volume_ratio_threshold": 17.248888801674337,
    "stagnation_ratio_threshold": 328,
    "decline_volume_ratio_threshold": 43.07855491715858,
    "max_rebounds": 4,
    "decline_ratio_threshold": 991,
    "flxd_ticks": 436,
    "flzz_ticks": 1450,
    "use_simiple_kline_strategy_flxd": false,
    "use_simiple_kline_strategy_flzz": false,
    "flzz_use_smooth_price": true,
    "flzz_zf_thresh": -0.07,
    "kline_sell_flxd_zy": true,
    "kline_sell_flxd_zs": false,
    "kline_sell_flzz_zs": false,
    "kline_sell_flzz_zy": false,
    "last_open_price_hc_pct": 0.009498299685747117,
    "open_price_max_hc": -0.0015228496366486701,
    "loss_per_step_tick_gap": 16,
    "loss_cold_start_steps": 18,
    "loss_max_abserve_tick_steps": 374,
    "loss_max_abserce_avg_price_down_steps": 11,
    "loss_dynamic_hc_stop_profit_thres": 1.8670741679242853,
    "loss_last_close_price_hc_pct": -0.0381460115098518,
    "loss_last_open_price_hc_pct": -0.03857516245620795,
    "loss_open_price_max_hc": -0.058847429783118424,
    "loss_down_open_sell_wait_time": false,
    "down_open_sell_wait_time": true,
    "day_zy_line": 0.003372273677642517,
    "day_zs_line": -0.17423093718453625,
    "sell_afternoon": true,
    "sell_half_afternoon": false,
    "sell_max_days": 1,
    "stop_profit_pct": 0.0,
    "static_hc_stop_profit_pct": 1.0,
    "loss_static_hc_stop_profit_pct": 1.0
  },
  "timestamp": "2025-09-06T08:35:03.769419",
  "individual": [
    8.361070312555267,
    3.7716738234317075,
    377.82327693854074,
    8.786305832698432,
    -0.15,
    2.71549280033232,
    -0.013391840533069415,
    0.0978324866694391,
    0.016889407523916374,
    97346598.05847633,
    0.4566778139617934,
    1.0,
    20.611993646757465,
    43.41545014759905,
    48.08111255513513,
    0.016100778354187013,
    21.98923118667873,
    17.248888801674337,
    327.9191770766084,
    43.07855491715858,
    3.7117302285721814,
    991.0573229471736,
    435.86979154718716,
    1450.340919923835,
    0,
    0,
    1,
    -0.07,
    1,
    0,
    0,
    0,
    0.009498299685747117,
    -0.0015228496366486701,
    15.544179344688983,
    18.391558998135586,
    374.1803622554984,
    10.735486901630242,
    1.8670741679242853,
    -0.0381460115098518,
    -0.03857516245620795,
    -0.058847429783118424,
    0,
    1,
    0.003372273677642517,
    -0.17423093718453625,
    1,
    0,
    1.1020709729881712
  ],
  "max_drawdown_threshold": 0.15,
  "strategy_name": "\u63a5\u529b\u5012\u63a5\u529b5"
}