{
  "generation": 90,
  "fitness": 1.8053914946654923,
  "total_return": 27.477460000000004,
  "max_drawdown": 0.32050564529595393,
  "sharpe_ratio": 4.299089295771277,
  "params": {
    "per_step_tick_gap": 8,
    "cold_start_steps": 6,
    "max_abserve_tick_steps": 378,
    "max_abserce_avg_price_down_steps": 6,
    "stop_profit_open_hc_pct": 0.0,
    "dynamic_hc_stop_profit_thres": 1.3019498297550014,
    "last_close_price_hc_pct": -0.028396875294366467,
    "last_day_sell_thres": 0.8183574098714128,
    "last_day_sell_huiche": 0.019998887231207397,
    "fd_mount": 101110466,
    "fd_vol_pct": 0.46445729211948167,
    "fd_ju_ticks": 1,
    "max_zb_times": 20,
    "stagnation_kline_ticks": 9,
    "decline_kline_ticks": 46,
    "yang_yin_threshold": 0.004333808642456491,
    "stagnation_n": 23,
    "stagnation_volume_ratio_threshold": 7.879396647573417,
    "stagnation_ratio_threshold": 258,
    "decline_volume_ratio_threshold": 39.16057028850305,
    "max_rebounds": 1,
    "decline_ratio_threshold": 15,
    "flxd_ticks": 467,
    "flzz_ticks": 1776,
    "use_simiple_kline_strategy_flxd": true,
    "use_simiple_kline_strategy_flzz": true,
    "flzz_use_smooth_price": true,
    "flzz_zf_thresh": -0.07,
    "kline_sell_flxd_zy": true,
    "kline_sell_flxd_zs": false,
    "kline_sell_flzz_zs": false,
    "kline_sell_flzz_zy": false,
    "last_open_price_hc_pct": 0.008843576809909146,
    "open_price_max_hc": -0.0014463796482249993,
    "loss_per_step_tick_gap": 15,
    "loss_cold_start_steps": 17,
    "loss_max_abserve_tick_steps": 388,
    "loss_max_abserce_avg_price_down_steps": 10,
    "loss_dynamic_hc_stop_profit_thres": 3.130104070875321,
    "loss_last_close_price_hc_pct": -0.01121932142104796,
    "loss_last_open_price_hc_pct": -0.05975155322774448,
    "loss_open_price_max_hc": -0.0915013080308892,
    "loss_down_open_sell_wait_time": false,
    "down_open_sell_wait_time": false,
    "day_zy_line": 0.004248533893918908,
    "day_zs_line": -0.1253519129002762,
    "sell_afternoon": false,
    "sell_half_afternoon": false,
    "sell_max_days": 1,
    "stop_profit_pct": 0.0,
    "static_hc_stop_profit_pct": 1.0,
    "loss_static_hc_stop_profit_pct": 1.0
  },
  "timestamp": "2025-09-06T08:51:30.690730",
  "individual": [
    7.777081258235608,
    5.741279141349623,
    377.9794824719826,
    6.143490987175931,
    0.0,
    1.3019498297550014,
    -0.028396875294366467,
    0.8183574098714128,
    0.019998887231207397,
    101110466.42515734,
    0.46445729211948167,
    1.0030683472781567,
    20.384470053614073,
    9.07170591798563,
    45.7887036027295,
    0.004333808642456491,
    22.54565557143195,
    7.879396647573417,
    258.4823784920696,
    39.16057028850305,
    1.3932587338024687,
    15.0,
    467.39775204198196,
    1776.3543361661525,
    1,
    1,
    1,
    -0.07,
    1,
    0,
    0,
    0,
    0.008843576809909146,
    -0.0014463796482249993,
    15.401838608404136,
    17.460629613398645,
    387.62562111877503,
    10.474389345338661,
    3.130104070875321,
    -0.01121932142104796,
    -0.05975155322774448,
    -0.0915013080308892,
    0,
    0,
    0.004248533893918908,
    -0.1253519129002762,
    0,
    0,
    1.007200344926177
  ],
  "max_drawdown_threshold": 0.15,
  "strategy_name": "\u63a5\u529b\u5012\u63a5\u529b5"
}