{
    "strategy": "低位高强低吸",
    "generation": 30,
    "best_score": 0.007941199455263514,
    "best_params": {
        "ema_alpha": 0.26834709271518603,
        "kalman_q": 0.030888410522753394,
        "kalman_r": 0.039426217868463356,
        "sg_window": 7,
        "macd_fast": 5,
        "macd_slow_ratio": 2.182650318715978,
        "macd_signal": 7,
        "ema_fast": 10,
        "ema_slow_ratio": 1.31179692889631,
        "volume_window": 9,
        "price_confirm_ticks": 1,
        "strength_confirm_ticks": 10,
        "strength_threshold": 0.3,
        "volume_weight": 0.5383477156053744,
        "use_price_confirm": true,
        "use_strength_confirm": true,
        "dead_cross_threshold": 0.003184515956884535,
        "price_drop_threshold": 0.001,
        "max_confirm_ticks": 16,
        "debug": false
    },
    "timestamp": "20250721_021449"
}