{
    "strategy": "低位高强低吸",
    "generation": 0,
    "best_score": 0.0083554004826302,
    "best_params": {
        "ema_alpha": 0.27404801504288795,
        "kalman_q": 0.047325476029040324,
        "kalman_r": 0.04956052377721707,
        "sg_window": 9,
        "macd_fast": 7,
        "macd_slow_ratio": 1.8623866814946695,
        "macd_signal": 4,
        "ema_fast": 6,
        "ema_slow_ratio": 2.297729563225464,
        "volume_window": 9,
        "price_confirm_ticks": 6,
        "strength_confirm_ticks": 6,
        "strength_threshold": 1.4121850809068404,
        "volume_weight": 0.4923062329370944,
        "use_price_confirm": true,
        "use_strength_confirm": true,
        "dead_cross_threshold": 0.007371705880257457,
        "price_drop_threshold": 0.0019832290762550873,
        "max_confirm_ticks": 11,
        "debug": false
    },
    "timestamp": "20250720_214635"
}