{
    "strategy": "低位高强低吸",
    "generation": 0,
    "best_score": 0.025817166999647454,
    "best_params": {
        "ema_alpha": 0.20103860188955197,
        "kalman_q": 0.03701522152898552,
        "kalman_r": 0.06836362233295828,
        "sg_window": 11,
        "macd_fast": 9,
        "macd_slow_ratio": 2.9490432785391834,
        "macd_signal": 6,
        "ema_fast": 4,
        "ema_slow_ratio": 2.0343626866161624,
        "volume_window": 13,
        "price_confirm_ticks": 5,
        "strength_confirm_ticks": 9,
        "strength_threshold": 1.1000210005946858,
        "volume_weight": 0.7937436983930052,
        "use_price_confirm": false,
        "use_strength_confirm": false,
        "dead_cross_threshold": 0.00372009324372483,
        "price_drop_threshold": 0.001414821107889059,
        "max_confirm_ticks": 5,
        "debug": false
    },
    "timestamp": "20250721_173326"
}