{
    "strategy": "低位高强低吸",
    "generation": 0,
    "best_score": 0.02287069912845554,
    "best_params": {
        "ema_alpha": 0.1266429245505699,
        "kalman_q": 0.031717065405886105,
        "kalman_r": 0.060654204439704665,
        "sg_window": 15,
        "macd_fast": 4,
        "macd_slow_ratio": 1.5917869325530838,
        "macd_signal": 6,
        "ema_fast": 5,
        "ema_slow_ratio": 1.7805631851520642,
        "volume_window": 9,
        "price_confirm_ticks": 8,
        "strength_confirm_ticks": 1,
        "strength_threshold": 0.6862563378510709,
        "volume_weight": 0.9480122014915869,
        "use_price_confirm": false,
        "use_strength_confirm": false,
        "dead_cross_threshold": 0.0048377958934755225,
        "price_drop_threshold": 0.004090390179789833,
        "max_confirm_ticks": 9,
        "debug": false
    },
    "timestamp": "20250721_182542"
}