{
    "strategy": "低位高强低吸",
    "generation": 20,
    "best_score": 0.01938923220346318,
    "best_params": {
        "ema_alpha": 0.3,
        "kalman_q": 0.04701369271280079,
        "kalman_r": 0.030283181100022368,
        "sg_window": 11,
        "macd_fast": 3,
        "macd_slow_ratio": 1.425156002139898,
        "macd_signal": 3,
        "ema_fast": 10,
        "ema_slow_ratio": 3,
        "volume_window": 10,
        "price_confirm_ticks": 3,
        "strength_confirm_ticks": 1,
        "strength_threshold": 0.3,
        "volume_weight": 0.8244547840043386,
        "use_price_confirm": false,
        "use_strength_confirm": false,
        "dead_cross_threshold": 0.00636875120703142,
        "price_drop_threshold": 0.0046736288112106585,
        "max_confirm_ticks": 13,
        "debug": false
    },
    "timestamp": "20250721_224355"
}