{
    "strategy": "首红断低吸",
    "generation": 0,
    "best_score": 0.028330001838237046,
    "best_params": {
        "ema_alpha": 0.18588104604569985,
        "kalman_q": 0.04879101420620849,
        "kalman_r": 0.026472328816832657,
        "sg_window": 12,
        "macd_fast": 12,
        "macd_slow_ratio": 1.5736903572925165,
        "macd_signal": 8,
        "ema_fast": 7,
        "ema_slow_ratio": 2.939808271207619,
        "volume_window": 7,
        "price_confirm_ticks": 7,
        "strength_confirm_ticks": 4,
        "strength_threshold": 0.8666018713671557,
        "volume_weight": 0.7166446903637465,
        "use_price_confirm": false,
        "use_strength_confirm": false,
        "dead_cross_threshold": 0.025825820420951495,
        "price_drop_threshold": 0.012840737133047096,
        "max_confirm_ticks": 16,
        "debug": false
    },
    "timestamp": "20250808_230729"
}