{
  "params": {
    "per_step_tick_gap": 20,
    "cold_start_steps": 10,
    "max_abserve_tick_steps": 952,
    "max_abserce_avg_price_down_steps": 15,
    "stop_profit_open_hc_pct": -0.021352574698912566,
    "dynamic_hc_stop_profit_thres": 3.521685728958423,
    "last_close_price_hc_pct": 0.009387074417089027,
    "last_day_sell_thres": 0.11535682767786551,
    "last_day_sell_huiche": 0.0038714821021270302,
    "fd_mount": 32264789,
    "fd_vol_pct": 0.6065546960216586,
    "fd_ju_ticks": 24,
    "max_zb_times": 16,
    "stagnation_kline_ticks": 16,
    "decline_kline_ticks": 37,
    "yang_yin_threshold": 0.01259592359115565,
    "stagnation_n": 21,
    "stagnation_volume_ratio_threshold": 22.40925630375213,
    "stagnation_ratio_threshold": 1044,
    "decline_volume_ratio_threshold": 100.0,
    "max_rebounds": 2,
    "decline_ratio_threshold": 1320,
    "flxd_ticks": 197,
    "flzz_ticks": 1705,
    "use_simiple_kline_strategy_flxd": false,
    "use_simiple_kline_strategy_flzz": true,
    "flzz_use_smooth_price": true,
    "flzz_zf_thresh": -0.018986519713314234,
    "kline_sell_flxd_zy": false,
    "kline_sell_flxd_zs": true,
    "kline_sell_flzz_zs": true,
    "kline_sell_flzz_zy": true,
    "last_open_price_hc_pct": 0.009999999999999998,
    "open_price_max_hc": -0.09970809450175569,
    "loss_per_step_tick_gap": 8,
    "loss_cold_start_steps": 0,
    "loss_max_abserve_tick_steps": 74,
    "loss_max_abserce_avg_price_down_steps": 1,
    "loss_dynamic_hc_stop_profit_thres": 0.010467494575666423,
    "loss_last_close_price_hc_pct": -0.03639054263771159,
    "loss_last_open_price_hc_pct": -0.07001252954152383,
    "loss_open_price_max_hc": -0.014442722859094568,
    "loss_down_open_sell_wait_time": true,
    "down_open_sell_wait_time": true,
    "day_zy_line": 0.0018364234454929613,
    "day_zs_line": -0.07642714994471639,
    "sell_afternoon": false,
    "sell_half_afternoon": false,
    "sell_max_days": 1,
    "stop_profit_pct": 0.0,
    "static_hc_stop_profit_pct": 1.0,
    "loss_static_hc_stop_profit_pct": 1.0
  },
  "fitness": 2.5301679021722006,
  "return": 4.916685000000002,
  "drawdown": 0.1849055605523518,
  "sharpe": 4.182876343959332,
  "individual": [
    20.071679626181627,
    9.709690119754766,
    952.2925617940998,
    14.983088553612205,
    -0.021352574698912566,
    3.521685728958423,
    0.009387074417089027,
    0.11535682767786551,
    0.0038714821021270302,
    32264788.659036547,
    0.6065546960216586,
    24.097204018047826,
    16.464065262064988,
    15.990296972460165,
    36.733448353055806,
    0.01259592359115565,
    20.819843521341298,
    22.40925630375213,
    1043.9804792485006,
    100.0,
    2.398195918551125,
    1320.0563044962653,
    197.30690840660128,
    1705.0226117282152,
    0,
    1,
    1,
    -0.018986519713314234,
    0,
    1,
    1,
    1,
    0.009999999999999998,
    -0.09970809450175569,
    8.178038639552623,
    0.0,
    73.56512266942673,
    1.057908339440382,
    0.010467494575666423,
    -0.03639054263771159,
    -0.07001252954152383,
    -0.014442722859094568,
    1,
    1,
    0.0018364234454929613,
    -0.07642714994471639,
    0,
    0,
    1.0011991304038446
  ],
  "max_drawdown_threshold": 0.25,
  "strategy_name": "\u542f\u52a8\u4f4e\u5438"
}