{
  "generation": 20,
  "fitness": 2.1095145131325603,
  "total_return": 3.5724,
  "max_drawdown": 0.2323346289710904,
  "sharpe_ratio": 3.5295462115890843,
  "params": {
    "per_step_tick_gap": 23,
    "cold_start_steps": 22,
    "max_abserve_tick_steps": 987,
    "max_abserce_avg_price_down_steps": 14,
    "stop_profit_open_hc_pct": -0.15,
    "dynamic_hc_stop_profit_thres": 2.815550889403519,
    "last_close_price_hc_pct": 0.009911864593996598,
    "last_day_sell_thres": 0.6791068701113815,
    "last_day_sell_huiche": 0.008941419587740659,
    "fd_mount": 10893037,
    "fd_vol_pct": 0.5568145902089573,
    "fd_ju_ticks": 21,
    "max_zb_times": 16,
    "stagnation_kline_ticks": 16,
    "decline_kline_ticks": 22,
    "yang_yin_threshold": 0.019309385770708933,
    "stagnation_n": 21,
    "stagnation_volume_ratio_threshold": 22.216213679025863,
    "stagnation_ratio_threshold": 934,
    "decline_volume_ratio_threshold": 53.97502867826171,
    "max_rebounds": 0,
    "decline_ratio_threshold": 917,
    "flxd_ticks": 259,
    "flzz_ticks": 1203,
    "use_simiple_kline_strategy_flxd": false,
    "use_simiple_kline_strategy_flzz": true,
    "flzz_use_smooth_price": true,
    "flzz_zf_thresh": -0.017906844029288913,
    "kline_sell_flxd_zy": true,
    "kline_sell_flxd_zs": false,
    "kline_sell_flzz_zs": false,
    "kline_sell_flzz_zy": true,
    "last_open_price_hc_pct": -0.007548252042585319,
    "open_price_max_hc": -0.08809323789561888,
    "loss_per_step_tick_gap": 18,
    "loss_cold_start_steps": 28,
    "loss_max_abserve_tick_steps": 452,
    "loss_max_abserce_avg_price_down_steps": 1,
    "loss_dynamic_hc_stop_profit_thres": 6.908618431632412,
    "loss_last_close_price_hc_pct": -0.07999999999999999,
    "loss_last_open_price_hc_pct": -0.06097027480833524,
    "loss_open_price_max_hc": -0.05117828871322935,
    "loss_down_open_sell_wait_time": true,
    "down_open_sell_wait_time": false,
    "day_zy_line": 1.9481555787440297e-05,
    "day_zs_line": -0.3964112940162493,
    "sell_afternoon": true,
    "sell_half_afternoon": true,
    "sell_max_days": 1,
    "stop_profit_pct": 0.0,
    "static_hc_stop_profit_pct": 1.0,
    "loss_static_hc_stop_profit_pct": 1.0
  },
  "timestamp": "2025-09-06T14:56:02.292540",
  "individual": [
    22.764497079398453,
    22.078338262522788,
    986.990781392825,
    14.174625740925299,
    -0.15,
    2.815550889403519,
    0.009911864593996598,
    0.6791068701113815,
    0.008941419587740659,
    10893037.297146685,
    0.5568145902089573,
    20.918711945992662,
    15.651957330232426,
    15.98363202791799,
    21.796847947717506,
    0.019309385770708933,
    21.225710405156814,
    22.216213679025863,
    934.4190465627219,
    53.97502867826171,
    0.4184596681060424,
    916.8666019636299,
    259.1197804601823,
    1203.0414675431336,
    0,
    1,
    1,
    -0.017906844029288913,
    1,
    0,
    0,
    1,
    -0.007548252042585319,
    -0.08809323789561888,
    17.594084921396767,
    28.404903283953097,
    452.27993442258844,
    1.0,
    6.908618431632412,
    -0.07999999999999999,
    -0.06097027480833524,
    -0.05117828871322935,
    1,
    0,
    1.9481555787440297e-05,
    -0.3964112940162493,
    1,
    1,
    1.0
  ],
  "max_drawdown_threshold": 0.25,
  "strategy_name": "\u542f\u52a8\u4f4e\u5438"
}