{
  "generation": 100,
  "fitness": 2.520788868276135,
  "total_return": 4.886635000000003,
  "max_drawdown": 0.18489126872158815,
  "sharpe_ratio": 4.161426040118368,
  "params": {
    "per_step_tick_gap": 21,
    "cold_start_steps": 7,
    "max_abserve_tick_steps": 950,
    "max_abserce_avg_price_down_steps": 15,
    "stop_profit_open_hc_pct": -0.022952685749019087,
    "dynamic_hc_stop_profit_thres": 3.5942834549059604,
    "last_close_price_hc_pct": 0.008959159385790299,
    "last_day_sell_thres": 0.07382300882159977,
    "last_day_sell_huiche": 0.008436645038126656,
    "fd_mount": 21973880,
    "fd_vol_pct": 0.6186344278866894,
    "fd_ju_ticks": 24,
    "max_zb_times": 13,
    "stagnation_kline_ticks": 16,
    "decline_kline_ticks": 25,
    "yang_yin_threshold": 0.009686273705116884,
    "stagnation_n": 21,
    "stagnation_volume_ratio_threshold": 22.285366641304304,
    "stagnation_ratio_threshold": 1042,
    "decline_volume_ratio_threshold": 54.46259927199159,
    "max_rebounds": 0,
    "decline_ratio_threshold": 1327,
    "flxd_ticks": 327,
    "flzz_ticks": 1697,
    "use_simiple_kline_strategy_flxd": false,
    "use_simiple_kline_strategy_flzz": true,
    "flzz_use_smooth_price": true,
    "flzz_zf_thresh": -0.019211199595674845,
    "kline_sell_flxd_zy": false,
    "kline_sell_flxd_zs": true,
    "kline_sell_flzz_zs": true,
    "kline_sell_flzz_zy": true,
    "last_open_price_hc_pct": 0.005752523700089291,
    "open_price_max_hc": -0.07505356723797697,
    "loss_per_step_tick_gap": 8,
    "loss_cold_start_steps": 0,
    "loss_max_abserve_tick_steps": 435,
    "loss_max_abserce_avg_price_down_steps": 10,
    "loss_dynamic_hc_stop_profit_thres": 0.010472953889783396,
    "loss_last_close_price_hc_pct": -0.06094954538086938,
    "loss_last_open_price_hc_pct": -0.05976897660047996,
    "loss_open_price_max_hc": -0.006202283217684105,
    "loss_down_open_sell_wait_time": true,
    "down_open_sell_wait_time": true,
    "day_zy_line": 0.001847732267732857,
    "day_zs_line": -0.07255567804505926,
    "sell_afternoon": true,
    "sell_half_afternoon": false,
    "sell_max_days": 1,
    "stop_profit_pct": 0.0,
    "static_hc_stop_profit_pct": 1.0,
    "loss_static_hc_stop_profit_pct": 1.0
  },
  "timestamp": "2025-09-06T15:09:33.242802",
  "individual": [
    21.157492758384166,
    7.407197180459637,
    949.7434001628212,
    14.996067243844948,
    -0.022952685749019087,
    3.5942834549059604,
    0.008959159385790299,
    0.07382300882159977,
    0.008436645038126656,
    21973880.01712033,
    0.6186344278866894,
    23.69874002365725,
    13.49392211225073,
    15.757274111911919,
    25.432284413202197,
    0.009686273705116884,
    21.032715550702456,
    22.285366641304304,
    1041.7288292354203,
    54.46259927199159,
    0.0,
    1327.264550885297,
    326.6203233989789,
    1697.162973293463,
    0,
    1,
    1,
    -0.019211199595674845,
    0,
    1,
    1,
    1,
    0.005752523700089291,
    -0.07505356723797697,
    8.13591402143484,
    0.00724965857554602,
    435.49309592229014,
    10.302937318058447,
    0.010472953889783396,
    -0.06094954538086938,
    -0.05976897660047996,
    -0.006202283217684105,
    1,
    1,
    0.001847732267732857,
    -0.07255567804505926,
    1,
    0,
    1.001001624681139
  ],
  "max_drawdown_threshold": 0.25,
  "strategy_name": "\u542f\u52a8\u4f4e\u5438"
}