{
  "generation": 40,
  "fitness": 2.340141648695323,
  "total_return": 4.35562,
  "max_drawdown": 0.2202767001221823,
  "sharpe_ratio": 3.9012126929255304,
  "params": {
    "per_step_tick_gap": 23,
    "cold_start_steps": 1,
    "max_abserve_tick_steps": 935,
    "max_abserce_avg_price_down_steps": 15,
    "stop_profit_open_hc_pct": -0.14299088974975646,
    "dynamic_hc_stop_profit_thres": 2.6465751234086974,
    "last_close_price_hc_pct": 0.01,
    "last_day_sell_thres": 0.5027170353074696,
    "last_day_sell_huiche": 0.00330212347815903,
    "fd_mount": 20381976,
    "fd_vol_pct": 0.6894120529762858,
    "fd_ju_ticks": 22,
    "max_zb_times": 18,
    "stagnation_kline_ticks": 16,
    "decline_kline_ticks": 22,
    "yang_yin_threshold": 0.02074015035014704,
    "stagnation_n": 21,
    "stagnation_volume_ratio_threshold": 22.575285962958226,
    "stagnation_ratio_threshold": 991,
    "decline_volume_ratio_threshold": 47.333958387976836,
    "max_rebounds": 4,
    "decline_ratio_threshold": 1145,
    "flxd_ticks": 320,
    "flzz_ticks": 1662,
    "use_simiple_kline_strategy_flxd": false,
    "use_simiple_kline_strategy_flzz": true,
    "flzz_use_smooth_price": true,
    "flzz_zf_thresh": -0.01798864833746604,
    "kline_sell_flxd_zy": false,
    "kline_sell_flxd_zs": true,
    "kline_sell_flzz_zs": false,
    "kline_sell_flzz_zy": true,
    "last_open_price_hc_pct": -0.00272351234366634,
    "open_price_max_hc": -0.09006037463342786,
    "loss_per_step_tick_gap": 5,
    "loss_cold_start_steps": 30,
    "loss_max_abserve_tick_steps": 454,
    "loss_max_abserce_avg_price_down_steps": 13,
    "loss_dynamic_hc_stop_profit_thres": 8.0,
    "loss_last_close_price_hc_pct": 0.01,
    "loss_last_open_price_hc_pct": -0.05677922906854944,
    "loss_open_price_max_hc": -0.026991705344941625,
    "loss_down_open_sell_wait_time": true,
    "down_open_sell_wait_time": false,
    "day_zy_line": 0.0019493227458683717,
    "day_zs_line": -0.07195452828731899,
    "sell_afternoon": true,
    "sell_half_afternoon": false,
    "sell_max_days": 1,
    "stop_profit_pct": 0.0,
    "static_hc_stop_profit_pct": 1.0,
    "loss_static_hc_stop_profit_pct": 1.0
  },
  "timestamp": "2025-09-06T14:59:45.087555",
  "individual": [
    22.527154261094804,
    0.6556127345103219,
    935.382019210014,
    15.0,
    -0.14299088974975646,
    2.6465751234086974,
    0.01,
    0.5027170353074696,
    0.00330212347815903,
    20381976.495618615,
    0.6894120529762858,
    21.904969571998443,
    18.397381180975273,
    16.102451265354535,
    22.077702522723705,
    0.02074015035014704,
    20.752962950311876,
    22.575285962958226,
    991.4220695029155,
    47.333958387976836,
    3.664120669843121,
    1145.0356713913807,
    320.49633419416404,
    1662.032450899138,
    0,
    1,
    1,
    -0.01798864833746604,
    0,
    1,
    0,
    1,
    -0.00272351234366634,
    -0.09006037463342786,
    4.501884447302869,
    29.89971598177307,
    454.2741599224326,
    13.03319428520689,
    8,
    0.01,
    -0.05677922906854944,
    -0.026991705344941625,
    1,
    0,
    0.0019493227458683717,
    -0.07195452828731899,
    1,
    0,
    1.0005132242611818
  ],
  "max_drawdown_threshold": 0.25,
  "strategy_name": "\u542f\u52a8\u4f4e\u5438"
}