{
  "generation": 60,
  "fitness": 2.468282470176123,
  "total_return": 4.747340000000002,
  "max_drawdown": 0.19887523080601874,
  "sharpe_ratio": 4.091127464993209,
  "params": {
    "per_step_tick_gap": 21,
    "cold_start_steps": 10,
    "max_abserve_tick_steps": 938,
    "max_abserce_avg_price_down_steps": 15,
    "stop_profit_open_hc_pct": -0.09320293056190615,
    "dynamic_hc_stop_profit_thres": 3.2916945630291785,
    "last_close_price_hc_pct": 0.009035470978429388,
    "last_day_sell_thres": 0.5127355291836705,
    "last_day_sell_huiche": 0.005636249098190494,
    "fd_mount": 25538963,
    "fd_vol_pct": 0.6772258032894537,
    "fd_ju_ticks": 23,
    "max_zb_times": 10,
    "stagnation_kline_ticks": 16,
    "decline_kline_ticks": 31,
    "yang_yin_threshold": 0.016353305693761887,
    "stagnation_n": 21,
    "stagnation_volume_ratio_threshold": 22.235189675948707,
    "stagnation_ratio_threshold": 1027,
    "decline_volume_ratio_threshold": 50.94796530226985,
    "max_rebounds": 3,
    "decline_ratio_threshold": 1003,
    "flxd_ticks": 202,
    "flzz_ticks": 1724,
    "use_simiple_kline_strategy_flxd": false,
    "use_simiple_kline_strategy_flzz": true,
    "flzz_use_smooth_price": true,
    "flzz_zf_thresh": -0.018632151614991207,
    "kline_sell_flxd_zy": false,
    "kline_sell_flxd_zs": true,
    "kline_sell_flzz_zs": false,
    "kline_sell_flzz_zy": true,
    "last_open_price_hc_pct": -0.0009587463214682525,
    "open_price_max_hc": -0.09224975427783008,
    "loss_per_step_tick_gap": 3,
    "loss_cold_start_steps": 7,
    "loss_max_abserve_tick_steps": 424,
    "loss_max_abserce_avg_price_down_steps": 10,
    "loss_dynamic_hc_stop_profit_thres": 0.010575539690247252,
    "loss_last_close_price_hc_pct": -0.036968119478073214,
    "loss_last_open_price_hc_pct": -0.05757926868206692,
    "loss_open_price_max_hc": -0.021403282150035077,
    "loss_down_open_sell_wait_time": true,
    "down_open_sell_wait_time": true,
    "day_zy_line": 0.0017273935036489923,
    "day_zs_line": -0.07127769088822537,
    "sell_afternoon": true,
    "sell_half_afternoon": false,
    "sell_max_days": 1,
    "stop_profit_pct": 0.0,
    "static_hc_stop_profit_pct": 1.0,
    "loss_static_hc_stop_profit_pct": 1.0
  },
  "timestamp": "2025-09-06T15:03:12.170589",
  "individual": [
    21.080406323050994,
    9.603816780164358,
    938.0240438955494,
    14.99955291981701,
    -0.09320293056190615,
    3.2916945630291785,
    0.009035470978429388,
    0.5127355291836705,
    0.005636249098190494,
    25538962.81745427,
    0.6772258032894537,
    22.695716814818827,
    10.353155985974897,
    15.827377304679542,
    31.04237018414367,
    0.016353305693761887,
    21.062197339327945,
    22.235189675948707,
    1027.0222400520906,
    50.94796530226985,
    3.0361230540218553,
    1003.3466487569901,
    202.06453444257903,
    1724.4705303284763,
    0,
    1,
    1,
    -0.018632151614991207,
    0,
    1,
    0,
    1,
    -0.0009587463214682525,
    -0.09224975427783008,
    2.8003838591115087,
    7.439027013117755,
    424.26614780872524,
    9.967545581560445,
    0.010575539690247252,
    -0.036968119478073214,
    -0.05757926868206692,
    -0.021403282150035077,
    1,
    1,
    0.0017273935036489923,
    -0.07127769088822537,
    1,
    0,
    1.0006118199821028
  ],
  "max_drawdown_threshold": 0.25,
  "strategy_name": "\u542f\u52a8\u4f4e\u5438"
}