{
  "generation": 50,
  "fitness": 2.437458761429178,
  "total_return": 4.638685000000002,
  "max_drawdown": 0.20003004279266082,
  "sharpe_ratio": 4.036507877103755,
  "params": {
    "per_step_tick_gap": 21,
    "cold_start_steps": 2,
    "max_abserve_tick_steps": 932,
    "max_abserce_avg_price_down_steps": 15,
    "stop_profit_open_hc_pct": -0.14696624515839574,
    "dynamic_hc_stop_profit_thres": 2.7198553637088563,
    "last_close_price_hc_pct": 0.009542617667634248,
    "last_day_sell_thres": 0.6581234938890878,
    "last_day_sell_huiche": 0.0073770611469740465,
    "fd_mount": 18558698,
    "fd_vol_pct": 0.7124116532481103,
    "fd_ju_ticks": 23,
    "max_zb_times": 20,
    "stagnation_kline_ticks": 16,
    "decline_kline_ticks": 11,
    "yang_yin_threshold": 0.022382883674976418,
    "stagnation_n": 21,
    "stagnation_volume_ratio_threshold": 22.220164207461714,
    "stagnation_ratio_threshold": 1038,
    "decline_volume_ratio_threshold": 57.98339467883163,
    "max_rebounds": 4,
    "decline_ratio_threshold": 1097,
    "flxd_ticks": 275,
    "flzz_ticks": 1691,
    "use_simiple_kline_strategy_flxd": false,
    "use_simiple_kline_strategy_flzz": true,
    "flzz_use_smooth_price": true,
    "flzz_zf_thresh": -0.01892857661500146,
    "kline_sell_flxd_zy": false,
    "kline_sell_flxd_zs": true,
    "kline_sell_flzz_zs": false,
    "kline_sell_flzz_zy": true,
    "last_open_price_hc_pct": 0.009961421488941307,
    "open_price_max_hc": -0.08222027722697349,
    "loss_per_step_tick_gap": 4,
    "loss_cold_start_steps": 30,
    "loss_max_abserve_tick_steps": 454,
    "loss_max_abserce_avg_price_down_steps": 13,
    "loss_dynamic_hc_stop_profit_thres": 0.010000000000000002,
    "loss_last_close_price_hc_pct": -0.04276626885004262,
    "loss_last_open_price_hc_pct": -0.060885357888724845,
    "loss_open_price_max_hc": -0.0015846997864635115,
    "loss_down_open_sell_wait_time": true,
    "down_open_sell_wait_time": true,
    "day_zy_line": 0.001748718067899649,
    "day_zs_line": -0.07192421712713643,
    "sell_afternoon": true,
    "sell_half_afternoon": false,
    "sell_max_days": 1,
    "stop_profit_pct": 0.0,
    "static_hc_stop_profit_pct": 1.0,
    "loss_static_hc_stop_profit_pct": 1.0
  },
  "timestamp": "2025-09-06T15:01:29.501401",
  "individual": [
    20.793495936235978,
    2.2263595810572583,
    931.9710570333856,
    15.0,
    -0.14696624515839574,
    2.7198553637088563,
    0.009542617667634248,
    0.6581234938890878,
    0.0073770611469740465,
    18558698.149432562,
    0.7124116532481103,
    22.992380307960595,
    19.58163627329751,
    16.0305158374667,
    10.958655216972367,
    0.022382883674976418,
    20.996789930416703,
    22.220164207461714,
    1038.4380806559586,
    57.98339467883163,
    3.661317863895512,
    1096.715789746771,
    275.3382779764023,
    1691.0761388529322,
    0,
    1,
    1,
    -0.01892857661500146,
    0,
    1,
    0,
    1,
    0.009961421488941307,
    -0.08222027722697349,
    3.898431239850912,
    29.963835222551477,
    454.07350238793885,
    12.671823638097608,
    0.010000000000000002,
    -0.04276626885004262,
    -0.060885357888724845,
    -0.0015846997864635115,
    1,
    1,
    0.001748718067899649,
    -0.07192421712713643,
    1,
    0,
    1.0004476617064766
  ],
  "max_drawdown_threshold": 0.25,
  "strategy_name": "\u542f\u52a8\u4f4e\u5438"
}