{
  "generation": 20,
  "fitness": 4.712922728364423,
  "total_return": 34.576874999999994,
  "max_drawdown": 0.2597468672549109,
  "sharpe_ratio": 5.014208631702614,
  "params": {
    "per_step_tick_gap": 12,
    "cold_start_steps": 32,
    "max_abserve_tick_steps": 1000,
    "max_abserce_avg_price_down_steps": 7,
    "stop_profit_open_hc_pct": -0.005711549314556775,
    "dynamic_hc_stop_profit_thres": 0.5903045138924479,
    "last_close_price_hc_pct": -0.03981725703815001,
    "last_day_sell_thres": 0.8322560601913487,
    "last_day_sell_huiche": 0.0199011684434378,
    "fd_mount": 38364372,
    "fd_vol_pct": 0.30653776327096827,
    "fd_ju_ticks": 21,
    "max_zb_times": 16,
    "stagnation_kline_ticks": 43,
    "decline_kline_ticks": 6,
    "yang_yin_threshold": 0.024026749239135555,
    "stagnation_n": 30,
    "stagnation_volume_ratio_threshold": 100.0,
    "stagnation_ratio_threshold": 1162,
    "decline_volume_ratio_threshold": 51.051031796884665,
    "max_rebounds": 0,
    "decline_ratio_threshold": 903,
    "flxd_ticks": 115,
    "flzz_ticks": 1643,
    "use_simiple_kline_strategy_flxd": false,
    "use_simiple_kline_strategy_flzz": false,
    "flzz_use_smooth_price": false,
    "flzz_zf_thresh": 0.06808030393507361,
    "kline_sell_flxd_zy": true,
    "kline_sell_flxd_zs": false,
    "kline_sell_flzz_zs": false,
    "kline_sell_flzz_zy": false,
    "last_open_price_hc_pct": -0.0162065207961238,
    "open_price_max_hc": -0.06835063917643995,
    "loss_per_step_tick_gap": 9,
    "loss_cold_start_steps": 0,
    "loss_max_abserve_tick_steps": 219,
    "loss_max_abserce_avg_price_down_steps": 15,
    "loss_dynamic_hc_stop_profit_thres": 1.438328474668516,
    "loss_last_close_price_hc_pct": -0.05275158178861863,
    "loss_last_open_price_hc_pct": -0.009371528900998492,
    "loss_open_price_max_hc": -0.025390300777549647,
    "loss_down_open_sell_wait_time": false,
    "down_open_sell_wait_time": true,
    "day_zy_line": 0.01117495175883602,
    "day_zs_line": -0.11130498437773445,
    "sell_afternoon": true,
    "sell_half_afternoon": false,
    "sell_max_days": 2,
    "stop_profit_pct": 0.0,
    "static_hc_stop_profit_pct": 1.0,
    "loss_static_hc_stop_profit_pct": 1.0
  },
  "timestamp": "2025-09-07T04:46:23.282306",
  "individual": [
    11.770531943310765,
    31.87325287469481,
    1000.0,
    6.862991514714377,
    -0.005711549314556775,
    0.5903045138924479,
    -0.03981725703815001,
    0.8322560601913487,
    0.0199011684434378,
    38364372.4806054,
    0.30653776327096827,
    21.162355154216513,
    16.176491240782248,
    42.77710431169345,
    5.786080535213312,
    0.024026749239135555,
    29.637570653950817,
    100.0,
    1162.2726296947349,
    51.051031796884665,
    0.0,
    903.003372825517,
    114.98058563531141,
    1643.4981742698703,
    0,
    0,
    0,
    0.06808030393507361,
    1,
    0,
    0,
    0,
    -0.0162065207961238,
    -0.06835063917643995,
    8.786122185928667,
    0.0,
    218.95497474759165,
    14.812768237908966,
    1.438328474668516,
    -0.05275158178861863,
    -0.009371528900998492,
    -0.025390300777549647,
    0,
    1,
    0.01117495175883602,
    -0.11130498437773445,
    1,
    0,
    1.811805404815353
  ],
  "max_drawdown_threshold": 0.25,
  "strategy_name": "\u9996\u7ea2\u65ad"
}