{
  "generation": 30,
  "fitness": 4.963260266316849,
  "total_return": 39.61945999999999,
  "max_drawdown": 0.2597568674882282,
  "sharpe_ratio": 5.119914878614608,
  "params": {
    "per_step_tick_gap": 16,
    "cold_start_steps": 32,
    "max_abserve_tick_steps": 909,
    "max_abserce_avg_price_down_steps": 6,
    "stop_profit_open_hc_pct": -0.002308251704318174,
    "dynamic_hc_stop_profit_thres": 0.6463790472639888,
    "last_close_price_hc_pct": -0.03973401585357266,
    "last_day_sell_thres": 0.8532821384812694,
    "last_day_sell_huiche": 0.018894608800534445,
    "fd_mount": 41760731,
    "fd_vol_pct": 0.40549337211911685,
    "fd_ju_ticks": 12,
    "max_zb_times": 15,
    "stagnation_kline_ticks": 50,
    "decline_kline_ticks": 12,
    "yang_yin_threshold": 0.019353054395876895,
    "stagnation_n": 30,
    "stagnation_volume_ratio_threshold": 100.0,
    "stagnation_ratio_threshold": 1324,
    "decline_volume_ratio_threshold": 73.92754718173379,
    "max_rebounds": 2,
    "decline_ratio_threshold": 879,
    "flxd_ticks": 131,
    "flzz_ticks": 1565,
    "use_simiple_kline_strategy_flxd": false,
    "use_simiple_kline_strategy_flzz": false,
    "flzz_use_smooth_price": false,
    "flzz_zf_thresh": 0.0801518401025418,
    "kline_sell_flxd_zy": false,
    "kline_sell_flxd_zs": false,
    "kline_sell_flzz_zs": false,
    "kline_sell_flzz_zy": true,
    "last_open_price_hc_pct": -0.0032549327483641652,
    "open_price_max_hc": -0.08112622608556959,
    "loss_per_step_tick_gap": 6,
    "loss_cold_start_steps": 0,
    "loss_max_abserve_tick_steps": 276,
    "loss_max_abserce_avg_price_down_steps": 10,
    "loss_dynamic_hc_stop_profit_thres": 0.7126142756022172,
    "loss_last_close_price_hc_pct": -0.03644788420764282,
    "loss_last_open_price_hc_pct": -0.011136271200068406,
    "loss_open_price_max_hc": -0.018913289168534995,
    "loss_down_open_sell_wait_time": false,
    "down_open_sell_wait_time": true,
    "day_zy_line": 0.010926394738851215,
    "day_zs_line": -0.11125748860621695,
    "sell_afternoon": true,
    "sell_half_afternoon": false,
    "sell_max_days": 2,
    "stop_profit_pct": 0.0,
    "static_hc_stop_profit_pct": 1.0,
    "loss_static_hc_stop_profit_pct": 1.0
  },
  "timestamp": "2025-09-07T04:52:27.892556",
  "individual": [
    15.841784391250794,
    32.256966864879054,
    909.2629556113529,
    6.233331773479029,
    -0.002308251704318174,
    0.6463790472639888,
    -0.03973401585357266,
    0.8532821384812694,
    0.018894608800534445,
    41760730.757612124,
    0.40549337211911685,
    12.069089051107913,
    15.25282162535212,
    50.0,
    11.5983744912998,
    0.019353054395876895,
    29.82166529827557,
    100.0,
    1324.0928560122716,
    73.92754718173379,
    1.6094741193669486,
    879.3551679406191,
    130.66365732760858,
    1564.5251744843663,
    0,
    0,
    0,
    0.0801518401025418,
    0,
    0,
    0,
    1,
    -0.0032549327483641652,
    -0.08112622608556959,
    5.9921594166673176,
    0.09305393003185514,
    276.2675661830888,
    10.496715877240359,
    0.7126142756022172,
    -0.03644788420764282,
    -0.011136271200068406,
    -0.018913289168534995,
    0,
    1,
    0.010926394738851215,
    -0.11125748860621695,
    1,
    0,
    1.8860440974305612
  ],
  "max_drawdown_threshold": 0.25,
  "strategy_name": "\u9996\u7ea2\u65ad"
}