{
  "generation": 80,
  "fitness": 5.2206918502587225,
  "total_return": 44.93763,
  "max_drawdown": 0.2597183631492647,
  "sharpe_ratio": 5.2581503908830864,
  "params": {
    "per_step_tick_gap": 16,
    "cold_start_steps": 21,
    "max_abserve_tick_steps": 996,
    "max_abserce_avg_price_down_steps": 8,
    "stop_profit_open_hc_pct": -0.004898086287019859,
    "dynamic_hc_stop_profit_thres": 0.5839504130258806,
    "last_close_price_hc_pct": -0.03813480680871446,
    "last_day_sell_thres": 0.8894519403570136,
    "last_day_sell_huiche": 0.02,
    "fd_mount": 43892660,
    "fd_vol_pct": 0.5669818644565585,
    "fd_ju_ticks": 7,
    "max_zb_times": 26,
    "stagnation_kline_ticks": 47,
    "decline_kline_ticks": 6,
    "yang_yin_threshold": 0.022162157730560742,
    "stagnation_n": 30,
    "stagnation_volume_ratio_threshold": 94.9950192737728,
    "stagnation_ratio_threshold": 1500,
    "decline_volume_ratio_threshold": 89.86550151223533,
    "max_rebounds": 0,
    "decline_ratio_threshold": 771,
    "flxd_ticks": 321,
    "flzz_ticks": 1629,
    "use_simiple_kline_strategy_flxd": false,
    "use_simiple_kline_strategy_flzz": false,
    "flzz_use_smooth_price": false,
    "flzz_zf_thresh": 0.0998701058355728,
    "kline_sell_flxd_zy": false,
    "kline_sell_flxd_zs": true,
    "kline_sell_flzz_zs": false,
    "kline_sell_flzz_zy": false,
    "last_open_price_hc_pct": -0.0036119074347116154,
    "open_price_max_hc": -0.07189934004311946,
    "loss_per_step_tick_gap": 1,
    "loss_cold_start_steps": 0,
    "loss_max_abserve_tick_steps": 403,
    "loss_max_abserce_avg_price_down_steps": 13,
    "loss_dynamic_hc_stop_profit_thres": 0.5485273193463047,
    "loss_last_close_price_hc_pct": -0.07041001499144316,
    "loss_last_open_price_hc_pct": -0.04532324183156476,
    "loss_open_price_max_hc": -0.023897733708501564,
    "loss_down_open_sell_wait_time": false,
    "down_open_sell_wait_time": true,
    "day_zy_line": 0.00599240537536808,
    "day_zs_line": -0.11104955137728384,
    "sell_afternoon": true,
    "sell_half_afternoon": false,
    "sell_max_days": 2,
    "stop_profit_pct": 0.0,
    "static_hc_stop_profit_pct": 1.0,
    "loss_static_hc_stop_profit_pct": 1.0
  },
  "timestamp": "2025-09-07T05:19:03.013971",
  "individual": [
    15.838587466530967,
    20.771093577248003,
    996.0695472641651,
    7.558275307993998,
    -0.004898086287019859,
    0.5839504130258806,
    -0.03813480680871446,
    0.8894519403570136,
    0.02,
    43892660.192151204,
    0.5669818644565585,
    7.154408155409163,
    25.885882055206906,
    46.919583689064325,
    6.269716740478264,
    0.022162157730560742,
    29.850423925673688,
    94.9950192737728,
    1500.0,
    89.86550151223533,
    0.0,
    770.7301398014953,
    320.51806430322216,
    1629.248541427069,
    0,
    0,
    0,
    0.0998701058355728,
    0,
    1,
    0,
    0,
    -0.0036119074347116154,
    -0.07189934004311946,
    1.0104583742350672,
    0.1843426930532417,
    403.15611887898046,
    13.094988925585827,
    0.5485273193463047,
    -0.07041001499144316,
    -0.04532324183156476,
    -0.023897733708501564,
    0,
    1,
    0.00599240537536808,
    -0.11104955137728384,
    1,
    0,
    1.5983715190584422
  ],
  "max_drawdown_threshold": 0.25,
  "strategy_name": "\u9996\u7ea2\u65ad"
}