{
  "generation": 40,
  "fitness": 5.053181945137766,
  "total_return": 41.52259999999998,
  "max_drawdown": 0.25983041751306696,
  "sharpe_ratio": 5.164700564005135,
  "params": {
    "per_step_tick_gap": 16,
    "cold_start_steps": 29,
    "max_abserve_tick_steps": 1000,
    "max_abserce_avg_price_down_steps": 6,
    "stop_profit_open_hc_pct": -0.002544371728551036,
    "dynamic_hc_stop_profit_thres": 0.5865165399323454,
    "last_close_price_hc_pct": -0.039747897228244775,
    "last_day_sell_thres": 0.8667954718559068,
    "last_day_sell_huiche": 0.019955533967406694,
    "fd_mount": 42619053,
    "fd_vol_pct": 0.5516822703110794,
    "fd_ju_ticks": 13,
    "max_zb_times": 15,
    "stagnation_kline_ticks": 50,
    "decline_kline_ticks": 13,
    "yang_yin_threshold": 0.01541065371580002,
    "stagnation_n": 30,
    "stagnation_volume_ratio_threshold": 99.80547966153503,
    "stagnation_ratio_threshold": 1349,
    "decline_volume_ratio_threshold": 56.329083686545324,
    "max_rebounds": 1,
    "decline_ratio_threshold": 900,
    "flxd_ticks": 139,
    "flzz_ticks": 1662,
    "use_simiple_kline_strategy_flxd": false,
    "use_simiple_kline_strategy_flzz": false,
    "flzz_use_smooth_price": false,
    "flzz_zf_thresh": 0.09191817792039467,
    "kline_sell_flxd_zy": true,
    "kline_sell_flxd_zs": false,
    "kline_sell_flzz_zs": false,
    "kline_sell_flzz_zy": true,
    "last_open_price_hc_pct": -0.007017360611043931,
    "open_price_max_hc": -0.07552978693252568,
    "loss_per_step_tick_gap": 2,
    "loss_cold_start_steps": 0,
    "loss_max_abserve_tick_steps": 143,
    "loss_max_abserce_avg_price_down_steps": 9,
    "loss_dynamic_hc_stop_profit_thres": 0.6207792016736149,
    "loss_last_close_price_hc_pct": -0.03804899814629282,
    "loss_last_open_price_hc_pct": -0.03222437420211641,
    "loss_open_price_max_hc": -0.018558587842305182,
    "loss_down_open_sell_wait_time": false,
    "down_open_sell_wait_time": true,
    "day_zy_line": 0.010813705220693928,
    "day_zs_line": -0.11137669574682274,
    "sell_afternoon": true,
    "sell_half_afternoon": false,
    "sell_max_days": 2,
    "stop_profit_pct": 0.0,
    "static_hc_stop_profit_pct": 1.0,
    "loss_static_hc_stop_profit_pct": 1.0
  },
  "timestamp": "2025-09-07T04:58:10.618156",
  "individual": [
    15.864748387157292,
    29.08576851549994,
    1000.0,
    6.40925620729935,
    -0.002544371728551036,
    0.5865165399323454,
    -0.039747897228244775,
    0.8667954718559068,
    0.019955533967406694,
    42619053.13099882,
    0.5516822703110794,
    13.398362598008813,
    14.837407687015283,
    50.0,
    12.62495511332132,
    0.01541065371580002,
    29.885855112270857,
    99.80547966153503,
    1349.2245046451492,
    56.329083686545324,
    1.4157996002234658,
    900.0187938007039,
    139.3277689030488,
    1661.9896539199688,
    0,
    0,
    0,
    0.09191817792039467,
    1,
    0,
    0,
    1,
    -0.007017360611043931,
    -0.07552978693252568,
    1.8875754775695854,
    0.03946434631132911,
    143.19384882202792,
    9.329555450756764,
    0.6207792016736149,
    -0.03804899814629282,
    -0.03222437420211641,
    -0.018558587842305182,
    0,
    1,
    0.010813705220693928,
    -0.11137669574682274,
    1,
    0,
    1.872743911926328
  ],
  "max_drawdown_threshold": 0.25,
  "strategy_name": "\u9996\u7ea2\u65ad"
}