{
  "generation": 60,
  "fitness": 5.155680574496135,
  "total_return": 43.525784999999985,
  "max_drawdown": 0.2597191461554723,
  "sharpe_ratio": 5.226501715466755,
  "params": {
    "per_step_tick_gap": 16,
    "cold_start_steps": 24,
    "max_abserve_tick_steps": 996,
    "max_abserce_avg_price_down_steps": 8,
    "stop_profit_open_hc_pct": -0.004515517201355715,
    "dynamic_hc_stop_profit_thres": 0.5846257558562276,
    "last_close_price_hc_pct": -0.03790939221374892,
    "last_day_sell_thres": 0.8933865740344542,
    "last_day_sell_huiche": 0.0197892223949549,
    "fd_mount": 44550754,
    "fd_vol_pct": 0.27303920341684085,
    "fd_ju_ticks": 15,
    "max_zb_times": 23,
    "stagnation_kline_ticks": 43,
    "decline_kline_ticks": 12,
    "yang_yin_threshold": 0.018608374702239684,
    "stagnation_n": 30,
    "stagnation_volume_ratio_threshold": 96.82254184594369,
    "stagnation_ratio_threshold": 988,
    "decline_volume_ratio_threshold": 69.24974798559336,
    "max_rebounds": 1,
    "decline_ratio_threshold": 874,
    "flxd_ticks": 351,
    "flzz_ticks": 1145,
    "use_simiple_kline_strategy_flxd": false,
    "use_simiple_kline_strategy_flzz": false,
    "flzz_use_smooth_price": false,
    "flzz_zf_thresh": 0.09117518184124696,
    "kline_sell_flxd_zy": false,
    "kline_sell_flxd_zs": true,
    "kline_sell_flzz_zs": false,
    "kline_sell_flzz_zy": true,
    "last_open_price_hc_pct": -0.003734952273484097,
    "open_price_max_hc": -0.0775955043272831,
    "loss_per_step_tick_gap": 1,
    "loss_cold_start_steps": 0,
    "loss_max_abserve_tick_steps": 387,
    "loss_max_abserce_avg_price_down_steps": 11,
    "loss_dynamic_hc_stop_profit_thres": 0.5686544859784357,
    "loss_last_close_price_hc_pct": -0.03991409119754606,
    "loss_last_open_price_hc_pct": -0.027616155297690067,
    "loss_open_price_max_hc": -0.021298613109561215,
    "loss_down_open_sell_wait_time": false,
    "down_open_sell_wait_time": true,
    "day_zy_line": 0.004442791701394999,
    "day_zs_line": -0.11132715895662906,
    "sell_afternoon": true,
    "sell_half_afternoon": false,
    "sell_max_days": 2,
    "stop_profit_pct": 0.0,
    "static_hc_stop_profit_pct": 1.0,
    "loss_static_hc_stop_profit_pct": 1.0
  },
  "timestamp": "2025-09-07T05:08:33.012856",
  "individual": [
    15.934867244414548,
    23.94793905813137,
    995.9208680040315,
    7.73234555473329,
    -0.004515517201355715,
    0.5846257558562276,
    -0.03790939221374892,
    0.8933865740344542,
    0.0197892223949549,
    44550754.15497465,
    0.27303920341684085,
    14.895690327851149,
    22.524814722145983,
    42.88045455840568,
    11.706359968398347,
    0.018608374702239684,
    29.98354232884047,
    96.82254184594369,
    988.3363657854197,
    69.24974798559336,
    1.447793843874272,
    874.0489056101928,
    350.9620936930481,
    1144.84653672177,
    0,
    0,
    0,
    0.09117518184124696,
    0,
    1,
    0,
    1,
    -0.003734952273484097,
    -0.0775955043272831,
    1.0772426693245458,
    0.42450020296406143,
    387.0675940635487,
    11.23172892703651,
    0.5686544859784357,
    -0.03991409119754606,
    -0.027616155297690067,
    -0.021298613109561215,
    0,
    1,
    0.004442791701394999,
    -0.11132715895662906,
    1,
    0,
    1.9144356451313422
  ],
  "max_drawdown_threshold": 0.25,
  "strategy_name": "\u9996\u7ea2\u65ad"
}